split_id,method_id,run_id,order,dataset_index,image_id,image_relpath,reference_captions,prompt_id,prompt_name,prompt_text,caption,candidate_id,selected,model,temperature,top_p,max_new_tokens,generation_config,clip_score,siglip_score,caption_len,generic_flag
flickr30k_main_seed1_train,textgrad_clip,textgrad_clip__textgrad_ed8ca79cb9,11,15474,flickr30k_test_015474,images/flickr30k/flickr30k_test_015474.jpg,"[""Three Vietnamese women paddle their boats along the river market in the morning."", ""Three boaters paddle their produce to the market in a Vietnamese fishing village."", ""Villagers paddling their boats to their destination."", ""Canoes travel across the water along side buildings."", ""The people are delivering goods by boat""]",textgrad_ed8ca79cb9,TextGrad Step 7,"Output exactly two lines only.

Line 1 (tags) — required format and hard rules:
- Provide 2–5 comma-separated tokens (lower-case). Prefer exactly 3 tags when visually possible: main noun first, then 1–2 highly discriminative co-objects. No punctuation except commas.
- Tokens must be common nouns or single-word simple adjectives used only as visible attributes (dog, child, car, red, small). Multiword object phrases that are visually fused are allowed as a single token (e.g., ""wine bottle"", ""traffic light"").
- At least 2 tokens must be nouns (including the main noun). At most 1 token may be a visible attribute (color/size). No verbs, proper nouns, brand names, inferred facts, emotions, events, or dates.
- Deduplicate tags; do not use near-synonyms. Order tags by salience (most discriminative first). Prefer compact, high-information nouns (2–4 tokens ideal).
- Attribute inclusion rule: only add a color/size attribute to tags if detector/segmenter confidence for that attribute exceeds 75% (pixel coverage or top detection confidence). If attribute confidence <75%, omit the attribute from tags. If detectors are unavailable, default to conservative omission.

Line 2 (caption) — required format and hard rules:
- Either (A) one factual short sentence in present simple/progressive of 7–14 words, OR (B) a 2–3 word fallback caption (main noun + visible location) when a compliant 7–14 word caption would require guessing. If tags cannot be produced reliably, Line 2 must be exactly ""image unclear"".
- The main noun from Line 1 must appear verbatim in token positions 1–3 of Line 2 (hard requirement).
- Require at least two exact token overlaps between Line 1 and Line 2 for any non-fallback caption; one overlap must be the main noun. All nouns appearing in the caption (other than allowed prepositions/articles) must appear verbatim in Line 1. The only allowed additional words not in tags are prepositions, determiners, and an optional single period at sentence-end.
- If Line 1 contains a numeric count, reflect it correctly in the caption with correct morphology (e.g., ""1 child stands"", ""2 children stand"").
- Include at most one clearly visible color/size and at most one simple spatial relation/preposition (on, in, near, by, in front of, behind). Never introduce an attribute in the caption that is not present in tags.
- No punctuation except commas in Line 1 and an optional single period at the end of Line 2.

Lexical anchoring and anti-hallucination (HARD CONSTRAINTS):
- No substantive noun may appear in the caption unless it appears verbatim in Line 1 tags. Location nouns are considered substantive; they must be present in tags or supported by a high-confidence detector output before use.
- If an attribute appears in tags, it must appear verbatim in the caption. Conversely, a caption must not introduce any attribute token not in tags.
- If two reliable overlaps (including main noun) cannot be produced without guessing, produce the 2–3 word fallback (main noun + visible location) or, if tags cannot be trusted, output ""image unclear"".
- Forbidden: proper nouns, inferred facts, emotions, dates, brand names.

Candidate generation and templates (required):
- Internally generate N = 12 diverse compliant candidates before returning output.
- Force at least two exact overlaps when constructing each non-fallback candidate. If a candidate cannot meet overlap requirements without guessing, make it the fallback variant instead.
- Use these deterministic templates (prefer detector-proposed nouns when available). Always try forced-adjacency templates first:
  1) Forced adjacency: ""[main noun] [co-object]"" adjacency phrase -> ""[main noun] [verb] [preposition] [co-object]"" (ensure noun phrase adjacency appears in caption).
  2) Main+co-object: ""[main noun] with [co-object] on/in [location]"" (only if location noun is in tags).
  3) Attribute-aware: ""[main noun] [verb] [attribute] [co-object]"" (only if attribute in tags and confidence ≥75%).
  4) Spatial variant: ""[main noun] [verb] [preposition] [object]"" (object must be in tags).
  5) Count-aware: ""[count] [main-noun plural] [verb] [preposition] [object]"" (if numeric count in tags).
  6) Compact fallback: ""[main noun] [location]"" (2–3 word fallback).
  7) Detector compound: use detector-proposed compound noun adjacent to main noun (e.g., ""girl skateboard"" -> ""girl on skateboard"") if both tokens are in tags.
- When building candidates, ensure at least two exact overlaps per non-fallback candidate; prefer adjacency of two tag tokens as an exact phrase.

Proxy scoring, adjacency bonus, and reranking:
- If CLIP scorer is available: normalize CLIP scores across candidates and compute final_score = 0.95 * normalized_CLIP + 0.05 * normalized_proxy. Use CLIP as primary signal.
- If CLIP unavailable: compute proxy_score to heavily favor exact overlaps, adjacency, and main noun position:
  proxy_score = 12*(main-noun overlap: 1 if present) 
               +10*(each additional exact overlap)
               +6*(attribute overlap present)
               +6*(adjacency bonus: +6 if any two tag tokens appear adjacent as exact phrase)
               +4*(positional_bonus: +4 if main noun at position 1, +1 if at position 2–3)
               -5*(generic-noun penalty if tag ∈ {person, people, man, woman} used when a more specific detector proposal is available)
               -2*(duplicates-collapsed penalty)
               -2*(each tag beyond 3)
               -1*(each caption word beyond 12)
- Normalize proxy_score across candidates before use. Break ties by: more exact overlaps, fewer tags, main noun at position 1.

Scoring adjustments and heuristics:
- Reduce the penalty for tags >3 to allow one extra discriminative noun when detector confidence is high (penalty = -2 per tag beyond 3).
- Soften the generic-person penalty to -5 (still discourage generic nouns but allow specific detector-driven replacements).
- Strongly prefer candidates with adjacent phrase overlap and main noun at position 1 (adjacency and position bonuses above).
- If CLIP is available, prefer increasing CLIP weight up to 0.98 for stability in retraining runs; otherwise rely on the proxy formula above.

Deterministic final self-check pipeline (must pass before returning output):
A) Tags format check: 2–5 comma-separated lower-case tokens, ≤1 attribute token, deduplicated.
B) Caption validity: 7–14 words OR valid 2–3 word fallback OR exactly ""image unclear"".
C) Overlap check: ≥2 exact token overlaps between Line 1 and Line 2; one must be main noun.
D) Noun containment: all nouns in caption ∈ tags (except allowed prepositions/determiners).
E) Attribute mirroring & confidence: any attribute in tags appears verbatim in caption; attributes were only added to tags if detector confidence ≥75%.
F) Forbidden content check: no proper nouns, inferred facts, emotions, dates, brand names; no punctuation except allowed.
- If any test fails, reject the candidate. If no candidate passes after reranking, return the most reliable tags possible (2–5 tokens) on Line 1 and Line 2 = ""image unclear"".

Fallback and conservatism:
- Prefer ""image unclear"" over inventing low-confidence specifics. If fewer than 2 high-confidence nouns are available, use the compact 2–3 word fallback (main noun + visible location) or output ""image unclear"".
- When tags contain an attribute with confidence <75% or attribute is unsure, do not include the attribute in tags nor in captions.

Operational recommendations:
- Seed Line 1 tags from top-3 detector outputs by confidence when available, filtering for discriminative nouns (prefer ""trumpet"" over ""person"" when confident). If detector subclass confidence is low, keep the safe concrete tag (""person"") but mark for fallback.
- Log examples with large negative delta_clip for later analysis and adaptive threshold tuning (raise attribute threshold or relax tag-length penalties when necessary).
- Maintain deterministic behavior: always follow the candidate templates and the final self-check pipeline exactly.

Output requirement reminder:
- The VLM must output exactly two lines: Line 1 = tags (2–5 comma-separated tokens, prefer 3). Line 2 = caption (7–14 words) OR 2–3 word fallback OR ""image unclear"". No extra lines or commentary.","boat, person, water
person rows boat in water",0,1,Qwen/Qwen3-VL-8B-Instruct,0.0,,64,"{""temperature"": 0.0, ""top_p"": null, ""max_new_tokens"": 64}",0.27180546522140503,0.11401654779911041,8,False
flickr30k_main_seed1_train,textgrad_clip,textgrad_clip__textgrad_ed8ca79cb9,28,14594,flickr30k_test_014594,images/flickr30k/flickr30k_test_014594.jpg,"[""A person aquestrian horse jumping over a wooden fence."", ""A horse and rider jumping a small fence."", ""A horse and rider jump over a fence."", ""A horse jumps over a wooden fence."", ""A jockey on a horse jumps a fence.""]",textgrad_ed8ca79cb9,TextGrad Step 7,"Output exactly two lines only.

Line 1 (tags) — required format and hard rules:
- Provide 2–5 comma-separated tokens (lower-case). Prefer exactly 3 tags when visually possible: main noun first, then 1–2 highly discriminative co-objects. No punctuation except commas.
- Tokens must be common nouns or single-word simple adjectives used only as visible attributes (dog, child, car, red, small). Multiword object phrases that are visually fused are allowed as a single token (e.g., ""wine bottle"", ""traffic light"").
- At least 2 tokens must be nouns (including the main noun). At most 1 token may be a visible attribute (color/size). No verbs, proper nouns, brand names, inferred facts, emotions, events, or dates.
- Deduplicate tags; do not use near-synonyms. Order tags by salience (most discriminative first). Prefer compact, high-information nouns (2–4 tokens ideal).
- Attribute inclusion rule: only add a color/size attribute to tags if detector/segmenter confidence for that attribute exceeds 75% (pixel coverage or top detection confidence). If attribute confidence <75%, omit the attribute from tags. If detectors are unavailable, default to conservative omission.

Line 2 (caption) — required format and hard rules:
- Either (A) one factual short sentence in present simple/progressive of 7–14 words, OR (B) a 2–3 word fallback caption (main noun + visible location) when a compliant 7–14 word caption would require guessing. If tags cannot be produced reliably, Line 2 must be exactly ""image unclear"".
- The main noun from Line 1 must appear verbatim in token positions 1–3 of Line 2 (hard requirement).
- Require at least two exact token overlaps between Line 1 and Line 2 for any non-fallback caption; one overlap must be the main noun. All nouns appearing in the caption (other than allowed prepositions/articles) must appear verbatim in Line 1. The only allowed additional words not in tags are prepositions, determiners, and an optional single period at sentence-end.
- If Line 1 contains a numeric count, reflect it correctly in the caption with correct morphology (e.g., ""1 child stands"", ""2 children stand"").
- Include at most one clearly visible color/size and at most one simple spatial relation/preposition (on, in, near, by, in front of, behind). Never introduce an attribute in the caption that is not present in tags.
- No punctuation except commas in Line 1 and an optional single period at the end of Line 2.

Lexical anchoring and anti-hallucination (HARD CONSTRAINTS):
- No substantive noun may appear in the caption unless it appears verbatim in Line 1 tags. Location nouns are considered substantive; they must be present in tags or supported by a high-confidence detector output before use.
- If an attribute appears in tags, it must appear verbatim in the caption. Conversely, a caption must not introduce any attribute token not in tags.
- If two reliable overlaps (including main noun) cannot be produced without guessing, produce the 2–3 word fallback (main noun + visible location) or, if tags cannot be trusted, output ""image unclear"".
- Forbidden: proper nouns, inferred facts, emotions, dates, brand names.

Candidate generation and templates (required):
- Internally generate N = 12 diverse compliant candidates before returning output.
- Force at least two exact overlaps when constructing each non-fallback candidate. If a candidate cannot meet overlap requirements without guessing, make it the fallback variant instead.
- Use these deterministic templates (prefer detector-proposed nouns when available). Always try forced-adjacency templates first:
  1) Forced adjacency: ""[main noun] [co-object]"" adjacency phrase -> ""[main noun] [verb] [preposition] [co-object]"" (ensure noun phrase adjacency appears in caption).
  2) Main+co-object: ""[main noun] with [co-object] on/in [location]"" (only if location noun is in tags).
  3) Attribute-aware: ""[main noun] [verb] [attribute] [co-object]"" (only if attribute in tags and confidence ≥75%).
  4) Spatial variant: ""[main noun] [verb] [preposition] [object]"" (object must be in tags).
  5) Count-aware: ""[count] [main-noun plural] [verb] [preposition] [object]"" (if numeric count in tags).
  6) Compact fallback: ""[main noun] [location]"" (2–3 word fallback).
  7) Detector compound: use detector-proposed compound noun adjacent to main noun (e.g., ""girl skateboard"" -> ""girl on skateboard"") if both tokens are in tags.
- When building candidates, ensure at least two exact overlaps per non-fallback candidate; prefer adjacency of two tag tokens as an exact phrase.

Proxy scoring, adjacency bonus, and reranking:
- If CLIP scorer is available: normalize CLIP scores across candidates and compute final_score = 0.95 * normalized_CLIP + 0.05 * normalized_proxy. Use CLIP as primary signal.
- If CLIP unavailable: compute proxy_score to heavily favor exact overlaps, adjacency, and main noun position:
  proxy_score = 12*(main-noun overlap: 1 if present) 
               +10*(each additional exact overlap)
               +6*(attribute overlap present)
               +6*(adjacency bonus: +6 if any two tag tokens appear adjacent as exact phrase)
               +4*(positional_bonus: +4 if main noun at position 1, +1 if at position 2–3)
               -5*(generic-noun penalty if tag ∈ {person, people, man, woman} used when a more specific detector proposal is available)
               -2*(duplicates-collapsed penalty)
               -2*(each tag beyond 3)
               -1*(each caption word beyond 12)
- Normalize proxy_score across candidates before use. Break ties by: more exact overlaps, fewer tags, main noun at position 1.

Scoring adjustments and heuristics:
- Reduce the penalty for tags >3 to allow one extra discriminative noun when detector confidence is high (penalty = -2 per tag beyond 3).
- Soften the generic-person penalty to -5 (still discourage generic nouns but allow specific detector-driven replacements).
- Strongly prefer candidates with adjacent phrase overlap and main noun at position 1 (adjacency and position bonuses above).
- If CLIP is available, prefer increasing CLIP weight up to 0.98 for stability in retraining runs; otherwise rely on the proxy formula above.

Deterministic final self-check pipeline (must pass before returning output):
A) Tags format check: 2–5 comma-separated lower-case tokens, ≤1 attribute token, deduplicated.
B) Caption validity: 7–14 words OR valid 2–3 word fallback OR exactly ""image unclear"".
C) Overlap check: ≥2 exact token overlaps between Line 1 and Line 2; one must be main noun.
D) Noun containment: all nouns in caption ∈ tags (except allowed prepositions/determiners).
E) Attribute mirroring & confidence: any attribute in tags appears verbatim in caption; attributes were only added to tags if detector confidence ≥75%.
F) Forbidden content check: no proper nouns, inferred facts, emotions, dates, brand names; no punctuation except allowed.
- If any test fails, reject the candidate. If no candidate passes after reranking, return the most reliable tags possible (2–5 tokens) on Line 1 and Line 2 = ""image unclear"".

Fallback and conservatism:
- Prefer ""image unclear"" over inventing low-confidence specifics. If fewer than 2 high-confidence nouns are available, use the compact 2–3 word fallback (main noun + visible location) or output ""image unclear"".
- When tags contain an attribute with confidence <75% or attribute is unsure, do not include the attribute in tags nor in captions.

Operational recommendations:
- Seed Line 1 tags from top-3 detector outputs by confidence when available, filtering for discriminative nouns (prefer ""trumpet"" over ""person"" when confident). If detector subclass confidence is low, keep the safe concrete tag (""person"") but mark for fallback.
- Log examples with large negative delta_clip for later analysis and adaptive threshold tuning (raise attribute threshold or relax tag-length penalties when necessary).
- Maintain deterministic behavior: always follow the candidate templates and the final self-check pipeline exactly.

Output requirement reminder:
- The VLM must output exactly two lines: Line 1 = tags (2–5 comma-separated tokens, prefer 3). Line 2 = caption (7–14 words) OR 2–3 word fallback OR ""image unclear"". No extra lines or commentary.","horse, rider, fence
horse jumps over fence",0,1,Qwen/Qwen3-VL-8B-Instruct,0.0,,64,"{""temperature"": 0.0, ""top_p"": null, ""max_new_tokens"": 64}",0.2970561385154724,0.17443516850471497,7,False
flickr30k_main_seed1_train,textgrad_clip,textgrad_clip__textgrad_ed8ca79cb9,32,7496,flickr30k_test_007496,images/flickr30k/flickr30k_test_007496.jpg,"[""Two men wearing hats play accordions while standing between two burgundy and black pre-World War II automobiles."", ""Two accordion players in period costumes perform between two maroon-colored antique cars."", ""Two old men with hats are standing in between cars with their accordions."", ""Two men between 2 classic cars playing accordions."", ""Two men playing music and displaying old cars.""]",textgrad_ed8ca79cb9,TextGrad Step 7,"Output exactly two lines only.

Line 1 (tags) — required format and hard rules:
- Provide 2–5 comma-separated tokens (lower-case). Prefer exactly 3 tags when visually possible: main noun first, then 1–2 highly discriminative co-objects. No punctuation except commas.
- Tokens must be common nouns or single-word simple adjectives used only as visible attributes (dog, child, car, red, small). Multiword object phrases that are visually fused are allowed as a single token (e.g., ""wine bottle"", ""traffic light"").
- At least 2 tokens must be nouns (including the main noun). At most 1 token may be a visible attribute (color/size). No verbs, proper nouns, brand names, inferred facts, emotions, events, or dates.
- Deduplicate tags; do not use near-synonyms. Order tags by salience (most discriminative first). Prefer compact, high-information nouns (2–4 tokens ideal).
- Attribute inclusion rule: only add a color/size attribute to tags if detector/segmenter confidence for that attribute exceeds 75% (pixel coverage or top detection confidence). If attribute confidence <75%, omit the attribute from tags. If detectors are unavailable, default to conservative omission.

Line 2 (caption) — required format and hard rules:
- Either (A) one factual short sentence in present simple/progressive of 7–14 words, OR (B) a 2–3 word fallback caption (main noun + visible location) when a compliant 7–14 word caption would require guessing. If tags cannot be produced reliably, Line 2 must be exactly ""image unclear"".
- The main noun from Line 1 must appear verbatim in token positions 1–3 of Line 2 (hard requirement).
- Require at least two exact token overlaps between Line 1 and Line 2 for any non-fallback caption; one overlap must be the main noun. All nouns appearing in the caption (other than allowed prepositions/articles) must appear verbatim in Line 1. The only allowed additional words not in tags are prepositions, determiners, and an optional single period at sentence-end.
- If Line 1 contains a numeric count, reflect it correctly in the caption with correct morphology (e.g., ""1 child stands"", ""2 children stand"").
- Include at most one clearly visible color/size and at most one simple spatial relation/preposition (on, in, near, by, in front of, behind). Never introduce an attribute in the caption that is not present in tags.
- No punctuation except commas in Line 1 and an optional single period at the end of Line 2.

Lexical anchoring and anti-hallucination (HARD CONSTRAINTS):
- No substantive noun may appear in the caption unless it appears verbatim in Line 1 tags. Location nouns are considered substantive; they must be present in tags or supported by a high-confidence detector output before use.
- If an attribute appears in tags, it must appear verbatim in the caption. Conversely, a caption must not introduce any attribute token not in tags.
- If two reliable overlaps (including main noun) cannot be produced without guessing, produce the 2–3 word fallback (main noun + visible location) or, if tags cannot be trusted, output ""image unclear"".
- Forbidden: proper nouns, inferred facts, emotions, dates, brand names.

Candidate generation and templates (required):
- Internally generate N = 12 diverse compliant candidates before returning output.
- Force at least two exact overlaps when constructing each non-fallback candidate. If a candidate cannot meet overlap requirements without guessing, make it the fallback variant instead.
- Use these deterministic templates (prefer detector-proposed nouns when available). Always try forced-adjacency templates first:
  1) Forced adjacency: ""[main noun] [co-object]"" adjacency phrase -> ""[main noun] [verb] [preposition] [co-object]"" (ensure noun phrase adjacency appears in caption).
  2) Main+co-object: ""[main noun] with [co-object] on/in [location]"" (only if location noun is in tags).
  3) Attribute-aware: ""[main noun] [verb] [attribute] [co-object]"" (only if attribute in tags and confidence ≥75%).
  4) Spatial variant: ""[main noun] [verb] [preposition] [object]"" (object must be in tags).
  5) Count-aware: ""[count] [main-noun plural] [verb] [preposition] [object]"" (if numeric count in tags).
  6) Compact fallback: ""[main noun] [location]"" (2–3 word fallback).
  7) Detector compound: use detector-proposed compound noun adjacent to main noun (e.g., ""girl skateboard"" -> ""girl on skateboard"") if both tokens are in tags.
- When building candidates, ensure at least two exact overlaps per non-fallback candidate; prefer adjacency of two tag tokens as an exact phrase.

Proxy scoring, adjacency bonus, and reranking:
- If CLIP scorer is available: normalize CLIP scores across candidates and compute final_score = 0.95 * normalized_CLIP + 0.05 * normalized_proxy. Use CLIP as primary signal.
- If CLIP unavailable: compute proxy_score to heavily favor exact overlaps, adjacency, and main noun position:
  proxy_score = 12*(main-noun overlap: 1 if present) 
               +10*(each additional exact overlap)
               +6*(attribute overlap present)
               +6*(adjacency bonus: +6 if any two tag tokens appear adjacent as exact phrase)
               +4*(positional_bonus: +4 if main noun at position 1, +1 if at position 2–3)
               -5*(generic-noun penalty if tag ∈ {person, people, man, woman} used when a more specific detector proposal is available)
               -2*(duplicates-collapsed penalty)
               -2*(each tag beyond 3)
               -1*(each caption word beyond 12)
- Normalize proxy_score across candidates before use. Break ties by: more exact overlaps, fewer tags, main noun at position 1.

Scoring adjustments and heuristics:
- Reduce the penalty for tags >3 to allow one extra discriminative noun when detector confidence is high (penalty = -2 per tag beyond 3).
- Soften the generic-person penalty to -5 (still discourage generic nouns but allow specific detector-driven replacements).
- Strongly prefer candidates with adjacent phrase overlap and main noun at position 1 (adjacency and position bonuses above).
- If CLIP is available, prefer increasing CLIP weight up to 0.98 for stability in retraining runs; otherwise rely on the proxy formula above.

Deterministic final self-check pipeline (must pass before returning output):
A) Tags format check: 2–5 comma-separated lower-case tokens, ≤1 attribute token, deduplicated.
B) Caption validity: 7–14 words OR valid 2–3 word fallback OR exactly ""image unclear"".
C) Overlap check: ≥2 exact token overlaps between Line 1 and Line 2; one must be main noun.
D) Noun containment: all nouns in caption ∈ tags (except allowed prepositions/determiners).
E) Attribute mirroring & confidence: any attribute in tags appears verbatim in caption; attributes were only added to tags if detector confidence ≥75%.
F) Forbidden content check: no proper nouns, inferred facts, emotions, dates, brand names; no punctuation except allowed.
- If any test fails, reject the candidate. If no candidate passes after reranking, return the most reliable tags possible (2–5 tokens) on Line 1 and Line 2 = ""image unclear"".

Fallback and conservatism:
- Prefer ""image unclear"" over inventing low-confidence specifics. If fewer than 2 high-confidence nouns are available, use the compact 2–3 word fallback (main noun + visible location) or output ""image unclear"".
- When tags contain an attribute with confidence <75% or attribute is unsure, do not include the attribute in tags nor in captions.

Operational recommendations:
- Seed Line 1 tags from top-3 detector outputs by confidence when available, filtering for discriminative nouns (prefer ""trumpet"" over ""person"" when confident). If detector subclass confidence is low, keep the safe concrete tag (""person"") but mark for fallback.
- Log examples with large negative delta_clip for later analysis and adaptive threshold tuning (raise attribute threshold or relax tag-length penalties when necessary).
- Maintain deterministic behavior: always follow the candidate templates and the final self-check pipeline exactly.

Output requirement reminder:
- The VLM must output exactly two lines: Line 1 = tags (2–5 comma-separated tokens, prefer 3). Line 2 = caption (7–14 words) OR 2–3 word fallback OR ""image unclear"". No extra lines or commentary.","car, man, accordion
man plays accordion on street near car",0,1,Qwen/Qwen3-VL-8B-Instruct,0.0,,64,"{""temperature"": 0.0, ""top_p"": null, ""max_new_tokens"": 64}",0.24477745592594147,0.13923877477645874,10,False
flickr30k_main_seed1_train,textgrad_clip,textgrad_clip__textgrad_ed8ca79cb9,37,10401,flickr30k_test_010401,images/flickr30k/flickr30k_test_010401.jpg,"[""A girl in a blue sweater with a white pattern is jumping into a pile of leaves."", ""A young girl is diving into a pile of brown leaves in the yard."", ""A girl in a sweater diving into a pile of leaves."", ""A girl is jumping into a pile of leaves."", ""A girl is jumping into a pile of leaves""]",textgrad_ed8ca79cb9,TextGrad Step 7,"Output exactly two lines only.

Line 1 (tags) — required format and hard rules:
- Provide 2–5 comma-separated tokens (lower-case). Prefer exactly 3 tags when visually possible: main noun first, then 1–2 highly discriminative co-objects. No punctuation except commas.
- Tokens must be common nouns or single-word simple adjectives used only as visible attributes (dog, child, car, red, small). Multiword object phrases that are visually fused are allowed as a single token (e.g., ""wine bottle"", ""traffic light"").
- At least 2 tokens must be nouns (including the main noun). At most 1 token may be a visible attribute (color/size). No verbs, proper nouns, brand names, inferred facts, emotions, events, or dates.
- Deduplicate tags; do not use near-synonyms. Order tags by salience (most discriminative first). Prefer compact, high-information nouns (2–4 tokens ideal).
- Attribute inclusion rule: only add a color/size attribute to tags if detector/segmenter confidence for that attribute exceeds 75% (pixel coverage or top detection confidence). If attribute confidence <75%, omit the attribute from tags. If detectors are unavailable, default to conservative omission.

Line 2 (caption) — required format and hard rules:
- Either (A) one factual short sentence in present simple/progressive of 7–14 words, OR (B) a 2–3 word fallback caption (main noun + visible location) when a compliant 7–14 word caption would require guessing. If tags cannot be produced reliably, Line 2 must be exactly ""image unclear"".
- The main noun from Line 1 must appear verbatim in token positions 1–3 of Line 2 (hard requirement).
- Require at least two exact token overlaps between Line 1 and Line 2 for any non-fallback caption; one overlap must be the main noun. All nouns appearing in the caption (other than allowed prepositions/articles) must appear verbatim in Line 1. The only allowed additional words not in tags are prepositions, determiners, and an optional single period at sentence-end.
- If Line 1 contains a numeric count, reflect it correctly in the caption with correct morphology (e.g., ""1 child stands"", ""2 children stand"").
- Include at most one clearly visible color/size and at most one simple spatial relation/preposition (on, in, near, by, in front of, behind). Never introduce an attribute in the caption that is not present in tags.
- No punctuation except commas in Line 1 and an optional single period at the end of Line 2.

Lexical anchoring and anti-hallucination (HARD CONSTRAINTS):
- No substantive noun may appear in the caption unless it appears verbatim in Line 1 tags. Location nouns are considered substantive; they must be present in tags or supported by a high-confidence detector output before use.
- If an attribute appears in tags, it must appear verbatim in the caption. Conversely, a caption must not introduce any attribute token not in tags.
- If two reliable overlaps (including main noun) cannot be produced without guessing, produce the 2–3 word fallback (main noun + visible location) or, if tags cannot be trusted, output ""image unclear"".
- Forbidden: proper nouns, inferred facts, emotions, dates, brand names.

Candidate generation and templates (required):
- Internally generate N = 12 diverse compliant candidates before returning output.
- Force at least two exact overlaps when constructing each non-fallback candidate. If a candidate cannot meet overlap requirements without guessing, make it the fallback variant instead.
- Use these deterministic templates (prefer detector-proposed nouns when available). Always try forced-adjacency templates first:
  1) Forced adjacency: ""[main noun] [co-object]"" adjacency phrase -> ""[main noun] [verb] [preposition] [co-object]"" (ensure noun phrase adjacency appears in caption).
  2) Main+co-object: ""[main noun] with [co-object] on/in [location]"" (only if location noun is in tags).
  3) Attribute-aware: ""[main noun] [verb] [attribute] [co-object]"" (only if attribute in tags and confidence ≥75%).
  4) Spatial variant: ""[main noun] [verb] [preposition] [object]"" (object must be in tags).
  5) Count-aware: ""[count] [main-noun plural] [verb] [preposition] [object]"" (if numeric count in tags).
  6) Compact fallback: ""[main noun] [location]"" (2–3 word fallback).
  7) Detector compound: use detector-proposed compound noun adjacent to main noun (e.g., ""girl skateboard"" -> ""girl on skateboard"") if both tokens are in tags.
- When building candidates, ensure at least two exact overlaps per non-fallback candidate; prefer adjacency of two tag tokens as an exact phrase.

Proxy scoring, adjacency bonus, and reranking:
- If CLIP scorer is available: normalize CLIP scores across candidates and compute final_score = 0.95 * normalized_CLIP + 0.05 * normalized_proxy. Use CLIP as primary signal.
- If CLIP unavailable: compute proxy_score to heavily favor exact overlaps, adjacency, and main noun position:
  proxy_score = 12*(main-noun overlap: 1 if present) 
               +10*(each additional exact overlap)
               +6*(attribute overlap present)
               +6*(adjacency bonus: +6 if any two tag tokens appear adjacent as exact phrase)
               +4*(positional_bonus: +4 if main noun at position 1, +1 if at position 2–3)
               -5*(generic-noun penalty if tag ∈ {person, people, man, woman} used when a more specific detector proposal is available)
               -2*(duplicates-collapsed penalty)
               -2*(each tag beyond 3)
               -1*(each caption word beyond 12)
- Normalize proxy_score across candidates before use. Break ties by: more exact overlaps, fewer tags, main noun at position 1.

Scoring adjustments and heuristics:
- Reduce the penalty for tags >3 to allow one extra discriminative noun when detector confidence is high (penalty = -2 per tag beyond 3).
- Soften the generic-person penalty to -5 (still discourage generic nouns but allow specific detector-driven replacements).
- Strongly prefer candidates with adjacent phrase overlap and main noun at position 1 (adjacency and position bonuses above).
- If CLIP is available, prefer increasing CLIP weight up to 0.98 for stability in retraining runs; otherwise rely on the proxy formula above.

Deterministic final self-check pipeline (must pass before returning output):
A) Tags format check: 2–5 comma-separated lower-case tokens, ≤1 attribute token, deduplicated.
B) Caption validity: 7–14 words OR valid 2–3 word fallback OR exactly ""image unclear"".
C) Overlap check: ≥2 exact token overlaps between Line 1 and Line 2; one must be main noun.
D) Noun containment: all nouns in caption ∈ tags (except allowed prepositions/determiners).
E) Attribute mirroring & confidence: any attribute in tags appears verbatim in caption; attributes were only added to tags if detector confidence ≥75%.
F) Forbidden content check: no proper nouns, inferred facts, emotions, dates, brand names; no punctuation except allowed.
- If any test fails, reject the candidate. If no candidate passes after reranking, return the most reliable tags possible (2–5 tokens) on Line 1 and Line 2 = ""image unclear"".

Fallback and conservatism:
- Prefer ""image unclear"" over inventing low-confidence specifics. If fewer than 2 high-confidence nouns are available, use the compact 2–3 word fallback (main noun + visible location) or output ""image unclear"".
- When tags contain an attribute with confidence <75% or attribute is unsure, do not include the attribute in tags nor in captions.

Operational recommendations:
- Seed Line 1 tags from top-3 detector outputs by confidence when available, filtering for discriminative nouns (prefer ""trumpet"" over ""person"" when confident). If detector subclass confidence is low, keep the safe concrete tag (""person"") but mark for fallback.
- Log examples with large negative delta_clip for later analysis and adaptive threshold tuning (raise attribute threshold or relax tag-length penalties when necessary).
- Maintain deterministic behavior: always follow the candidate templates and the final self-check pipeline exactly.

Output requirement reminder:
- The VLM must output exactly two lines: Line 1 = tags (2–5 comma-separated tokens, prefer 3). Line 2 = caption (7–14 words) OR 2–3 word fallback OR ""image unclear"". No extra lines or commentary.","child, leaves, car
child jumps toward pile of leaves near car",0,1,Qwen/Qwen3-VL-8B-Instruct,0.0,,64,"{""temperature"": 0.0, ""top_p"": null, ""max_new_tokens"": 64}",0.32308700680732727,0.18630361557006836,11,False
flickr30k_main_seed1_train,textgrad_clip,textgrad_clip__textgrad_ed8ca79cb9,40,833,flickr30k_test_000833,images/flickr30k/flickr30k_test_000833.jpg,"[""A beach scene with three boys in swim shorts each holding paddle ball racquets but no ball in sight."", ""Kids play a game of ball with paddles at the water's edge at the beach."", ""Three children are playing paddle ball on the beach."", ""Three boys play with paddles on the beach."", ""Several children playing on a beach.""]",textgrad_ed8ca79cb9,TextGrad Step 7,"Output exactly two lines only.

Line 1 (tags) — required format and hard rules:
- Provide 2–5 comma-separated tokens (lower-case). Prefer exactly 3 tags when visually possible: main noun first, then 1–2 highly discriminative co-objects. No punctuation except commas.
- Tokens must be common nouns or single-word simple adjectives used only as visible attributes (dog, child, car, red, small). Multiword object phrases that are visually fused are allowed as a single token (e.g., ""wine bottle"", ""traffic light"").
- At least 2 tokens must be nouns (including the main noun). At most 1 token may be a visible attribute (color/size). No verbs, proper nouns, brand names, inferred facts, emotions, events, or dates.
- Deduplicate tags; do not use near-synonyms. Order tags by salience (most discriminative first). Prefer compact, high-information nouns (2–4 tokens ideal).
- Attribute inclusion rule: only add a color/size attribute to tags if detector/segmenter confidence for that attribute exceeds 75% (pixel coverage or top detection confidence). If attribute confidence <75%, omit the attribute from tags. If detectors are unavailable, default to conservative omission.

Line 2 (caption) — required format and hard rules:
- Either (A) one factual short sentence in present simple/progressive of 7–14 words, OR (B) a 2–3 word fallback caption (main noun + visible location) when a compliant 7–14 word caption would require guessing. If tags cannot be produced reliably, Line 2 must be exactly ""image unclear"".
- The main noun from Line 1 must appear verbatim in token positions 1–3 of Line 2 (hard requirement).
- Require at least two exact token overlaps between Line 1 and Line 2 for any non-fallback caption; one overlap must be the main noun. All nouns appearing in the caption (other than allowed prepositions/articles) must appear verbatim in Line 1. The only allowed additional words not in tags are prepositions, determiners, and an optional single period at sentence-end.
- If Line 1 contains a numeric count, reflect it correctly in the caption with correct morphology (e.g., ""1 child stands"", ""2 children stand"").
- Include at most one clearly visible color/size and at most one simple spatial relation/preposition (on, in, near, by, in front of, behind). Never introduce an attribute in the caption that is not present in tags.
- No punctuation except commas in Line 1 and an optional single period at the end of Line 2.

Lexical anchoring and anti-hallucination (HARD CONSTRAINTS):
- No substantive noun may appear in the caption unless it appears verbatim in Line 1 tags. Location nouns are considered substantive; they must be present in tags or supported by a high-confidence detector output before use.
- If an attribute appears in tags, it must appear verbatim in the caption. Conversely, a caption must not introduce any attribute token not in tags.
- If two reliable overlaps (including main noun) cannot be produced without guessing, produce the 2–3 word fallback (main noun + visible location) or, if tags cannot be trusted, output ""image unclear"".
- Forbidden: proper nouns, inferred facts, emotions, dates, brand names.

Candidate generation and templates (required):
- Internally generate N = 12 diverse compliant candidates before returning output.
- Force at least two exact overlaps when constructing each non-fallback candidate. If a candidate cannot meet overlap requirements without guessing, make it the fallback variant instead.
- Use these deterministic templates (prefer detector-proposed nouns when available). Always try forced-adjacency templates first:
  1) Forced adjacency: ""[main noun] [co-object]"" adjacency phrase -> ""[main noun] [verb] [preposition] [co-object]"" (ensure noun phrase adjacency appears in caption).
  2) Main+co-object: ""[main noun] with [co-object] on/in [location]"" (only if location noun is in tags).
  3) Attribute-aware: ""[main noun] [verb] [attribute] [co-object]"" (only if attribute in tags and confidence ≥75%).
  4) Spatial variant: ""[main noun] [verb] [preposition] [object]"" (object must be in tags).
  5) Count-aware: ""[count] [main-noun plural] [verb] [preposition] [object]"" (if numeric count in tags).
  6) Compact fallback: ""[main noun] [location]"" (2–3 word fallback).
  7) Detector compound: use detector-proposed compound noun adjacent to main noun (e.g., ""girl skateboard"" -> ""girl on skateboard"") if both tokens are in tags.
- When building candidates, ensure at least two exact overlaps per non-fallback candidate; prefer adjacency of two tag tokens as an exact phrase.

Proxy scoring, adjacency bonus, and reranking:
- If CLIP scorer is available: normalize CLIP scores across candidates and compute final_score = 0.95 * normalized_CLIP + 0.05 * normalized_proxy. Use CLIP as primary signal.
- If CLIP unavailable: compute proxy_score to heavily favor exact overlaps, adjacency, and main noun position:
  proxy_score = 12*(main-noun overlap: 1 if present) 
               +10*(each additional exact overlap)
               +6*(attribute overlap present)
               +6*(adjacency bonus: +6 if any two tag tokens appear adjacent as exact phrase)
               +4*(positional_bonus: +4 if main noun at position 1, +1 if at position 2–3)
               -5*(generic-noun penalty if tag ∈ {person, people, man, woman} used when a more specific detector proposal is available)
               -2*(duplicates-collapsed penalty)
               -2*(each tag beyond 3)
               -1*(each caption word beyond 12)
- Normalize proxy_score across candidates before use. Break ties by: more exact overlaps, fewer tags, main noun at position 1.

Scoring adjustments and heuristics:
- Reduce the penalty for tags >3 to allow one extra discriminative noun when detector confidence is high (penalty = -2 per tag beyond 3).
- Soften the generic-person penalty to -5 (still discourage generic nouns but allow specific detector-driven replacements).
- Strongly prefer candidates with adjacent phrase overlap and main noun at position 1 (adjacency and position bonuses above).
- If CLIP is available, prefer increasing CLIP weight up to 0.98 for stability in retraining runs; otherwise rely on the proxy formula above.

Deterministic final self-check pipeline (must pass before returning output):
A) Tags format check: 2–5 comma-separated lower-case tokens, ≤1 attribute token, deduplicated.
B) Caption validity: 7–14 words OR valid 2–3 word fallback OR exactly ""image unclear"".
C) Overlap check: ≥2 exact token overlaps between Line 1 and Line 2; one must be main noun.
D) Noun containment: all nouns in caption ∈ tags (except allowed prepositions/determiners).
E) Attribute mirroring & confidence: any attribute in tags appears verbatim in caption; attributes were only added to tags if detector confidence ≥75%.
F) Forbidden content check: no proper nouns, inferred facts, emotions, dates, brand names; no punctuation except allowed.
- If any test fails, reject the candidate. If no candidate passes after reranking, return the most reliable tags possible (2–5 tokens) on Line 1 and Line 2 = ""image unclear"".

Fallback and conservatism:
- Prefer ""image unclear"" over inventing low-confidence specifics. If fewer than 2 high-confidence nouns are available, use the compact 2–3 word fallback (main noun + visible location) or output ""image unclear"".
- When tags contain an attribute with confidence <75% or attribute is unsure, do not include the attribute in tags nor in captions.

Operational recommendations:
- Seed Line 1 tags from top-3 detector outputs by confidence when available, filtering for discriminative nouns (prefer ""trumpet"" over ""person"" when confident). If detector subclass confidence is low, keep the safe concrete tag (""person"") but mark for fallback.
- Log examples with large negative delta_clip for later analysis and adaptive threshold tuning (raise attribute threshold or relax tag-length penalties when necessary).
- Maintain deterministic behavior: always follow the candidate templates and the final self-check pipeline exactly.

Output requirement reminder:
- The VLM must output exactly two lines: Line 1 = tags (2–5 comma-separated tokens, prefer 3). Line 2 = caption (7–14 words) OR 2–3 word fallback OR ""image unclear"". No extra lines or commentary.","child, paddle, beach
children play with paddles on the beach",0,1,Qwen/Qwen3-VL-8B-Instruct,0.0,,64,"{""temperature"": 0.0, ""top_p"": null, ""max_new_tokens"": 64}",0.2695949077606201,0.16846120357513428,10,False
flickr30k_main_seed1_train,textgrad_clip,textgrad_clip__textgrad_ed8ca79cb9,41,21284,flickr30k_test_021284,images/flickr30k/flickr30k_test_021284.jpg,"[""A group of men in black suits and black hats are standing along a parade route."", ""A group of Hasidic Jews stand amidst a crowd adjacent to a busy city street."", ""Bearded men wearing black gather together outside of a religious service."", ""People in black hats gathered together downtown."", ""Many jewish men in a city.""]",textgrad_ed8ca79cb9,TextGrad Step 7,"Output exactly two lines only.

Line 1 (tags) — required format and hard rules:
- Provide 2–5 comma-separated tokens (lower-case). Prefer exactly 3 tags when visually possible: main noun first, then 1–2 highly discriminative co-objects. No punctuation except commas.
- Tokens must be common nouns or single-word simple adjectives used only as visible attributes (dog, child, car, red, small). Multiword object phrases that are visually fused are allowed as a single token (e.g., ""wine bottle"", ""traffic light"").
- At least 2 tokens must be nouns (including the main noun). At most 1 token may be a visible attribute (color/size). No verbs, proper nouns, brand names, inferred facts, emotions, events, or dates.
- Deduplicate tags; do not use near-synonyms. Order tags by salience (most discriminative first). Prefer compact, high-information nouns (2–4 tokens ideal).
- Attribute inclusion rule: only add a color/size attribute to tags if detector/segmenter confidence for that attribute exceeds 75% (pixel coverage or top detection confidence). If attribute confidence <75%, omit the attribute from tags. If detectors are unavailable, default to conservative omission.

Line 2 (caption) — required format and hard rules:
- Either (A) one factual short sentence in present simple/progressive of 7–14 words, OR (B) a 2–3 word fallback caption (main noun + visible location) when a compliant 7–14 word caption would require guessing. If tags cannot be produced reliably, Line 2 must be exactly ""image unclear"".
- The main noun from Line 1 must appear verbatim in token positions 1–3 of Line 2 (hard requirement).
- Require at least two exact token overlaps between Line 1 and Line 2 for any non-fallback caption; one overlap must be the main noun. All nouns appearing in the caption (other than allowed prepositions/articles) must appear verbatim in Line 1. The only allowed additional words not in tags are prepositions, determiners, and an optional single period at sentence-end.
- If Line 1 contains a numeric count, reflect it correctly in the caption with correct morphology (e.g., ""1 child stands"", ""2 children stand"").
- Include at most one clearly visible color/size and at most one simple spatial relation/preposition (on, in, near, by, in front of, behind). Never introduce an attribute in the caption that is not present in tags.
- No punctuation except commas in Line 1 and an optional single period at the end of Line 2.

Lexical anchoring and anti-hallucination (HARD CONSTRAINTS):
- No substantive noun may appear in the caption unless it appears verbatim in Line 1 tags. Location nouns are considered substantive; they must be present in tags or supported by a high-confidence detector output before use.
- If an attribute appears in tags, it must appear verbatim in the caption. Conversely, a caption must not introduce any attribute token not in tags.
- If two reliable overlaps (including main noun) cannot be produced without guessing, produce the 2–3 word fallback (main noun + visible location) or, if tags cannot be trusted, output ""image unclear"".
- Forbidden: proper nouns, inferred facts, emotions, dates, brand names.

Candidate generation and templates (required):
- Internally generate N = 12 diverse compliant candidates before returning output.
- Force at least two exact overlaps when constructing each non-fallback candidate. If a candidate cannot meet overlap requirements without guessing, make it the fallback variant instead.
- Use these deterministic templates (prefer detector-proposed nouns when available). Always try forced-adjacency templates first:
  1) Forced adjacency: ""[main noun] [co-object]"" adjacency phrase -> ""[main noun] [verb] [preposition] [co-object]"" (ensure noun phrase adjacency appears in caption).
  2) Main+co-object: ""[main noun] with [co-object] on/in [location]"" (only if location noun is in tags).
  3) Attribute-aware: ""[main noun] [verb] [attribute] [co-object]"" (only if attribute in tags and confidence ≥75%).
  4) Spatial variant: ""[main noun] [verb] [preposition] [object]"" (object must be in tags).
  5) Count-aware: ""[count] [main-noun plural] [verb] [preposition] [object]"" (if numeric count in tags).
  6) Compact fallback: ""[main noun] [location]"" (2–3 word fallback).
  7) Detector compound: use detector-proposed compound noun adjacent to main noun (e.g., ""girl skateboard"" -> ""girl on skateboard"") if both tokens are in tags.
- When building candidates, ensure at least two exact overlaps per non-fallback candidate; prefer adjacency of two tag tokens as an exact phrase.

Proxy scoring, adjacency bonus, and reranking:
- If CLIP scorer is available: normalize CLIP scores across candidates and compute final_score = 0.95 * normalized_CLIP + 0.05 * normalized_proxy. Use CLIP as primary signal.
- If CLIP unavailable: compute proxy_score to heavily favor exact overlaps, adjacency, and main noun position:
  proxy_score = 12*(main-noun overlap: 1 if present) 
               +10*(each additional exact overlap)
               +6*(attribute overlap present)
               +6*(adjacency bonus: +6 if any two tag tokens appear adjacent as exact phrase)
               +4*(positional_bonus: +4 if main noun at position 1, +1 if at position 2–3)
               -5*(generic-noun penalty if tag ∈ {person, people, man, woman} used when a more specific detector proposal is available)
               -2*(duplicates-collapsed penalty)
               -2*(each tag beyond 3)
               -1*(each caption word beyond 12)
- Normalize proxy_score across candidates before use. Break ties by: more exact overlaps, fewer tags, main noun at position 1.

Scoring adjustments and heuristics:
- Reduce the penalty for tags >3 to allow one extra discriminative noun when detector confidence is high (penalty = -2 per tag beyond 3).
- Soften the generic-person penalty to -5 (still discourage generic nouns but allow specific detector-driven replacements).
- Strongly prefer candidates with adjacent phrase overlap and main noun at position 1 (adjacency and position bonuses above).
- If CLIP is available, prefer increasing CLIP weight up to 0.98 for stability in retraining runs; otherwise rely on the proxy formula above.

Deterministic final self-check pipeline (must pass before returning output):
A) Tags format check: 2–5 comma-separated lower-case tokens, ≤1 attribute token, deduplicated.
B) Caption validity: 7–14 words OR valid 2–3 word fallback OR exactly ""image unclear"".
C) Overlap check: ≥2 exact token overlaps between Line 1 and Line 2; one must be main noun.
D) Noun containment: all nouns in caption ∈ tags (except allowed prepositions/determiners).
E) Attribute mirroring & confidence: any attribute in tags appears verbatim in caption; attributes were only added to tags if detector confidence ≥75%.
F) Forbidden content check: no proper nouns, inferred facts, emotions, dates, brand names; no punctuation except allowed.
- If any test fails, reject the candidate. If no candidate passes after reranking, return the most reliable tags possible (2–5 tokens) on Line 1 and Line 2 = ""image unclear"".

Fallback and conservatism:
- Prefer ""image unclear"" over inventing low-confidence specifics. If fewer than 2 high-confidence nouns are available, use the compact 2–3 word fallback (main noun + visible location) or output ""image unclear"".
- When tags contain an attribute with confidence <75% or attribute is unsure, do not include the attribute in tags nor in captions.

Operational recommendations:
- Seed Line 1 tags from top-3 detector outputs by confidence when available, filtering for discriminative nouns (prefer ""trumpet"" over ""person"" when confident). If detector subclass confidence is low, keep the safe concrete tag (""person"") but mark for fallback.
- Log examples with large negative delta_clip for later analysis and adaptive threshold tuning (raise attribute threshold or relax tag-length penalties when necessary).
- Maintain deterministic behavior: always follow the candidate templates and the final self-check pipeline exactly.

Output requirement reminder:
- The VLM must output exactly two lines: Line 1 = tags (2–5 comma-separated tokens, prefer 3). Line 2 = caption (7–14 words) OR 2–3 word fallback OR ""image unclear"". No extra lines or commentary.","people, hat, flag
people with hat stand near flag",0,1,Qwen/Qwen3-VL-8B-Instruct,0.0,,64,"{""temperature"": 0.0, ""top_p"": null, ""max_new_tokens"": 64}",0.24131737649440765,0.12771615386009216,9,False
flickr30k_main_seed1_train,textgrad_clip,textgrad_clip__textgrad_ed8ca79cb9,46,12491,flickr30k_test_012491,images/flickr30k/flickr30k_test_012491.jpg,"[""A person is in the air while riding his bicycle on top of the train on a clear blue sky day."", ""A person is jumping over a train car while on their bicycle."", ""A person on a bicycle moving across the top of a train."", ""A man on a bmx bike jumps over a train"", ""A man jumps train cars with his bike.""]",textgrad_ed8ca79cb9,TextGrad Step 7,"Output exactly two lines only.

Line 1 (tags) — required format and hard rules:
- Provide 2–5 comma-separated tokens (lower-case). Prefer exactly 3 tags when visually possible: main noun first, then 1–2 highly discriminative co-objects. No punctuation except commas.
- Tokens must be common nouns or single-word simple adjectives used only as visible attributes (dog, child, car, red, small). Multiword object phrases that are visually fused are allowed as a single token (e.g., ""wine bottle"", ""traffic light"").
- At least 2 tokens must be nouns (including the main noun). At most 1 token may be a visible attribute (color/size). No verbs, proper nouns, brand names, inferred facts, emotions, events, or dates.
- Deduplicate tags; do not use near-synonyms. Order tags by salience (most discriminative first). Prefer compact, high-information nouns (2–4 tokens ideal).
- Attribute inclusion rule: only add a color/size attribute to tags if detector/segmenter confidence for that attribute exceeds 75% (pixel coverage or top detection confidence). If attribute confidence <75%, omit the attribute from tags. If detectors are unavailable, default to conservative omission.

Line 2 (caption) — required format and hard rules:
- Either (A) one factual short sentence in present simple/progressive of 7–14 words, OR (B) a 2–3 word fallback caption (main noun + visible location) when a compliant 7–14 word caption would require guessing. If tags cannot be produced reliably, Line 2 must be exactly ""image unclear"".
- The main noun from Line 1 must appear verbatim in token positions 1–3 of Line 2 (hard requirement).
- Require at least two exact token overlaps between Line 1 and Line 2 for any non-fallback caption; one overlap must be the main noun. All nouns appearing in the caption (other than allowed prepositions/articles) must appear verbatim in Line 1. The only allowed additional words not in tags are prepositions, determiners, and an optional single period at sentence-end.
- If Line 1 contains a numeric count, reflect it correctly in the caption with correct morphology (e.g., ""1 child stands"", ""2 children stand"").
- Include at most one clearly visible color/size and at most one simple spatial relation/preposition (on, in, near, by, in front of, behind). Never introduce an attribute in the caption that is not present in tags.
- No punctuation except commas in Line 1 and an optional single period at the end of Line 2.

Lexical anchoring and anti-hallucination (HARD CONSTRAINTS):
- No substantive noun may appear in the caption unless it appears verbatim in Line 1 tags. Location nouns are considered substantive; they must be present in tags or supported by a high-confidence detector output before use.
- If an attribute appears in tags, it must appear verbatim in the caption. Conversely, a caption must not introduce any attribute token not in tags.
- If two reliable overlaps (including main noun) cannot be produced without guessing, produce the 2–3 word fallback (main noun + visible location) or, if tags cannot be trusted, output ""image unclear"".
- Forbidden: proper nouns, inferred facts, emotions, dates, brand names.

Candidate generation and templates (required):
- Internally generate N = 12 diverse compliant candidates before returning output.
- Force at least two exact overlaps when constructing each non-fallback candidate. If a candidate cannot meet overlap requirements without guessing, make it the fallback variant instead.
- Use these deterministic templates (prefer detector-proposed nouns when available). Always try forced-adjacency templates first:
  1) Forced adjacency: ""[main noun] [co-object]"" adjacency phrase -> ""[main noun] [verb] [preposition] [co-object]"" (ensure noun phrase adjacency appears in caption).
  2) Main+co-object: ""[main noun] with [co-object] on/in [location]"" (only if location noun is in tags).
  3) Attribute-aware: ""[main noun] [verb] [attribute] [co-object]"" (only if attribute in tags and confidence ≥75%).
  4) Spatial variant: ""[main noun] [verb] [preposition] [object]"" (object must be in tags).
  5) Count-aware: ""[count] [main-noun plural] [verb] [preposition] [object]"" (if numeric count in tags).
  6) Compact fallback: ""[main noun] [location]"" (2–3 word fallback).
  7) Detector compound: use detector-proposed compound noun adjacent to main noun (e.g., ""girl skateboard"" -> ""girl on skateboard"") if both tokens are in tags.
- When building candidates, ensure at least two exact overlaps per non-fallback candidate; prefer adjacency of two tag tokens as an exact phrase.

Proxy scoring, adjacency bonus, and reranking:
- If CLIP scorer is available: normalize CLIP scores across candidates and compute final_score = 0.95 * normalized_CLIP + 0.05 * normalized_proxy. Use CLIP as primary signal.
- If CLIP unavailable: compute proxy_score to heavily favor exact overlaps, adjacency, and main noun position:
  proxy_score = 12*(main-noun overlap: 1 if present) 
               +10*(each additional exact overlap)
               +6*(attribute overlap present)
               +6*(adjacency bonus: +6 if any two tag tokens appear adjacent as exact phrase)
               +4*(positional_bonus: +4 if main noun at position 1, +1 if at position 2–3)
               -5*(generic-noun penalty if tag ∈ {person, people, man, woman} used when a more specific detector proposal is available)
               -2*(duplicates-collapsed penalty)
               -2*(each tag beyond 3)
               -1*(each caption word beyond 12)
- Normalize proxy_score across candidates before use. Break ties by: more exact overlaps, fewer tags, main noun at position 1.

Scoring adjustments and heuristics:
- Reduce the penalty for tags >3 to allow one extra discriminative noun when detector confidence is high (penalty = -2 per tag beyond 3).
- Soften the generic-person penalty to -5 (still discourage generic nouns but allow specific detector-driven replacements).
- Strongly prefer candidates with adjacent phrase overlap and main noun at position 1 (adjacency and position bonuses above).
- If CLIP is available, prefer increasing CLIP weight up to 0.98 for stability in retraining runs; otherwise rely on the proxy formula above.

Deterministic final self-check pipeline (must pass before returning output):
A) Tags format check: 2–5 comma-separated lower-case tokens, ≤1 attribute token, deduplicated.
B) Caption validity: 7–14 words OR valid 2–3 word fallback OR exactly ""image unclear"".
C) Overlap check: ≥2 exact token overlaps between Line 1 and Line 2; one must be main noun.
D) Noun containment: all nouns in caption ∈ tags (except allowed prepositions/determiners).
E) Attribute mirroring & confidence: any attribute in tags appears verbatim in caption; attributes were only added to tags if detector confidence ≥75%.
F) Forbidden content check: no proper nouns, inferred facts, emotions, dates, brand names; no punctuation except allowed.
- If any test fails, reject the candidate. If no candidate passes after reranking, return the most reliable tags possible (2–5 tokens) on Line 1 and Line 2 = ""image unclear"".

Fallback and conservatism:
- Prefer ""image unclear"" over inventing low-confidence specifics. If fewer than 2 high-confidence nouns are available, use the compact 2–3 word fallback (main noun + visible location) or output ""image unclear"".
- When tags contain an attribute with confidence <75% or attribute is unsure, do not include the attribute in tags nor in captions.

Operational recommendations:
- Seed Line 1 tags from top-3 detector outputs by confidence when available, filtering for discriminative nouns (prefer ""trumpet"" over ""person"" when confident). If detector subclass confidence is low, keep the safe concrete tag (""person"") but mark for fallback.
- Log examples with large negative delta_clip for later analysis and adaptive threshold tuning (raise attribute threshold or relax tag-length penalties when necessary).
- Maintain deterministic behavior: always follow the candidate templates and the final self-check pipeline exactly.

Output requirement reminder:
- The VLM must output exactly two lines: Line 1 = tags (2–5 comma-separated tokens, prefer 3). Line 2 = caption (7–14 words) OR 2–3 word fallback OR ""image unclear"". No extra lines or commentary.","person, bicycle, train car
person rides bicycle on train car",0,1,Qwen/Qwen3-VL-8B-Instruct,0.0,,64,"{""temperature"": 0.0, ""top_p"": null, ""max_new_tokens"": 64}",0.2957555651664734,0.15961195528507233,10,False
flickr30k_main_seed1_train,textgrad_clip,textgrad_clip__textgrad_ed8ca79cb9,51,951,flickr30k_test_000951,images/flickr30k/flickr30k_test_000951.jpg,"[""A person wearing a hat and carrying a knapsack walks uphill on a sand dune under a dark, cloudy sky and leaves the only visible footprints behind."", ""A man with a shoulder bag walking in the desert on sand with footprints behind him and the horizon with many stormy clouds."", ""A man walking in the desert wearing a hat, khaki shirt and shorts and very dark sky ahead of him."", ""One man is walking across a desert right into an approaching storm."", ""A man wandering in the desert as the clouds roll in.""]",textgrad_ed8ca79cb9,TextGrad Step 7,"Output exactly two lines only.

Line 1 (tags) — required format and hard rules:
- Provide 2–5 comma-separated tokens (lower-case). Prefer exactly 3 tags when visually possible: main noun first, then 1–2 highly discriminative co-objects. No punctuation except commas.
- Tokens must be common nouns or single-word simple adjectives used only as visible attributes (dog, child, car, red, small). Multiword object phrases that are visually fused are allowed as a single token (e.g., ""wine bottle"", ""traffic light"").
- At least 2 tokens must be nouns (including the main noun). At most 1 token may be a visible attribute (color/size). No verbs, proper nouns, brand names, inferred facts, emotions, events, or dates.
- Deduplicate tags; do not use near-synonyms. Order tags by salience (most discriminative first). Prefer compact, high-information nouns (2–4 tokens ideal).
- Attribute inclusion rule: only add a color/size attribute to tags if detector/segmenter confidence for that attribute exceeds 75% (pixel coverage or top detection confidence). If attribute confidence <75%, omit the attribute from tags. If detectors are unavailable, default to conservative omission.

Line 2 (caption) — required format and hard rules:
- Either (A) one factual short sentence in present simple/progressive of 7–14 words, OR (B) a 2–3 word fallback caption (main noun + visible location) when a compliant 7–14 word caption would require guessing. If tags cannot be produced reliably, Line 2 must be exactly ""image unclear"".
- The main noun from Line 1 must appear verbatim in token positions 1–3 of Line 2 (hard requirement).
- Require at least two exact token overlaps between Line 1 and Line 2 for any non-fallback caption; one overlap must be the main noun. All nouns appearing in the caption (other than allowed prepositions/articles) must appear verbatim in Line 1. The only allowed additional words not in tags are prepositions, determiners, and an optional single period at sentence-end.
- If Line 1 contains a numeric count, reflect it correctly in the caption with correct morphology (e.g., ""1 child stands"", ""2 children stand"").
- Include at most one clearly visible color/size and at most one simple spatial relation/preposition (on, in, near, by, in front of, behind). Never introduce an attribute in the caption that is not present in tags.
- No punctuation except commas in Line 1 and an optional single period at the end of Line 2.

Lexical anchoring and anti-hallucination (HARD CONSTRAINTS):
- No substantive noun may appear in the caption unless it appears verbatim in Line 1 tags. Location nouns are considered substantive; they must be present in tags or supported by a high-confidence detector output before use.
- If an attribute appears in tags, it must appear verbatim in the caption. Conversely, a caption must not introduce any attribute token not in tags.
- If two reliable overlaps (including main noun) cannot be produced without guessing, produce the 2–3 word fallback (main noun + visible location) or, if tags cannot be trusted, output ""image unclear"".
- Forbidden: proper nouns, inferred facts, emotions, dates, brand names.

Candidate generation and templates (required):
- Internally generate N = 12 diverse compliant candidates before returning output.
- Force at least two exact overlaps when constructing each non-fallback candidate. If a candidate cannot meet overlap requirements without guessing, make it the fallback variant instead.
- Use these deterministic templates (prefer detector-proposed nouns when available). Always try forced-adjacency templates first:
  1) Forced adjacency: ""[main noun] [co-object]"" adjacency phrase -> ""[main noun] [verb] [preposition] [co-object]"" (ensure noun phrase adjacency appears in caption).
  2) Main+co-object: ""[main noun] with [co-object] on/in [location]"" (only if location noun is in tags).
  3) Attribute-aware: ""[main noun] [verb] [attribute] [co-object]"" (only if attribute in tags and confidence ≥75%).
  4) Spatial variant: ""[main noun] [verb] [preposition] [object]"" (object must be in tags).
  5) Count-aware: ""[count] [main-noun plural] [verb] [preposition] [object]"" (if numeric count in tags).
  6) Compact fallback: ""[main noun] [location]"" (2–3 word fallback).
  7) Detector compound: use detector-proposed compound noun adjacent to main noun (e.g., ""girl skateboard"" -> ""girl on skateboard"") if both tokens are in tags.
- When building candidates, ensure at least two exact overlaps per non-fallback candidate; prefer adjacency of two tag tokens as an exact phrase.

Proxy scoring, adjacency bonus, and reranking:
- If CLIP scorer is available: normalize CLIP scores across candidates and compute final_score = 0.95 * normalized_CLIP + 0.05 * normalized_proxy. Use CLIP as primary signal.
- If CLIP unavailable: compute proxy_score to heavily favor exact overlaps, adjacency, and main noun position:
  proxy_score = 12*(main-noun overlap: 1 if present) 
               +10*(each additional exact overlap)
               +6*(attribute overlap present)
               +6*(adjacency bonus: +6 if any two tag tokens appear adjacent as exact phrase)
               +4*(positional_bonus: +4 if main noun at position 1, +1 if at position 2–3)
               -5*(generic-noun penalty if tag ∈ {person, people, man, woman} used when a more specific detector proposal is available)
               -2*(duplicates-collapsed penalty)
               -2*(each tag beyond 3)
               -1*(each caption word beyond 12)
- Normalize proxy_score across candidates before use. Break ties by: more exact overlaps, fewer tags, main noun at position 1.

Scoring adjustments and heuristics:
- Reduce the penalty for tags >3 to allow one extra discriminative noun when detector confidence is high (penalty = -2 per tag beyond 3).
- Soften the generic-person penalty to -5 (still discourage generic nouns but allow specific detector-driven replacements).
- Strongly prefer candidates with adjacent phrase overlap and main noun at position 1 (adjacency and position bonuses above).
- If CLIP is available, prefer increasing CLIP weight up to 0.98 for stability in retraining runs; otherwise rely on the proxy formula above.

Deterministic final self-check pipeline (must pass before returning output):
A) Tags format check: 2–5 comma-separated lower-case tokens, ≤1 attribute token, deduplicated.
B) Caption validity: 7–14 words OR valid 2–3 word fallback OR exactly ""image unclear"".
C) Overlap check: ≥2 exact token overlaps between Line 1 and Line 2; one must be main noun.
D) Noun containment: all nouns in caption ∈ tags (except allowed prepositions/determiners).
E) Attribute mirroring & confidence: any attribute in tags appears verbatim in caption; attributes were only added to tags if detector confidence ≥75%.
F) Forbidden content check: no proper nouns, inferred facts, emotions, dates, brand names; no punctuation except allowed.
- If any test fails, reject the candidate. If no candidate passes after reranking, return the most reliable tags possible (2–5 tokens) on Line 1 and Line 2 = ""image unclear"".

Fallback and conservatism:
- Prefer ""image unclear"" over inventing low-confidence specifics. If fewer than 2 high-confidence nouns are available, use the compact 2–3 word fallback (main noun + visible location) or output ""image unclear"".
- When tags contain an attribute with confidence <75% or attribute is unsure, do not include the attribute in tags nor in captions.

Operational recommendations:
- Seed Line 1 tags from top-3 detector outputs by confidence when available, filtering for discriminative nouns (prefer ""trumpet"" over ""person"" when confident). If detector subclass confidence is low, keep the safe concrete tag (""person"") but mark for fallback.
- Log examples with large negative delta_clip for later analysis and adaptive threshold tuning (raise attribute threshold or relax tag-length penalties when necessary).
- Maintain deterministic behavior: always follow the candidate templates and the final self-check pipeline exactly.

Output requirement reminder:
- The VLM must output exactly two lines: Line 1 = tags (2–5 comma-separated tokens, prefer 3). Line 2 = caption (7–14 words) OR 2–3 word fallback OR ""image unclear"". No extra lines or commentary.","person, sand, sky
person walks on sand under cloudy sky",0,1,Qwen/Qwen3-VL-8B-Instruct,0.0,,64,"{""temperature"": 0.0, ""top_p"": null, ""max_new_tokens"": 64}",0.31327491998672485,0.16551005840301514,10,False
flickr30k_main_seed1_train,textgrad_clip,textgrad_clip__textgrad_ed8ca79cb9,52,17289,flickr30k_test_017289,images/flickr30k/flickr30k_test_017289.jpg,"[""A man wearing a blue sweatshirt and dark baseball cap is sweeping the floor with others watching."", ""One man is using a mop, while two other men watch from the background."", ""A tall looking man wearing a hat is mopping the floor."", ""Guys cleaning the floor with sweeper."", ""A guy in a sweater cleans the floor.""]",textgrad_ed8ca79cb9,TextGrad Step 7,"Output exactly two lines only.

Line 1 (tags) — required format and hard rules:
- Provide 2–5 comma-separated tokens (lower-case). Prefer exactly 3 tags when visually possible: main noun first, then 1–2 highly discriminative co-objects. No punctuation except commas.
- Tokens must be common nouns or single-word simple adjectives used only as visible attributes (dog, child, car, red, small). Multiword object phrases that are visually fused are allowed as a single token (e.g., ""wine bottle"", ""traffic light"").
- At least 2 tokens must be nouns (including the main noun). At most 1 token may be a visible attribute (color/size). No verbs, proper nouns, brand names, inferred facts, emotions, events, or dates.
- Deduplicate tags; do not use near-synonyms. Order tags by salience (most discriminative first). Prefer compact, high-information nouns (2–4 tokens ideal).
- Attribute inclusion rule: only add a color/size attribute to tags if detector/segmenter confidence for that attribute exceeds 75% (pixel coverage or top detection confidence). If attribute confidence <75%, omit the attribute from tags. If detectors are unavailable, default to conservative omission.

Line 2 (caption) — required format and hard rules:
- Either (A) one factual short sentence in present simple/progressive of 7–14 words, OR (B) a 2–3 word fallback caption (main noun + visible location) when a compliant 7–14 word caption would require guessing. If tags cannot be produced reliably, Line 2 must be exactly ""image unclear"".
- The main noun from Line 1 must appear verbatim in token positions 1–3 of Line 2 (hard requirement).
- Require at least two exact token overlaps between Line 1 and Line 2 for any non-fallback caption; one overlap must be the main noun. All nouns appearing in the caption (other than allowed prepositions/articles) must appear verbatim in Line 1. The only allowed additional words not in tags are prepositions, determiners, and an optional single period at sentence-end.
- If Line 1 contains a numeric count, reflect it correctly in the caption with correct morphology (e.g., ""1 child stands"", ""2 children stand"").
- Include at most one clearly visible color/size and at most one simple spatial relation/preposition (on, in, near, by, in front of, behind). Never introduce an attribute in the caption that is not present in tags.
- No punctuation except commas in Line 1 and an optional single period at the end of Line 2.

Lexical anchoring and anti-hallucination (HARD CONSTRAINTS):
- No substantive noun may appear in the caption unless it appears verbatim in Line 1 tags. Location nouns are considered substantive; they must be present in tags or supported by a high-confidence detector output before use.
- If an attribute appears in tags, it must appear verbatim in the caption. Conversely, a caption must not introduce any attribute token not in tags.
- If two reliable overlaps (including main noun) cannot be produced without guessing, produce the 2–3 word fallback (main noun + visible location) or, if tags cannot be trusted, output ""image unclear"".
- Forbidden: proper nouns, inferred facts, emotions, dates, brand names.

Candidate generation and templates (required):
- Internally generate N = 12 diverse compliant candidates before returning output.
- Force at least two exact overlaps when constructing each non-fallback candidate. If a candidate cannot meet overlap requirements without guessing, make it the fallback variant instead.
- Use these deterministic templates (prefer detector-proposed nouns when available). Always try forced-adjacency templates first:
  1) Forced adjacency: ""[main noun] [co-object]"" adjacency phrase -> ""[main noun] [verb] [preposition] [co-object]"" (ensure noun phrase adjacency appears in caption).
  2) Main+co-object: ""[main noun] with [co-object] on/in [location]"" (only if location noun is in tags).
  3) Attribute-aware: ""[main noun] [verb] [attribute] [co-object]"" (only if attribute in tags and confidence ≥75%).
  4) Spatial variant: ""[main noun] [verb] [preposition] [object]"" (object must be in tags).
  5) Count-aware: ""[count] [main-noun plural] [verb] [preposition] [object]"" (if numeric count in tags).
  6) Compact fallback: ""[main noun] [location]"" (2–3 word fallback).
  7) Detector compound: use detector-proposed compound noun adjacent to main noun (e.g., ""girl skateboard"" -> ""girl on skateboard"") if both tokens are in tags.
- When building candidates, ensure at least two exact overlaps per non-fallback candidate; prefer adjacency of two tag tokens as an exact phrase.

Proxy scoring, adjacency bonus, and reranking:
- If CLIP scorer is available: normalize CLIP scores across candidates and compute final_score = 0.95 * normalized_CLIP + 0.05 * normalized_proxy. Use CLIP as primary signal.
- If CLIP unavailable: compute proxy_score to heavily favor exact overlaps, adjacency, and main noun position:
  proxy_score = 12*(main-noun overlap: 1 if present) 
               +10*(each additional exact overlap)
               +6*(attribute overlap present)
               +6*(adjacency bonus: +6 if any two tag tokens appear adjacent as exact phrase)
               +4*(positional_bonus: +4 if main noun at position 1, +1 if at position 2–3)
               -5*(generic-noun penalty if tag ∈ {person, people, man, woman} used when a more specific detector proposal is available)
               -2*(duplicates-collapsed penalty)
               -2*(each tag beyond 3)
               -1*(each caption word beyond 12)
- Normalize proxy_score across candidates before use. Break ties by: more exact overlaps, fewer tags, main noun at position 1.

Scoring adjustments and heuristics:
- Reduce the penalty for tags >3 to allow one extra discriminative noun when detector confidence is high (penalty = -2 per tag beyond 3).
- Soften the generic-person penalty to -5 (still discourage generic nouns but allow specific detector-driven replacements).
- Strongly prefer candidates with adjacent phrase overlap and main noun at position 1 (adjacency and position bonuses above).
- If CLIP is available, prefer increasing CLIP weight up to 0.98 for stability in retraining runs; otherwise rely on the proxy formula above.

Deterministic final self-check pipeline (must pass before returning output):
A) Tags format check: 2–5 comma-separated lower-case tokens, ≤1 attribute token, deduplicated.
B) Caption validity: 7–14 words OR valid 2–3 word fallback OR exactly ""image unclear"".
C) Overlap check: ≥2 exact token overlaps between Line 1 and Line 2; one must be main noun.
D) Noun containment: all nouns in caption ∈ tags (except allowed prepositions/determiners).
E) Attribute mirroring & confidence: any attribute in tags appears verbatim in caption; attributes were only added to tags if detector confidence ≥75%.
F) Forbidden content check: no proper nouns, inferred facts, emotions, dates, brand names; no punctuation except allowed.
- If any test fails, reject the candidate. If no candidate passes after reranking, return the most reliable tags possible (2–5 tokens) on Line 1 and Line 2 = ""image unclear"".

Fallback and conservatism:
- Prefer ""image unclear"" over inventing low-confidence specifics. If fewer than 2 high-confidence nouns are available, use the compact 2–3 word fallback (main noun + visible location) or output ""image unclear"".
- When tags contain an attribute with confidence <75% or attribute is unsure, do not include the attribute in tags nor in captions.

Operational recommendations:
- Seed Line 1 tags from top-3 detector outputs by confidence when available, filtering for discriminative nouns (prefer ""trumpet"" over ""person"" when confident). If detector subclass confidence is low, keep the safe concrete tag (""person"") but mark for fallback.
- Log examples with large negative delta_clip for later analysis and adaptive threshold tuning (raise attribute threshold or relax tag-length penalties when necessary).
- Maintain deterministic behavior: always follow the candidate templates and the final self-check pipeline exactly.

Output requirement reminder:
- The VLM must output exactly two lines: Line 1 = tags (2–5 comma-separated tokens, prefer 3). Line 2 = caption (7–14 words) OR 2–3 word fallback OR ""image unclear"". No extra lines or commentary.","man, mop, floor
man mops floor with mop",0,1,Qwen/Qwen3-VL-8B-Instruct,0.0,,64,"{""temperature"": 0.0, ""top_p"": null, ""max_new_tokens"": 64}",0.2856127619743347,0.1405012160539627,8,False
flickr30k_main_seed1_train,textgrad_clip,textgrad_clip__textgrad_ed8ca79cb9,63,24934,flickr30k_test_024934,images/flickr30k/flickr30k_test_024934.jpg,"[""A man wearing a striped jacket tentatively looking down onto his hands while walking."", ""A man walks along a cobblestone path, next to a large blue wall."", ""A man walking down a brick path next to a blue wall."", ""A lone man walking along side a blue wall."", ""Solitary man walks past blue wall.""]",textgrad_ed8ca79cb9,TextGrad Step 7,"Output exactly two lines only.

Line 1 (tags) — required format and hard rules:
- Provide 2–5 comma-separated tokens (lower-case). Prefer exactly 3 tags when visually possible: main noun first, then 1–2 highly discriminative co-objects. No punctuation except commas.
- Tokens must be common nouns or single-word simple adjectives used only as visible attributes (dog, child, car, red, small). Multiword object phrases that are visually fused are allowed as a single token (e.g., ""wine bottle"", ""traffic light"").
- At least 2 tokens must be nouns (including the main noun). At most 1 token may be a visible attribute (color/size). No verbs, proper nouns, brand names, inferred facts, emotions, events, or dates.
- Deduplicate tags; do not use near-synonyms. Order tags by salience (most discriminative first). Prefer compact, high-information nouns (2–4 tokens ideal).
- Attribute inclusion rule: only add a color/size attribute to tags if detector/segmenter confidence for that attribute exceeds 75% (pixel coverage or top detection confidence). If attribute confidence <75%, omit the attribute from tags. If detectors are unavailable, default to conservative omission.

Line 2 (caption) — required format and hard rules:
- Either (A) one factual short sentence in present simple/progressive of 7–14 words, OR (B) a 2–3 word fallback caption (main noun + visible location) when a compliant 7–14 word caption would require guessing. If tags cannot be produced reliably, Line 2 must be exactly ""image unclear"".
- The main noun from Line 1 must appear verbatim in token positions 1–3 of Line 2 (hard requirement).
- Require at least two exact token overlaps between Line 1 and Line 2 for any non-fallback caption; one overlap must be the main noun. All nouns appearing in the caption (other than allowed prepositions/articles) must appear verbatim in Line 1. The only allowed additional words not in tags are prepositions, determiners, and an optional single period at sentence-end.
- If Line 1 contains a numeric count, reflect it correctly in the caption with correct morphology (e.g., ""1 child stands"", ""2 children stand"").
- Include at most one clearly visible color/size and at most one simple spatial relation/preposition (on, in, near, by, in front of, behind). Never introduce an attribute in the caption that is not present in tags.
- No punctuation except commas in Line 1 and an optional single period at the end of Line 2.

Lexical anchoring and anti-hallucination (HARD CONSTRAINTS):
- No substantive noun may appear in the caption unless it appears verbatim in Line 1 tags. Location nouns are considered substantive; they must be present in tags or supported by a high-confidence detector output before use.
- If an attribute appears in tags, it must appear verbatim in the caption. Conversely, a caption must not introduce any attribute token not in tags.
- If two reliable overlaps (including main noun) cannot be produced without guessing, produce the 2–3 word fallback (main noun + visible location) or, if tags cannot be trusted, output ""image unclear"".
- Forbidden: proper nouns, inferred facts, emotions, dates, brand names.

Candidate generation and templates (required):
- Internally generate N = 12 diverse compliant candidates before returning output.
- Force at least two exact overlaps when constructing each non-fallback candidate. If a candidate cannot meet overlap requirements without guessing, make it the fallback variant instead.
- Use these deterministic templates (prefer detector-proposed nouns when available). Always try forced-adjacency templates first:
  1) Forced adjacency: ""[main noun] [co-object]"" adjacency phrase -> ""[main noun] [verb] [preposition] [co-object]"" (ensure noun phrase adjacency appears in caption).
  2) Main+co-object: ""[main noun] with [co-object] on/in [location]"" (only if location noun is in tags).
  3) Attribute-aware: ""[main noun] [verb] [attribute] [co-object]"" (only if attribute in tags and confidence ≥75%).
  4) Spatial variant: ""[main noun] [verb] [preposition] [object]"" (object must be in tags).
  5) Count-aware: ""[count] [main-noun plural] [verb] [preposition] [object]"" (if numeric count in tags).
  6) Compact fallback: ""[main noun] [location]"" (2–3 word fallback).
  7) Detector compound: use detector-proposed compound noun adjacent to main noun (e.g., ""girl skateboard"" -> ""girl on skateboard"") if both tokens are in tags.
- When building candidates, ensure at least two exact overlaps per non-fallback candidate; prefer adjacency of two tag tokens as an exact phrase.

Proxy scoring, adjacency bonus, and reranking:
- If CLIP scorer is available: normalize CLIP scores across candidates and compute final_score = 0.95 * normalized_CLIP + 0.05 * normalized_proxy. Use CLIP as primary signal.
- If CLIP unavailable: compute proxy_score to heavily favor exact overlaps, adjacency, and main noun position:
  proxy_score = 12*(main-noun overlap: 1 if present) 
               +10*(each additional exact overlap)
               +6*(attribute overlap present)
               +6*(adjacency bonus: +6 if any two tag tokens appear adjacent as exact phrase)
               +4*(positional_bonus: +4 if main noun at position 1, +1 if at position 2–3)
               -5*(generic-noun penalty if tag ∈ {person, people, man, woman} used when a more specific detector proposal is available)
               -2*(duplicates-collapsed penalty)
               -2*(each tag beyond 3)
               -1*(each caption word beyond 12)
- Normalize proxy_score across candidates before use. Break ties by: more exact overlaps, fewer tags, main noun at position 1.

Scoring adjustments and heuristics:
- Reduce the penalty for tags >3 to allow one extra discriminative noun when detector confidence is high (penalty = -2 per tag beyond 3).
- Soften the generic-person penalty to -5 (still discourage generic nouns but allow specific detector-driven replacements).
- Strongly prefer candidates with adjacent phrase overlap and main noun at position 1 (adjacency and position bonuses above).
- If CLIP is available, prefer increasing CLIP weight up to 0.98 for stability in retraining runs; otherwise rely on the proxy formula above.

Deterministic final self-check pipeline (must pass before returning output):
A) Tags format check: 2–5 comma-separated lower-case tokens, ≤1 attribute token, deduplicated.
B) Caption validity: 7–14 words OR valid 2–3 word fallback OR exactly ""image unclear"".
C) Overlap check: ≥2 exact token overlaps between Line 1 and Line 2; one must be main noun.
D) Noun containment: all nouns in caption ∈ tags (except allowed prepositions/determiners).
E) Attribute mirroring & confidence: any attribute in tags appears verbatim in caption; attributes were only added to tags if detector confidence ≥75%.
F) Forbidden content check: no proper nouns, inferred facts, emotions, dates, brand names; no punctuation except allowed.
- If any test fails, reject the candidate. If no candidate passes after reranking, return the most reliable tags possible (2–5 tokens) on Line 1 and Line 2 = ""image unclear"".

Fallback and conservatism:
- Prefer ""image unclear"" over inventing low-confidence specifics. If fewer than 2 high-confidence nouns are available, use the compact 2–3 word fallback (main noun + visible location) or output ""image unclear"".
- When tags contain an attribute with confidence <75% or attribute is unsure, do not include the attribute in tags nor in captions.

Operational recommendations:
- Seed Line 1 tags from top-3 detector outputs by confidence when available, filtering for discriminative nouns (prefer ""trumpet"" over ""person"" when confident). If detector subclass confidence is low, keep the safe concrete tag (""person"") but mark for fallback.
- Log examples with large negative delta_clip for later analysis and adaptive threshold tuning (raise attribute threshold or relax tag-length penalties when necessary).
- Maintain deterministic behavior: always follow the candidate templates and the final self-check pipeline exactly.

Output requirement reminder:
- The VLM must output exactly two lines: Line 1 = tags (2–5 comma-separated tokens, prefer 3). Line 2 = caption (7–14 words) OR 2–3 word fallback OR ""image unclear"". No extra lines or commentary.","man, wall, street
man walks on street near blue wall",0,1,Qwen/Qwen3-VL-8B-Instruct,0.0,,64,"{""temperature"": 0.0, ""top_p"": null, ""max_new_tokens"": 64}",0.32146957516670227,0.19649569690227509,10,False
flickr30k_main_seed1_train,textgrad_clip,textgrad_clip__textgrad_ed8ca79cb9,66,30359,flickr30k_test_030359,images/flickr30k/flickr30k_test_030359.jpg,"[""A soccer game with 5 guys in the picture but three of them are about to commence in a three way kick."", ""A group of soccer teammates are fighting over the soccer ball while in a stadium full of supporters."", ""Five young men, three in yellow, one in red and one in white are playing soccer."", ""A soccer player is attempting to score a goal."", ""Guys are play soccer on the field.""]",textgrad_ed8ca79cb9,TextGrad Step 7,"Output exactly two lines only.

Line 1 (tags) — required format and hard rules:
- Provide 2–5 comma-separated tokens (lower-case). Prefer exactly 3 tags when visually possible: main noun first, then 1–2 highly discriminative co-objects. No punctuation except commas.
- Tokens must be common nouns or single-word simple adjectives used only as visible attributes (dog, child, car, red, small). Multiword object phrases that are visually fused are allowed as a single token (e.g., ""wine bottle"", ""traffic light"").
- At least 2 tokens must be nouns (including the main noun). At most 1 token may be a visible attribute (color/size). No verbs, proper nouns, brand names, inferred facts, emotions, events, or dates.
- Deduplicate tags; do not use near-synonyms. Order tags by salience (most discriminative first). Prefer compact, high-information nouns (2–4 tokens ideal).
- Attribute inclusion rule: only add a color/size attribute to tags if detector/segmenter confidence for that attribute exceeds 75% (pixel coverage or top detection confidence). If attribute confidence <75%, omit the attribute from tags. If detectors are unavailable, default to conservative omission.

Line 2 (caption) — required format and hard rules:
- Either (A) one factual short sentence in present simple/progressive of 7–14 words, OR (B) a 2–3 word fallback caption (main noun + visible location) when a compliant 7–14 word caption would require guessing. If tags cannot be produced reliably, Line 2 must be exactly ""image unclear"".
- The main noun from Line 1 must appear verbatim in token positions 1–3 of Line 2 (hard requirement).
- Require at least two exact token overlaps between Line 1 and Line 2 for any non-fallback caption; one overlap must be the main noun. All nouns appearing in the caption (other than allowed prepositions/articles) must appear verbatim in Line 1. The only allowed additional words not in tags are prepositions, determiners, and an optional single period at sentence-end.
- If Line 1 contains a numeric count, reflect it correctly in the caption with correct morphology (e.g., ""1 child stands"", ""2 children stand"").
- Include at most one clearly visible color/size and at most one simple spatial relation/preposition (on, in, near, by, in front of, behind). Never introduce an attribute in the caption that is not present in tags.
- No punctuation except commas in Line 1 and an optional single period at the end of Line 2.

Lexical anchoring and anti-hallucination (HARD CONSTRAINTS):
- No substantive noun may appear in the caption unless it appears verbatim in Line 1 tags. Location nouns are considered substantive; they must be present in tags or supported by a high-confidence detector output before use.
- If an attribute appears in tags, it must appear verbatim in the caption. Conversely, a caption must not introduce any attribute token not in tags.
- If two reliable overlaps (including main noun) cannot be produced without guessing, produce the 2–3 word fallback (main noun + visible location) or, if tags cannot be trusted, output ""image unclear"".
- Forbidden: proper nouns, inferred facts, emotions, dates, brand names.

Candidate generation and templates (required):
- Internally generate N = 12 diverse compliant candidates before returning output.
- Force at least two exact overlaps when constructing each non-fallback candidate. If a candidate cannot meet overlap requirements without guessing, make it the fallback variant instead.
- Use these deterministic templates (prefer detector-proposed nouns when available). Always try forced-adjacency templates first:
  1) Forced adjacency: ""[main noun] [co-object]"" adjacency phrase -> ""[main noun] [verb] [preposition] [co-object]"" (ensure noun phrase adjacency appears in caption).
  2) Main+co-object: ""[main noun] with [co-object] on/in [location]"" (only if location noun is in tags).
  3) Attribute-aware: ""[main noun] [verb] [attribute] [co-object]"" (only if attribute in tags and confidence ≥75%).
  4) Spatial variant: ""[main noun] [verb] [preposition] [object]"" (object must be in tags).
  5) Count-aware: ""[count] [main-noun plural] [verb] [preposition] [object]"" (if numeric count in tags).
  6) Compact fallback: ""[main noun] [location]"" (2–3 word fallback).
  7) Detector compound: use detector-proposed compound noun adjacent to main noun (e.g., ""girl skateboard"" -> ""girl on skateboard"") if both tokens are in tags.
- When building candidates, ensure at least two exact overlaps per non-fallback candidate; prefer adjacency of two tag tokens as an exact phrase.

Proxy scoring, adjacency bonus, and reranking:
- If CLIP scorer is available: normalize CLIP scores across candidates and compute final_score = 0.95 * normalized_CLIP + 0.05 * normalized_proxy. Use CLIP as primary signal.
- If CLIP unavailable: compute proxy_score to heavily favor exact overlaps, adjacency, and main noun position:
  proxy_score = 12*(main-noun overlap: 1 if present) 
               +10*(each additional exact overlap)
               +6*(attribute overlap present)
               +6*(adjacency bonus: +6 if any two tag tokens appear adjacent as exact phrase)
               +4*(positional_bonus: +4 if main noun at position 1, +1 if at position 2–3)
               -5*(generic-noun penalty if tag ∈ {person, people, man, woman} used when a more specific detector proposal is available)
               -2*(duplicates-collapsed penalty)
               -2*(each tag beyond 3)
               -1*(each caption word beyond 12)
- Normalize proxy_score across candidates before use. Break ties by: more exact overlaps, fewer tags, main noun at position 1.

Scoring adjustments and heuristics:
- Reduce the penalty for tags >3 to allow one extra discriminative noun when detector confidence is high (penalty = -2 per tag beyond 3).
- Soften the generic-person penalty to -5 (still discourage generic nouns but allow specific detector-driven replacements).
- Strongly prefer candidates with adjacent phrase overlap and main noun at position 1 (adjacency and position bonuses above).
- If CLIP is available, prefer increasing CLIP weight up to 0.98 for stability in retraining runs; otherwise rely on the proxy formula above.

Deterministic final self-check pipeline (must pass before returning output):
A) Tags format check: 2–5 comma-separated lower-case tokens, ≤1 attribute token, deduplicated.
B) Caption validity: 7–14 words OR valid 2–3 word fallback OR exactly ""image unclear"".
C) Overlap check: ≥2 exact token overlaps between Line 1 and Line 2; one must be main noun.
D) Noun containment: all nouns in caption ∈ tags (except allowed prepositions/determiners).
E) Attribute mirroring & confidence: any attribute in tags appears verbatim in caption; attributes were only added to tags if detector confidence ≥75%.
F) Forbidden content check: no proper nouns, inferred facts, emotions, dates, brand names; no punctuation except allowed.
- If any test fails, reject the candidate. If no candidate passes after reranking, return the most reliable tags possible (2–5 tokens) on Line 1 and Line 2 = ""image unclear"".

Fallback and conservatism:
- Prefer ""image unclear"" over inventing low-confidence specifics. If fewer than 2 high-confidence nouns are available, use the compact 2–3 word fallback (main noun + visible location) or output ""image unclear"".
- When tags contain an attribute with confidence <75% or attribute is unsure, do not include the attribute in tags nor in captions.

Operational recommendations:
- Seed Line 1 tags from top-3 detector outputs by confidence when available, filtering for discriminative nouns (prefer ""trumpet"" over ""person"" when confident). If detector subclass confidence is low, keep the safe concrete tag (""person"") but mark for fallback.
- Log examples with large negative delta_clip for later analysis and adaptive threshold tuning (raise attribute threshold or relax tag-length penalties when necessary).
- Maintain deterministic behavior: always follow the candidate templates and the final self-check pipeline exactly.

Output requirement reminder:
- The VLM must output exactly two lines: Line 1 = tags (2–5 comma-separated tokens, prefer 3). Line 2 = caption (7–14 words) OR 2–3 word fallback OR ""image unclear"". No extra lines or commentary.","soccer player, ball, goalkeeper
soccer player heads ball near goalkeeper",0,1,Qwen/Qwen3-VL-8B-Instruct,0.0,,64,"{""temperature"": 0.0, ""top_p"": null, ""max_new_tokens"": 64}",0.26633408665657043,0.1390817016363144,10,False
flickr30k_main_seed1_train,textgrad_clip,textgrad_clip__textgrad_ed8ca79cb9,70,30024,flickr30k_test_030024,images/flickr30k/flickr30k_test_030024.jpg,"[""Several men are sitting around a dinner table having separate conversations."", ""A group of men are sitting at a table talking."", ""A man with gray hair is sitting at a table."", ""Four men are at a dining table."", ""Four men sitting at a table.""]",textgrad_ed8ca79cb9,TextGrad Step 7,"Output exactly two lines only.

Line 1 (tags) — required format and hard rules:
- Provide 2–5 comma-separated tokens (lower-case). Prefer exactly 3 tags when visually possible: main noun first, then 1–2 highly discriminative co-objects. No punctuation except commas.
- Tokens must be common nouns or single-word simple adjectives used only as visible attributes (dog, child, car, red, small). Multiword object phrases that are visually fused are allowed as a single token (e.g., ""wine bottle"", ""traffic light"").
- At least 2 tokens must be nouns (including the main noun). At most 1 token may be a visible attribute (color/size). No verbs, proper nouns, brand names, inferred facts, emotions, events, or dates.
- Deduplicate tags; do not use near-synonyms. Order tags by salience (most discriminative first). Prefer compact, high-information nouns (2–4 tokens ideal).
- Attribute inclusion rule: only add a color/size attribute to tags if detector/segmenter confidence for that attribute exceeds 75% (pixel coverage or top detection confidence). If attribute confidence <75%, omit the attribute from tags. If detectors are unavailable, default to conservative omission.

Line 2 (caption) — required format and hard rules:
- Either (A) one factual short sentence in present simple/progressive of 7–14 words, OR (B) a 2–3 word fallback caption (main noun + visible location) when a compliant 7–14 word caption would require guessing. If tags cannot be produced reliably, Line 2 must be exactly ""image unclear"".
- The main noun from Line 1 must appear verbatim in token positions 1–3 of Line 2 (hard requirement).
- Require at least two exact token overlaps between Line 1 and Line 2 for any non-fallback caption; one overlap must be the main noun. All nouns appearing in the caption (other than allowed prepositions/articles) must appear verbatim in Line 1. The only allowed additional words not in tags are prepositions, determiners, and an optional single period at sentence-end.
- If Line 1 contains a numeric count, reflect it correctly in the caption with correct morphology (e.g., ""1 child stands"", ""2 children stand"").
- Include at most one clearly visible color/size and at most one simple spatial relation/preposition (on, in, near, by, in front of, behind). Never introduce an attribute in the caption that is not present in tags.
- No punctuation except commas in Line 1 and an optional single period at the end of Line 2.

Lexical anchoring and anti-hallucination (HARD CONSTRAINTS):
- No substantive noun may appear in the caption unless it appears verbatim in Line 1 tags. Location nouns are considered substantive; they must be present in tags or supported by a high-confidence detector output before use.
- If an attribute appears in tags, it must appear verbatim in the caption. Conversely, a caption must not introduce any attribute token not in tags.
- If two reliable overlaps (including main noun) cannot be produced without guessing, produce the 2–3 word fallback (main noun + visible location) or, if tags cannot be trusted, output ""image unclear"".
- Forbidden: proper nouns, inferred facts, emotions, dates, brand names.

Candidate generation and templates (required):
- Internally generate N = 12 diverse compliant candidates before returning output.
- Force at least two exact overlaps when constructing each non-fallback candidate. If a candidate cannot meet overlap requirements without guessing, make it the fallback variant instead.
- Use these deterministic templates (prefer detector-proposed nouns when available). Always try forced-adjacency templates first:
  1) Forced adjacency: ""[main noun] [co-object]"" adjacency phrase -> ""[main noun] [verb] [preposition] [co-object]"" (ensure noun phrase adjacency appears in caption).
  2) Main+co-object: ""[main noun] with [co-object] on/in [location]"" (only if location noun is in tags).
  3) Attribute-aware: ""[main noun] [verb] [attribute] [co-object]"" (only if attribute in tags and confidence ≥75%).
  4) Spatial variant: ""[main noun] [verb] [preposition] [object]"" (object must be in tags).
  5) Count-aware: ""[count] [main-noun plural] [verb] [preposition] [object]"" (if numeric count in tags).
  6) Compact fallback: ""[main noun] [location]"" (2–3 word fallback).
  7) Detector compound: use detector-proposed compound noun adjacent to main noun (e.g., ""girl skateboard"" -> ""girl on skateboard"") if both tokens are in tags.
- When building candidates, ensure at least two exact overlaps per non-fallback candidate; prefer adjacency of two tag tokens as an exact phrase.

Proxy scoring, adjacency bonus, and reranking:
- If CLIP scorer is available: normalize CLIP scores across candidates and compute final_score = 0.95 * normalized_CLIP + 0.05 * normalized_proxy. Use CLIP as primary signal.
- If CLIP unavailable: compute proxy_score to heavily favor exact overlaps, adjacency, and main noun position:
  proxy_score = 12*(main-noun overlap: 1 if present) 
               +10*(each additional exact overlap)
               +6*(attribute overlap present)
               +6*(adjacency bonus: +6 if any two tag tokens appear adjacent as exact phrase)
               +4*(positional_bonus: +4 if main noun at position 1, +1 if at position 2–3)
               -5*(generic-noun penalty if tag ∈ {person, people, man, woman} used when a more specific detector proposal is available)
               -2*(duplicates-collapsed penalty)
               -2*(each tag beyond 3)
               -1*(each caption word beyond 12)
- Normalize proxy_score across candidates before use. Break ties by: more exact overlaps, fewer tags, main noun at position 1.

Scoring adjustments and heuristics:
- Reduce the penalty for tags >3 to allow one extra discriminative noun when detector confidence is high (penalty = -2 per tag beyond 3).
- Soften the generic-person penalty to -5 (still discourage generic nouns but allow specific detector-driven replacements).
- Strongly prefer candidates with adjacent phrase overlap and main noun at position 1 (adjacency and position bonuses above).
- If CLIP is available, prefer increasing CLIP weight up to 0.98 for stability in retraining runs; otherwise rely on the proxy formula above.

Deterministic final self-check pipeline (must pass before returning output):
A) Tags format check: 2–5 comma-separated lower-case tokens, ≤1 attribute token, deduplicated.
B) Caption validity: 7–14 words OR valid 2–3 word fallback OR exactly ""image unclear"".
C) Overlap check: ≥2 exact token overlaps between Line 1 and Line 2; one must be main noun.
D) Noun containment: all nouns in caption ∈ tags (except allowed prepositions/determiners).
E) Attribute mirroring & confidence: any attribute in tags appears verbatim in caption; attributes were only added to tags if detector confidence ≥75%.
F) Forbidden content check: no proper nouns, inferred facts, emotions, dates, brand names; no punctuation except allowed.
- If any test fails, reject the candidate. If no candidate passes after reranking, return the most reliable tags possible (2–5 tokens) on Line 1 and Line 2 = ""image unclear"".

Fallback and conservatism:
- Prefer ""image unclear"" over inventing low-confidence specifics. If fewer than 2 high-confidence nouns are available, use the compact 2–3 word fallback (main noun + visible location) or output ""image unclear"".
- When tags contain an attribute with confidence <75% or attribute is unsure, do not include the attribute in tags nor in captions.

Operational recommendations:
- Seed Line 1 tags from top-3 detector outputs by confidence when available, filtering for discriminative nouns (prefer ""trumpet"" over ""person"" when confident). If detector subclass confidence is low, keep the safe concrete tag (""person"") but mark for fallback.
- Log examples with large negative delta_clip for later analysis and adaptive threshold tuning (raise attribute threshold or relax tag-length penalties when necessary).
- Maintain deterministic behavior: always follow the candidate templates and the final self-check pipeline exactly.

Output requirement reminder:
- The VLM must output exactly two lines: Line 1 = tags (2–5 comma-separated tokens, prefer 3). Line 2 = caption (7–14 words) OR 2–3 word fallback OR ""image unclear"". No extra lines or commentary.","man, table, wine bottle
man sits at table with wine bottle",0,1,Qwen/Qwen3-VL-8B-Instruct,0.0,,64,"{""temperature"": 0.0, ""top_p"": null, ""max_new_tokens"": 64}",0.25073644518852234,0.14777621626853943,11,False
flickr30k_main_seed1_train,textgrad_clip,textgrad_clip__textgrad_ed8ca79cb9,77,23712,flickr30k_test_023712,images/flickr30k/flickr30k_test_023712.jpg,"[""A man in a red shirt plays the violin on stage."", ""A man with long wavy hair, playing the violin."", ""A man eagerly playing the violin on stage."", ""A man with long wavy hair plays to violin."", ""A man plays the violin on stage.""]",textgrad_ed8ca79cb9,TextGrad Step 7,"Output exactly two lines only.

Line 1 (tags) — required format and hard rules:
- Provide 2–5 comma-separated tokens (lower-case). Prefer exactly 3 tags when visually possible: main noun first, then 1–2 highly discriminative co-objects. No punctuation except commas.
- Tokens must be common nouns or single-word simple adjectives used only as visible attributes (dog, child, car, red, small). Multiword object phrases that are visually fused are allowed as a single token (e.g., ""wine bottle"", ""traffic light"").
- At least 2 tokens must be nouns (including the main noun). At most 1 token may be a visible attribute (color/size). No verbs, proper nouns, brand names, inferred facts, emotions, events, or dates.
- Deduplicate tags; do not use near-synonyms. Order tags by salience (most discriminative first). Prefer compact, high-information nouns (2–4 tokens ideal).
- Attribute inclusion rule: only add a color/size attribute to tags if detector/segmenter confidence for that attribute exceeds 75% (pixel coverage or top detection confidence). If attribute confidence <75%, omit the attribute from tags. If detectors are unavailable, default to conservative omission.

Line 2 (caption) — required format and hard rules:
- Either (A) one factual short sentence in present simple/progressive of 7–14 words, OR (B) a 2–3 word fallback caption (main noun + visible location) when a compliant 7–14 word caption would require guessing. If tags cannot be produced reliably, Line 2 must be exactly ""image unclear"".
- The main noun from Line 1 must appear verbatim in token positions 1–3 of Line 2 (hard requirement).
- Require at least two exact token overlaps between Line 1 and Line 2 for any non-fallback caption; one overlap must be the main noun. All nouns appearing in the caption (other than allowed prepositions/articles) must appear verbatim in Line 1. The only allowed additional words not in tags are prepositions, determiners, and an optional single period at sentence-end.
- If Line 1 contains a numeric count, reflect it correctly in the caption with correct morphology (e.g., ""1 child stands"", ""2 children stand"").
- Include at most one clearly visible color/size and at most one simple spatial relation/preposition (on, in, near, by, in front of, behind). Never introduce an attribute in the caption that is not present in tags.
- No punctuation except commas in Line 1 and an optional single period at the end of Line 2.

Lexical anchoring and anti-hallucination (HARD CONSTRAINTS):
- No substantive noun may appear in the caption unless it appears verbatim in Line 1 tags. Location nouns are considered substantive; they must be present in tags or supported by a high-confidence detector output before use.
- If an attribute appears in tags, it must appear verbatim in the caption. Conversely, a caption must not introduce any attribute token not in tags.
- If two reliable overlaps (including main noun) cannot be produced without guessing, produce the 2–3 word fallback (main noun + visible location) or, if tags cannot be trusted, output ""image unclear"".
- Forbidden: proper nouns, inferred facts, emotions, dates, brand names.

Candidate generation and templates (required):
- Internally generate N = 12 diverse compliant candidates before returning output.
- Force at least two exact overlaps when constructing each non-fallback candidate. If a candidate cannot meet overlap requirements without guessing, make it the fallback variant instead.
- Use these deterministic templates (prefer detector-proposed nouns when available). Always try forced-adjacency templates first:
  1) Forced adjacency: ""[main noun] [co-object]"" adjacency phrase -> ""[main noun] [verb] [preposition] [co-object]"" (ensure noun phrase adjacency appears in caption).
  2) Main+co-object: ""[main noun] with [co-object] on/in [location]"" (only if location noun is in tags).
  3) Attribute-aware: ""[main noun] [verb] [attribute] [co-object]"" (only if attribute in tags and confidence ≥75%).
  4) Spatial variant: ""[main noun] [verb] [preposition] [object]"" (object must be in tags).
  5) Count-aware: ""[count] [main-noun plural] [verb] [preposition] [object]"" (if numeric count in tags).
  6) Compact fallback: ""[main noun] [location]"" (2–3 word fallback).
  7) Detector compound: use detector-proposed compound noun adjacent to main noun (e.g., ""girl skateboard"" -> ""girl on skateboard"") if both tokens are in tags.
- When building candidates, ensure at least two exact overlaps per non-fallback candidate; prefer adjacency of two tag tokens as an exact phrase.

Proxy scoring, adjacency bonus, and reranking:
- If CLIP scorer is available: normalize CLIP scores across candidates and compute final_score = 0.95 * normalized_CLIP + 0.05 * normalized_proxy. Use CLIP as primary signal.
- If CLIP unavailable: compute proxy_score to heavily favor exact overlaps, adjacency, and main noun position:
  proxy_score = 12*(main-noun overlap: 1 if present) 
               +10*(each additional exact overlap)
               +6*(attribute overlap present)
               +6*(adjacency bonus: +6 if any two tag tokens appear adjacent as exact phrase)
               +4*(positional_bonus: +4 if main noun at position 1, +1 if at position 2–3)
               -5*(generic-noun penalty if tag ∈ {person, people, man, woman} used when a more specific detector proposal is available)
               -2*(duplicates-collapsed penalty)
               -2*(each tag beyond 3)
               -1*(each caption word beyond 12)
- Normalize proxy_score across candidates before use. Break ties by: more exact overlaps, fewer tags, main noun at position 1.

Scoring adjustments and heuristics:
- Reduce the penalty for tags >3 to allow one extra discriminative noun when detector confidence is high (penalty = -2 per tag beyond 3).
- Soften the generic-person penalty to -5 (still discourage generic nouns but allow specific detector-driven replacements).
- Strongly prefer candidates with adjacent phrase overlap and main noun at position 1 (adjacency and position bonuses above).
- If CLIP is available, prefer increasing CLIP weight up to 0.98 for stability in retraining runs; otherwise rely on the proxy formula above.

Deterministic final self-check pipeline (must pass before returning output):
A) Tags format check: 2–5 comma-separated lower-case tokens, ≤1 attribute token, deduplicated.
B) Caption validity: 7–14 words OR valid 2–3 word fallback OR exactly ""image unclear"".
C) Overlap check: ≥2 exact token overlaps between Line 1 and Line 2; one must be main noun.
D) Noun containment: all nouns in caption ∈ tags (except allowed prepositions/determiners).
E) Attribute mirroring & confidence: any attribute in tags appears verbatim in caption; attributes were only added to tags if detector confidence ≥75%.
F) Forbidden content check: no proper nouns, inferred facts, emotions, dates, brand names; no punctuation except allowed.
- If any test fails, reject the candidate. If no candidate passes after reranking, return the most reliable tags possible (2–5 tokens) on Line 1 and Line 2 = ""image unclear"".

Fallback and conservatism:
- Prefer ""image unclear"" over inventing low-confidence specifics. If fewer than 2 high-confidence nouns are available, use the compact 2–3 word fallback (main noun + visible location) or output ""image unclear"".
- When tags contain an attribute with confidence <75% or attribute is unsure, do not include the attribute in tags nor in captions.

Operational recommendations:
- Seed Line 1 tags from top-3 detector outputs by confidence when available, filtering for discriminative nouns (prefer ""trumpet"" over ""person"" when confident). If detector subclass confidence is low, keep the safe concrete tag (""person"") but mark for fallback.
- Log examples with large negative delta_clip for later analysis and adaptive threshold tuning (raise attribute threshold or relax tag-length penalties when necessary).
- Maintain deterministic behavior: always follow the candidate templates and the final self-check pipeline exactly.

Output requirement reminder:
- The VLM must output exactly two lines: Line 1 = tags (2–5 comma-separated tokens, prefer 3). Line 2 = caption (7–14 words) OR 2–3 word fallback OR ""image unclear"". No extra lines or commentary.","violin, man, stage
man plays violin on stage",0,1,Qwen/Qwen3-VL-8B-Instruct,0.0,,64,"{""temperature"": 0.0, ""top_p"": null, ""max_new_tokens"": 64}",0.311672568321228,0.16810637712478638,8,False
flickr30k_main_seed1_train,textgrad_clip,textgrad_clip__textgrad_ed8ca79cb9,82,10901,flickr30k_test_010901,images/flickr30k/flickr30k_test_010901.jpg,"[""Two children, warmly dressed, are playing in the snow."", ""Two kids playing in the snow in a rural area."", ""Two young children play in the snow."", ""Two young children enjoy the snow."", ""Two children playing in the snow.""]",textgrad_ed8ca79cb9,TextGrad Step 7,"Output exactly two lines only.

Line 1 (tags) — required format and hard rules:
- Provide 2–5 comma-separated tokens (lower-case). Prefer exactly 3 tags when visually possible: main noun first, then 1–2 highly discriminative co-objects. No punctuation except commas.
- Tokens must be common nouns or single-word simple adjectives used only as visible attributes (dog, child, car, red, small). Multiword object phrases that are visually fused are allowed as a single token (e.g., ""wine bottle"", ""traffic light"").
- At least 2 tokens must be nouns (including the main noun). At most 1 token may be a visible attribute (color/size). No verbs, proper nouns, brand names, inferred facts, emotions, events, or dates.
- Deduplicate tags; do not use near-synonyms. Order tags by salience (most discriminative first). Prefer compact, high-information nouns (2–4 tokens ideal).
- Attribute inclusion rule: only add a color/size attribute to tags if detector/segmenter confidence for that attribute exceeds 75% (pixel coverage or top detection confidence). If attribute confidence <75%, omit the attribute from tags. If detectors are unavailable, default to conservative omission.

Line 2 (caption) — required format and hard rules:
- Either (A) one factual short sentence in present simple/progressive of 7–14 words, OR (B) a 2–3 word fallback caption (main noun + visible location) when a compliant 7–14 word caption would require guessing. If tags cannot be produced reliably, Line 2 must be exactly ""image unclear"".
- The main noun from Line 1 must appear verbatim in token positions 1–3 of Line 2 (hard requirement).
- Require at least two exact token overlaps between Line 1 and Line 2 for any non-fallback caption; one overlap must be the main noun. All nouns appearing in the caption (other than allowed prepositions/articles) must appear verbatim in Line 1. The only allowed additional words not in tags are prepositions, determiners, and an optional single period at sentence-end.
- If Line 1 contains a numeric count, reflect it correctly in the caption with correct morphology (e.g., ""1 child stands"", ""2 children stand"").
- Include at most one clearly visible color/size and at most one simple spatial relation/preposition (on, in, near, by, in front of, behind). Never introduce an attribute in the caption that is not present in tags.
- No punctuation except commas in Line 1 and an optional single period at the end of Line 2.

Lexical anchoring and anti-hallucination (HARD CONSTRAINTS):
- No substantive noun may appear in the caption unless it appears verbatim in Line 1 tags. Location nouns are considered substantive; they must be present in tags or supported by a high-confidence detector output before use.
- If an attribute appears in tags, it must appear verbatim in the caption. Conversely, a caption must not introduce any attribute token not in tags.
- If two reliable overlaps (including main noun) cannot be produced without guessing, produce the 2–3 word fallback (main noun + visible location) or, if tags cannot be trusted, output ""image unclear"".
- Forbidden: proper nouns, inferred facts, emotions, dates, brand names.

Candidate generation and templates (required):
- Internally generate N = 12 diverse compliant candidates before returning output.
- Force at least two exact overlaps when constructing each non-fallback candidate. If a candidate cannot meet overlap requirements without guessing, make it the fallback variant instead.
- Use these deterministic templates (prefer detector-proposed nouns when available). Always try forced-adjacency templates first:
  1) Forced adjacency: ""[main noun] [co-object]"" adjacency phrase -> ""[main noun] [verb] [preposition] [co-object]"" (ensure noun phrase adjacency appears in caption).
  2) Main+co-object: ""[main noun] with [co-object] on/in [location]"" (only if location noun is in tags).
  3) Attribute-aware: ""[main noun] [verb] [attribute] [co-object]"" (only if attribute in tags and confidence ≥75%).
  4) Spatial variant: ""[main noun] [verb] [preposition] [object]"" (object must be in tags).
  5) Count-aware: ""[count] [main-noun plural] [verb] [preposition] [object]"" (if numeric count in tags).
  6) Compact fallback: ""[main noun] [location]"" (2–3 word fallback).
  7) Detector compound: use detector-proposed compound noun adjacent to main noun (e.g., ""girl skateboard"" -> ""girl on skateboard"") if both tokens are in tags.
- When building candidates, ensure at least two exact overlaps per non-fallback candidate; prefer adjacency of two tag tokens as an exact phrase.

Proxy scoring, adjacency bonus, and reranking:
- If CLIP scorer is available: normalize CLIP scores across candidates and compute final_score = 0.95 * normalized_CLIP + 0.05 * normalized_proxy. Use CLIP as primary signal.
- If CLIP unavailable: compute proxy_score to heavily favor exact overlaps, adjacency, and main noun position:
  proxy_score = 12*(main-noun overlap: 1 if present) 
               +10*(each additional exact overlap)
               +6*(attribute overlap present)
               +6*(adjacency bonus: +6 if any two tag tokens appear adjacent as exact phrase)
               +4*(positional_bonus: +4 if main noun at position 1, +1 if at position 2–3)
               -5*(generic-noun penalty if tag ∈ {person, people, man, woman} used when a more specific detector proposal is available)
               -2*(duplicates-collapsed penalty)
               -2*(each tag beyond 3)
               -1*(each caption word beyond 12)
- Normalize proxy_score across candidates before use. Break ties by: more exact overlaps, fewer tags, main noun at position 1.

Scoring adjustments and heuristics:
- Reduce the penalty for tags >3 to allow one extra discriminative noun when detector confidence is high (penalty = -2 per tag beyond 3).
- Soften the generic-person penalty to -5 (still discourage generic nouns but allow specific detector-driven replacements).
- Strongly prefer candidates with adjacent phrase overlap and main noun at position 1 (adjacency and position bonuses above).
- If CLIP is available, prefer increasing CLIP weight up to 0.98 for stability in retraining runs; otherwise rely on the proxy formula above.

Deterministic final self-check pipeline (must pass before returning output):
A) Tags format check: 2–5 comma-separated lower-case tokens, ≤1 attribute token, deduplicated.
B) Caption validity: 7–14 words OR valid 2–3 word fallback OR exactly ""image unclear"".
C) Overlap check: ≥2 exact token overlaps between Line 1 and Line 2; one must be main noun.
D) Noun containment: all nouns in caption ∈ tags (except allowed prepositions/determiners).
E) Attribute mirroring & confidence: any attribute in tags appears verbatim in caption; attributes were only added to tags if detector confidence ≥75%.
F) Forbidden content check: no proper nouns, inferred facts, emotions, dates, brand names; no punctuation except allowed.
- If any test fails, reject the candidate. If no candidate passes after reranking, return the most reliable tags possible (2–5 tokens) on Line 1 and Line 2 = ""image unclear"".

Fallback and conservatism:
- Prefer ""image unclear"" over inventing low-confidence specifics. If fewer than 2 high-confidence nouns are available, use the compact 2–3 word fallback (main noun + visible location) or output ""image unclear"".
- When tags contain an attribute with confidence <75% or attribute is unsure, do not include the attribute in tags nor in captions.

Operational recommendations:
- Seed Line 1 tags from top-3 detector outputs by confidence when available, filtering for discriminative nouns (prefer ""trumpet"" over ""person"" when confident). If detector subclass confidence is low, keep the safe concrete tag (""person"") but mark for fallback.
- Log examples with large negative delta_clip for later analysis and adaptive threshold tuning (raise attribute threshold or relax tag-length penalties when necessary).
- Maintain deterministic behavior: always follow the candidate templates and the final self-check pipeline exactly.

Output requirement reminder:
- The VLM must output exactly two lines: Line 1 = tags (2–5 comma-separated tokens, prefer 3). Line 2 = caption (7–14 words) OR 2–3 word fallback OR ""image unclear"". No extra lines or commentary.","child, snow, red
child crawls on snow near red hat",0,1,Qwen/Qwen3-VL-8B-Instruct,0.0,,64,"{""temperature"": 0.0, ""top_p"": null, ""max_new_tokens"": 64}",0.30849289894104004,0.11892940104007721,10,False
flickr30k_main_seed1_train,textgrad_clip,textgrad_clip__textgrad_ed8ca79cb9,84,23641,flickr30k_test_023641,images/flickr30k/flickr30k_test_023641.jpg,"[""There are several people either sitting on benches or walking through what appears to be a brick road with trees coming up from various circular openings in the road."", ""A group of people rest on a park bench underneath the shade of the canopy of trees as a man in a brightly colored pink stripe shirt walks past."", ""A park with trees, people sitting on benches, and people walking."", ""People are walking under trees while other are sitting down."", ""People walking through a watery path.""]",textgrad_ed8ca79cb9,TextGrad Step 7,"Output exactly two lines only.

Line 1 (tags) — required format and hard rules:
- Provide 2–5 comma-separated tokens (lower-case). Prefer exactly 3 tags when visually possible: main noun first, then 1–2 highly discriminative co-objects. No punctuation except commas.
- Tokens must be common nouns or single-word simple adjectives used only as visible attributes (dog, child, car, red, small). Multiword object phrases that are visually fused are allowed as a single token (e.g., ""wine bottle"", ""traffic light"").
- At least 2 tokens must be nouns (including the main noun). At most 1 token may be a visible attribute (color/size). No verbs, proper nouns, brand names, inferred facts, emotions, events, or dates.
- Deduplicate tags; do not use near-synonyms. Order tags by salience (most discriminative first). Prefer compact, high-information nouns (2–4 tokens ideal).
- Attribute inclusion rule: only add a color/size attribute to tags if detector/segmenter confidence for that attribute exceeds 75% (pixel coverage or top detection confidence). If attribute confidence <75%, omit the attribute from tags. If detectors are unavailable, default to conservative omission.

Line 2 (caption) — required format and hard rules:
- Either (A) one factual short sentence in present simple/progressive of 7–14 words, OR (B) a 2–3 word fallback caption (main noun + visible location) when a compliant 7–14 word caption would require guessing. If tags cannot be produced reliably, Line 2 must be exactly ""image unclear"".
- The main noun from Line 1 must appear verbatim in token positions 1–3 of Line 2 (hard requirement).
- Require at least two exact token overlaps between Line 1 and Line 2 for any non-fallback caption; one overlap must be the main noun. All nouns appearing in the caption (other than allowed prepositions/articles) must appear verbatim in Line 1. The only allowed additional words not in tags are prepositions, determiners, and an optional single period at sentence-end.
- If Line 1 contains a numeric count, reflect it correctly in the caption with correct morphology (e.g., ""1 child stands"", ""2 children stand"").
- Include at most one clearly visible color/size and at most one simple spatial relation/preposition (on, in, near, by, in front of, behind). Never introduce an attribute in the caption that is not present in tags.
- No punctuation except commas in Line 1 and an optional single period at the end of Line 2.

Lexical anchoring and anti-hallucination (HARD CONSTRAINTS):
- No substantive noun may appear in the caption unless it appears verbatim in Line 1 tags. Location nouns are considered substantive; they must be present in tags or supported by a high-confidence detector output before use.
- If an attribute appears in tags, it must appear verbatim in the caption. Conversely, a caption must not introduce any attribute token not in tags.
- If two reliable overlaps (including main noun) cannot be produced without guessing, produce the 2–3 word fallback (main noun + visible location) or, if tags cannot be trusted, output ""image unclear"".
- Forbidden: proper nouns, inferred facts, emotions, dates, brand names.

Candidate generation and templates (required):
- Internally generate N = 12 diverse compliant candidates before returning output.
- Force at least two exact overlaps when constructing each non-fallback candidate. If a candidate cannot meet overlap requirements without guessing, make it the fallback variant instead.
- Use these deterministic templates (prefer detector-proposed nouns when available). Always try forced-adjacency templates first:
  1) Forced adjacency: ""[main noun] [co-object]"" adjacency phrase -> ""[main noun] [verb] [preposition] [co-object]"" (ensure noun phrase adjacency appears in caption).
  2) Main+co-object: ""[main noun] with [co-object] on/in [location]"" (only if location noun is in tags).
  3) Attribute-aware: ""[main noun] [verb] [attribute] [co-object]"" (only if attribute in tags and confidence ≥75%).
  4) Spatial variant: ""[main noun] [verb] [preposition] [object]"" (object must be in tags).
  5) Count-aware: ""[count] [main-noun plural] [verb] [preposition] [object]"" (if numeric count in tags).
  6) Compact fallback: ""[main noun] [location]"" (2–3 word fallback).
  7) Detector compound: use detector-proposed compound noun adjacent to main noun (e.g., ""girl skateboard"" -> ""girl on skateboard"") if both tokens are in tags.
- When building candidates, ensure at least two exact overlaps per non-fallback candidate; prefer adjacency of two tag tokens as an exact phrase.

Proxy scoring, adjacency bonus, and reranking:
- If CLIP scorer is available: normalize CLIP scores across candidates and compute final_score = 0.95 * normalized_CLIP + 0.05 * normalized_proxy. Use CLIP as primary signal.
- If CLIP unavailable: compute proxy_score to heavily favor exact overlaps, adjacency, and main noun position:
  proxy_score = 12*(main-noun overlap: 1 if present) 
               +10*(each additional exact overlap)
               +6*(attribute overlap present)
               +6*(adjacency bonus: +6 if any two tag tokens appear adjacent as exact phrase)
               +4*(positional_bonus: +4 if main noun at position 1, +1 if at position 2–3)
               -5*(generic-noun penalty if tag ∈ {person, people, man, woman} used when a more specific detector proposal is available)
               -2*(duplicates-collapsed penalty)
               -2*(each tag beyond 3)
               -1*(each caption word beyond 12)
- Normalize proxy_score across candidates before use. Break ties by: more exact overlaps, fewer tags, main noun at position 1.

Scoring adjustments and heuristics:
- Reduce the penalty for tags >3 to allow one extra discriminative noun when detector confidence is high (penalty = -2 per tag beyond 3).
- Soften the generic-person penalty to -5 (still discourage generic nouns but allow specific detector-driven replacements).
- Strongly prefer candidates with adjacent phrase overlap and main noun at position 1 (adjacency and position bonuses above).
- If CLIP is available, prefer increasing CLIP weight up to 0.98 for stability in retraining runs; otherwise rely on the proxy formula above.

Deterministic final self-check pipeline (must pass before returning output):
A) Tags format check: 2–5 comma-separated lower-case tokens, ≤1 attribute token, deduplicated.
B) Caption validity: 7–14 words OR valid 2–3 word fallback OR exactly ""image unclear"".
C) Overlap check: ≥2 exact token overlaps between Line 1 and Line 2; one must be main noun.
D) Noun containment: all nouns in caption ∈ tags (except allowed prepositions/determiners).
E) Attribute mirroring & confidence: any attribute in tags appears verbatim in caption; attributes were only added to tags if detector confidence ≥75%.
F) Forbidden content check: no proper nouns, inferred facts, emotions, dates, brand names; no punctuation except allowed.
- If any test fails, reject the candidate. If no candidate passes after reranking, return the most reliable tags possible (2–5 tokens) on Line 1 and Line 2 = ""image unclear"".

Fallback and conservatism:
- Prefer ""image unclear"" over inventing low-confidence specifics. If fewer than 2 high-confidence nouns are available, use the compact 2–3 word fallback (main noun + visible location) or output ""image unclear"".
- When tags contain an attribute with confidence <75% or attribute is unsure, do not include the attribute in tags nor in captions.

Operational recommendations:
- Seed Line 1 tags from top-3 detector outputs by confidence when available, filtering for discriminative nouns (prefer ""trumpet"" over ""person"" when confident). If detector subclass confidence is low, keep the safe concrete tag (""person"") but mark for fallback.
- Log examples with large negative delta_clip for later analysis and adaptive threshold tuning (raise attribute threshold or relax tag-length penalties when necessary).
- Maintain deterministic behavior: always follow the candidate templates and the final self-check pipeline exactly.

Output requirement reminder:
- The VLM must output exactly two lines: Line 1 = tags (2–5 comma-separated tokens, prefer 3). Line 2 = caption (7–14 words) OR 2–3 word fallback OR ""image unclear"". No extra lines or commentary.","people, tree, pavement
people walk on tree-lined pavement",0,1,Qwen/Qwen3-VL-8B-Instruct,0.0,,64,"{""temperature"": 0.0, ""top_p"": null, ""max_new_tokens"": 64}",0.2797597050666809,0.17816025018692017,8,False
flickr30k_main_seed1_train,textgrad_clip,textgrad_clip__textgrad_ed8ca79cb9,85,23304,flickr30k_test_023304,images/flickr30k/flickr30k_test_023304.jpg,"[""A young woman in a pink top holds several shopping bags while walking down a boulevard."", ""A woman in a pink and black short skirted outfit walking with shopping bags."", ""A lady dressed in pink and black walking down a sidewalk carrying packages."", ""A young woman is walking with shopping bags in Hollywood."", ""A well dressed woman is shopping in front of a store.""]",textgrad_ed8ca79cb9,TextGrad Step 7,"Output exactly two lines only.

Line 1 (tags) — required format and hard rules:
- Provide 2–5 comma-separated tokens (lower-case). Prefer exactly 3 tags when visually possible: main noun first, then 1–2 highly discriminative co-objects. No punctuation except commas.
- Tokens must be common nouns or single-word simple adjectives used only as visible attributes (dog, child, car, red, small). Multiword object phrases that are visually fused are allowed as a single token (e.g., ""wine bottle"", ""traffic light"").
- At least 2 tokens must be nouns (including the main noun). At most 1 token may be a visible attribute (color/size). No verbs, proper nouns, brand names, inferred facts, emotions, events, or dates.
- Deduplicate tags; do not use near-synonyms. Order tags by salience (most discriminative first). Prefer compact, high-information nouns (2–4 tokens ideal).
- Attribute inclusion rule: only add a color/size attribute to tags if detector/segmenter confidence for that attribute exceeds 75% (pixel coverage or top detection confidence). If attribute confidence <75%, omit the attribute from tags. If detectors are unavailable, default to conservative omission.

Line 2 (caption) — required format and hard rules:
- Either (A) one factual short sentence in present simple/progressive of 7–14 words, OR (B) a 2–3 word fallback caption (main noun + visible location) when a compliant 7–14 word caption would require guessing. If tags cannot be produced reliably, Line 2 must be exactly ""image unclear"".
- The main noun from Line 1 must appear verbatim in token positions 1–3 of Line 2 (hard requirement).
- Require at least two exact token overlaps between Line 1 and Line 2 for any non-fallback caption; one overlap must be the main noun. All nouns appearing in the caption (other than allowed prepositions/articles) must appear verbatim in Line 1. The only allowed additional words not in tags are prepositions, determiners, and an optional single period at sentence-end.
- If Line 1 contains a numeric count, reflect it correctly in the caption with correct morphology (e.g., ""1 child stands"", ""2 children stand"").
- Include at most one clearly visible color/size and at most one simple spatial relation/preposition (on, in, near, by, in front of, behind). Never introduce an attribute in the caption that is not present in tags.
- No punctuation except commas in Line 1 and an optional single period at the end of Line 2.

Lexical anchoring and anti-hallucination (HARD CONSTRAINTS):
- No substantive noun may appear in the caption unless it appears verbatim in Line 1 tags. Location nouns are considered substantive; they must be present in tags or supported by a high-confidence detector output before use.
- If an attribute appears in tags, it must appear verbatim in the caption. Conversely, a caption must not introduce any attribute token not in tags.
- If two reliable overlaps (including main noun) cannot be produced without guessing, produce the 2–3 word fallback (main noun + visible location) or, if tags cannot be trusted, output ""image unclear"".
- Forbidden: proper nouns, inferred facts, emotions, dates, brand names.

Candidate generation and templates (required):
- Internally generate N = 12 diverse compliant candidates before returning output.
- Force at least two exact overlaps when constructing each non-fallback candidate. If a candidate cannot meet overlap requirements without guessing, make it the fallback variant instead.
- Use these deterministic templates (prefer detector-proposed nouns when available). Always try forced-adjacency templates first:
  1) Forced adjacency: ""[main noun] [co-object]"" adjacency phrase -> ""[main noun] [verb] [preposition] [co-object]"" (ensure noun phrase adjacency appears in caption).
  2) Main+co-object: ""[main noun] with [co-object] on/in [location]"" (only if location noun is in tags).
  3) Attribute-aware: ""[main noun] [verb] [attribute] [co-object]"" (only if attribute in tags and confidence ≥75%).
  4) Spatial variant: ""[main noun] [verb] [preposition] [object]"" (object must be in tags).
  5) Count-aware: ""[count] [main-noun plural] [verb] [preposition] [object]"" (if numeric count in tags).
  6) Compact fallback: ""[main noun] [location]"" (2–3 word fallback).
  7) Detector compound: use detector-proposed compound noun adjacent to main noun (e.g., ""girl skateboard"" -> ""girl on skateboard"") if both tokens are in tags.
- When building candidates, ensure at least two exact overlaps per non-fallback candidate; prefer adjacency of two tag tokens as an exact phrase.

Proxy scoring, adjacency bonus, and reranking:
- If CLIP scorer is available: normalize CLIP scores across candidates and compute final_score = 0.95 * normalized_CLIP + 0.05 * normalized_proxy. Use CLIP as primary signal.
- If CLIP unavailable: compute proxy_score to heavily favor exact overlaps, adjacency, and main noun position:
  proxy_score = 12*(main-noun overlap: 1 if present) 
               +10*(each additional exact overlap)
               +6*(attribute overlap present)
               +6*(adjacency bonus: +6 if any two tag tokens appear adjacent as exact phrase)
               +4*(positional_bonus: +4 if main noun at position 1, +1 if at position 2–3)
               -5*(generic-noun penalty if tag ∈ {person, people, man, woman} used when a more specific detector proposal is available)
               -2*(duplicates-collapsed penalty)
               -2*(each tag beyond 3)
               -1*(each caption word beyond 12)
- Normalize proxy_score across candidates before use. Break ties by: more exact overlaps, fewer tags, main noun at position 1.

Scoring adjustments and heuristics:
- Reduce the penalty for tags >3 to allow one extra discriminative noun when detector confidence is high (penalty = -2 per tag beyond 3).
- Soften the generic-person penalty to -5 (still discourage generic nouns but allow specific detector-driven replacements).
- Strongly prefer candidates with adjacent phrase overlap and main noun at position 1 (adjacency and position bonuses above).
- If CLIP is available, prefer increasing CLIP weight up to 0.98 for stability in retraining runs; otherwise rely on the proxy formula above.

Deterministic final self-check pipeline (must pass before returning output):
A) Tags format check: 2–5 comma-separated lower-case tokens, ≤1 attribute token, deduplicated.
B) Caption validity: 7–14 words OR valid 2–3 word fallback OR exactly ""image unclear"".
C) Overlap check: ≥2 exact token overlaps between Line 1 and Line 2; one must be main noun.
D) Noun containment: all nouns in caption ∈ tags (except allowed prepositions/determiners).
E) Attribute mirroring & confidence: any attribute in tags appears verbatim in caption; attributes were only added to tags if detector confidence ≥75%.
F) Forbidden content check: no proper nouns, inferred facts, emotions, dates, brand names; no punctuation except allowed.
- If any test fails, reject the candidate. If no candidate passes after reranking, return the most reliable tags possible (2–5 tokens) on Line 1 and Line 2 = ""image unclear"".

Fallback and conservatism:
- Prefer ""image unclear"" over inventing low-confidence specifics. If fewer than 2 high-confidence nouns are available, use the compact 2–3 word fallback (main noun + visible location) or output ""image unclear"".
- When tags contain an attribute with confidence <75% or attribute is unsure, do not include the attribute in tags nor in captions.

Operational recommendations:
- Seed Line 1 tags from top-3 detector outputs by confidence when available, filtering for discriminative nouns (prefer ""trumpet"" over ""person"" when confident). If detector subclass confidence is low, keep the safe concrete tag (""person"") but mark for fallback.
- Log examples with large negative delta_clip for later analysis and adaptive threshold tuning (raise attribute threshold or relax tag-length penalties when necessary).
- Maintain deterministic behavior: always follow the candidate templates and the final self-check pipeline exactly.

Output requirement reminder:
- The VLM must output exactly two lines: Line 1 = tags (2–5 comma-separated tokens, prefer 3). Line 2 = caption (7–14 words) OR 2–3 word fallback OR ""image unclear"". No extra lines or commentary.","woman shopping bags
woman walks with shopping bags on sidewalk",0,1,Qwen/Qwen3-VL-8B-Instruct,0.0,,64,"{""temperature"": 0.0, ""top_p"": null, ""max_new_tokens"": 64}",0.25437313318252563,0.13794638216495514,10,False
flickr30k_main_seed1_train,textgrad_clip,textgrad_clip__textgrad_ed8ca79cb9,94,9311,flickr30k_test_009311,images/flickr30k/flickr30k_test_009311.jpg,"[""A toddler plays in a water fountain with his mouth open and ready for a drink."", ""A baby sticking out his tonge while looking at a spraying water fountain."", ""A baby trying to catch water from a fountain in his mouth"", ""A small boy is playing at a water fountain"", ""A baby reaching into a water fountain.""]",textgrad_ed8ca79cb9,TextGrad Step 7,"Output exactly two lines only.

Line 1 (tags) — required format and hard rules:
- Provide 2–5 comma-separated tokens (lower-case). Prefer exactly 3 tags when visually possible: main noun first, then 1–2 highly discriminative co-objects. No punctuation except commas.
- Tokens must be common nouns or single-word simple adjectives used only as visible attributes (dog, child, car, red, small). Multiword object phrases that are visually fused are allowed as a single token (e.g., ""wine bottle"", ""traffic light"").
- At least 2 tokens must be nouns (including the main noun). At most 1 token may be a visible attribute (color/size). No verbs, proper nouns, brand names, inferred facts, emotions, events, or dates.
- Deduplicate tags; do not use near-synonyms. Order tags by salience (most discriminative first). Prefer compact, high-information nouns (2–4 tokens ideal).
- Attribute inclusion rule: only add a color/size attribute to tags if detector/segmenter confidence for that attribute exceeds 75% (pixel coverage or top detection confidence). If attribute confidence <75%, omit the attribute from tags. If detectors are unavailable, default to conservative omission.

Line 2 (caption) — required format and hard rules:
- Either (A) one factual short sentence in present simple/progressive of 7–14 words, OR (B) a 2–3 word fallback caption (main noun + visible location) when a compliant 7–14 word caption would require guessing. If tags cannot be produced reliably, Line 2 must be exactly ""image unclear"".
- The main noun from Line 1 must appear verbatim in token positions 1–3 of Line 2 (hard requirement).
- Require at least two exact token overlaps between Line 1 and Line 2 for any non-fallback caption; one overlap must be the main noun. All nouns appearing in the caption (other than allowed prepositions/articles) must appear verbatim in Line 1. The only allowed additional words not in tags are prepositions, determiners, and an optional single period at sentence-end.
- If Line 1 contains a numeric count, reflect it correctly in the caption with correct morphology (e.g., ""1 child stands"", ""2 children stand"").
- Include at most one clearly visible color/size and at most one simple spatial relation/preposition (on, in, near, by, in front of, behind). Never introduce an attribute in the caption that is not present in tags.
- No punctuation except commas in Line 1 and an optional single period at the end of Line 2.

Lexical anchoring and anti-hallucination (HARD CONSTRAINTS):
- No substantive noun may appear in the caption unless it appears verbatim in Line 1 tags. Location nouns are considered substantive; they must be present in tags or supported by a high-confidence detector output before use.
- If an attribute appears in tags, it must appear verbatim in the caption. Conversely, a caption must not introduce any attribute token not in tags.
- If two reliable overlaps (including main noun) cannot be produced without guessing, produce the 2–3 word fallback (main noun + visible location) or, if tags cannot be trusted, output ""image unclear"".
- Forbidden: proper nouns, inferred facts, emotions, dates, brand names.

Candidate generation and templates (required):
- Internally generate N = 12 diverse compliant candidates before returning output.
- Force at least two exact overlaps when constructing each non-fallback candidate. If a candidate cannot meet overlap requirements without guessing, make it the fallback variant instead.
- Use these deterministic templates (prefer detector-proposed nouns when available). Always try forced-adjacency templates first:
  1) Forced adjacency: ""[main noun] [co-object]"" adjacency phrase -> ""[main noun] [verb] [preposition] [co-object]"" (ensure noun phrase adjacency appears in caption).
  2) Main+co-object: ""[main noun] with [co-object] on/in [location]"" (only if location noun is in tags).
  3) Attribute-aware: ""[main noun] [verb] [attribute] [co-object]"" (only if attribute in tags and confidence ≥75%).
  4) Spatial variant: ""[main noun] [verb] [preposition] [object]"" (object must be in tags).
  5) Count-aware: ""[count] [main-noun plural] [verb] [preposition] [object]"" (if numeric count in tags).
  6) Compact fallback: ""[main noun] [location]"" (2–3 word fallback).
  7) Detector compound: use detector-proposed compound noun adjacent to main noun (e.g., ""girl skateboard"" -> ""girl on skateboard"") if both tokens are in tags.
- When building candidates, ensure at least two exact overlaps per non-fallback candidate; prefer adjacency of two tag tokens as an exact phrase.

Proxy scoring, adjacency bonus, and reranking:
- If CLIP scorer is available: normalize CLIP scores across candidates and compute final_score = 0.95 * normalized_CLIP + 0.05 * normalized_proxy. Use CLIP as primary signal.
- If CLIP unavailable: compute proxy_score to heavily favor exact overlaps, adjacency, and main noun position:
  proxy_score = 12*(main-noun overlap: 1 if present) 
               +10*(each additional exact overlap)
               +6*(attribute overlap present)
               +6*(adjacency bonus: +6 if any two tag tokens appear adjacent as exact phrase)
               +4*(positional_bonus: +4 if main noun at position 1, +1 if at position 2–3)
               -5*(generic-noun penalty if tag ∈ {person, people, man, woman} used when a more specific detector proposal is available)
               -2*(duplicates-collapsed penalty)
               -2*(each tag beyond 3)
               -1*(each caption word beyond 12)
- Normalize proxy_score across candidates before use. Break ties by: more exact overlaps, fewer tags, main noun at position 1.

Scoring adjustments and heuristics:
- Reduce the penalty for tags >3 to allow one extra discriminative noun when detector confidence is high (penalty = -2 per tag beyond 3).
- Soften the generic-person penalty to -5 (still discourage generic nouns but allow specific detector-driven replacements).
- Strongly prefer candidates with adjacent phrase overlap and main noun at position 1 (adjacency and position bonuses above).
- If CLIP is available, prefer increasing CLIP weight up to 0.98 for stability in retraining runs; otherwise rely on the proxy formula above.

Deterministic final self-check pipeline (must pass before returning output):
A) Tags format check: 2–5 comma-separated lower-case tokens, ≤1 attribute token, deduplicated.
B) Caption validity: 7–14 words OR valid 2–3 word fallback OR exactly ""image unclear"".
C) Overlap check: ≥2 exact token overlaps between Line 1 and Line 2; one must be main noun.
D) Noun containment: all nouns in caption ∈ tags (except allowed prepositions/determiners).
E) Attribute mirroring & confidence: any attribute in tags appears verbatim in caption; attributes were only added to tags if detector confidence ≥75%.
F) Forbidden content check: no proper nouns, inferred facts, emotions, dates, brand names; no punctuation except allowed.
- If any test fails, reject the candidate. If no candidate passes after reranking, return the most reliable tags possible (2–5 tokens) on Line 1 and Line 2 = ""image unclear"".

Fallback and conservatism:
- Prefer ""image unclear"" over inventing low-confidence specifics. If fewer than 2 high-confidence nouns are available, use the compact 2–3 word fallback (main noun + visible location) or output ""image unclear"".
- When tags contain an attribute with confidence <75% or attribute is unsure, do not include the attribute in tags nor in captions.

Operational recommendations:
- Seed Line 1 tags from top-3 detector outputs by confidence when available, filtering for discriminative nouns (prefer ""trumpet"" over ""person"" when confident). If detector subclass confidence is low, keep the safe concrete tag (""person"") but mark for fallback.
- Log examples with large negative delta_clip for later analysis and adaptive threshold tuning (raise attribute threshold or relax tag-length penalties when necessary).
- Maintain deterministic behavior: always follow the candidate templates and the final self-check pipeline exactly.

Output requirement reminder:
- The VLM must output exactly two lines: Line 1 = tags (2–5 comma-separated tokens, prefer 3). Line 2 = caption (7–14 words) OR 2–3 word fallback OR ""image unclear"". No extra lines or commentary.","child, fountain, water
child sticks tongue out near fountain",0,1,Qwen/Qwen3-VL-8B-Instruct,0.0,,64,"{""temperature"": 0.0, ""top_p"": null, ""max_new_tokens"": 64}",0.2983334958553314,0.18098759651184082,9,False
flickr30k_main_seed1_train,textgrad_clip,textgrad_clip__textgrad_ed8ca79cb9,106,7954,flickr30k_test_007954,images/flickr30k/flickr30k_test_007954.jpg,"[""A girl wearing a pink bathing suit top and sunglasses is playing in the sand next to a boy wearing red swim trunks."", ""A woman and her son play in the sand on a sunny day in the beach."", ""A young boy and girl in swimsuits play in the sand at the beach."", ""Two teenagers at the beach playing in the sand"", ""A boy and girl play with the sand.""]",textgrad_ed8ca79cb9,TextGrad Step 7,"Output exactly two lines only.

Line 1 (tags) — required format and hard rules:
- Provide 2–5 comma-separated tokens (lower-case). Prefer exactly 3 tags when visually possible: main noun first, then 1–2 highly discriminative co-objects. No punctuation except commas.
- Tokens must be common nouns or single-word simple adjectives used only as visible attributes (dog, child, car, red, small). Multiword object phrases that are visually fused are allowed as a single token (e.g., ""wine bottle"", ""traffic light"").
- At least 2 tokens must be nouns (including the main noun). At most 1 token may be a visible attribute (color/size). No verbs, proper nouns, brand names, inferred facts, emotions, events, or dates.
- Deduplicate tags; do not use near-synonyms. Order tags by salience (most discriminative first). Prefer compact, high-information nouns (2–4 tokens ideal).
- Attribute inclusion rule: only add a color/size attribute to tags if detector/segmenter confidence for that attribute exceeds 75% (pixel coverage or top detection confidence). If attribute confidence <75%, omit the attribute from tags. If detectors are unavailable, default to conservative omission.

Line 2 (caption) — required format and hard rules:
- Either (A) one factual short sentence in present simple/progressive of 7–14 words, OR (B) a 2–3 word fallback caption (main noun + visible location) when a compliant 7–14 word caption would require guessing. If tags cannot be produced reliably, Line 2 must be exactly ""image unclear"".
- The main noun from Line 1 must appear verbatim in token positions 1–3 of Line 2 (hard requirement).
- Require at least two exact token overlaps between Line 1 and Line 2 for any non-fallback caption; one overlap must be the main noun. All nouns appearing in the caption (other than allowed prepositions/articles) must appear verbatim in Line 1. The only allowed additional words not in tags are prepositions, determiners, and an optional single period at sentence-end.
- If Line 1 contains a numeric count, reflect it correctly in the caption with correct morphology (e.g., ""1 child stands"", ""2 children stand"").
- Include at most one clearly visible color/size and at most one simple spatial relation/preposition (on, in, near, by, in front of, behind). Never introduce an attribute in the caption that is not present in tags.
- No punctuation except commas in Line 1 and an optional single period at the end of Line 2.

Lexical anchoring and anti-hallucination (HARD CONSTRAINTS):
- No substantive noun may appear in the caption unless it appears verbatim in Line 1 tags. Location nouns are considered substantive; they must be present in tags or supported by a high-confidence detector output before use.
- If an attribute appears in tags, it must appear verbatim in the caption. Conversely, a caption must not introduce any attribute token not in tags.
- If two reliable overlaps (including main noun) cannot be produced without guessing, produce the 2–3 word fallback (main noun + visible location) or, if tags cannot be trusted, output ""image unclear"".
- Forbidden: proper nouns, inferred facts, emotions, dates, brand names.

Candidate generation and templates (required):
- Internally generate N = 12 diverse compliant candidates before returning output.
- Force at least two exact overlaps when constructing each non-fallback candidate. If a candidate cannot meet overlap requirements without guessing, make it the fallback variant instead.
- Use these deterministic templates (prefer detector-proposed nouns when available). Always try forced-adjacency templates first:
  1) Forced adjacency: ""[main noun] [co-object]"" adjacency phrase -> ""[main noun] [verb] [preposition] [co-object]"" (ensure noun phrase adjacency appears in caption).
  2) Main+co-object: ""[main noun] with [co-object] on/in [location]"" (only if location noun is in tags).
  3) Attribute-aware: ""[main noun] [verb] [attribute] [co-object]"" (only if attribute in tags and confidence ≥75%).
  4) Spatial variant: ""[main noun] [verb] [preposition] [object]"" (object must be in tags).
  5) Count-aware: ""[count] [main-noun plural] [verb] [preposition] [object]"" (if numeric count in tags).
  6) Compact fallback: ""[main noun] [location]"" (2–3 word fallback).
  7) Detector compound: use detector-proposed compound noun adjacent to main noun (e.g., ""girl skateboard"" -> ""girl on skateboard"") if both tokens are in tags.
- When building candidates, ensure at least two exact overlaps per non-fallback candidate; prefer adjacency of two tag tokens as an exact phrase.

Proxy scoring, adjacency bonus, and reranking:
- If CLIP scorer is available: normalize CLIP scores across candidates and compute final_score = 0.95 * normalized_CLIP + 0.05 * normalized_proxy. Use CLIP as primary signal.
- If CLIP unavailable: compute proxy_score to heavily favor exact overlaps, adjacency, and main noun position:
  proxy_score = 12*(main-noun overlap: 1 if present) 
               +10*(each additional exact overlap)
               +6*(attribute overlap present)
               +6*(adjacency bonus: +6 if any two tag tokens appear adjacent as exact phrase)
               +4*(positional_bonus: +4 if main noun at position 1, +1 if at position 2–3)
               -5*(generic-noun penalty if tag ∈ {person, people, man, woman} used when a more specific detector proposal is available)
               -2*(duplicates-collapsed penalty)
               -2*(each tag beyond 3)
               -1*(each caption word beyond 12)
- Normalize proxy_score across candidates before use. Break ties by: more exact overlaps, fewer tags, main noun at position 1.

Scoring adjustments and heuristics:
- Reduce the penalty for tags >3 to allow one extra discriminative noun when detector confidence is high (penalty = -2 per tag beyond 3).
- Soften the generic-person penalty to -5 (still discourage generic nouns but allow specific detector-driven replacements).
- Strongly prefer candidates with adjacent phrase overlap and main noun at position 1 (adjacency and position bonuses above).
- If CLIP is available, prefer increasing CLIP weight up to 0.98 for stability in retraining runs; otherwise rely on the proxy formula above.

Deterministic final self-check pipeline (must pass before returning output):
A) Tags format check: 2–5 comma-separated lower-case tokens, ≤1 attribute token, deduplicated.
B) Caption validity: 7–14 words OR valid 2–3 word fallback OR exactly ""image unclear"".
C) Overlap check: ≥2 exact token overlaps between Line 1 and Line 2; one must be main noun.
D) Noun containment: all nouns in caption ∈ tags (except allowed prepositions/determiners).
E) Attribute mirroring & confidence: any attribute in tags appears verbatim in caption; attributes were only added to tags if detector confidence ≥75%.
F) Forbidden content check: no proper nouns, inferred facts, emotions, dates, brand names; no punctuation except allowed.
- If any test fails, reject the candidate. If no candidate passes after reranking, return the most reliable tags possible (2–5 tokens) on Line 1 and Line 2 = ""image unclear"".

Fallback and conservatism:
- Prefer ""image unclear"" over inventing low-confidence specifics. If fewer than 2 high-confidence nouns are available, use the compact 2–3 word fallback (main noun + visible location) or output ""image unclear"".
- When tags contain an attribute with confidence <75% or attribute is unsure, do not include the attribute in tags nor in captions.

Operational recommendations:
- Seed Line 1 tags from top-3 detector outputs by confidence when available, filtering for discriminative nouns (prefer ""trumpet"" over ""person"" when confident). If detector subclass confidence is low, keep the safe concrete tag (""person"") but mark for fallback.
- Log examples with large negative delta_clip for later analysis and adaptive threshold tuning (raise attribute threshold or relax tag-length penalties when necessary).
- Maintain deterministic behavior: always follow the candidate templates and the final self-check pipeline exactly.

Output requirement reminder:
- The VLM must output exactly two lines: Line 1 = tags (2–5 comma-separated tokens, prefer 3). Line 2 = caption (7–14 words) OR 2–3 word fallback OR ""image unclear"". No extra lines or commentary.","child, girl, sand
child and girl build sand structure near water",0,1,Qwen/Qwen3-VL-8B-Instruct,0.0,,64,"{""temperature"": 0.0, ""top_p"": null, ""max_new_tokens"": 64}",0.26118701696395874,0.18150478601455688,11,False
flickr30k_main_seed1_train,textgrad_clip,textgrad_clip__textgrad_ed8ca79cb9,108,26129,flickr30k_test_026129,images/flickr30k/flickr30k_test_026129.jpg,"[""Two men skiing up a hill but stopped and pointing at something as they on our their trek."", ""Two men wearing snowshoes stopping to observe something on the ground."", ""Two guys with snowshoes making their way through the woods."", ""Two men in snowshoes tracking the prints of an animal."", ""Two people wearing snowshoes are tracking something.""]",textgrad_ed8ca79cb9,TextGrad Step 7,"Output exactly two lines only.

Line 1 (tags) — required format and hard rules:
- Provide 2–5 comma-separated tokens (lower-case). Prefer exactly 3 tags when visually possible: main noun first, then 1–2 highly discriminative co-objects. No punctuation except commas.
- Tokens must be common nouns or single-word simple adjectives used only as visible attributes (dog, child, car, red, small). Multiword object phrases that are visually fused are allowed as a single token (e.g., ""wine bottle"", ""traffic light"").
- At least 2 tokens must be nouns (including the main noun). At most 1 token may be a visible attribute (color/size). No verbs, proper nouns, brand names, inferred facts, emotions, events, or dates.
- Deduplicate tags; do not use near-synonyms. Order tags by salience (most discriminative first). Prefer compact, high-information nouns (2–4 tokens ideal).
- Attribute inclusion rule: only add a color/size attribute to tags if detector/segmenter confidence for that attribute exceeds 75% (pixel coverage or top detection confidence). If attribute confidence <75%, omit the attribute from tags. If detectors are unavailable, default to conservative omission.

Line 2 (caption) — required format and hard rules:
- Either (A) one factual short sentence in present simple/progressive of 7–14 words, OR (B) a 2–3 word fallback caption (main noun + visible location) when a compliant 7–14 word caption would require guessing. If tags cannot be produced reliably, Line 2 must be exactly ""image unclear"".
- The main noun from Line 1 must appear verbatim in token positions 1–3 of Line 2 (hard requirement).
- Require at least two exact token overlaps between Line 1 and Line 2 for any non-fallback caption; one overlap must be the main noun. All nouns appearing in the caption (other than allowed prepositions/articles) must appear verbatim in Line 1. The only allowed additional words not in tags are prepositions, determiners, and an optional single period at sentence-end.
- If Line 1 contains a numeric count, reflect it correctly in the caption with correct morphology (e.g., ""1 child stands"", ""2 children stand"").
- Include at most one clearly visible color/size and at most one simple spatial relation/preposition (on, in, near, by, in front of, behind). Never introduce an attribute in the caption that is not present in tags.
- No punctuation except commas in Line 1 and an optional single period at the end of Line 2.

Lexical anchoring and anti-hallucination (HARD CONSTRAINTS):
- No substantive noun may appear in the caption unless it appears verbatim in Line 1 tags. Location nouns are considered substantive; they must be present in tags or supported by a high-confidence detector output before use.
- If an attribute appears in tags, it must appear verbatim in the caption. Conversely, a caption must not introduce any attribute token not in tags.
- If two reliable overlaps (including main noun) cannot be produced without guessing, produce the 2–3 word fallback (main noun + visible location) or, if tags cannot be trusted, output ""image unclear"".
- Forbidden: proper nouns, inferred facts, emotions, dates, brand names.

Candidate generation and templates (required):
- Internally generate N = 12 diverse compliant candidates before returning output.
- Force at least two exact overlaps when constructing each non-fallback candidate. If a candidate cannot meet overlap requirements without guessing, make it the fallback variant instead.
- Use these deterministic templates (prefer detector-proposed nouns when available). Always try forced-adjacency templates first:
  1) Forced adjacency: ""[main noun] [co-object]"" adjacency phrase -> ""[main noun] [verb] [preposition] [co-object]"" (ensure noun phrase adjacency appears in caption).
  2) Main+co-object: ""[main noun] with [co-object] on/in [location]"" (only if location noun is in tags).
  3) Attribute-aware: ""[main noun] [verb] [attribute] [co-object]"" (only if attribute in tags and confidence ≥75%).
  4) Spatial variant: ""[main noun] [verb] [preposition] [object]"" (object must be in tags).
  5) Count-aware: ""[count] [main-noun plural] [verb] [preposition] [object]"" (if numeric count in tags).
  6) Compact fallback: ""[main noun] [location]"" (2–3 word fallback).
  7) Detector compound: use detector-proposed compound noun adjacent to main noun (e.g., ""girl skateboard"" -> ""girl on skateboard"") if both tokens are in tags.
- When building candidates, ensure at least two exact overlaps per non-fallback candidate; prefer adjacency of two tag tokens as an exact phrase.

Proxy scoring, adjacency bonus, and reranking:
- If CLIP scorer is available: normalize CLIP scores across candidates and compute final_score = 0.95 * normalized_CLIP + 0.05 * normalized_proxy. Use CLIP as primary signal.
- If CLIP unavailable: compute proxy_score to heavily favor exact overlaps, adjacency, and main noun position:
  proxy_score = 12*(main-noun overlap: 1 if present) 
               +10*(each additional exact overlap)
               +6*(attribute overlap present)
               +6*(adjacency bonus: +6 if any two tag tokens appear adjacent as exact phrase)
               +4*(positional_bonus: +4 if main noun at position 1, +1 if at position 2–3)
               -5*(generic-noun penalty if tag ∈ {person, people, man, woman} used when a more specific detector proposal is available)
               -2*(duplicates-collapsed penalty)
               -2*(each tag beyond 3)
               -1*(each caption word beyond 12)
- Normalize proxy_score across candidates before use. Break ties by: more exact overlaps, fewer tags, main noun at position 1.

Scoring adjustments and heuristics:
- Reduce the penalty for tags >3 to allow one extra discriminative noun when detector confidence is high (penalty = -2 per tag beyond 3).
- Soften the generic-person penalty to -5 (still discourage generic nouns but allow specific detector-driven replacements).
- Strongly prefer candidates with adjacent phrase overlap and main noun at position 1 (adjacency and position bonuses above).
- If CLIP is available, prefer increasing CLIP weight up to 0.98 for stability in retraining runs; otherwise rely on the proxy formula above.

Deterministic final self-check pipeline (must pass before returning output):
A) Tags format check: 2–5 comma-separated lower-case tokens, ≤1 attribute token, deduplicated.
B) Caption validity: 7–14 words OR valid 2–3 word fallback OR exactly ""image unclear"".
C) Overlap check: ≥2 exact token overlaps between Line 1 and Line 2; one must be main noun.
D) Noun containment: all nouns in caption ∈ tags (except allowed prepositions/determiners).
E) Attribute mirroring & confidence: any attribute in tags appears verbatim in caption; attributes were only added to tags if detector confidence ≥75%.
F) Forbidden content check: no proper nouns, inferred facts, emotions, dates, brand names; no punctuation except allowed.
- If any test fails, reject the candidate. If no candidate passes after reranking, return the most reliable tags possible (2–5 tokens) on Line 1 and Line 2 = ""image unclear"".

Fallback and conservatism:
- Prefer ""image unclear"" over inventing low-confidence specifics. If fewer than 2 high-confidence nouns are available, use the compact 2–3 word fallback (main noun + visible location) or output ""image unclear"".
- When tags contain an attribute with confidence <75% or attribute is unsure, do not include the attribute in tags nor in captions.

Operational recommendations:
- Seed Line 1 tags from top-3 detector outputs by confidence when available, filtering for discriminative nouns (prefer ""trumpet"" over ""person"" when confident). If detector subclass confidence is low, keep the safe concrete tag (""person"") but mark for fallback.
- Log examples with large negative delta_clip for later analysis and adaptive threshold tuning (raise attribute threshold or relax tag-length penalties when necessary).
- Maintain deterministic behavior: always follow the candidate templates and the final self-check pipeline exactly.

Output requirement reminder:
- The VLM must output exactly two lines: Line 1 = tags (2–5 comma-separated tokens, prefer 3). Line 2 = caption (7–14 words) OR 2–3 word fallback OR ""image unclear"". No extra lines or commentary.","person, snow, snowshoe
person snowshoes in snow",0,1,Qwen/Qwen3-VL-8B-Instruct,0.0,,64,"{""temperature"": 0.0, ""top_p"": null, ""max_new_tokens"": 64}",0.278380811214447,0.15461678802967072,7,False
flickr30k_main_seed1_train,textgrad_clip,textgrad_clip__textgrad_ed8ca79cb9,109,13247,flickr30k_test_013247,images/flickr30k/flickr30k_test_013247.jpg,"[""Several men walk in front of a building marked 'Bass Pro Shops Outdoor World'."", ""People are walking outside the entrance to Bass Pro Shops Outdoor World."", ""People walking in front of the Outdoor World store."", ""A white-haired man is walking out of a store."", ""People outside of an Outdoor World shop.""]",textgrad_ed8ca79cb9,TextGrad Step 7,"Output exactly two lines only.

Line 1 (tags) — required format and hard rules:
- Provide 2–5 comma-separated tokens (lower-case). Prefer exactly 3 tags when visually possible: main noun first, then 1–2 highly discriminative co-objects. No punctuation except commas.
- Tokens must be common nouns or single-word simple adjectives used only as visible attributes (dog, child, car, red, small). Multiword object phrases that are visually fused are allowed as a single token (e.g., ""wine bottle"", ""traffic light"").
- At least 2 tokens must be nouns (including the main noun). At most 1 token may be a visible attribute (color/size). No verbs, proper nouns, brand names, inferred facts, emotions, events, or dates.
- Deduplicate tags; do not use near-synonyms. Order tags by salience (most discriminative first). Prefer compact, high-information nouns (2–4 tokens ideal).
- Attribute inclusion rule: only add a color/size attribute to tags if detector/segmenter confidence for that attribute exceeds 75% (pixel coverage or top detection confidence). If attribute confidence <75%, omit the attribute from tags. If detectors are unavailable, default to conservative omission.

Line 2 (caption) — required format and hard rules:
- Either (A) one factual short sentence in present simple/progressive of 7–14 words, OR (B) a 2–3 word fallback caption (main noun + visible location) when a compliant 7–14 word caption would require guessing. If tags cannot be produced reliably, Line 2 must be exactly ""image unclear"".
- The main noun from Line 1 must appear verbatim in token positions 1–3 of Line 2 (hard requirement).
- Require at least two exact token overlaps between Line 1 and Line 2 for any non-fallback caption; one overlap must be the main noun. All nouns appearing in the caption (other than allowed prepositions/articles) must appear verbatim in Line 1. The only allowed additional words not in tags are prepositions, determiners, and an optional single period at sentence-end.
- If Line 1 contains a numeric count, reflect it correctly in the caption with correct morphology (e.g., ""1 child stands"", ""2 children stand"").
- Include at most one clearly visible color/size and at most one simple spatial relation/preposition (on, in, near, by, in front of, behind). Never introduce an attribute in the caption that is not present in tags.
- No punctuation except commas in Line 1 and an optional single period at the end of Line 2.

Lexical anchoring and anti-hallucination (HARD CONSTRAINTS):
- No substantive noun may appear in the caption unless it appears verbatim in Line 1 tags. Location nouns are considered substantive; they must be present in tags or supported by a high-confidence detector output before use.
- If an attribute appears in tags, it must appear verbatim in the caption. Conversely, a caption must not introduce any attribute token not in tags.
- If two reliable overlaps (including main noun) cannot be produced without guessing, produce the 2–3 word fallback (main noun + visible location) or, if tags cannot be trusted, output ""image unclear"".
- Forbidden: proper nouns, inferred facts, emotions, dates, brand names.

Candidate generation and templates (required):
- Internally generate N = 12 diverse compliant candidates before returning output.
- Force at least two exact overlaps when constructing each non-fallback candidate. If a candidate cannot meet overlap requirements without guessing, make it the fallback variant instead.
- Use these deterministic templates (prefer detector-proposed nouns when available). Always try forced-adjacency templates first:
  1) Forced adjacency: ""[main noun] [co-object]"" adjacency phrase -> ""[main noun] [verb] [preposition] [co-object]"" (ensure noun phrase adjacency appears in caption).
  2) Main+co-object: ""[main noun] with [co-object] on/in [location]"" (only if location noun is in tags).
  3) Attribute-aware: ""[main noun] [verb] [attribute] [co-object]"" (only if attribute in tags and confidence ≥75%).
  4) Spatial variant: ""[main noun] [verb] [preposition] [object]"" (object must be in tags).
  5) Count-aware: ""[count] [main-noun plural] [verb] [preposition] [object]"" (if numeric count in tags).
  6) Compact fallback: ""[main noun] [location]"" (2–3 word fallback).
  7) Detector compound: use detector-proposed compound noun adjacent to main noun (e.g., ""girl skateboard"" -> ""girl on skateboard"") if both tokens are in tags.
- When building candidates, ensure at least two exact overlaps per non-fallback candidate; prefer adjacency of two tag tokens as an exact phrase.

Proxy scoring, adjacency bonus, and reranking:
- If CLIP scorer is available: normalize CLIP scores across candidates and compute final_score = 0.95 * normalized_CLIP + 0.05 * normalized_proxy. Use CLIP as primary signal.
- If CLIP unavailable: compute proxy_score to heavily favor exact overlaps, adjacency, and main noun position:
  proxy_score = 12*(main-noun overlap: 1 if present) 
               +10*(each additional exact overlap)
               +6*(attribute overlap present)
               +6*(adjacency bonus: +6 if any two tag tokens appear adjacent as exact phrase)
               +4*(positional_bonus: +4 if main noun at position 1, +1 if at position 2–3)
               -5*(generic-noun penalty if tag ∈ {person, people, man, woman} used when a more specific detector proposal is available)
               -2*(duplicates-collapsed penalty)
               -2*(each tag beyond 3)
               -1*(each caption word beyond 12)
- Normalize proxy_score across candidates before use. Break ties by: more exact overlaps, fewer tags, main noun at position 1.

Scoring adjustments and heuristics:
- Reduce the penalty for tags >3 to allow one extra discriminative noun when detector confidence is high (penalty = -2 per tag beyond 3).
- Soften the generic-person penalty to -5 (still discourage generic nouns but allow specific detector-driven replacements).
- Strongly prefer candidates with adjacent phrase overlap and main noun at position 1 (adjacency and position bonuses above).
- If CLIP is available, prefer increasing CLIP weight up to 0.98 for stability in retraining runs; otherwise rely on the proxy formula above.

Deterministic final self-check pipeline (must pass before returning output):
A) Tags format check: 2–5 comma-separated lower-case tokens, ≤1 attribute token, deduplicated.
B) Caption validity: 7–14 words OR valid 2–3 word fallback OR exactly ""image unclear"".
C) Overlap check: ≥2 exact token overlaps between Line 1 and Line 2; one must be main noun.
D) Noun containment: all nouns in caption ∈ tags (except allowed prepositions/determiners).
E) Attribute mirroring & confidence: any attribute in tags appears verbatim in caption; attributes were only added to tags if detector confidence ≥75%.
F) Forbidden content check: no proper nouns, inferred facts, emotions, dates, brand names; no punctuation except allowed.
- If any test fails, reject the candidate. If no candidate passes after reranking, return the most reliable tags possible (2–5 tokens) on Line 1 and Line 2 = ""image unclear"".

Fallback and conservatism:
- Prefer ""image unclear"" over inventing low-confidence specifics. If fewer than 2 high-confidence nouns are available, use the compact 2–3 word fallback (main noun + visible location) or output ""image unclear"".
- When tags contain an attribute with confidence <75% or attribute is unsure, do not include the attribute in tags nor in captions.

Operational recommendations:
- Seed Line 1 tags from top-3 detector outputs by confidence when available, filtering for discriminative nouns (prefer ""trumpet"" over ""person"" when confident). If detector subclass confidence is low, keep the safe concrete tag (""person"") but mark for fallback.
- Log examples with large negative delta_clip for later analysis and adaptive threshold tuning (raise attribute threshold or relax tag-length penalties when necessary).
- Maintain deterministic behavior: always follow the candidate templates and the final self-check pipeline exactly.

Output requirement reminder:
- The VLM must output exactly two lines: Line 1 = tags (2–5 comma-separated tokens, prefer 3). Line 2 = caption (7–14 words) OR 2–3 word fallback OR ""image unclear"". No extra lines or commentary.","outdoor world building, people, flag
people walk in front of outdoor world building",0,1,Qwen/Qwen3-VL-8B-Instruct,0.0,,64,"{""temperature"": 0.0, ""top_p"": null, ""max_new_tokens"": 64}",0.2747698724269867,0.17135369777679443,13,False
flickr30k_main_seed1_train,textgrad_clip,textgrad_clip__textgrad_ed8ca79cb9,119,24189,flickr30k_test_024189,images/flickr30k/flickr30k_test_024189.jpg,"[""A man and a woman are standing outside of subway with their travel luggage and sleeping bags."", ""Two people are picking up their belongings in front of a Subway."", ""A man and a woman outside subways picking up their belongings."", ""Two kids in odd clothes in front of a subway shop."", ""Man and woman are in front of Subway restaurant.""]",textgrad_ed8ca79cb9,TextGrad Step 7,"Output exactly two lines only.

Line 1 (tags) — required format and hard rules:
- Provide 2–5 comma-separated tokens (lower-case). Prefer exactly 3 tags when visually possible: main noun first, then 1–2 highly discriminative co-objects. No punctuation except commas.
- Tokens must be common nouns or single-word simple adjectives used only as visible attributes (dog, child, car, red, small). Multiword object phrases that are visually fused are allowed as a single token (e.g., ""wine bottle"", ""traffic light"").
- At least 2 tokens must be nouns (including the main noun). At most 1 token may be a visible attribute (color/size). No verbs, proper nouns, brand names, inferred facts, emotions, events, or dates.
- Deduplicate tags; do not use near-synonyms. Order tags by salience (most discriminative first). Prefer compact, high-information nouns (2–4 tokens ideal).
- Attribute inclusion rule: only add a color/size attribute to tags if detector/segmenter confidence for that attribute exceeds 75% (pixel coverage or top detection confidence). If attribute confidence <75%, omit the attribute from tags. If detectors are unavailable, default to conservative omission.

Line 2 (caption) — required format and hard rules:
- Either (A) one factual short sentence in present simple/progressive of 7–14 words, OR (B) a 2–3 word fallback caption (main noun + visible location) when a compliant 7–14 word caption would require guessing. If tags cannot be produced reliably, Line 2 must be exactly ""image unclear"".
- The main noun from Line 1 must appear verbatim in token positions 1–3 of Line 2 (hard requirement).
- Require at least two exact token overlaps between Line 1 and Line 2 for any non-fallback caption; one overlap must be the main noun. All nouns appearing in the caption (other than allowed prepositions/articles) must appear verbatim in Line 1. The only allowed additional words not in tags are prepositions, determiners, and an optional single period at sentence-end.
- If Line 1 contains a numeric count, reflect it correctly in the caption with correct morphology (e.g., ""1 child stands"", ""2 children stand"").
- Include at most one clearly visible color/size and at most one simple spatial relation/preposition (on, in, near, by, in front of, behind). Never introduce an attribute in the caption that is not present in tags.
- No punctuation except commas in Line 1 and an optional single period at the end of Line 2.

Lexical anchoring and anti-hallucination (HARD CONSTRAINTS):
- No substantive noun may appear in the caption unless it appears verbatim in Line 1 tags. Location nouns are considered substantive; they must be present in tags or supported by a high-confidence detector output before use.
- If an attribute appears in tags, it must appear verbatim in the caption. Conversely, a caption must not introduce any attribute token not in tags.
- If two reliable overlaps (including main noun) cannot be produced without guessing, produce the 2–3 word fallback (main noun + visible location) or, if tags cannot be trusted, output ""image unclear"".
- Forbidden: proper nouns, inferred facts, emotions, dates, brand names.

Candidate generation and templates (required):
- Internally generate N = 12 diverse compliant candidates before returning output.
- Force at least two exact overlaps when constructing each non-fallback candidate. If a candidate cannot meet overlap requirements without guessing, make it the fallback variant instead.
- Use these deterministic templates (prefer detector-proposed nouns when available). Always try forced-adjacency templates first:
  1) Forced adjacency: ""[main noun] [co-object]"" adjacency phrase -> ""[main noun] [verb] [preposition] [co-object]"" (ensure noun phrase adjacency appears in caption).
  2) Main+co-object: ""[main noun] with [co-object] on/in [location]"" (only if location noun is in tags).
  3) Attribute-aware: ""[main noun] [verb] [attribute] [co-object]"" (only if attribute in tags and confidence ≥75%).
  4) Spatial variant: ""[main noun] [verb] [preposition] [object]"" (object must be in tags).
  5) Count-aware: ""[count] [main-noun plural] [verb] [preposition] [object]"" (if numeric count in tags).
  6) Compact fallback: ""[main noun] [location]"" (2–3 word fallback).
  7) Detector compound: use detector-proposed compound noun adjacent to main noun (e.g., ""girl skateboard"" -> ""girl on skateboard"") if both tokens are in tags.
- When building candidates, ensure at least two exact overlaps per non-fallback candidate; prefer adjacency of two tag tokens as an exact phrase.

Proxy scoring, adjacency bonus, and reranking:
- If CLIP scorer is available: normalize CLIP scores across candidates and compute final_score = 0.95 * normalized_CLIP + 0.05 * normalized_proxy. Use CLIP as primary signal.
- If CLIP unavailable: compute proxy_score to heavily favor exact overlaps, adjacency, and main noun position:
  proxy_score = 12*(main-noun overlap: 1 if present) 
               +10*(each additional exact overlap)
               +6*(attribute overlap present)
               +6*(adjacency bonus: +6 if any two tag tokens appear adjacent as exact phrase)
               +4*(positional_bonus: +4 if main noun at position 1, +1 if at position 2–3)
               -5*(generic-noun penalty if tag ∈ {person, people, man, woman} used when a more specific detector proposal is available)
               -2*(duplicates-collapsed penalty)
               -2*(each tag beyond 3)
               -1*(each caption word beyond 12)
- Normalize proxy_score across candidates before use. Break ties by: more exact overlaps, fewer tags, main noun at position 1.

Scoring adjustments and heuristics:
- Reduce the penalty for tags >3 to allow one extra discriminative noun when detector confidence is high (penalty = -2 per tag beyond 3).
- Soften the generic-person penalty to -5 (still discourage generic nouns but allow specific detector-driven replacements).
- Strongly prefer candidates with adjacent phrase overlap and main noun at position 1 (adjacency and position bonuses above).
- If CLIP is available, prefer increasing CLIP weight up to 0.98 for stability in retraining runs; otherwise rely on the proxy formula above.

Deterministic final self-check pipeline (must pass before returning output):
A) Tags format check: 2–5 comma-separated lower-case tokens, ≤1 attribute token, deduplicated.
B) Caption validity: 7–14 words OR valid 2–3 word fallback OR exactly ""image unclear"".
C) Overlap check: ≥2 exact token overlaps between Line 1 and Line 2; one must be main noun.
D) Noun containment: all nouns in caption ∈ tags (except allowed prepositions/determiners).
E) Attribute mirroring & confidence: any attribute in tags appears verbatim in caption; attributes were only added to tags if detector confidence ≥75%.
F) Forbidden content check: no proper nouns, inferred facts, emotions, dates, brand names; no punctuation except allowed.
- If any test fails, reject the candidate. If no candidate passes after reranking, return the most reliable tags possible (2–5 tokens) on Line 1 and Line 2 = ""image unclear"".

Fallback and conservatism:
- Prefer ""image unclear"" over inventing low-confidence specifics. If fewer than 2 high-confidence nouns are available, use the compact 2–3 word fallback (main noun + visible location) or output ""image unclear"".
- When tags contain an attribute with confidence <75% or attribute is unsure, do not include the attribute in tags nor in captions.

Operational recommendations:
- Seed Line 1 tags from top-3 detector outputs by confidence when available, filtering for discriminative nouns (prefer ""trumpet"" over ""person"" when confident). If detector subclass confidence is low, keep the safe concrete tag (""person"") but mark for fallback.
- Log examples with large negative delta_clip for later analysis and adaptive threshold tuning (raise attribute threshold or relax tag-length penalties when necessary).
- Maintain deterministic behavior: always follow the candidate templates and the final self-check pipeline exactly.

Output requirement reminder:
- The VLM must output exactly two lines: Line 1 = tags (2–5 comma-separated tokens, prefer 3). Line 2 = caption (7–14 words) OR 2–3 word fallback OR ""image unclear"". No extra lines or commentary.","person, bag, tree
person bends over bag near tree",0,1,Qwen/Qwen3-VL-8B-Instruct,0.0,,64,"{""temperature"": 0.0, ""top_p"": null, ""max_new_tokens"": 64}",0.25235021114349365,0.15543419122695923,9,False
flickr30k_main_seed1_train,textgrad_clip,textgrad_clip__textgrad_ed8ca79cb9,120,12278,flickr30k_test_012278,images/flickr30k/flickr30k_test_012278.jpg,"[""A group of people sit on a roof near a satellite dish while a young animal drinks from a bowl."", ""Group of people sitting on some chairs on their rooftop with a goat."", ""Some people and a goat are on a rooftop in a middle eastern city."", ""Several people are sitting on a roof in a Middle Eastern city."", ""A family sits on a rooftop watching TV.""]",textgrad_ed8ca79cb9,TextGrad Step 7,"Output exactly two lines only.

Line 1 (tags) — required format and hard rules:
- Provide 2–5 comma-separated tokens (lower-case). Prefer exactly 3 tags when visually possible: main noun first, then 1–2 highly discriminative co-objects. No punctuation except commas.
- Tokens must be common nouns or single-word simple adjectives used only as visible attributes (dog, child, car, red, small). Multiword object phrases that are visually fused are allowed as a single token (e.g., ""wine bottle"", ""traffic light"").
- At least 2 tokens must be nouns (including the main noun). At most 1 token may be a visible attribute (color/size). No verbs, proper nouns, brand names, inferred facts, emotions, events, or dates.
- Deduplicate tags; do not use near-synonyms. Order tags by salience (most discriminative first). Prefer compact, high-information nouns (2–4 tokens ideal).
- Attribute inclusion rule: only add a color/size attribute to tags if detector/segmenter confidence for that attribute exceeds 75% (pixel coverage or top detection confidence). If attribute confidence <75%, omit the attribute from tags. If detectors are unavailable, default to conservative omission.

Line 2 (caption) — required format and hard rules:
- Either (A) one factual short sentence in present simple/progressive of 7–14 words, OR (B) a 2–3 word fallback caption (main noun + visible location) when a compliant 7–14 word caption would require guessing. If tags cannot be produced reliably, Line 2 must be exactly ""image unclear"".
- The main noun from Line 1 must appear verbatim in token positions 1–3 of Line 2 (hard requirement).
- Require at least two exact token overlaps between Line 1 and Line 2 for any non-fallback caption; one overlap must be the main noun. All nouns appearing in the caption (other than allowed prepositions/articles) must appear verbatim in Line 1. The only allowed additional words not in tags are prepositions, determiners, and an optional single period at sentence-end.
- If Line 1 contains a numeric count, reflect it correctly in the caption with correct morphology (e.g., ""1 child stands"", ""2 children stand"").
- Include at most one clearly visible color/size and at most one simple spatial relation/preposition (on, in, near, by, in front of, behind). Never introduce an attribute in the caption that is not present in tags.
- No punctuation except commas in Line 1 and an optional single period at the end of Line 2.

Lexical anchoring and anti-hallucination (HARD CONSTRAINTS):
- No substantive noun may appear in the caption unless it appears verbatim in Line 1 tags. Location nouns are considered substantive; they must be present in tags or supported by a high-confidence detector output before use.
- If an attribute appears in tags, it must appear verbatim in the caption. Conversely, a caption must not introduce any attribute token not in tags.
- If two reliable overlaps (including main noun) cannot be produced without guessing, produce the 2–3 word fallback (main noun + visible location) or, if tags cannot be trusted, output ""image unclear"".
- Forbidden: proper nouns, inferred facts, emotions, dates, brand names.

Candidate generation and templates (required):
- Internally generate N = 12 diverse compliant candidates before returning output.
- Force at least two exact overlaps when constructing each non-fallback candidate. If a candidate cannot meet overlap requirements without guessing, make it the fallback variant instead.
- Use these deterministic templates (prefer detector-proposed nouns when available). Always try forced-adjacency templates first:
  1) Forced adjacency: ""[main noun] [co-object]"" adjacency phrase -> ""[main noun] [verb] [preposition] [co-object]"" (ensure noun phrase adjacency appears in caption).
  2) Main+co-object: ""[main noun] with [co-object] on/in [location]"" (only if location noun is in tags).
  3) Attribute-aware: ""[main noun] [verb] [attribute] [co-object]"" (only if attribute in tags and confidence ≥75%).
  4) Spatial variant: ""[main noun] [verb] [preposition] [object]"" (object must be in tags).
  5) Count-aware: ""[count] [main-noun plural] [verb] [preposition] [object]"" (if numeric count in tags).
  6) Compact fallback: ""[main noun] [location]"" (2–3 word fallback).
  7) Detector compound: use detector-proposed compound noun adjacent to main noun (e.g., ""girl skateboard"" -> ""girl on skateboard"") if both tokens are in tags.
- When building candidates, ensure at least two exact overlaps per non-fallback candidate; prefer adjacency of two tag tokens as an exact phrase.

Proxy scoring, adjacency bonus, and reranking:
- If CLIP scorer is available: normalize CLIP scores across candidates and compute final_score = 0.95 * normalized_CLIP + 0.05 * normalized_proxy. Use CLIP as primary signal.
- If CLIP unavailable: compute proxy_score to heavily favor exact overlaps, adjacency, and main noun position:
  proxy_score = 12*(main-noun overlap: 1 if present) 
               +10*(each additional exact overlap)
               +6*(attribute overlap present)
               +6*(adjacency bonus: +6 if any two tag tokens appear adjacent as exact phrase)
               +4*(positional_bonus: +4 if main noun at position 1, +1 if at position 2–3)
               -5*(generic-noun penalty if tag ∈ {person, people, man, woman} used when a more specific detector proposal is available)
               -2*(duplicates-collapsed penalty)
               -2*(each tag beyond 3)
               -1*(each caption word beyond 12)
- Normalize proxy_score across candidates before use. Break ties by: more exact overlaps, fewer tags, main noun at position 1.

Scoring adjustments and heuristics:
- Reduce the penalty for tags >3 to allow one extra discriminative noun when detector confidence is high (penalty = -2 per tag beyond 3).
- Soften the generic-person penalty to -5 (still discourage generic nouns but allow specific detector-driven replacements).
- Strongly prefer candidates with adjacent phrase overlap and main noun at position 1 (adjacency and position bonuses above).
- If CLIP is available, prefer increasing CLIP weight up to 0.98 for stability in retraining runs; otherwise rely on the proxy formula above.

Deterministic final self-check pipeline (must pass before returning output):
A) Tags format check: 2–5 comma-separated lower-case tokens, ≤1 attribute token, deduplicated.
B) Caption validity: 7–14 words OR valid 2–3 word fallback OR exactly ""image unclear"".
C) Overlap check: ≥2 exact token overlaps between Line 1 and Line 2; one must be main noun.
D) Noun containment: all nouns in caption ∈ tags (except allowed prepositions/determiners).
E) Attribute mirroring & confidence: any attribute in tags appears verbatim in caption; attributes were only added to tags if detector confidence ≥75%.
F) Forbidden content check: no proper nouns, inferred facts, emotions, dates, brand names; no punctuation except allowed.
- If any test fails, reject the candidate. If no candidate passes after reranking, return the most reliable tags possible (2–5 tokens) on Line 1 and Line 2 = ""image unclear"".

Fallback and conservatism:
- Prefer ""image unclear"" over inventing low-confidence specifics. If fewer than 2 high-confidence nouns are available, use the compact 2–3 word fallback (main noun + visible location) or output ""image unclear"".
- When tags contain an attribute with confidence <75% or attribute is unsure, do not include the attribute in tags nor in captions.

Operational recommendations:
- Seed Line 1 tags from top-3 detector outputs by confidence when available, filtering for discriminative nouns (prefer ""trumpet"" over ""person"" when confident). If detector subclass confidence is low, keep the safe concrete tag (""person"") but mark for fallback.
- Log examples with large negative delta_clip for later analysis and adaptive threshold tuning (raise attribute threshold or relax tag-length penalties when necessary).
- Maintain deterministic behavior: always follow the candidate templates and the final self-check pipeline exactly.

Output requirement reminder:
- The VLM must output exactly two lines: Line 1 = tags (2–5 comma-separated tokens, prefer 3). Line 2 = caption (7–14 words) OR 2–3 word fallback OR ""image unclear"". No extra lines or commentary.","people, dog, rooftop
people sit on rooftop with dog nearby",0,1,Qwen/Qwen3-VL-8B-Instruct,0.0,,64,"{""temperature"": 0.0, ""top_p"": null, ""max_new_tokens"": 64}",0.23934362828731537,0.1573917269706726,10,False
flickr30k_main_seed1_train,textgrad_clip,textgrad_clip__textgrad_ed8ca79cb9,137,10109,flickr30k_test_010109,images/flickr30k/flickr30k_test_010109.jpg,"[""A group of Asians with baskets of produce are squatting in a vegetable market."", ""Several people are picking through crops at an urban market."", ""Two people cleaning greens in the sunset."", ""Women are on business selling vegetables."", ""Two Asians with green leafy vegetables.""]",textgrad_ed8ca79cb9,TextGrad Step 7,"Output exactly two lines only.

Line 1 (tags) — required format and hard rules:
- Provide 2–5 comma-separated tokens (lower-case). Prefer exactly 3 tags when visually possible: main noun first, then 1–2 highly discriminative co-objects. No punctuation except commas.
- Tokens must be common nouns or single-word simple adjectives used only as visible attributes (dog, child, car, red, small). Multiword object phrases that are visually fused are allowed as a single token (e.g., ""wine bottle"", ""traffic light"").
- At least 2 tokens must be nouns (including the main noun). At most 1 token may be a visible attribute (color/size). No verbs, proper nouns, brand names, inferred facts, emotions, events, or dates.
- Deduplicate tags; do not use near-synonyms. Order tags by salience (most discriminative first). Prefer compact, high-information nouns (2–4 tokens ideal).
- Attribute inclusion rule: only add a color/size attribute to tags if detector/segmenter confidence for that attribute exceeds 75% (pixel coverage or top detection confidence). If attribute confidence <75%, omit the attribute from tags. If detectors are unavailable, default to conservative omission.

Line 2 (caption) — required format and hard rules:
- Either (A) one factual short sentence in present simple/progressive of 7–14 words, OR (B) a 2–3 word fallback caption (main noun + visible location) when a compliant 7–14 word caption would require guessing. If tags cannot be produced reliably, Line 2 must be exactly ""image unclear"".
- The main noun from Line 1 must appear verbatim in token positions 1–3 of Line 2 (hard requirement).
- Require at least two exact token overlaps between Line 1 and Line 2 for any non-fallback caption; one overlap must be the main noun. All nouns appearing in the caption (other than allowed prepositions/articles) must appear verbatim in Line 1. The only allowed additional words not in tags are prepositions, determiners, and an optional single period at sentence-end.
- If Line 1 contains a numeric count, reflect it correctly in the caption with correct morphology (e.g., ""1 child stands"", ""2 children stand"").
- Include at most one clearly visible color/size and at most one simple spatial relation/preposition (on, in, near, by, in front of, behind). Never introduce an attribute in the caption that is not present in tags.
- No punctuation except commas in Line 1 and an optional single period at the end of Line 2.

Lexical anchoring and anti-hallucination (HARD CONSTRAINTS):
- No substantive noun may appear in the caption unless it appears verbatim in Line 1 tags. Location nouns are considered substantive; they must be present in tags or supported by a high-confidence detector output before use.
- If an attribute appears in tags, it must appear verbatim in the caption. Conversely, a caption must not introduce any attribute token not in tags.
- If two reliable overlaps (including main noun) cannot be produced without guessing, produce the 2–3 word fallback (main noun + visible location) or, if tags cannot be trusted, output ""image unclear"".
- Forbidden: proper nouns, inferred facts, emotions, dates, brand names.

Candidate generation and templates (required):
- Internally generate N = 12 diverse compliant candidates before returning output.
- Force at least two exact overlaps when constructing each non-fallback candidate. If a candidate cannot meet overlap requirements without guessing, make it the fallback variant instead.
- Use these deterministic templates (prefer detector-proposed nouns when available). Always try forced-adjacency templates first:
  1) Forced adjacency: ""[main noun] [co-object]"" adjacency phrase -> ""[main noun] [verb] [preposition] [co-object]"" (ensure noun phrase adjacency appears in caption).
  2) Main+co-object: ""[main noun] with [co-object] on/in [location]"" (only if location noun is in tags).
  3) Attribute-aware: ""[main noun] [verb] [attribute] [co-object]"" (only if attribute in tags and confidence ≥75%).
  4) Spatial variant: ""[main noun] [verb] [preposition] [object]"" (object must be in tags).
  5) Count-aware: ""[count] [main-noun plural] [verb] [preposition] [object]"" (if numeric count in tags).
  6) Compact fallback: ""[main noun] [location]"" (2–3 word fallback).
  7) Detector compound: use detector-proposed compound noun adjacent to main noun (e.g., ""girl skateboard"" -> ""girl on skateboard"") if both tokens are in tags.
- When building candidates, ensure at least two exact overlaps per non-fallback candidate; prefer adjacency of two tag tokens as an exact phrase.

Proxy scoring, adjacency bonus, and reranking:
- If CLIP scorer is available: normalize CLIP scores across candidates and compute final_score = 0.95 * normalized_CLIP + 0.05 * normalized_proxy. Use CLIP as primary signal.
- If CLIP unavailable: compute proxy_score to heavily favor exact overlaps, adjacency, and main noun position:
  proxy_score = 12*(main-noun overlap: 1 if present) 
               +10*(each additional exact overlap)
               +6*(attribute overlap present)
               +6*(adjacency bonus: +6 if any two tag tokens appear adjacent as exact phrase)
               +4*(positional_bonus: +4 if main noun at position 1, +1 if at position 2–3)
               -5*(generic-noun penalty if tag ∈ {person, people, man, woman} used when a more specific detector proposal is available)
               -2*(duplicates-collapsed penalty)
               -2*(each tag beyond 3)
               -1*(each caption word beyond 12)
- Normalize proxy_score across candidates before use. Break ties by: more exact overlaps, fewer tags, main noun at position 1.

Scoring adjustments and heuristics:
- Reduce the penalty for tags >3 to allow one extra discriminative noun when detector confidence is high (penalty = -2 per tag beyond 3).
- Soften the generic-person penalty to -5 (still discourage generic nouns but allow specific detector-driven replacements).
- Strongly prefer candidates with adjacent phrase overlap and main noun at position 1 (adjacency and position bonuses above).
- If CLIP is available, prefer increasing CLIP weight up to 0.98 for stability in retraining runs; otherwise rely on the proxy formula above.

Deterministic final self-check pipeline (must pass before returning output):
A) Tags format check: 2–5 comma-separated lower-case tokens, ≤1 attribute token, deduplicated.
B) Caption validity: 7–14 words OR valid 2–3 word fallback OR exactly ""image unclear"".
C) Overlap check: ≥2 exact token overlaps between Line 1 and Line 2; one must be main noun.
D) Noun containment: all nouns in caption ∈ tags (except allowed prepositions/determiners).
E) Attribute mirroring & confidence: any attribute in tags appears verbatim in caption; attributes were only added to tags if detector confidence ≥75%.
F) Forbidden content check: no proper nouns, inferred facts, emotions, dates, brand names; no punctuation except allowed.
- If any test fails, reject the candidate. If no candidate passes after reranking, return the most reliable tags possible (2–5 tokens) on Line 1 and Line 2 = ""image unclear"".

Fallback and conservatism:
- Prefer ""image unclear"" over inventing low-confidence specifics. If fewer than 2 high-confidence nouns are available, use the compact 2–3 word fallback (main noun + visible location) or output ""image unclear"".
- When tags contain an attribute with confidence <75% or attribute is unsure, do not include the attribute in tags nor in captions.

Operational recommendations:
- Seed Line 1 tags from top-3 detector outputs by confidence when available, filtering for discriminative nouns (prefer ""trumpet"" over ""person"" when confident). If detector subclass confidence is low, keep the safe concrete tag (""person"") but mark for fallback.
- Log examples with large negative delta_clip for later analysis and adaptive threshold tuning (raise attribute threshold or relax tag-length penalties when necessary).
- Maintain deterministic behavior: always follow the candidate templates and the final self-check pipeline exactly.

Output requirement reminder:
- The VLM must output exactly two lines: Line 1 = tags (2–5 comma-separated tokens, prefer 3). Line 2 = caption (7–14 words) OR 2–3 word fallback OR ""image unclear"". No extra lines or commentary.","woman, basket, leaf
woman sorts leafy greens in basket",0,1,Qwen/Qwen3-VL-8B-Instruct,0.0,,64,"{""temperature"": 0.0, ""top_p"": null, ""max_new_tokens"": 64}",0.2935100495815277,0.13223101198673248,9,False
flickr30k_main_seed1_train,textgrad_clip,textgrad_clip__textgrad_ed8ca79cb9,149,403,flickr30k_test_000403,images/flickr30k/flickr30k_test_000403.jpg,"[""A man is standing with his arms folded looking at something while the person behind him is jumping onto one of the two beds in the room."", ""A man wearing a yellow shirt standing in the middle of two beds that a boy is jumping on in the background"", ""A young child jumping on the bed as a man looks the other way."", ""Man standing in the bedroom with little boy jumping into bed."", ""A child leaping from bed to bed behind the back of a man.""]",textgrad_ed8ca79cb9,TextGrad Step 7,"Output exactly two lines only.

Line 1 (tags) — required format and hard rules:
- Provide 2–5 comma-separated tokens (lower-case). Prefer exactly 3 tags when visually possible: main noun first, then 1–2 highly discriminative co-objects. No punctuation except commas.
- Tokens must be common nouns or single-word simple adjectives used only as visible attributes (dog, child, car, red, small). Multiword object phrases that are visually fused are allowed as a single token (e.g., ""wine bottle"", ""traffic light"").
- At least 2 tokens must be nouns (including the main noun). At most 1 token may be a visible attribute (color/size). No verbs, proper nouns, brand names, inferred facts, emotions, events, or dates.
- Deduplicate tags; do not use near-synonyms. Order tags by salience (most discriminative first). Prefer compact, high-information nouns (2–4 tokens ideal).
- Attribute inclusion rule: only add a color/size attribute to tags if detector/segmenter confidence for that attribute exceeds 75% (pixel coverage or top detection confidence). If attribute confidence <75%, omit the attribute from tags. If detectors are unavailable, default to conservative omission.

Line 2 (caption) — required format and hard rules:
- Either (A) one factual short sentence in present simple/progressive of 7–14 words, OR (B) a 2–3 word fallback caption (main noun + visible location) when a compliant 7–14 word caption would require guessing. If tags cannot be produced reliably, Line 2 must be exactly ""image unclear"".
- The main noun from Line 1 must appear verbatim in token positions 1–3 of Line 2 (hard requirement).
- Require at least two exact token overlaps between Line 1 and Line 2 for any non-fallback caption; one overlap must be the main noun. All nouns appearing in the caption (other than allowed prepositions/articles) must appear verbatim in Line 1. The only allowed additional words not in tags are prepositions, determiners, and an optional single period at sentence-end.
- If Line 1 contains a numeric count, reflect it correctly in the caption with correct morphology (e.g., ""1 child stands"", ""2 children stand"").
- Include at most one clearly visible color/size and at most one simple spatial relation/preposition (on, in, near, by, in front of, behind). Never introduce an attribute in the caption that is not present in tags.
- No punctuation except commas in Line 1 and an optional single period at the end of Line 2.

Lexical anchoring and anti-hallucination (HARD CONSTRAINTS):
- No substantive noun may appear in the caption unless it appears verbatim in Line 1 tags. Location nouns are considered substantive; they must be present in tags or supported by a high-confidence detector output before use.
- If an attribute appears in tags, it must appear verbatim in the caption. Conversely, a caption must not introduce any attribute token not in tags.
- If two reliable overlaps (including main noun) cannot be produced without guessing, produce the 2–3 word fallback (main noun + visible location) or, if tags cannot be trusted, output ""image unclear"".
- Forbidden: proper nouns, inferred facts, emotions, dates, brand names.

Candidate generation and templates (required):
- Internally generate N = 12 diverse compliant candidates before returning output.
- Force at least two exact overlaps when constructing each non-fallback candidate. If a candidate cannot meet overlap requirements without guessing, make it the fallback variant instead.
- Use these deterministic templates (prefer detector-proposed nouns when available). Always try forced-adjacency templates first:
  1) Forced adjacency: ""[main noun] [co-object]"" adjacency phrase -> ""[main noun] [verb] [preposition] [co-object]"" (ensure noun phrase adjacency appears in caption).
  2) Main+co-object: ""[main noun] with [co-object] on/in [location]"" (only if location noun is in tags).
  3) Attribute-aware: ""[main noun] [verb] [attribute] [co-object]"" (only if attribute in tags and confidence ≥75%).
  4) Spatial variant: ""[main noun] [verb] [preposition] [object]"" (object must be in tags).
  5) Count-aware: ""[count] [main-noun plural] [verb] [preposition] [object]"" (if numeric count in tags).
  6) Compact fallback: ""[main noun] [location]"" (2–3 word fallback).
  7) Detector compound: use detector-proposed compound noun adjacent to main noun (e.g., ""girl skateboard"" -> ""girl on skateboard"") if both tokens are in tags.
- When building candidates, ensure at least two exact overlaps per non-fallback candidate; prefer adjacency of two tag tokens as an exact phrase.

Proxy scoring, adjacency bonus, and reranking:
- If CLIP scorer is available: normalize CLIP scores across candidates and compute final_score = 0.95 * normalized_CLIP + 0.05 * normalized_proxy. Use CLIP as primary signal.
- If CLIP unavailable: compute proxy_score to heavily favor exact overlaps, adjacency, and main noun position:
  proxy_score = 12*(main-noun overlap: 1 if present) 
               +10*(each additional exact overlap)
               +6*(attribute overlap present)
               +6*(adjacency bonus: +6 if any two tag tokens appear adjacent as exact phrase)
               +4*(positional_bonus: +4 if main noun at position 1, +1 if at position 2–3)
               -5*(generic-noun penalty if tag ∈ {person, people, man, woman} used when a more specific detector proposal is available)
               -2*(duplicates-collapsed penalty)
               -2*(each tag beyond 3)
               -1*(each caption word beyond 12)
- Normalize proxy_score across candidates before use. Break ties by: more exact overlaps, fewer tags, main noun at position 1.

Scoring adjustments and heuristics:
- Reduce the penalty for tags >3 to allow one extra discriminative noun when detector confidence is high (penalty = -2 per tag beyond 3).
- Soften the generic-person penalty to -5 (still discourage generic nouns but allow specific detector-driven replacements).
- Strongly prefer candidates with adjacent phrase overlap and main noun at position 1 (adjacency and position bonuses above).
- If CLIP is available, prefer increasing CLIP weight up to 0.98 for stability in retraining runs; otherwise rely on the proxy formula above.

Deterministic final self-check pipeline (must pass before returning output):
A) Tags format check: 2–5 comma-separated lower-case tokens, ≤1 attribute token, deduplicated.
B) Caption validity: 7–14 words OR valid 2–3 word fallback OR exactly ""image unclear"".
C) Overlap check: ≥2 exact token overlaps between Line 1 and Line 2; one must be main noun.
D) Noun containment: all nouns in caption ∈ tags (except allowed prepositions/determiners).
E) Attribute mirroring & confidence: any attribute in tags appears verbatim in caption; attributes were only added to tags if detector confidence ≥75%.
F) Forbidden content check: no proper nouns, inferred facts, emotions, dates, brand names; no punctuation except allowed.
- If any test fails, reject the candidate. If no candidate passes after reranking, return the most reliable tags possible (2–5 tokens) on Line 1 and Line 2 = ""image unclear"".

Fallback and conservatism:
- Prefer ""image unclear"" over inventing low-confidence specifics. If fewer than 2 high-confidence nouns are available, use the compact 2–3 word fallback (main noun + visible location) or output ""image unclear"".
- When tags contain an attribute with confidence <75% or attribute is unsure, do not include the attribute in tags nor in captions.

Operational recommendations:
- Seed Line 1 tags from top-3 detector outputs by confidence when available, filtering for discriminative nouns (prefer ""trumpet"" over ""person"" when confident). If detector subclass confidence is low, keep the safe concrete tag (""person"") but mark for fallback.
- Log examples with large negative delta_clip for later analysis and adaptive threshold tuning (raise attribute threshold or relax tag-length penalties when necessary).
- Maintain deterministic behavior: always follow the candidate templates and the final self-check pipeline exactly.

Output requirement reminder:
- The VLM must output exactly two lines: Line 1 = tags (2–5 comma-separated tokens, prefer 3). Line 2 = caption (7–14 words) OR 2–3 word fallback OR ""image unclear"". No extra lines or commentary.","child, man, bed
child jumps on bed while man watches",0,1,Qwen/Qwen3-VL-8B-Instruct,0.0,,64,"{""temperature"": 0.0, ""top_p"": null, ""max_new_tokens"": 64}",0.30151528120040894,0.1876496970653534,10,False
