split_id,method_id,run_id,order,dataset_index,image_id,image_relpath,reference_captions,prompt_id,prompt_name,prompt_text,caption,candidate_id,selected,model,temperature,top_p,max_new_tokens,generation_config,clip_score,siglip_score,caption_len,generic_flag
flickr30k_main_seed1_train,textgrad_clip,textgrad_clip__textgrad_42ce013524,9,24935,flickr30k_test_024935,images/flickr30k/flickr30k_test_024935.jpg,"[""A group of shoppers gather at a fresh produce stand in order to make their selections."", ""A group of African Americans gather a street vendor."", ""Customers are waiting to get some food."", ""Hungry people are shopping for food."", ""A line is forming for the food cart.""]",textgrad_42ce013524,TextGrad Step 17,"Output exactly one concise, information‑dense caption: a single grammatical sentence composed of comma‑separated short phrases. Produce only that one sentence and nothing else.

Assembly pipeline (deterministic, single pass)
1) Slots (fill in this order; append only one token per slot unless slot allows multiple):
   a. Subject group(s) + HIGH‑value prop/anchor (0–3 groups; must appear first).
   b. Micro‑action/contact (exact template rules below).
   c. Fine class (verified label or dataset lexicon fallback).
   d. Clothing / clear pose / orientation (only if HIGH/MEDIUM verified).
   e. Up to two anchors/signage (only if verified; otherwise use positional anchor fallback tokens).
   f. Cropping/depth token (only if HIGH verified).

Verification → emission rules (deterministic)
- For every slot compute evidence_set = {geometry, segmentation, detector_confidence, contact_confidence, motion_confidence, OCR_confidence, saliency_score, textspot_confidence} and map to a band:
  • HIGH: any single evidence ≥ HIGH threshold → allow VERIFIED emission.
  • MEDIUM: two complementary evidences ≥ MEDIUM threshold → allow only from the enumerated MEDIUM‑allowed list for that slot.
  • LOW: otherwise → emit the explicit fallback token for that slot.
- If band == HIGH → emit the VERIFIED token (exact text from detector/classifier/OCR).
- If band == MEDIUM → emit only a token from the strict MEDIUM whitelist (enumerated below).
- If band == LOW → emit the prescribed fallback token for that slot (see fallbacks list).

First‑words constraint (hard)
- The first 6–8 words must contain at least the subject group token (or a plural fallback noun) and any HIGH‑verified anchor/prop. If no HIGH verification exists by the time the 8th word would be emitted, emit the plural fallback subject token (people/dogs/vehicles/group of people) as the first token and use anchor fallback tokens later.

Count rules (strict)
- Emit a digit only when Count is HIGH verified by geometry/segmentation OR detector_count_confidence ≥ 0.70. Otherwise use plural fallback nouns (people/dogs/vehicles/group of people). Do not append qualifiers.

Micro‑action / contact (template)
- HIGH only: exact template ""left|right [hand|foot|part] [strong‑verb] [object]"" (e.g., ""right hand holding woven basket""). Motion verbs allowed only with motion evidence.
- MEDIUM only: choose from the enumerated MEDIUM micro‑verb whitelist (e.g., holding, carrying, pushing) and use the same short template.
- LOW: use conservative fallback ""[part] near [object]"" (e.g., ""right hand near woven basket"").
- Never use hedges or speculative wording.

Fine‑class and anchors
- Emit fine class only when HIGH verified (classifier_conf≥0.60) or MEDIUM using a tightly enumerated MEDIUM set. Otherwise use dataset lexicon fallback: storefront, painted metal shutter, two‑wheeled vehicle, woven basket, cart, minivan, marquee, group of people.
- Anchor priority and allowed tokens (attempt in order): marquee/storefront, corrugated metal shutter, flagpole, red rectangular signs, ladder, bicycle/two‑wheeled vehicle, guitar/amp case, boats/canopies. If unverified, use positional anchor fallbacks: ""storefront behind"", ""flagpole left"", ""marquee above"", ""painted metal shutter"".

OCR / signage
- HIGH OCR_quote_verified → quote exact text (counts toward length).
- MEDIUM OCR → emit only allowed low‑risk signage descriptors (e.g., ""large red sign upper right"", ""marquee above entrance"", ""three red rectangular signs upper right"").
- LOW → emit anchor positional fallback (e.g., ""storefront behind"").
- Never invent partial words or brand names.

Saliency tie‑breaking
- When multiple VERIFIED candidates compete, choose by saliency order: text > face > large color patch/prop > clothing. If still tied, prefer earlier slot order.

Pruning, compression, and length control (enforced)
- Target length: 10–14 words. Hard cap: 18 words. Allow up to 20 words only when emitting quoted text or two HIGH VERIFIED fine classes.
- Before emitting each token check estimated cumulative length; if adding the token would exceed hard cap, run deterministic pruning:
   1) Compress adjective chains into compact noun phrases.
   2) Iteratively remove descriptors in this exact priority: lighting/reflection → object state/material → background/ancillary context.
   3) Never remove HIGH‑verified tokens from slots 1–3.
- Continue pruning until within cap. If still over cap after pruning, follow the final validator fallback (below).

De‑duplication and normalization
- Collapse exact repeated phrases and repeated tokens. Merge adjective chains (e.g., ""rustic wooden facade""). Prohibit repeating the same phrase in the final sentence.

MEDIUM‑allowed lists (examples to use only under MEDIUM band)
- Micro‑verbs: holding, carrying, pushing, pulling.
- Fine‑class limited detector labels: bicycle, motorbike/scooter, ladder, vendor/produce stand, ladder, performer.
- Signage descriptors (MEDIUM OCR): the low‑risk set listed above.

Final validator (must pass)
- After assembly and pruning ensure:
   • single grammatical sentence of comma‑separated short phrases;
   • length within caps;
   • first 6–8 words include subject or plural fallback;
   • no hedges or invented brand/text; no duplicated phrases;
   • only allowed MEDIUM tokens used under MEDIUM band.
- If validator fails → emit the minimal safe caption constructed deterministically as: ""[plural fallback subject] center foreground, right hand near object, storefront behind"" compressed to ≤10 words (substitute appropriate fallback tokens based on verification results).

Preferred micro‑templates (use when slots permit)
- ""1 woman center foreground, right hand holding woven basket of oranges, storefront behind.""
- ""two dogs left foreground, small white dog jumping at car passenger window, woman leaning out.""
- ""1 person right foreground, standing by two‑wheeled vehicle, painted metal shutter behind.""

Anti‑hallucination absolute rules (must follow)
- Never invent brand names, partial text, ages, emotions, intentions, or unsupported attributes. No hedges. When verification is insufficient, use the prescribed fallback lexicon.

Produce only the single validated sentence as the final caption.","Group of people center foreground, right hand holding woven basket of oranges, storefront behind, man in striped shirt standing right, orange traffic cone right foreground.",0,1,Qwen/Qwen3-VL-8B-Instruct,0.0,,64,"{""temperature"": 0.0, ""top_p"": null, ""max_new_tokens"": 64}",0.2786381244659424,0.15463602542877197,25,False
flickr30k_main_seed1_train,textgrad_clip,textgrad_clip__textgrad_42ce013524,11,15474,flickr30k_test_015474,images/flickr30k/flickr30k_test_015474.jpg,"[""Three Vietnamese women paddle their boats along the river market in the morning."", ""Three boaters paddle their produce to the market in a Vietnamese fishing village."", ""Villagers paddling their boats to their destination."", ""Canoes travel across the water along side buildings."", ""The people are delivering goods by boat""]",textgrad_42ce013524,TextGrad Step 17,"Output exactly one concise, information‑dense caption: a single grammatical sentence composed of comma‑separated short phrases. Produce only that one sentence and nothing else.

Assembly pipeline (deterministic, single pass)
1) Slots (fill in this order; append only one token per slot unless slot allows multiple):
   a. Subject group(s) + HIGH‑value prop/anchor (0–3 groups; must appear first).
   b. Micro‑action/contact (exact template rules below).
   c. Fine class (verified label or dataset lexicon fallback).
   d. Clothing / clear pose / orientation (only if HIGH/MEDIUM verified).
   e. Up to two anchors/signage (only if verified; otherwise use positional anchor fallback tokens).
   f. Cropping/depth token (only if HIGH verified).

Verification → emission rules (deterministic)
- For every slot compute evidence_set = {geometry, segmentation, detector_confidence, contact_confidence, motion_confidence, OCR_confidence, saliency_score, textspot_confidence} and map to a band:
  • HIGH: any single evidence ≥ HIGH threshold → allow VERIFIED emission.
  • MEDIUM: two complementary evidences ≥ MEDIUM threshold → allow only from the enumerated MEDIUM‑allowed list for that slot.
  • LOW: otherwise → emit the explicit fallback token for that slot.
- If band == HIGH → emit the VERIFIED token (exact text from detector/classifier/OCR).
- If band == MEDIUM → emit only a token from the strict MEDIUM whitelist (enumerated below).
- If band == LOW → emit the prescribed fallback token for that slot (see fallbacks list).

First‑words constraint (hard)
- The first 6–8 words must contain at least the subject group token (or a plural fallback noun) and any HIGH‑verified anchor/prop. If no HIGH verification exists by the time the 8th word would be emitted, emit the plural fallback subject token (people/dogs/vehicles/group of people) as the first token and use anchor fallback tokens later.

Count rules (strict)
- Emit a digit only when Count is HIGH verified by geometry/segmentation OR detector_count_confidence ≥ 0.70. Otherwise use plural fallback nouns (people/dogs/vehicles/group of people). Do not append qualifiers.

Micro‑action / contact (template)
- HIGH only: exact template ""left|right [hand|foot|part] [strong‑verb] [object]"" (e.g., ""right hand holding woven basket""). Motion verbs allowed only with motion evidence.
- MEDIUM only: choose from the enumerated MEDIUM micro‑verb whitelist (e.g., holding, carrying, pushing) and use the same short template.
- LOW: use conservative fallback ""[part] near [object]"" (e.g., ""right hand near woven basket"").
- Never use hedges or speculative wording.

Fine‑class and anchors
- Emit fine class only when HIGH verified (classifier_conf≥0.60) or MEDIUM using a tightly enumerated MEDIUM set. Otherwise use dataset lexicon fallback: storefront, painted metal shutter, two‑wheeled vehicle, woven basket, cart, minivan, marquee, group of people.
- Anchor priority and allowed tokens (attempt in order): marquee/storefront, corrugated metal shutter, flagpole, red rectangular signs, ladder, bicycle/two‑wheeled vehicle, guitar/amp case, boats/canopies. If unverified, use positional anchor fallbacks: ""storefront behind"", ""flagpole left"", ""marquee above"", ""painted metal shutter"".

OCR / signage
- HIGH OCR_quote_verified → quote exact text (counts toward length).
- MEDIUM OCR → emit only allowed low‑risk signage descriptors (e.g., ""large red sign upper right"", ""marquee above entrance"", ""three red rectangular signs upper right"").
- LOW → emit anchor positional fallback (e.g., ""storefront behind"").
- Never invent partial words or brand names.

Saliency tie‑breaking
- When multiple VERIFIED candidates compete, choose by saliency order: text > face > large color patch/prop > clothing. If still tied, prefer earlier slot order.

Pruning, compression, and length control (enforced)
- Target length: 10–14 words. Hard cap: 18 words. Allow up to 20 words only when emitting quoted text or two HIGH VERIFIED fine classes.
- Before emitting each token check estimated cumulative length; if adding the token would exceed hard cap, run deterministic pruning:
   1) Compress adjective chains into compact noun phrases.
   2) Iteratively remove descriptors in this exact priority: lighting/reflection → object state/material → background/ancillary context.
   3) Never remove HIGH‑verified tokens from slots 1–3.
- Continue pruning until within cap. If still over cap after pruning, follow the final validator fallback (below).

De‑duplication and normalization
- Collapse exact repeated phrases and repeated tokens. Merge adjective chains (e.g., ""rustic wooden facade""). Prohibit repeating the same phrase in the final sentence.

MEDIUM‑allowed lists (examples to use only under MEDIUM band)
- Micro‑verbs: holding, carrying, pushing, pulling.
- Fine‑class limited detector labels: bicycle, motorbike/scooter, ladder, vendor/produce stand, ladder, performer.
- Signage descriptors (MEDIUM OCR): the low‑risk set listed above.

Final validator (must pass)
- After assembly and pruning ensure:
   • single grammatical sentence of comma‑separated short phrases;
   • length within caps;
   • first 6–8 words include subject or plural fallback;
   • no hedges or invented brand/text; no duplicated phrases;
   • only allowed MEDIUM tokens used under MEDIUM band.
- If validator fails → emit the minimal safe caption constructed deterministically as: ""[plural fallback subject] center foreground, right hand near object, storefront behind"" compressed to ≤10 words (substitute appropriate fallback tokens based on verification results).

Preferred micro‑templates (use when slots permit)
- ""1 woman center foreground, right hand holding woven basket of oranges, storefront behind.""
- ""two dogs left foreground, small white dog jumping at car passenger window, woman leaning out.""
- ""1 person right foreground, standing by two‑wheeled vehicle, painted metal shutter behind.""

Anti‑hallucination absolute rules (must follow)
- Never invent brand names, partial text, ages, emotions, intentions, or unsupported attributes. No hedges. When verification is insufficient, use the prescribed fallback lexicon.

Produce only the single validated sentence as the final caption.","woman paddling boat carrying basket of vegetables, another woman rowing nearby, storefront with red signs behind, wooden pier extending into murky water.",0,1,Qwen/Qwen3-VL-8B-Instruct,0.0,,64,"{""temperature"": 0.0, ""top_p"": null, ""max_new_tokens"": 64}",0.31039243936538696,0.1872158795595169,22,False
flickr30k_main_seed1_train,textgrad_clip,textgrad_clip__textgrad_42ce013524,16,3075,flickr30k_test_003075,images/flickr30k/flickr30k_test_003075.jpg,"[""A little boy wearing goggles on top of his head, walks through a deep water puddle with long pants on."", ""A small child in blue raincoat and a small child in a white shirt is waling in the rain water."", ""Small children are wading through shallow waters that are flooding the street."", ""People walking in a big puddle."", ""Children walking in the rain.""]",textgrad_42ce013524,TextGrad Step 17,"Output exactly one concise, information‑dense caption: a single grammatical sentence composed of comma‑separated short phrases. Produce only that one sentence and nothing else.

Assembly pipeline (deterministic, single pass)
1) Slots (fill in this order; append only one token per slot unless slot allows multiple):
   a. Subject group(s) + HIGH‑value prop/anchor (0–3 groups; must appear first).
   b. Micro‑action/contact (exact template rules below).
   c. Fine class (verified label or dataset lexicon fallback).
   d. Clothing / clear pose / orientation (only if HIGH/MEDIUM verified).
   e. Up to two anchors/signage (only if verified; otherwise use positional anchor fallback tokens).
   f. Cropping/depth token (only if HIGH verified).

Verification → emission rules (deterministic)
- For every slot compute evidence_set = {geometry, segmentation, detector_confidence, contact_confidence, motion_confidence, OCR_confidence, saliency_score, textspot_confidence} and map to a band:
  • HIGH: any single evidence ≥ HIGH threshold → allow VERIFIED emission.
  • MEDIUM: two complementary evidences ≥ MEDIUM threshold → allow only from the enumerated MEDIUM‑allowed list for that slot.
  • LOW: otherwise → emit the explicit fallback token for that slot.
- If band == HIGH → emit the VERIFIED token (exact text from detector/classifier/OCR).
- If band == MEDIUM → emit only a token from the strict MEDIUM whitelist (enumerated below).
- If band == LOW → emit the prescribed fallback token for that slot (see fallbacks list).

First‑words constraint (hard)
- The first 6–8 words must contain at least the subject group token (or a plural fallback noun) and any HIGH‑verified anchor/prop. If no HIGH verification exists by the time the 8th word would be emitted, emit the plural fallback subject token (people/dogs/vehicles/group of people) as the first token and use anchor fallback tokens later.

Count rules (strict)
- Emit a digit only when Count is HIGH verified by geometry/segmentation OR detector_count_confidence ≥ 0.70. Otherwise use plural fallback nouns (people/dogs/vehicles/group of people). Do not append qualifiers.

Micro‑action / contact (template)
- HIGH only: exact template ""left|right [hand|foot|part] [strong‑verb] [object]"" (e.g., ""right hand holding woven basket""). Motion verbs allowed only with motion evidence.
- MEDIUM only: choose from the enumerated MEDIUM micro‑verb whitelist (e.g., holding, carrying, pushing) and use the same short template.
- LOW: use conservative fallback ""[part] near [object]"" (e.g., ""right hand near woven basket"").
- Never use hedges or speculative wording.

Fine‑class and anchors
- Emit fine class only when HIGH verified (classifier_conf≥0.60) or MEDIUM using a tightly enumerated MEDIUM set. Otherwise use dataset lexicon fallback: storefront, painted metal shutter, two‑wheeled vehicle, woven basket, cart, minivan, marquee, group of people.
- Anchor priority and allowed tokens (attempt in order): marquee/storefront, corrugated metal shutter, flagpole, red rectangular signs, ladder, bicycle/two‑wheeled vehicle, guitar/amp case, boats/canopies. If unverified, use positional anchor fallbacks: ""storefront behind"", ""flagpole left"", ""marquee above"", ""painted metal shutter"".

OCR / signage
- HIGH OCR_quote_verified → quote exact text (counts toward length).
- MEDIUM OCR → emit only allowed low‑risk signage descriptors (e.g., ""large red sign upper right"", ""marquee above entrance"", ""three red rectangular signs upper right"").
- LOW → emit anchor positional fallback (e.g., ""storefront behind"").
- Never invent partial words or brand names.

Saliency tie‑breaking
- When multiple VERIFIED candidates compete, choose by saliency order: text > face > large color patch/prop > clothing. If still tied, prefer earlier slot order.

Pruning, compression, and length control (enforced)
- Target length: 10–14 words. Hard cap: 18 words. Allow up to 20 words only when emitting quoted text or two HIGH VERIFIED fine classes.
- Before emitting each token check estimated cumulative length; if adding the token would exceed hard cap, run deterministic pruning:
   1) Compress adjective chains into compact noun phrases.
   2) Iteratively remove descriptors in this exact priority: lighting/reflection → object state/material → background/ancillary context.
   3) Never remove HIGH‑verified tokens from slots 1–3.
- Continue pruning until within cap. If still over cap after pruning, follow the final validator fallback (below).

De‑duplication and normalization
- Collapse exact repeated phrases and repeated tokens. Merge adjective chains (e.g., ""rustic wooden facade""). Prohibit repeating the same phrase in the final sentence.

MEDIUM‑allowed lists (examples to use only under MEDIUM band)
- Micro‑verbs: holding, carrying, pushing, pulling.
- Fine‑class limited detector labels: bicycle, motorbike/scooter, ladder, vendor/produce stand, ladder, performer.
- Signage descriptors (MEDIUM OCR): the low‑risk set listed above.

Final validator (must pass)
- After assembly and pruning ensure:
   • single grammatical sentence of comma‑separated short phrases;
   • length within caps;
   • first 6–8 words include subject or plural fallback;
   • no hedges or invented brand/text; no duplicated phrases;
   • only allowed MEDIUM tokens used under MEDIUM band.
- If validator fails → emit the minimal safe caption constructed deterministically as: ""[plural fallback subject] center foreground, right hand near object, storefront behind"" compressed to ≤10 words (substitute appropriate fallback tokens based on verification results).

Preferred micro‑templates (use when slots permit)
- ""1 woman center foreground, right hand holding woven basket of oranges, storefront behind.""
- ""two dogs left foreground, small white dog jumping at car passenger window, woman leaning out.""
- ""1 person right foreground, standing by two‑wheeled vehicle, painted metal shutter behind.""

Anti‑hallucination absolute rules (must follow)
- Never invent brand names, partial text, ages, emotions, intentions, or unsupported attributes. No hedges. When verification is insufficient, use the prescribed fallback lexicon.

Produce only the single validated sentence as the final caption.","child in blue raincoat wading through puddle, boy in white shirt and goggles standing nearby, minivan parked behind, people partially visible on sides",0,1,Qwen/Qwen3-VL-8B-Instruct,0.0,,64,"{""temperature"": 0.0, ""top_p"": null, ""max_new_tokens"": 64}",0.3797606825828552,0.2555807828903198,23,False
flickr30k_main_seed1_train,textgrad_clip,textgrad_clip__textgrad_42ce013524,19,29272,flickr30k_test_029272,images/flickr30k/flickr30k_test_029272.jpg,"[""A man on stage in the act of jumping, with a little boy in the background really enjoying it."", ""A man with braids, a t-shirt, and sweatpants is dancing in front of a crowd of people."", ""An African American man is jumping in the air, while a boy claps."", ""A man jumps rope while a crowd of people watch him."", ""A black man is jumping and a crowd is gathered""]",textgrad_42ce013524,TextGrad Step 17,"Output exactly one concise, information‑dense caption: a single grammatical sentence composed of comma‑separated short phrases. Produce only that one sentence and nothing else.

Assembly pipeline (deterministic, single pass)
1) Slots (fill in this order; append only one token per slot unless slot allows multiple):
   a. Subject group(s) + HIGH‑value prop/anchor (0–3 groups; must appear first).
   b. Micro‑action/contact (exact template rules below).
   c. Fine class (verified label or dataset lexicon fallback).
   d. Clothing / clear pose / orientation (only if HIGH/MEDIUM verified).
   e. Up to two anchors/signage (only if verified; otherwise use positional anchor fallback tokens).
   f. Cropping/depth token (only if HIGH verified).

Verification → emission rules (deterministic)
- For every slot compute evidence_set = {geometry, segmentation, detector_confidence, contact_confidence, motion_confidence, OCR_confidence, saliency_score, textspot_confidence} and map to a band:
  • HIGH: any single evidence ≥ HIGH threshold → allow VERIFIED emission.
  • MEDIUM: two complementary evidences ≥ MEDIUM threshold → allow only from the enumerated MEDIUM‑allowed list for that slot.
  • LOW: otherwise → emit the explicit fallback token for that slot.
- If band == HIGH → emit the VERIFIED token (exact text from detector/classifier/OCR).
- If band == MEDIUM → emit only a token from the strict MEDIUM whitelist (enumerated below).
- If band == LOW → emit the prescribed fallback token for that slot (see fallbacks list).

First‑words constraint (hard)
- The first 6–8 words must contain at least the subject group token (or a plural fallback noun) and any HIGH‑verified anchor/prop. If no HIGH verification exists by the time the 8th word would be emitted, emit the plural fallback subject token (people/dogs/vehicles/group of people) as the first token and use anchor fallback tokens later.

Count rules (strict)
- Emit a digit only when Count is HIGH verified by geometry/segmentation OR detector_count_confidence ≥ 0.70. Otherwise use plural fallback nouns (people/dogs/vehicles/group of people). Do not append qualifiers.

Micro‑action / contact (template)
- HIGH only: exact template ""left|right [hand|foot|part] [strong‑verb] [object]"" (e.g., ""right hand holding woven basket""). Motion verbs allowed only with motion evidence.
- MEDIUM only: choose from the enumerated MEDIUM micro‑verb whitelist (e.g., holding, carrying, pushing) and use the same short template.
- LOW: use conservative fallback ""[part] near [object]"" (e.g., ""right hand near woven basket"").
- Never use hedges or speculative wording.

Fine‑class and anchors
- Emit fine class only when HIGH verified (classifier_conf≥0.60) or MEDIUM using a tightly enumerated MEDIUM set. Otherwise use dataset lexicon fallback: storefront, painted metal shutter, two‑wheeled vehicle, woven basket, cart, minivan, marquee, group of people.
- Anchor priority and allowed tokens (attempt in order): marquee/storefront, corrugated metal shutter, flagpole, red rectangular signs, ladder, bicycle/two‑wheeled vehicle, guitar/amp case, boats/canopies. If unverified, use positional anchor fallbacks: ""storefront behind"", ""flagpole left"", ""marquee above"", ""painted metal shutter"".

OCR / signage
- HIGH OCR_quote_verified → quote exact text (counts toward length).
- MEDIUM OCR → emit only allowed low‑risk signage descriptors (e.g., ""large red sign upper right"", ""marquee above entrance"", ""three red rectangular signs upper right"").
- LOW → emit anchor positional fallback (e.g., ""storefront behind"").
- Never invent partial words or brand names.

Saliency tie‑breaking
- When multiple VERIFIED candidates compete, choose by saliency order: text > face > large color patch/prop > clothing. If still tied, prefer earlier slot order.

Pruning, compression, and length control (enforced)
- Target length: 10–14 words. Hard cap: 18 words. Allow up to 20 words only when emitting quoted text or two HIGH VERIFIED fine classes.
- Before emitting each token check estimated cumulative length; if adding the token would exceed hard cap, run deterministic pruning:
   1) Compress adjective chains into compact noun phrases.
   2) Iteratively remove descriptors in this exact priority: lighting/reflection → object state/material → background/ancillary context.
   3) Never remove HIGH‑verified tokens from slots 1–3.
- Continue pruning until within cap. If still over cap after pruning, follow the final validator fallback (below).

De‑duplication and normalization
- Collapse exact repeated phrases and repeated tokens. Merge adjective chains (e.g., ""rustic wooden facade""). Prohibit repeating the same phrase in the final sentence.

MEDIUM‑allowed lists (examples to use only under MEDIUM band)
- Micro‑verbs: holding, carrying, pushing, pulling.
- Fine‑class limited detector labels: bicycle, motorbike/scooter, ladder, vendor/produce stand, ladder, performer.
- Signage descriptors (MEDIUM OCR): the low‑risk set listed above.

Final validator (must pass)
- After assembly and pruning ensure:
   • single grammatical sentence of comma‑separated short phrases;
   • length within caps;
   • first 6–8 words include subject or plural fallback;
   • no hedges or invented brand/text; no duplicated phrases;
   • only allowed MEDIUM tokens used under MEDIUM band.
- If validator fails → emit the minimal safe caption constructed deterministically as: ""[plural fallback subject] center foreground, right hand near object, storefront behind"" compressed to ≤10 words (substitute appropriate fallback tokens based on verification results).

Preferred micro‑templates (use when slots permit)
- ""1 woman center foreground, right hand holding woven basket of oranges, storefront behind.""
- ""two dogs left foreground, small white dog jumping at car passenger window, woman leaning out.""
- ""1 person right foreground, standing by two‑wheeled vehicle, painted metal shutter behind.""

Anti‑hallucination absolute rules (must follow)
- Never invent brand names, partial text, ages, emotions, intentions, or unsupported attributes. No hedges. When verification is insufficient, use the prescribed fallback lexicon.

Produce only the single validated sentence as the final caption.","man mid-air jump on stage, crowd watching, gray sweatpants, black t-shirt, dreadlocks, sneakers, outdoor festival setting",0,1,Qwen/Qwen3-VL-8B-Instruct,0.0,,64,"{""temperature"": 0.0, ""top_p"": null, ""max_new_tokens"": 64}",0.297040194272995,0.14857029914855957,16,False
flickr30k_main_seed1_train,textgrad_clip,textgrad_clip__textgrad_42ce013524,28,14594,flickr30k_test_014594,images/flickr30k/flickr30k_test_014594.jpg,"[""A person aquestrian horse jumping over a wooden fence."", ""A horse and rider jumping a small fence."", ""A horse and rider jump over a fence."", ""A horse jumps over a wooden fence."", ""A jockey on a horse jumps a fence.""]",textgrad_42ce013524,TextGrad Step 17,"Output exactly one concise, information‑dense caption: a single grammatical sentence composed of comma‑separated short phrases. Produce only that one sentence and nothing else.

Assembly pipeline (deterministic, single pass)
1) Slots (fill in this order; append only one token per slot unless slot allows multiple):
   a. Subject group(s) + HIGH‑value prop/anchor (0–3 groups; must appear first).
   b. Micro‑action/contact (exact template rules below).
   c. Fine class (verified label or dataset lexicon fallback).
   d. Clothing / clear pose / orientation (only if HIGH/MEDIUM verified).
   e. Up to two anchors/signage (only if verified; otherwise use positional anchor fallback tokens).
   f. Cropping/depth token (only if HIGH verified).

Verification → emission rules (deterministic)
- For every slot compute evidence_set = {geometry, segmentation, detector_confidence, contact_confidence, motion_confidence, OCR_confidence, saliency_score, textspot_confidence} and map to a band:
  • HIGH: any single evidence ≥ HIGH threshold → allow VERIFIED emission.
  • MEDIUM: two complementary evidences ≥ MEDIUM threshold → allow only from the enumerated MEDIUM‑allowed list for that slot.
  • LOW: otherwise → emit the explicit fallback token for that slot.
- If band == HIGH → emit the VERIFIED token (exact text from detector/classifier/OCR).
- If band == MEDIUM → emit only a token from the strict MEDIUM whitelist (enumerated below).
- If band == LOW → emit the prescribed fallback token for that slot (see fallbacks list).

First‑words constraint (hard)
- The first 6–8 words must contain at least the subject group token (or a plural fallback noun) and any HIGH‑verified anchor/prop. If no HIGH verification exists by the time the 8th word would be emitted, emit the plural fallback subject token (people/dogs/vehicles/group of people) as the first token and use anchor fallback tokens later.

Count rules (strict)
- Emit a digit only when Count is HIGH verified by geometry/segmentation OR detector_count_confidence ≥ 0.70. Otherwise use plural fallback nouns (people/dogs/vehicles/group of people). Do not append qualifiers.

Micro‑action / contact (template)
- HIGH only: exact template ""left|right [hand|foot|part] [strong‑verb] [object]"" (e.g., ""right hand holding woven basket""). Motion verbs allowed only with motion evidence.
- MEDIUM only: choose from the enumerated MEDIUM micro‑verb whitelist (e.g., holding, carrying, pushing) and use the same short template.
- LOW: use conservative fallback ""[part] near [object]"" (e.g., ""right hand near woven basket"").
- Never use hedges or speculative wording.

Fine‑class and anchors
- Emit fine class only when HIGH verified (classifier_conf≥0.60) or MEDIUM using a tightly enumerated MEDIUM set. Otherwise use dataset lexicon fallback: storefront, painted metal shutter, two‑wheeled vehicle, woven basket, cart, minivan, marquee, group of people.
- Anchor priority and allowed tokens (attempt in order): marquee/storefront, corrugated metal shutter, flagpole, red rectangular signs, ladder, bicycle/two‑wheeled vehicle, guitar/amp case, boats/canopies. If unverified, use positional anchor fallbacks: ""storefront behind"", ""flagpole left"", ""marquee above"", ""painted metal shutter"".

OCR / signage
- HIGH OCR_quote_verified → quote exact text (counts toward length).
- MEDIUM OCR → emit only allowed low‑risk signage descriptors (e.g., ""large red sign upper right"", ""marquee above entrance"", ""three red rectangular signs upper right"").
- LOW → emit anchor positional fallback (e.g., ""storefront behind"").
- Never invent partial words or brand names.

Saliency tie‑breaking
- When multiple VERIFIED candidates compete, choose by saliency order: text > face > large color patch/prop > clothing. If still tied, prefer earlier slot order.

Pruning, compression, and length control (enforced)
- Target length: 10–14 words. Hard cap: 18 words. Allow up to 20 words only when emitting quoted text or two HIGH VERIFIED fine classes.
- Before emitting each token check estimated cumulative length; if adding the token would exceed hard cap, run deterministic pruning:
   1) Compress adjective chains into compact noun phrases.
   2) Iteratively remove descriptors in this exact priority: lighting/reflection → object state/material → background/ancillary context.
   3) Never remove HIGH‑verified tokens from slots 1–3.
- Continue pruning until within cap. If still over cap after pruning, follow the final validator fallback (below).

De‑duplication and normalization
- Collapse exact repeated phrases and repeated tokens. Merge adjective chains (e.g., ""rustic wooden facade""). Prohibit repeating the same phrase in the final sentence.

MEDIUM‑allowed lists (examples to use only under MEDIUM band)
- Micro‑verbs: holding, carrying, pushing, pulling.
- Fine‑class limited detector labels: bicycle, motorbike/scooter, ladder, vendor/produce stand, ladder, performer.
- Signage descriptors (MEDIUM OCR): the low‑risk set listed above.

Final validator (must pass)
- After assembly and pruning ensure:
   • single grammatical sentence of comma‑separated short phrases;
   • length within caps;
   • first 6–8 words include subject or plural fallback;
   • no hedges or invented brand/text; no duplicated phrases;
   • only allowed MEDIUM tokens used under MEDIUM band.
- If validator fails → emit the minimal safe caption constructed deterministically as: ""[plural fallback subject] center foreground, right hand near object, storefront behind"" compressed to ≤10 words (substitute appropriate fallback tokens based on verification results).

Preferred micro‑templates (use when slots permit)
- ""1 woman center foreground, right hand holding woven basket of oranges, storefront behind.""
- ""two dogs left foreground, small white dog jumping at car passenger window, woman leaning out.""
- ""1 person right foreground, standing by two‑wheeled vehicle, painted metal shutter behind.""

Anti‑hallucination absolute rules (must follow)
- Never invent brand names, partial text, ages, emotions, intentions, or unsupported attributes. No hedges. When verification is insufficient, use the prescribed fallback lexicon.

Produce only the single validated sentence as the final caption.","Jockey in green striped shirt and yellow helmet rides brown horse with white blaze over wooden fence, hooves lifted mid-air, grassy field behind.",0,1,Qwen/Qwen3-VL-8B-Instruct,0.0,,64,"{""temperature"": 0.0, ""top_p"": null, ""max_new_tokens"": 64}",0.2811744809150696,0.1796886920928955,23,False
flickr30k_main_seed1_train,textgrad_clip,textgrad_clip__textgrad_42ce013524,38,1002,flickr30k_test_001002,images/flickr30k/flickr30k_test_001002.jpg,"[""Someone wearing a large hat is sitting on colorful blankets working a loom with a pair of men's dress shoes in front of him."", ""An adult in brightly colored clothing and hat, is weaving or beading while sitting on brightly colored rugs."", ""A Hispanic person sitting among colorful fabric making a belt."", ""A gentleman in traditional garb weaving a blanket in a field."", ""A man works on weaving a cloth good for sale at the market.""]",textgrad_42ce013524,TextGrad Step 17,"Output exactly one concise, information‑dense caption: a single grammatical sentence composed of comma‑separated short phrases. Produce only that one sentence and nothing else.

Assembly pipeline (deterministic, single pass)
1) Slots (fill in this order; append only one token per slot unless slot allows multiple):
   a. Subject group(s) + HIGH‑value prop/anchor (0–3 groups; must appear first).
   b. Micro‑action/contact (exact template rules below).
   c. Fine class (verified label or dataset lexicon fallback).
   d. Clothing / clear pose / orientation (only if HIGH/MEDIUM verified).
   e. Up to two anchors/signage (only if verified; otherwise use positional anchor fallback tokens).
   f. Cropping/depth token (only if HIGH verified).

Verification → emission rules (deterministic)
- For every slot compute evidence_set = {geometry, segmentation, detector_confidence, contact_confidence, motion_confidence, OCR_confidence, saliency_score, textspot_confidence} and map to a band:
  • HIGH: any single evidence ≥ HIGH threshold → allow VERIFIED emission.
  • MEDIUM: two complementary evidences ≥ MEDIUM threshold → allow only from the enumerated MEDIUM‑allowed list for that slot.
  • LOW: otherwise → emit the explicit fallback token for that slot.
- If band == HIGH → emit the VERIFIED token (exact text from detector/classifier/OCR).
- If band == MEDIUM → emit only a token from the strict MEDIUM whitelist (enumerated below).
- If band == LOW → emit the prescribed fallback token for that slot (see fallbacks list).

First‑words constraint (hard)
- The first 6–8 words must contain at least the subject group token (or a plural fallback noun) and any HIGH‑verified anchor/prop. If no HIGH verification exists by the time the 8th word would be emitted, emit the plural fallback subject token (people/dogs/vehicles/group of people) as the first token and use anchor fallback tokens later.

Count rules (strict)
- Emit a digit only when Count is HIGH verified by geometry/segmentation OR detector_count_confidence ≥ 0.70. Otherwise use plural fallback nouns (people/dogs/vehicles/group of people). Do not append qualifiers.

Micro‑action / contact (template)
- HIGH only: exact template ""left|right [hand|foot|part] [strong‑verb] [object]"" (e.g., ""right hand holding woven basket""). Motion verbs allowed only with motion evidence.
- MEDIUM only: choose from the enumerated MEDIUM micro‑verb whitelist (e.g., holding, carrying, pushing) and use the same short template.
- LOW: use conservative fallback ""[part] near [object]"" (e.g., ""right hand near woven basket"").
- Never use hedges or speculative wording.

Fine‑class and anchors
- Emit fine class only when HIGH verified (classifier_conf≥0.60) or MEDIUM using a tightly enumerated MEDIUM set. Otherwise use dataset lexicon fallback: storefront, painted metal shutter, two‑wheeled vehicle, woven basket, cart, minivan, marquee, group of people.
- Anchor priority and allowed tokens (attempt in order): marquee/storefront, corrugated metal shutter, flagpole, red rectangular signs, ladder, bicycle/two‑wheeled vehicle, guitar/amp case, boats/canopies. If unverified, use positional anchor fallbacks: ""storefront behind"", ""flagpole left"", ""marquee above"", ""painted metal shutter"".

OCR / signage
- HIGH OCR_quote_verified → quote exact text (counts toward length).
- MEDIUM OCR → emit only allowed low‑risk signage descriptors (e.g., ""large red sign upper right"", ""marquee above entrance"", ""three red rectangular signs upper right"").
- LOW → emit anchor positional fallback (e.g., ""storefront behind"").
- Never invent partial words or brand names.

Saliency tie‑breaking
- When multiple VERIFIED candidates compete, choose by saliency order: text > face > large color patch/prop > clothing. If still tied, prefer earlier slot order.

Pruning, compression, and length control (enforced)
- Target length: 10–14 words. Hard cap: 18 words. Allow up to 20 words only when emitting quoted text or two HIGH VERIFIED fine classes.
- Before emitting each token check estimated cumulative length; if adding the token would exceed hard cap, run deterministic pruning:
   1) Compress adjective chains into compact noun phrases.
   2) Iteratively remove descriptors in this exact priority: lighting/reflection → object state/material → background/ancillary context.
   3) Never remove HIGH‑verified tokens from slots 1–3.
- Continue pruning until within cap. If still over cap after pruning, follow the final validator fallback (below).

De‑duplication and normalization
- Collapse exact repeated phrases and repeated tokens. Merge adjective chains (e.g., ""rustic wooden facade""). Prohibit repeating the same phrase in the final sentence.

MEDIUM‑allowed lists (examples to use only under MEDIUM band)
- Micro‑verbs: holding, carrying, pushing, pulling.
- Fine‑class limited detector labels: bicycle, motorbike/scooter, ladder, vendor/produce stand, ladder, performer.
- Signage descriptors (MEDIUM OCR): the low‑risk set listed above.

Final validator (must pass)
- After assembly and pruning ensure:
   • single grammatical sentence of comma‑separated short phrases;
   • length within caps;
   • first 6–8 words include subject or plural fallback;
   • no hedges or invented brand/text; no duplicated phrases;
   • only allowed MEDIUM tokens used under MEDIUM band.
- If validator fails → emit the minimal safe caption constructed deterministically as: ""[plural fallback subject] center foreground, right hand near object, storefront behind"" compressed to ≤10 words (substitute appropriate fallback tokens based on verification results).

Preferred micro‑templates (use when slots permit)
- ""1 woman center foreground, right hand holding woven basket of oranges, storefront behind.""
- ""two dogs left foreground, small white dog jumping at car passenger window, woman leaning out.""
- ""1 person right foreground, standing by two‑wheeled vehicle, painted metal shutter behind.""

Anti‑hallucination absolute rules (must follow)
- Never invent brand names, partial text, ages, emotions, intentions, or unsupported attributes. No hedges. When verification is insufficient, use the prescribed fallback lexicon.

Produce only the single validated sentence as the final caption.","person seated center foreground wearing traditional hat and scarf, hands working with knife on colorful textiles, black shoes nearby, vibrant woven blankets spread around.",0,1,Qwen/Qwen3-VL-8B-Instruct,0.0,,64,"{""temperature"": 0.0, ""top_p"": null, ""max_new_tokens"": 64}",0.36520102620124817,0.21273382008075714,24,False
flickr30k_main_seed1_train,textgrad_clip,textgrad_clip__textgrad_42ce013524,55,14348,flickr30k_test_014348,images/flickr30k/flickr30k_test_014348.jpg,"[""A baseball player in a red shirt and white pants is swinging the bat towards a yellow ball whilst three people look on."", ""A baseball player recoils from an action involving a bat while opposing team members look on."", ""A woman swings at a softball on a playing field while other players look on."", ""A girl in a red and white uniform is swinging a bat."", ""A girl swings a bat during a softball game.""]",textgrad_42ce013524,TextGrad Step 17,"Output exactly one concise, information‑dense caption: a single grammatical sentence composed of comma‑separated short phrases. Produce only that one sentence and nothing else.

Assembly pipeline (deterministic, single pass)
1) Slots (fill in this order; append only one token per slot unless slot allows multiple):
   a. Subject group(s) + HIGH‑value prop/anchor (0–3 groups; must appear first).
   b. Micro‑action/contact (exact template rules below).
   c. Fine class (verified label or dataset lexicon fallback).
   d. Clothing / clear pose / orientation (only if HIGH/MEDIUM verified).
   e. Up to two anchors/signage (only if verified; otherwise use positional anchor fallback tokens).
   f. Cropping/depth token (only if HIGH verified).

Verification → emission rules (deterministic)
- For every slot compute evidence_set = {geometry, segmentation, detector_confidence, contact_confidence, motion_confidence, OCR_confidence, saliency_score, textspot_confidence} and map to a band:
  • HIGH: any single evidence ≥ HIGH threshold → allow VERIFIED emission.
  • MEDIUM: two complementary evidences ≥ MEDIUM threshold → allow only from the enumerated MEDIUM‑allowed list for that slot.
  • LOW: otherwise → emit the explicit fallback token for that slot.
- If band == HIGH → emit the VERIFIED token (exact text from detector/classifier/OCR).
- If band == MEDIUM → emit only a token from the strict MEDIUM whitelist (enumerated below).
- If band == LOW → emit the prescribed fallback token for that slot (see fallbacks list).

First‑words constraint (hard)
- The first 6–8 words must contain at least the subject group token (or a plural fallback noun) and any HIGH‑verified anchor/prop. If no HIGH verification exists by the time the 8th word would be emitted, emit the plural fallback subject token (people/dogs/vehicles/group of people) as the first token and use anchor fallback tokens later.

Count rules (strict)
- Emit a digit only when Count is HIGH verified by geometry/segmentation OR detector_count_confidence ≥ 0.70. Otherwise use plural fallback nouns (people/dogs/vehicles/group of people). Do not append qualifiers.

Micro‑action / contact (template)
- HIGH only: exact template ""left|right [hand|foot|part] [strong‑verb] [object]"" (e.g., ""right hand holding woven basket""). Motion verbs allowed only with motion evidence.
- MEDIUM only: choose from the enumerated MEDIUM micro‑verb whitelist (e.g., holding, carrying, pushing) and use the same short template.
- LOW: use conservative fallback ""[part] near [object]"" (e.g., ""right hand near woven basket"").
- Never use hedges or speculative wording.

Fine‑class and anchors
- Emit fine class only when HIGH verified (classifier_conf≥0.60) or MEDIUM using a tightly enumerated MEDIUM set. Otherwise use dataset lexicon fallback: storefront, painted metal shutter, two‑wheeled vehicle, woven basket, cart, minivan, marquee, group of people.
- Anchor priority and allowed tokens (attempt in order): marquee/storefront, corrugated metal shutter, flagpole, red rectangular signs, ladder, bicycle/two‑wheeled vehicle, guitar/amp case, boats/canopies. If unverified, use positional anchor fallbacks: ""storefront behind"", ""flagpole left"", ""marquee above"", ""painted metal shutter"".

OCR / signage
- HIGH OCR_quote_verified → quote exact text (counts toward length).
- MEDIUM OCR → emit only allowed low‑risk signage descriptors (e.g., ""large red sign upper right"", ""marquee above entrance"", ""three red rectangular signs upper right"").
- LOW → emit anchor positional fallback (e.g., ""storefront behind"").
- Never invent partial words or brand names.

Saliency tie‑breaking
- When multiple VERIFIED candidates compete, choose by saliency order: text > face > large color patch/prop > clothing. If still tied, prefer earlier slot order.

Pruning, compression, and length control (enforced)
- Target length: 10–14 words. Hard cap: 18 words. Allow up to 20 words only when emitting quoted text or two HIGH VERIFIED fine classes.
- Before emitting each token check estimated cumulative length; if adding the token would exceed hard cap, run deterministic pruning:
   1) Compress adjective chains into compact noun phrases.
   2) Iteratively remove descriptors in this exact priority: lighting/reflection → object state/material → background/ancillary context.
   3) Never remove HIGH‑verified tokens from slots 1–3.
- Continue pruning until within cap. If still over cap after pruning, follow the final validator fallback (below).

De‑duplication and normalization
- Collapse exact repeated phrases and repeated tokens. Merge adjective chains (e.g., ""rustic wooden facade""). Prohibit repeating the same phrase in the final sentence.

MEDIUM‑allowed lists (examples to use only under MEDIUM band)
- Micro‑verbs: holding, carrying, pushing, pulling.
- Fine‑class limited detector labels: bicycle, motorbike/scooter, ladder, vendor/produce stand, ladder, performer.
- Signage descriptors (MEDIUM OCR): the low‑risk set listed above.

Final validator (must pass)
- After assembly and pruning ensure:
   • single grammatical sentence of comma‑separated short phrases;
   • length within caps;
   • first 6–8 words include subject or plural fallback;
   • no hedges or invented brand/text; no duplicated phrases;
   • only allowed MEDIUM tokens used under MEDIUM band.
- If validator fails → emit the minimal safe caption constructed deterministically as: ""[plural fallback subject] center foreground, right hand near object, storefront behind"" compressed to ≤10 words (substitute appropriate fallback tokens based on verification results).

Preferred micro‑templates (use when slots permit)
- ""1 woman center foreground, right hand holding woven basket of oranges, storefront behind.""
- ""two dogs left foreground, small white dog jumping at car passenger window, woman leaning out.""
- ""1 person right foreground, standing by two‑wheeled vehicle, painted metal shutter behind.""

Anti‑hallucination absolute rules (must follow)
- Never invent brand names, partial text, ages, emotions, intentions, or unsupported attributes. No hedges. When verification is insufficient, use the prescribed fallback lexicon.

Produce only the single validated sentence as the final caption.","A female softball player in a red jersey with number 10 swings a bat at home plate, wearing a black helmet and white pants, as a catcher in a brown uniform prepares to catch the ball behind her.",0,1,Qwen/Qwen3-VL-8B-Instruct,0.0,,64,"{""temperature"": 0.0, ""top_p"": null, ""max_new_tokens"": 64}",0.29032695293426514,0.1526748538017273,38,False
flickr30k_main_seed1_train,textgrad_clip,textgrad_clip__textgrad_42ce013524,69,27445,flickr30k_test_027445,images/flickr30k/flickr30k_test_027445.jpg,"[""Two workers are wearing orange shirts and orange hard hats one of them feeds a tree into a wood-chipper machine while the other fumbles with his headgear."", ""Two construction workers, one of which is putting a tree into a big machine."", ""Two workers are feeding cut branches into a mulching machine."", ""Walking and talking and turning trees to mulch."", ""Two workers cutting down trees.""]",textgrad_42ce013524,TextGrad Step 17,"Output exactly one concise, information‑dense caption: a single grammatical sentence composed of comma‑separated short phrases. Produce only that one sentence and nothing else.

Assembly pipeline (deterministic, single pass)
1) Slots (fill in this order; append only one token per slot unless slot allows multiple):
   a. Subject group(s) + HIGH‑value prop/anchor (0–3 groups; must appear first).
   b. Micro‑action/contact (exact template rules below).
   c. Fine class (verified label or dataset lexicon fallback).
   d. Clothing / clear pose / orientation (only if HIGH/MEDIUM verified).
   e. Up to two anchors/signage (only if verified; otherwise use positional anchor fallback tokens).
   f. Cropping/depth token (only if HIGH verified).

Verification → emission rules (deterministic)
- For every slot compute evidence_set = {geometry, segmentation, detector_confidence, contact_confidence, motion_confidence, OCR_confidence, saliency_score, textspot_confidence} and map to a band:
  • HIGH: any single evidence ≥ HIGH threshold → allow VERIFIED emission.
  • MEDIUM: two complementary evidences ≥ MEDIUM threshold → allow only from the enumerated MEDIUM‑allowed list for that slot.
  • LOW: otherwise → emit the explicit fallback token for that slot.
- If band == HIGH → emit the VERIFIED token (exact text from detector/classifier/OCR).
- If band == MEDIUM → emit only a token from the strict MEDIUM whitelist (enumerated below).
- If band == LOW → emit the prescribed fallback token for that slot (see fallbacks list).

First‑words constraint (hard)
- The first 6–8 words must contain at least the subject group token (or a plural fallback noun) and any HIGH‑verified anchor/prop. If no HIGH verification exists by the time the 8th word would be emitted, emit the plural fallback subject token (people/dogs/vehicles/group of people) as the first token and use anchor fallback tokens later.

Count rules (strict)
- Emit a digit only when Count is HIGH verified by geometry/segmentation OR detector_count_confidence ≥ 0.70. Otherwise use plural fallback nouns (people/dogs/vehicles/group of people). Do not append qualifiers.

Micro‑action / contact (template)
- HIGH only: exact template ""left|right [hand|foot|part] [strong‑verb] [object]"" (e.g., ""right hand holding woven basket""). Motion verbs allowed only with motion evidence.
- MEDIUM only: choose from the enumerated MEDIUM micro‑verb whitelist (e.g., holding, carrying, pushing) and use the same short template.
- LOW: use conservative fallback ""[part] near [object]"" (e.g., ""right hand near woven basket"").
- Never use hedges or speculative wording.

Fine‑class and anchors
- Emit fine class only when HIGH verified (classifier_conf≥0.60) or MEDIUM using a tightly enumerated MEDIUM set. Otherwise use dataset lexicon fallback: storefront, painted metal shutter, two‑wheeled vehicle, woven basket, cart, minivan, marquee, group of people.
- Anchor priority and allowed tokens (attempt in order): marquee/storefront, corrugated metal shutter, flagpole, red rectangular signs, ladder, bicycle/two‑wheeled vehicle, guitar/amp case, boats/canopies. If unverified, use positional anchor fallbacks: ""storefront behind"", ""flagpole left"", ""marquee above"", ""painted metal shutter"".

OCR / signage
- HIGH OCR_quote_verified → quote exact text (counts toward length).
- MEDIUM OCR → emit only allowed low‑risk signage descriptors (e.g., ""large red sign upper right"", ""marquee above entrance"", ""three red rectangular signs upper right"").
- LOW → emit anchor positional fallback (e.g., ""storefront behind"").
- Never invent partial words or brand names.

Saliency tie‑breaking
- When multiple VERIFIED candidates compete, choose by saliency order: text > face > large color patch/prop > clothing. If still tied, prefer earlier slot order.

Pruning, compression, and length control (enforced)
- Target length: 10–14 words. Hard cap: 18 words. Allow up to 20 words only when emitting quoted text or two HIGH VERIFIED fine classes.
- Before emitting each token check estimated cumulative length; if adding the token would exceed hard cap, run deterministic pruning:
   1) Compress adjective chains into compact noun phrases.
   2) Iteratively remove descriptors in this exact priority: lighting/reflection → object state/material → background/ancillary context.
   3) Never remove HIGH‑verified tokens from slots 1–3.
- Continue pruning until within cap. If still over cap after pruning, follow the final validator fallback (below).

De‑duplication and normalization
- Collapse exact repeated phrases and repeated tokens. Merge adjective chains (e.g., ""rustic wooden facade""). Prohibit repeating the same phrase in the final sentence.

MEDIUM‑allowed lists (examples to use only under MEDIUM band)
- Micro‑verbs: holding, carrying, pushing, pulling.
- Fine‑class limited detector labels: bicycle, motorbike/scooter, ladder, vendor/produce stand, ladder, performer.
- Signage descriptors (MEDIUM OCR): the low‑risk set listed above.

Final validator (must pass)
- After assembly and pruning ensure:
   • single grammatical sentence of comma‑separated short phrases;
   • length within caps;
   • first 6–8 words include subject or plural fallback;
   • no hedges or invented brand/text; no duplicated phrases;
   • only allowed MEDIUM tokens used under MEDIUM band.
- If validator fails → emit the minimal safe caption constructed deterministically as: ""[plural fallback subject] center foreground, right hand near object, storefront behind"" compressed to ≤10 words (substitute appropriate fallback tokens based on verification results).

Preferred micro‑templates (use when slots permit)
- ""1 woman center foreground, right hand holding woven basket of oranges, storefront behind.""
- ""two dogs left foreground, small white dog jumping at car passenger window, woman leaning out.""
- ""1 person right foreground, standing by two‑wheeled vehicle, painted metal shutter behind.""

Anti‑hallucination absolute rules (must follow)
- Never invent brand names, partial text, ages, emotions, intentions, or unsupported attributes. No hedges. When verification is insufficient, use the prescribed fallback lexicon.

Produce only the single validated sentence as the final caption.","Two workers in orange vests operate a yellow chipper, one guiding branches into the machine while the other stands nearby, both near a white dump truck on a paved road.",0,1,Qwen/Qwen3-VL-8B-Instruct,0.0,,64,"{""temperature"": 0.0, ""top_p"": null, ""max_new_tokens"": 64}",0.34700971841812134,0.19833409786224365,30,False
flickr30k_main_seed1_train,textgrad_clip,textgrad_clip__textgrad_42ce013524,78,28178,flickr30k_test_028178,images/flickr30k/flickr30k_test_028178.jpg,"[""A man in a black sweater with a red undershirt playing a trumpet in front of a lighted Christmas tree."", ""The man playing a trumpet in front of a christmas tree looks intense."", ""A man in a black sweater and red shirt plays the trumpet by a tree."", ""A guy with a beard wearing his glasses is blowing on a trumpet."", ""A musician playing some smooth music.""]",textgrad_42ce013524,TextGrad Step 17,"Output exactly one concise, information‑dense caption: a single grammatical sentence composed of comma‑separated short phrases. Produce only that one sentence and nothing else.

Assembly pipeline (deterministic, single pass)
1) Slots (fill in this order; append only one token per slot unless slot allows multiple):
   a. Subject group(s) + HIGH‑value prop/anchor (0–3 groups; must appear first).
   b. Micro‑action/contact (exact template rules below).
   c. Fine class (verified label or dataset lexicon fallback).
   d. Clothing / clear pose / orientation (only if HIGH/MEDIUM verified).
   e. Up to two anchors/signage (only if verified; otherwise use positional anchor fallback tokens).
   f. Cropping/depth token (only if HIGH verified).

Verification → emission rules (deterministic)
- For every slot compute evidence_set = {geometry, segmentation, detector_confidence, contact_confidence, motion_confidence, OCR_confidence, saliency_score, textspot_confidence} and map to a band:
  • HIGH: any single evidence ≥ HIGH threshold → allow VERIFIED emission.
  • MEDIUM: two complementary evidences ≥ MEDIUM threshold → allow only from the enumerated MEDIUM‑allowed list for that slot.
  • LOW: otherwise → emit the explicit fallback token for that slot.
- If band == HIGH → emit the VERIFIED token (exact text from detector/classifier/OCR).
- If band == MEDIUM → emit only a token from the strict MEDIUM whitelist (enumerated below).
- If band == LOW → emit the prescribed fallback token for that slot (see fallbacks list).

First‑words constraint (hard)
- The first 6–8 words must contain at least the subject group token (or a plural fallback noun) and any HIGH‑verified anchor/prop. If no HIGH verification exists by the time the 8th word would be emitted, emit the plural fallback subject token (people/dogs/vehicles/group of people) as the first token and use anchor fallback tokens later.

Count rules (strict)
- Emit a digit only when Count is HIGH verified by geometry/segmentation OR detector_count_confidence ≥ 0.70. Otherwise use plural fallback nouns (people/dogs/vehicles/group of people). Do not append qualifiers.

Micro‑action / contact (template)
- HIGH only: exact template ""left|right [hand|foot|part] [strong‑verb] [object]"" (e.g., ""right hand holding woven basket""). Motion verbs allowed only with motion evidence.
- MEDIUM only: choose from the enumerated MEDIUM micro‑verb whitelist (e.g., holding, carrying, pushing) and use the same short template.
- LOW: use conservative fallback ""[part] near [object]"" (e.g., ""right hand near woven basket"").
- Never use hedges or speculative wording.

Fine‑class and anchors
- Emit fine class only when HIGH verified (classifier_conf≥0.60) or MEDIUM using a tightly enumerated MEDIUM set. Otherwise use dataset lexicon fallback: storefront, painted metal shutter, two‑wheeled vehicle, woven basket, cart, minivan, marquee, group of people.
- Anchor priority and allowed tokens (attempt in order): marquee/storefront, corrugated metal shutter, flagpole, red rectangular signs, ladder, bicycle/two‑wheeled vehicle, guitar/amp case, boats/canopies. If unverified, use positional anchor fallbacks: ""storefront behind"", ""flagpole left"", ""marquee above"", ""painted metal shutter"".

OCR / signage
- HIGH OCR_quote_verified → quote exact text (counts toward length).
- MEDIUM OCR → emit only allowed low‑risk signage descriptors (e.g., ""large red sign upper right"", ""marquee above entrance"", ""three red rectangular signs upper right"").
- LOW → emit anchor positional fallback (e.g., ""storefront behind"").
- Never invent partial words or brand names.

Saliency tie‑breaking
- When multiple VERIFIED candidates compete, choose by saliency order: text > face > large color patch/prop > clothing. If still tied, prefer earlier slot order.

Pruning, compression, and length control (enforced)
- Target length: 10–14 words. Hard cap: 18 words. Allow up to 20 words only when emitting quoted text or two HIGH VERIFIED fine classes.
- Before emitting each token check estimated cumulative length; if adding the token would exceed hard cap, run deterministic pruning:
   1) Compress adjective chains into compact noun phrases.
   2) Iteratively remove descriptors in this exact priority: lighting/reflection → object state/material → background/ancillary context.
   3) Never remove HIGH‑verified tokens from slots 1–3.
- Continue pruning until within cap. If still over cap after pruning, follow the final validator fallback (below).

De‑duplication and normalization
- Collapse exact repeated phrases and repeated tokens. Merge adjective chains (e.g., ""rustic wooden facade""). Prohibit repeating the same phrase in the final sentence.

MEDIUM‑allowed lists (examples to use only under MEDIUM band)
- Micro‑verbs: holding, carrying, pushing, pulling.
- Fine‑class limited detector labels: bicycle, motorbike/scooter, ladder, vendor/produce stand, ladder, performer.
- Signage descriptors (MEDIUM OCR): the low‑risk set listed above.

Final validator (must pass)
- After assembly and pruning ensure:
   • single grammatical sentence of comma‑separated short phrases;
   • length within caps;
   • first 6–8 words include subject or plural fallback;
   • no hedges or invented brand/text; no duplicated phrases;
   • only allowed MEDIUM tokens used under MEDIUM band.
- If validator fails → emit the minimal safe caption constructed deterministically as: ""[plural fallback subject] center foreground, right hand near object, storefront behind"" compressed to ≤10 words (substitute appropriate fallback tokens based on verification results).

Preferred micro‑templates (use when slots permit)
- ""1 woman center foreground, right hand holding woven basket of oranges, storefront behind.""
- ""two dogs left foreground, small white dog jumping at car passenger window, woman leaning out.""
- ""1 person right foreground, standing by two‑wheeled vehicle, painted metal shutter behind.""

Anti‑hallucination absolute rules (must follow)
- Never invent brand names, partial text, ages, emotions, intentions, or unsupported attributes. No hedges. When verification is insufficient, use the prescribed fallback lexicon.

Produce only the single validated sentence as the final caption.","man in glasses playing trumpet under lit tree, red shirt, holding ornament, festive night setting",0,1,Qwen/Qwen3-VL-8B-Instruct,0.0,,64,"{""temperature"": 0.0, ""top_p"": null, ""max_new_tokens"": 64}",0.3492055833339691,0.23303353786468506,15,False
flickr30k_main_seed1_train,textgrad_clip,textgrad_clip__textgrad_42ce013524,80,3961,flickr30k_test_003961,images/flickr30k/flickr30k_test_003961.jpg,"[""A woman, viewed through a window, sits at a restaurant table and puts down a red shopping bag."", ""A woman is sitting at a table and looking into her American Girl Place shopping bag."", ""A woman places her red shopping bag down as she sits down to a table."", ""An older woman in a white shirt holds a red bag behind some glass."", ""Woman seen through window at restaurant.""]",textgrad_42ce013524,TextGrad Step 17,"Output exactly one concise, information‑dense caption: a single grammatical sentence composed of comma‑separated short phrases. Produce only that one sentence and nothing else.

Assembly pipeline (deterministic, single pass)
1) Slots (fill in this order; append only one token per slot unless slot allows multiple):
   a. Subject group(s) + HIGH‑value prop/anchor (0–3 groups; must appear first).
   b. Micro‑action/contact (exact template rules below).
   c. Fine class (verified label or dataset lexicon fallback).
   d. Clothing / clear pose / orientation (only if HIGH/MEDIUM verified).
   e. Up to two anchors/signage (only if verified; otherwise use positional anchor fallback tokens).
   f. Cropping/depth token (only if HIGH verified).

Verification → emission rules (deterministic)
- For every slot compute evidence_set = {geometry, segmentation, detector_confidence, contact_confidence, motion_confidence, OCR_confidence, saliency_score, textspot_confidence} and map to a band:
  • HIGH: any single evidence ≥ HIGH threshold → allow VERIFIED emission.
  • MEDIUM: two complementary evidences ≥ MEDIUM threshold → allow only from the enumerated MEDIUM‑allowed list for that slot.
  • LOW: otherwise → emit the explicit fallback token for that slot.
- If band == HIGH → emit the VERIFIED token (exact text from detector/classifier/OCR).
- If band == MEDIUM → emit only a token from the strict MEDIUM whitelist (enumerated below).
- If band == LOW → emit the prescribed fallback token for that slot (see fallbacks list).

First‑words constraint (hard)
- The first 6–8 words must contain at least the subject group token (or a plural fallback noun) and any HIGH‑verified anchor/prop. If no HIGH verification exists by the time the 8th word would be emitted, emit the plural fallback subject token (people/dogs/vehicles/group of people) as the first token and use anchor fallback tokens later.

Count rules (strict)
- Emit a digit only when Count is HIGH verified by geometry/segmentation OR detector_count_confidence ≥ 0.70. Otherwise use plural fallback nouns (people/dogs/vehicles/group of people). Do not append qualifiers.

Micro‑action / contact (template)
- HIGH only: exact template ""left|right [hand|foot|part] [strong‑verb] [object]"" (e.g., ""right hand holding woven basket""). Motion verbs allowed only with motion evidence.
- MEDIUM only: choose from the enumerated MEDIUM micro‑verb whitelist (e.g., holding, carrying, pushing) and use the same short template.
- LOW: use conservative fallback ""[part] near [object]"" (e.g., ""right hand near woven basket"").
- Never use hedges or speculative wording.

Fine‑class and anchors
- Emit fine class only when HIGH verified (classifier_conf≥0.60) or MEDIUM using a tightly enumerated MEDIUM set. Otherwise use dataset lexicon fallback: storefront, painted metal shutter, two‑wheeled vehicle, woven basket, cart, minivan, marquee, group of people.
- Anchor priority and allowed tokens (attempt in order): marquee/storefront, corrugated metal shutter, flagpole, red rectangular signs, ladder, bicycle/two‑wheeled vehicle, guitar/amp case, boats/canopies. If unverified, use positional anchor fallbacks: ""storefront behind"", ""flagpole left"", ""marquee above"", ""painted metal shutter"".

OCR / signage
- HIGH OCR_quote_verified → quote exact text (counts toward length).
- MEDIUM OCR → emit only allowed low‑risk signage descriptors (e.g., ""large red sign upper right"", ""marquee above entrance"", ""three red rectangular signs upper right"").
- LOW → emit anchor positional fallback (e.g., ""storefront behind"").
- Never invent partial words or brand names.

Saliency tie‑breaking
- When multiple VERIFIED candidates compete, choose by saliency order: text > face > large color patch/prop > clothing. If still tied, prefer earlier slot order.

Pruning, compression, and length control (enforced)
- Target length: 10–14 words. Hard cap: 18 words. Allow up to 20 words only when emitting quoted text or two HIGH VERIFIED fine classes.
- Before emitting each token check estimated cumulative length; if adding the token would exceed hard cap, run deterministic pruning:
   1) Compress adjective chains into compact noun phrases.
   2) Iteratively remove descriptors in this exact priority: lighting/reflection → object state/material → background/ancillary context.
   3) Never remove HIGH‑verified tokens from slots 1–3.
- Continue pruning until within cap. If still over cap after pruning, follow the final validator fallback (below).

De‑duplication and normalization
- Collapse exact repeated phrases and repeated tokens. Merge adjective chains (e.g., ""rustic wooden facade""). Prohibit repeating the same phrase in the final sentence.

MEDIUM‑allowed lists (examples to use only under MEDIUM band)
- Micro‑verbs: holding, carrying, pushing, pulling.
- Fine‑class limited detector labels: bicycle, motorbike/scooter, ladder, vendor/produce stand, ladder, performer.
- Signage descriptors (MEDIUM OCR): the low‑risk set listed above.

Final validator (must pass)
- After assembly and pruning ensure:
   • single grammatical sentence of comma‑separated short phrases;
   • length within caps;
   • first 6–8 words include subject or plural fallback;
   • no hedges or invented brand/text; no duplicated phrases;
   • only allowed MEDIUM tokens used under MEDIUM band.
- If validator fails → emit the minimal safe caption constructed deterministically as: ""[plural fallback subject] center foreground, right hand near object, storefront behind"" compressed to ≤10 words (substitute appropriate fallback tokens based on verification results).

Preferred micro‑templates (use when slots permit)
- ""1 woman center foreground, right hand holding woven basket of oranges, storefront behind.""
- ""two dogs left foreground, small white dog jumping at car passenger window, woman leaning out.""
- ""1 person right foreground, standing by two‑wheeled vehicle, painted metal shutter behind.""

Anti‑hallucination absolute rules (must follow)
- Never invent brand names, partial text, ages, emotions, intentions, or unsupported attributes. No hedges. When verification is insufficient, use the prescribed fallback lexicon.

Produce only the single validated sentence as the final caption.","woman center foreground, right hand holding American Girl Place bag, storefront behind",0,1,Qwen/Qwen3-VL-8B-Instruct,0.0,,64,"{""temperature"": 0.0, ""top_p"": null, ""max_new_tokens"": 64}",0.31328973174095154,0.20132358372211456,12,False
flickr30k_main_seed1_train,textgrad_clip,textgrad_clip__textgrad_42ce013524,84,23641,flickr30k_test_023641,images/flickr30k/flickr30k_test_023641.jpg,"[""There are several people either sitting on benches or walking through what appears to be a brick road with trees coming up from various circular openings in the road."", ""A group of people rest on a park bench underneath the shade of the canopy of trees as a man in a brightly colored pink stripe shirt walks past."", ""A park with trees, people sitting on benches, and people walking."", ""People are walking under trees while other are sitting down."", ""People walking through a watery path.""]",textgrad_42ce013524,TextGrad Step 17,"Output exactly one concise, information‑dense caption: a single grammatical sentence composed of comma‑separated short phrases. Produce only that one sentence and nothing else.

Assembly pipeline (deterministic, single pass)
1) Slots (fill in this order; append only one token per slot unless slot allows multiple):
   a. Subject group(s) + HIGH‑value prop/anchor (0–3 groups; must appear first).
   b. Micro‑action/contact (exact template rules below).
   c. Fine class (verified label or dataset lexicon fallback).
   d. Clothing / clear pose / orientation (only if HIGH/MEDIUM verified).
   e. Up to two anchors/signage (only if verified; otherwise use positional anchor fallback tokens).
   f. Cropping/depth token (only if HIGH verified).

Verification → emission rules (deterministic)
- For every slot compute evidence_set = {geometry, segmentation, detector_confidence, contact_confidence, motion_confidence, OCR_confidence, saliency_score, textspot_confidence} and map to a band:
  • HIGH: any single evidence ≥ HIGH threshold → allow VERIFIED emission.
  • MEDIUM: two complementary evidences ≥ MEDIUM threshold → allow only from the enumerated MEDIUM‑allowed list for that slot.
  • LOW: otherwise → emit the explicit fallback token for that slot.
- If band == HIGH → emit the VERIFIED token (exact text from detector/classifier/OCR).
- If band == MEDIUM → emit only a token from the strict MEDIUM whitelist (enumerated below).
- If band == LOW → emit the prescribed fallback token for that slot (see fallbacks list).

First‑words constraint (hard)
- The first 6–8 words must contain at least the subject group token (or a plural fallback noun) and any HIGH‑verified anchor/prop. If no HIGH verification exists by the time the 8th word would be emitted, emit the plural fallback subject token (people/dogs/vehicles/group of people) as the first token and use anchor fallback tokens later.

Count rules (strict)
- Emit a digit only when Count is HIGH verified by geometry/segmentation OR detector_count_confidence ≥ 0.70. Otherwise use plural fallback nouns (people/dogs/vehicles/group of people). Do not append qualifiers.

Micro‑action / contact (template)
- HIGH only: exact template ""left|right [hand|foot|part] [strong‑verb] [object]"" (e.g., ""right hand holding woven basket""). Motion verbs allowed only with motion evidence.
- MEDIUM only: choose from the enumerated MEDIUM micro‑verb whitelist (e.g., holding, carrying, pushing) and use the same short template.
- LOW: use conservative fallback ""[part] near [object]"" (e.g., ""right hand near woven basket"").
- Never use hedges or speculative wording.

Fine‑class and anchors
- Emit fine class only when HIGH verified (classifier_conf≥0.60) or MEDIUM using a tightly enumerated MEDIUM set. Otherwise use dataset lexicon fallback: storefront, painted metal shutter, two‑wheeled vehicle, woven basket, cart, minivan, marquee, group of people.
- Anchor priority and allowed tokens (attempt in order): marquee/storefront, corrugated metal shutter, flagpole, red rectangular signs, ladder, bicycle/two‑wheeled vehicle, guitar/amp case, boats/canopies. If unverified, use positional anchor fallbacks: ""storefront behind"", ""flagpole left"", ""marquee above"", ""painted metal shutter"".

OCR / signage
- HIGH OCR_quote_verified → quote exact text (counts toward length).
- MEDIUM OCR → emit only allowed low‑risk signage descriptors (e.g., ""large red sign upper right"", ""marquee above entrance"", ""three red rectangular signs upper right"").
- LOW → emit anchor positional fallback (e.g., ""storefront behind"").
- Never invent partial words or brand names.

Saliency tie‑breaking
- When multiple VERIFIED candidates compete, choose by saliency order: text > face > large color patch/prop > clothing. If still tied, prefer earlier slot order.

Pruning, compression, and length control (enforced)
- Target length: 10–14 words. Hard cap: 18 words. Allow up to 20 words only when emitting quoted text or two HIGH VERIFIED fine classes.
- Before emitting each token check estimated cumulative length; if adding the token would exceed hard cap, run deterministic pruning:
   1) Compress adjective chains into compact noun phrases.
   2) Iteratively remove descriptors in this exact priority: lighting/reflection → object state/material → background/ancillary context.
   3) Never remove HIGH‑verified tokens from slots 1–3.
- Continue pruning until within cap. If still over cap after pruning, follow the final validator fallback (below).

De‑duplication and normalization
- Collapse exact repeated phrases and repeated tokens. Merge adjective chains (e.g., ""rustic wooden facade""). Prohibit repeating the same phrase in the final sentence.

MEDIUM‑allowed lists (examples to use only under MEDIUM band)
- Micro‑verbs: holding, carrying, pushing, pulling.
- Fine‑class limited detector labels: bicycle, motorbike/scooter, ladder, vendor/produce stand, ladder, performer.
- Signage descriptors (MEDIUM OCR): the low‑risk set listed above.

Final validator (must pass)
- After assembly and pruning ensure:
   • single grammatical sentence of comma‑separated short phrases;
   • length within caps;
   • first 6–8 words include subject or plural fallback;
   • no hedges or invented brand/text; no duplicated phrases;
   • only allowed MEDIUM tokens used under MEDIUM band.
- If validator fails → emit the minimal safe caption constructed deterministically as: ""[plural fallback subject] center foreground, right hand near object, storefront behind"" compressed to ≤10 words (substitute appropriate fallback tokens based on verification results).

Preferred micro‑templates (use when slots permit)
- ""1 woman center foreground, right hand holding woven basket of oranges, storefront behind.""
- ""two dogs left foreground, small white dog jumping at car passenger window, woman leaning out.""
- ""1 person right foreground, standing by two‑wheeled vehicle, painted metal shutter behind.""

Anti‑hallucination absolute rules (must follow)
- Never invent brand names, partial text, ages, emotions, intentions, or unsupported attributes. No hedges. When verification is insufficient, use the prescribed fallback lexicon.

Produce only the single validated sentence as the final caption.","woman in striped shirt walking center foreground, group seated right side under trees, wet cobblestone path, storefront behind",0,1,Qwen/Qwen3-VL-8B-Instruct,0.0,,64,"{""temperature"": 0.0, ""top_p"": null, ""max_new_tokens"": 64}",0.31389397382736206,0.224711075425148,18,False
flickr30k_main_seed1_train,textgrad_clip,textgrad_clip__textgrad_42ce013524,99,30831,flickr30k_test_030831,images/flickr30k/flickr30k_test_030831.jpg,"[""A woman holds her mouth wide open as she is placing a stack of crackers in."", ""A black-haired woman wearing glasses attempts to eat a pile of cookies."", ""A young person about to put several cookies in his or her mouth."", ""A woman with glasses about to take a bite out of a huge cookie."", ""Asian man eating a cracker sandwich in the kitchen.""]",textgrad_42ce013524,TextGrad Step 17,"Output exactly one concise, information‑dense caption: a single grammatical sentence composed of comma‑separated short phrases. Produce only that one sentence and nothing else.

Assembly pipeline (deterministic, single pass)
1) Slots (fill in this order; append only one token per slot unless slot allows multiple):
   a. Subject group(s) + HIGH‑value prop/anchor (0–3 groups; must appear first).
   b. Micro‑action/contact (exact template rules below).
   c. Fine class (verified label or dataset lexicon fallback).
   d. Clothing / clear pose / orientation (only if HIGH/MEDIUM verified).
   e. Up to two anchors/signage (only if verified; otherwise use positional anchor fallback tokens).
   f. Cropping/depth token (only if HIGH verified).

Verification → emission rules (deterministic)
- For every slot compute evidence_set = {geometry, segmentation, detector_confidence, contact_confidence, motion_confidence, OCR_confidence, saliency_score, textspot_confidence} and map to a band:
  • HIGH: any single evidence ≥ HIGH threshold → allow VERIFIED emission.
  • MEDIUM: two complementary evidences ≥ MEDIUM threshold → allow only from the enumerated MEDIUM‑allowed list for that slot.
  • LOW: otherwise → emit the explicit fallback token for that slot.
- If band == HIGH → emit the VERIFIED token (exact text from detector/classifier/OCR).
- If band == MEDIUM → emit only a token from the strict MEDIUM whitelist (enumerated below).
- If band == LOW → emit the prescribed fallback token for that slot (see fallbacks list).

First‑words constraint (hard)
- The first 6–8 words must contain at least the subject group token (or a plural fallback noun) and any HIGH‑verified anchor/prop. If no HIGH verification exists by the time the 8th word would be emitted, emit the plural fallback subject token (people/dogs/vehicles/group of people) as the first token and use anchor fallback tokens later.

Count rules (strict)
- Emit a digit only when Count is HIGH verified by geometry/segmentation OR detector_count_confidence ≥ 0.70. Otherwise use plural fallback nouns (people/dogs/vehicles/group of people). Do not append qualifiers.

Micro‑action / contact (template)
- HIGH only: exact template ""left|right [hand|foot|part] [strong‑verb] [object]"" (e.g., ""right hand holding woven basket""). Motion verbs allowed only with motion evidence.
- MEDIUM only: choose from the enumerated MEDIUM micro‑verb whitelist (e.g., holding, carrying, pushing) and use the same short template.
- LOW: use conservative fallback ""[part] near [object]"" (e.g., ""right hand near woven basket"").
- Never use hedges or speculative wording.

Fine‑class and anchors
- Emit fine class only when HIGH verified (classifier_conf≥0.60) or MEDIUM using a tightly enumerated MEDIUM set. Otherwise use dataset lexicon fallback: storefront, painted metal shutter, two‑wheeled vehicle, woven basket, cart, minivan, marquee, group of people.
- Anchor priority and allowed tokens (attempt in order): marquee/storefront, corrugated metal shutter, flagpole, red rectangular signs, ladder, bicycle/two‑wheeled vehicle, guitar/amp case, boats/canopies. If unverified, use positional anchor fallbacks: ""storefront behind"", ""flagpole left"", ""marquee above"", ""painted metal shutter"".

OCR / signage
- HIGH OCR_quote_verified → quote exact text (counts toward length).
- MEDIUM OCR → emit only allowed low‑risk signage descriptors (e.g., ""large red sign upper right"", ""marquee above entrance"", ""three red rectangular signs upper right"").
- LOW → emit anchor positional fallback (e.g., ""storefront behind"").
- Never invent partial words or brand names.

Saliency tie‑breaking
- When multiple VERIFIED candidates compete, choose by saliency order: text > face > large color patch/prop > clothing. If still tied, prefer earlier slot order.

Pruning, compression, and length control (enforced)
- Target length: 10–14 words. Hard cap: 18 words. Allow up to 20 words only when emitting quoted text or two HIGH VERIFIED fine classes.
- Before emitting each token check estimated cumulative length; if adding the token would exceed hard cap, run deterministic pruning:
   1) Compress adjective chains into compact noun phrases.
   2) Iteratively remove descriptors in this exact priority: lighting/reflection → object state/material → background/ancillary context.
   3) Never remove HIGH‑verified tokens from slots 1–3.
- Continue pruning until within cap. If still over cap after pruning, follow the final validator fallback (below).

De‑duplication and normalization
- Collapse exact repeated phrases and repeated tokens. Merge adjective chains (e.g., ""rustic wooden facade""). Prohibit repeating the same phrase in the final sentence.

MEDIUM‑allowed lists (examples to use only under MEDIUM band)
- Micro‑verbs: holding, carrying, pushing, pulling.
- Fine‑class limited detector labels: bicycle, motorbike/scooter, ladder, vendor/produce stand, ladder, performer.
- Signage descriptors (MEDIUM OCR): the low‑risk set listed above.

Final validator (must pass)
- After assembly and pruning ensure:
   • single grammatical sentence of comma‑separated short phrases;
   • length within caps;
   • first 6–8 words include subject or plural fallback;
   • no hedges or invented brand/text; no duplicated phrases;
   • only allowed MEDIUM tokens used under MEDIUM band.
- If validator fails → emit the minimal safe caption constructed deterministically as: ""[plural fallback subject] center foreground, right hand near object, storefront behind"" compressed to ≤10 words (substitute appropriate fallback tokens based on verification results).

Preferred micro‑templates (use when slots permit)
- ""1 woman center foreground, right hand holding woven basket of oranges, storefront behind.""
- ""two dogs left foreground, small white dog jumping at car passenger window, woman leaning out.""
- ""1 person right foreground, standing by two‑wheeled vehicle, painted metal shutter behind.""

Anti‑hallucination absolute rules (must follow)
- Never invent brand names, partial text, ages, emotions, intentions, or unsupported attributes. No hedges. When verification is insufficient, use the prescribed fallback lexicon.

Produce only the single validated sentence as the final caption.","person with glasses and beaded necklace eating stack of pancakes in kitchen, microwave visible behind, blue wall to right",0,1,Qwen/Qwen3-VL-8B-Instruct,0.0,,64,"{""temperature"": 0.0, ""top_p"": null, ""max_new_tokens"": 64}",0.2907024323940277,0.18464496731758118,19,False
flickr30k_main_seed1_train,textgrad_clip,textgrad_clip__textgrad_42ce013524,100,16557,flickr30k_test_016557,images/flickr30k/flickr30k_test_016557.jpg,"[""A group of people appear to be shouting or protesting."", ""Two women voice their opinions at a political rally"", ""Two ladies wearing sunglasses at a gathering."", ""A group of people are at a rally."", ""A woman chanting at a rally.""]",textgrad_42ce013524,TextGrad Step 17,"Output exactly one concise, information‑dense caption: a single grammatical sentence composed of comma‑separated short phrases. Produce only that one sentence and nothing else.

Assembly pipeline (deterministic, single pass)
1) Slots (fill in this order; append only one token per slot unless slot allows multiple):
   a. Subject group(s) + HIGH‑value prop/anchor (0–3 groups; must appear first).
   b. Micro‑action/contact (exact template rules below).
   c. Fine class (verified label or dataset lexicon fallback).
   d. Clothing / clear pose / orientation (only if HIGH/MEDIUM verified).
   e. Up to two anchors/signage (only if verified; otherwise use positional anchor fallback tokens).
   f. Cropping/depth token (only if HIGH verified).

Verification → emission rules (deterministic)
- For every slot compute evidence_set = {geometry, segmentation, detector_confidence, contact_confidence, motion_confidence, OCR_confidence, saliency_score, textspot_confidence} and map to a band:
  • HIGH: any single evidence ≥ HIGH threshold → allow VERIFIED emission.
  • MEDIUM: two complementary evidences ≥ MEDIUM threshold → allow only from the enumerated MEDIUM‑allowed list for that slot.
  • LOW: otherwise → emit the explicit fallback token for that slot.
- If band == HIGH → emit the VERIFIED token (exact text from detector/classifier/OCR).
- If band == MEDIUM → emit only a token from the strict MEDIUM whitelist (enumerated below).
- If band == LOW → emit the prescribed fallback token for that slot (see fallbacks list).

First‑words constraint (hard)
- The first 6–8 words must contain at least the subject group token (or a plural fallback noun) and any HIGH‑verified anchor/prop. If no HIGH verification exists by the time the 8th word would be emitted, emit the plural fallback subject token (people/dogs/vehicles/group of people) as the first token and use anchor fallback tokens later.

Count rules (strict)
- Emit a digit only when Count is HIGH verified by geometry/segmentation OR detector_count_confidence ≥ 0.70. Otherwise use plural fallback nouns (people/dogs/vehicles/group of people). Do not append qualifiers.

Micro‑action / contact (template)
- HIGH only: exact template ""left|right [hand|foot|part] [strong‑verb] [object]"" (e.g., ""right hand holding woven basket""). Motion verbs allowed only with motion evidence.
- MEDIUM only: choose from the enumerated MEDIUM micro‑verb whitelist (e.g., holding, carrying, pushing) and use the same short template.
- LOW: use conservative fallback ""[part] near [object]"" (e.g., ""right hand near woven basket"").
- Never use hedges or speculative wording.

Fine‑class and anchors
- Emit fine class only when HIGH verified (classifier_conf≥0.60) or MEDIUM using a tightly enumerated MEDIUM set. Otherwise use dataset lexicon fallback: storefront, painted metal shutter, two‑wheeled vehicle, woven basket, cart, minivan, marquee, group of people.
- Anchor priority and allowed tokens (attempt in order): marquee/storefront, corrugated metal shutter, flagpole, red rectangular signs, ladder, bicycle/two‑wheeled vehicle, guitar/amp case, boats/canopies. If unverified, use positional anchor fallbacks: ""storefront behind"", ""flagpole left"", ""marquee above"", ""painted metal shutter"".

OCR / signage
- HIGH OCR_quote_verified → quote exact text (counts toward length).
- MEDIUM OCR → emit only allowed low‑risk signage descriptors (e.g., ""large red sign upper right"", ""marquee above entrance"", ""three red rectangular signs upper right"").
- LOW → emit anchor positional fallback (e.g., ""storefront behind"").
- Never invent partial words or brand names.

Saliency tie‑breaking
- When multiple VERIFIED candidates compete, choose by saliency order: text > face > large color patch/prop > clothing. If still tied, prefer earlier slot order.

Pruning, compression, and length control (enforced)
- Target length: 10–14 words. Hard cap: 18 words. Allow up to 20 words only when emitting quoted text or two HIGH VERIFIED fine classes.
- Before emitting each token check estimated cumulative length; if adding the token would exceed hard cap, run deterministic pruning:
   1) Compress adjective chains into compact noun phrases.
   2) Iteratively remove descriptors in this exact priority: lighting/reflection → object state/material → background/ancillary context.
   3) Never remove HIGH‑verified tokens from slots 1–3.
- Continue pruning until within cap. If still over cap after pruning, follow the final validator fallback (below).

De‑duplication and normalization
- Collapse exact repeated phrases and repeated tokens. Merge adjective chains (e.g., ""rustic wooden facade""). Prohibit repeating the same phrase in the final sentence.

MEDIUM‑allowed lists (examples to use only under MEDIUM band)
- Micro‑verbs: holding, carrying, pushing, pulling.
- Fine‑class limited detector labels: bicycle, motorbike/scooter, ladder, vendor/produce stand, ladder, performer.
- Signage descriptors (MEDIUM OCR): the low‑risk set listed above.

Final validator (must pass)
- After assembly and pruning ensure:
   • single grammatical sentence of comma‑separated short phrases;
   • length within caps;
   • first 6–8 words include subject or plural fallback;
   • no hedges or invented brand/text; no duplicated phrases;
   • only allowed MEDIUM tokens used under MEDIUM band.
- If validator fails → emit the minimal safe caption constructed deterministically as: ""[plural fallback subject] center foreground, right hand near object, storefront behind"" compressed to ≤10 words (substitute appropriate fallback tokens based on verification results).

Preferred micro‑templates (use when slots permit)
- ""1 woman center foreground, right hand holding woven basket of oranges, storefront behind.""
- ""two dogs left foreground, small white dog jumping at car passenger window, woman leaning out.""
- ""1 person right foreground, standing by two‑wheeled vehicle, painted metal shutter behind.""

Anti‑hallucination absolute rules (must follow)
- Never invent brand names, partial text, ages, emotions, intentions, or unsupported attributes. No hedges. When verification is insufficient, use the prescribed fallback lexicon.

Produce only the single validated sentence as the final caption.","woman center foreground, right hand raised in fist, wearing sunglasses and black jacket with ""HORA YEDA PEACEMENT JA"" patch, crowd behind holding signs",0,1,Qwen/Qwen3-VL-8B-Instruct,0.0,,64,"{""temperature"": 0.0, ""top_p"": null, ""max_new_tokens"": 64}",0.29966217279434204,0.23933303356170654,23,False
flickr30k_main_seed1_train,textgrad_clip,textgrad_clip__textgrad_42ce013524,110,13576,flickr30k_test_013576,images/flickr30k/flickr30k_test_013576.jpg,"[""A boy in a New York Mets shirt sitting on a toy Harly Davison motorcycle on a tennis court."", ""A young boy wearing a Mets jersey poses on a toy motorcycle in a recreational area."", ""A boy wearing a Mets jersey is riding a moter bike on the playground."", ""Little boy rides around playground on a motorized bike."", ""A boy in a Mets jersey poses on his bike.""]",textgrad_42ce013524,TextGrad Step 17,"Output exactly one concise, information‑dense caption: a single grammatical sentence composed of comma‑separated short phrases. Produce only that one sentence and nothing else.

Assembly pipeline (deterministic, single pass)
1) Slots (fill in this order; append only one token per slot unless slot allows multiple):
   a. Subject group(s) + HIGH‑value prop/anchor (0–3 groups; must appear first).
   b. Micro‑action/contact (exact template rules below).
   c. Fine class (verified label or dataset lexicon fallback).
   d. Clothing / clear pose / orientation (only if HIGH/MEDIUM verified).
   e. Up to two anchors/signage (only if verified; otherwise use positional anchor fallback tokens).
   f. Cropping/depth token (only if HIGH verified).

Verification → emission rules (deterministic)
- For every slot compute evidence_set = {geometry, segmentation, detector_confidence, contact_confidence, motion_confidence, OCR_confidence, saliency_score, textspot_confidence} and map to a band:
  • HIGH: any single evidence ≥ HIGH threshold → allow VERIFIED emission.
  • MEDIUM: two complementary evidences ≥ MEDIUM threshold → allow only from the enumerated MEDIUM‑allowed list for that slot.
  • LOW: otherwise → emit the explicit fallback token for that slot.
- If band == HIGH → emit the VERIFIED token (exact text from detector/classifier/OCR).
- If band == MEDIUM → emit only a token from the strict MEDIUM whitelist (enumerated below).
- If band == LOW → emit the prescribed fallback token for that slot (see fallbacks list).

First‑words constraint (hard)
- The first 6–8 words must contain at least the subject group token (or a plural fallback noun) and any HIGH‑verified anchor/prop. If no HIGH verification exists by the time the 8th word would be emitted, emit the plural fallback subject token (people/dogs/vehicles/group of people) as the first token and use anchor fallback tokens later.

Count rules (strict)
- Emit a digit only when Count is HIGH verified by geometry/segmentation OR detector_count_confidence ≥ 0.70. Otherwise use plural fallback nouns (people/dogs/vehicles/group of people). Do not append qualifiers.

Micro‑action / contact (template)
- HIGH only: exact template ""left|right [hand|foot|part] [strong‑verb] [object]"" (e.g., ""right hand holding woven basket""). Motion verbs allowed only with motion evidence.
- MEDIUM only: choose from the enumerated MEDIUM micro‑verb whitelist (e.g., holding, carrying, pushing) and use the same short template.
- LOW: use conservative fallback ""[part] near [object]"" (e.g., ""right hand near woven basket"").
- Never use hedges or speculative wording.

Fine‑class and anchors
- Emit fine class only when HIGH verified (classifier_conf≥0.60) or MEDIUM using a tightly enumerated MEDIUM set. Otherwise use dataset lexicon fallback: storefront, painted metal shutter, two‑wheeled vehicle, woven basket, cart, minivan, marquee, group of people.
- Anchor priority and allowed tokens (attempt in order): marquee/storefront, corrugated metal shutter, flagpole, red rectangular signs, ladder, bicycle/two‑wheeled vehicle, guitar/amp case, boats/canopies. If unverified, use positional anchor fallbacks: ""storefront behind"", ""flagpole left"", ""marquee above"", ""painted metal shutter"".

OCR / signage
- HIGH OCR_quote_verified → quote exact text (counts toward length).
- MEDIUM OCR → emit only allowed low‑risk signage descriptors (e.g., ""large red sign upper right"", ""marquee above entrance"", ""three red rectangular signs upper right"").
- LOW → emit anchor positional fallback (e.g., ""storefront behind"").
- Never invent partial words or brand names.

Saliency tie‑breaking
- When multiple VERIFIED candidates compete, choose by saliency order: text > face > large color patch/prop > clothing. If still tied, prefer earlier slot order.

Pruning, compression, and length control (enforced)
- Target length: 10–14 words. Hard cap: 18 words. Allow up to 20 words only when emitting quoted text or two HIGH VERIFIED fine classes.
- Before emitting each token check estimated cumulative length; if adding the token would exceed hard cap, run deterministic pruning:
   1) Compress adjective chains into compact noun phrases.
   2) Iteratively remove descriptors in this exact priority: lighting/reflection → object state/material → background/ancillary context.
   3) Never remove HIGH‑verified tokens from slots 1–3.
- Continue pruning until within cap. If still over cap after pruning, follow the final validator fallback (below).

De‑duplication and normalization
- Collapse exact repeated phrases and repeated tokens. Merge adjective chains (e.g., ""rustic wooden facade""). Prohibit repeating the same phrase in the final sentence.

MEDIUM‑allowed lists (examples to use only under MEDIUM band)
- Micro‑verbs: holding, carrying, pushing, pulling.
- Fine‑class limited detector labels: bicycle, motorbike/scooter, ladder, vendor/produce stand, ladder, performer.
- Signage descriptors (MEDIUM OCR): the low‑risk set listed above.

Final validator (must pass)
- After assembly and pruning ensure:
   • single grammatical sentence of comma‑separated short phrases;
   • length within caps;
   • first 6–8 words include subject or plural fallback;
   • no hedges or invented brand/text; no duplicated phrases;
   • only allowed MEDIUM tokens used under MEDIUM band.
- If validator fails → emit the minimal safe caption constructed deterministically as: ""[plural fallback subject] center foreground, right hand near object, storefront behind"" compressed to ≤10 words (substitute appropriate fallback tokens based on verification results).

Preferred micro‑templates (use when slots permit)
- ""1 woman center foreground, right hand holding woven basket of oranges, storefront behind.""
- ""two dogs left foreground, small white dog jumping at car passenger window, woman leaning out.""
- ""1 person right foreground, standing by two‑wheeled vehicle, painted metal shutter behind.""

Anti‑hallucination absolute rules (must follow)
- Never invent brand names, partial text, ages, emotions, intentions, or unsupported attributes. No hedges. When verification is insufficient, use the prescribed fallback lexicon.

Produce only the single validated sentence as the final caption.","Boy in Mets jersey rides red motorcycle, smiling, on asphalt court with painted wall behind.",0,1,Qwen/Qwen3-VL-8B-Instruct,0.0,,64,"{""temperature"": 0.0, ""top_p"": null, ""max_new_tokens"": 64}",0.37858718633651733,0.26541098952293396,15,False
flickr30k_main_seed1_train,textgrad_clip,textgrad_clip__textgrad_42ce013524,113,12029,flickr30k_test_012029,images/flickr30k/flickr30k_test_012029.jpg,"[""Four ferry boats are docked at a visitor's center with passengers waiting to board."", ""People congregate on a platform in a river among decorated boats."", ""People are gathered on a platform in water for a ceremony."", ""A group of people waiting to ride boats."", ""People wait to board boats.""]",textgrad_42ce013524,TextGrad Step 17,"Output exactly one concise, information‑dense caption: a single grammatical sentence composed of comma‑separated short phrases. Produce only that one sentence and nothing else.

Assembly pipeline (deterministic, single pass)
1) Slots (fill in this order; append only one token per slot unless slot allows multiple):
   a. Subject group(s) + HIGH‑value prop/anchor (0–3 groups; must appear first).
   b. Micro‑action/contact (exact template rules below).
   c. Fine class (verified label or dataset lexicon fallback).
   d. Clothing / clear pose / orientation (only if HIGH/MEDIUM verified).
   e. Up to two anchors/signage (only if verified; otherwise use positional anchor fallback tokens).
   f. Cropping/depth token (only if HIGH verified).

Verification → emission rules (deterministic)
- For every slot compute evidence_set = {geometry, segmentation, detector_confidence, contact_confidence, motion_confidence, OCR_confidence, saliency_score, textspot_confidence} and map to a band:
  • HIGH: any single evidence ≥ HIGH threshold → allow VERIFIED emission.
  • MEDIUM: two complementary evidences ≥ MEDIUM threshold → allow only from the enumerated MEDIUM‑allowed list for that slot.
  • LOW: otherwise → emit the explicit fallback token for that slot.
- If band == HIGH → emit the VERIFIED token (exact text from detector/classifier/OCR).
- If band == MEDIUM → emit only a token from the strict MEDIUM whitelist (enumerated below).
- If band == LOW → emit the prescribed fallback token for that slot (see fallbacks list).

First‑words constraint (hard)
- The first 6–8 words must contain at least the subject group token (or a plural fallback noun) and any HIGH‑verified anchor/prop. If no HIGH verification exists by the time the 8th word would be emitted, emit the plural fallback subject token (people/dogs/vehicles/group of people) as the first token and use anchor fallback tokens later.

Count rules (strict)
- Emit a digit only when Count is HIGH verified by geometry/segmentation OR detector_count_confidence ≥ 0.70. Otherwise use plural fallback nouns (people/dogs/vehicles/group of people). Do not append qualifiers.

Micro‑action / contact (template)
- HIGH only: exact template ""left|right [hand|foot|part] [strong‑verb] [object]"" (e.g., ""right hand holding woven basket""). Motion verbs allowed only with motion evidence.
- MEDIUM only: choose from the enumerated MEDIUM micro‑verb whitelist (e.g., holding, carrying, pushing) and use the same short template.
- LOW: use conservative fallback ""[part] near [object]"" (e.g., ""right hand near woven basket"").
- Never use hedges or speculative wording.

Fine‑class and anchors
- Emit fine class only when HIGH verified (classifier_conf≥0.60) or MEDIUM using a tightly enumerated MEDIUM set. Otherwise use dataset lexicon fallback: storefront, painted metal shutter, two‑wheeled vehicle, woven basket, cart, minivan, marquee, group of people.
- Anchor priority and allowed tokens (attempt in order): marquee/storefront, corrugated metal shutter, flagpole, red rectangular signs, ladder, bicycle/two‑wheeled vehicle, guitar/amp case, boats/canopies. If unverified, use positional anchor fallbacks: ""storefront behind"", ""flagpole left"", ""marquee above"", ""painted metal shutter"".

OCR / signage
- HIGH OCR_quote_verified → quote exact text (counts toward length).
- MEDIUM OCR → emit only allowed low‑risk signage descriptors (e.g., ""large red sign upper right"", ""marquee above entrance"", ""three red rectangular signs upper right"").
- LOW → emit anchor positional fallback (e.g., ""storefront behind"").
- Never invent partial words or brand names.

Saliency tie‑breaking
- When multiple VERIFIED candidates compete, choose by saliency order: text > face > large color patch/prop > clothing. If still tied, prefer earlier slot order.

Pruning, compression, and length control (enforced)
- Target length: 10–14 words. Hard cap: 18 words. Allow up to 20 words only when emitting quoted text or two HIGH VERIFIED fine classes.
- Before emitting each token check estimated cumulative length; if adding the token would exceed hard cap, run deterministic pruning:
   1) Compress adjective chains into compact noun phrases.
   2) Iteratively remove descriptors in this exact priority: lighting/reflection → object state/material → background/ancillary context.
   3) Never remove HIGH‑verified tokens from slots 1–3.
- Continue pruning until within cap. If still over cap after pruning, follow the final validator fallback (below).

De‑duplication and normalization
- Collapse exact repeated phrases and repeated tokens. Merge adjective chains (e.g., ""rustic wooden facade""). Prohibit repeating the same phrase in the final sentence.

MEDIUM‑allowed lists (examples to use only under MEDIUM band)
- Micro‑verbs: holding, carrying, pushing, pulling.
- Fine‑class limited detector labels: bicycle, motorbike/scooter, ladder, vendor/produce stand, ladder, performer.
- Signage descriptors (MEDIUM OCR): the low‑risk set listed above.

Final validator (must pass)
- After assembly and pruning ensure:
   • single grammatical sentence of comma‑separated short phrases;
   • length within caps;
   • first 6–8 words include subject or plural fallback;
   • no hedges or invented brand/text; no duplicated phrases;
   • only allowed MEDIUM tokens used under MEDIUM band.
- If validator fails → emit the minimal safe caption constructed deterministically as: ""[plural fallback subject] center foreground, right hand near object, storefront behind"" compressed to ≤10 words (substitute appropriate fallback tokens based on verification results).

Preferred micro‑templates (use when slots permit)
- ""1 woman center foreground, right hand holding woven basket of oranges, storefront behind.""
- ""two dogs left foreground, small white dog jumping at car passenger window, woman leaning out.""
- ""1 person right foreground, standing by two‑wheeled vehicle, painted metal shutter behind.""

Anti‑hallucination absolute rules (must follow)
- Never invent brand names, partial text, ages, emotions, intentions, or unsupported attributes. No hedges. When verification is insufficient, use the prescribed fallback lexicon.

Produce only the single validated sentence as the final caption.","people on floating platform near temple, right hand holding woven basket, storefront behind, marquee above",0,1,Qwen/Qwen3-VL-8B-Instruct,0.0,,64,"{""temperature"": 0.0, ""top_p"": null, ""max_new_tokens"": 64}",0.2589179277420044,0.11206822097301483,15,False
flickr30k_main_seed1_train,textgrad_clip,textgrad_clip__textgrad_42ce013524,116,23037,flickr30k_test_023037,images/flickr30k/flickr30k_test_023037.jpg,"[""A man with a black t-shirt is holding a yellow electric guitar on stage at a music event."", ""A man in black clothing plays electric guitar on stage."", ""A man in a black shirt playing guitar in a band."", ""A guy playing a guitar on a stage smiling."", ""A musician is entertaining the crowd.""]",textgrad_42ce013524,TextGrad Step 17,"Output exactly one concise, information‑dense caption: a single grammatical sentence composed of comma‑separated short phrases. Produce only that one sentence and nothing else.

Assembly pipeline (deterministic, single pass)
1) Slots (fill in this order; append only one token per slot unless slot allows multiple):
   a. Subject group(s) + HIGH‑value prop/anchor (0–3 groups; must appear first).
   b. Micro‑action/contact (exact template rules below).
   c. Fine class (verified label or dataset lexicon fallback).
   d. Clothing / clear pose / orientation (only if HIGH/MEDIUM verified).
   e. Up to two anchors/signage (only if verified; otherwise use positional anchor fallback tokens).
   f. Cropping/depth token (only if HIGH verified).

Verification → emission rules (deterministic)
- For every slot compute evidence_set = {geometry, segmentation, detector_confidence, contact_confidence, motion_confidence, OCR_confidence, saliency_score, textspot_confidence} and map to a band:
  • HIGH: any single evidence ≥ HIGH threshold → allow VERIFIED emission.
  • MEDIUM: two complementary evidences ≥ MEDIUM threshold → allow only from the enumerated MEDIUM‑allowed list for that slot.
  • LOW: otherwise → emit the explicit fallback token for that slot.
- If band == HIGH → emit the VERIFIED token (exact text from detector/classifier/OCR).
- If band == MEDIUM → emit only a token from the strict MEDIUM whitelist (enumerated below).
- If band == LOW → emit the prescribed fallback token for that slot (see fallbacks list).

First‑words constraint (hard)
- The first 6–8 words must contain at least the subject group token (or a plural fallback noun) and any HIGH‑verified anchor/prop. If no HIGH verification exists by the time the 8th word would be emitted, emit the plural fallback subject token (people/dogs/vehicles/group of people) as the first token and use anchor fallback tokens later.

Count rules (strict)
- Emit a digit only when Count is HIGH verified by geometry/segmentation OR detector_count_confidence ≥ 0.70. Otherwise use plural fallback nouns (people/dogs/vehicles/group of people). Do not append qualifiers.

Micro‑action / contact (template)
- HIGH only: exact template ""left|right [hand|foot|part] [strong‑verb] [object]"" (e.g., ""right hand holding woven basket""). Motion verbs allowed only with motion evidence.
- MEDIUM only: choose from the enumerated MEDIUM micro‑verb whitelist (e.g., holding, carrying, pushing) and use the same short template.
- LOW: use conservative fallback ""[part] near [object]"" (e.g., ""right hand near woven basket"").
- Never use hedges or speculative wording.

Fine‑class and anchors
- Emit fine class only when HIGH verified (classifier_conf≥0.60) or MEDIUM using a tightly enumerated MEDIUM set. Otherwise use dataset lexicon fallback: storefront, painted metal shutter, two‑wheeled vehicle, woven basket, cart, minivan, marquee, group of people.
- Anchor priority and allowed tokens (attempt in order): marquee/storefront, corrugated metal shutter, flagpole, red rectangular signs, ladder, bicycle/two‑wheeled vehicle, guitar/amp case, boats/canopies. If unverified, use positional anchor fallbacks: ""storefront behind"", ""flagpole left"", ""marquee above"", ""painted metal shutter"".

OCR / signage
- HIGH OCR_quote_verified → quote exact text (counts toward length).
- MEDIUM OCR → emit only allowed low‑risk signage descriptors (e.g., ""large red sign upper right"", ""marquee above entrance"", ""three red rectangular signs upper right"").
- LOW → emit anchor positional fallback (e.g., ""storefront behind"").
- Never invent partial words or brand names.

Saliency tie‑breaking
- When multiple VERIFIED candidates compete, choose by saliency order: text > face > large color patch/prop > clothing. If still tied, prefer earlier slot order.

Pruning, compression, and length control (enforced)
- Target length: 10–14 words. Hard cap: 18 words. Allow up to 20 words only when emitting quoted text or two HIGH VERIFIED fine classes.
- Before emitting each token check estimated cumulative length; if adding the token would exceed hard cap, run deterministic pruning:
   1) Compress adjective chains into compact noun phrases.
   2) Iteratively remove descriptors in this exact priority: lighting/reflection → object state/material → background/ancillary context.
   3) Never remove HIGH‑verified tokens from slots 1–3.
- Continue pruning until within cap. If still over cap after pruning, follow the final validator fallback (below).

De‑duplication and normalization
- Collapse exact repeated phrases and repeated tokens. Merge adjective chains (e.g., ""rustic wooden facade""). Prohibit repeating the same phrase in the final sentence.

MEDIUM‑allowed lists (examples to use only under MEDIUM band)
- Micro‑verbs: holding, carrying, pushing, pulling.
- Fine‑class limited detector labels: bicycle, motorbike/scooter, ladder, vendor/produce stand, ladder, performer.
- Signage descriptors (MEDIUM OCR): the low‑risk set listed above.

Final validator (must pass)
- After assembly and pruning ensure:
   • single grammatical sentence of comma‑separated short phrases;
   • length within caps;
   • first 6–8 words include subject or plural fallback;
   • no hedges or invented brand/text; no duplicated phrases;
   • only allowed MEDIUM tokens used under MEDIUM band.
- If validator fails → emit the minimal safe caption constructed deterministically as: ""[plural fallback subject] center foreground, right hand near object, storefront behind"" compressed to ≤10 words (substitute appropriate fallback tokens based on verification results).

Preferred micro‑templates (use when slots permit)
- ""1 woman center foreground, right hand holding woven basket of oranges, storefront behind.""
- ""two dogs left foreground, small white dog jumping at car passenger window, woman leaning out.""
- ""1 person right foreground, standing by two‑wheeled vehicle, painted metal shutter behind.""

Anti‑hallucination absolute rules (must follow)
- Never invent brand names, partial text, ages, emotions, intentions, or unsupported attributes. No hedges. When verification is insufficient, use the prescribed fallback lexicon.

Produce only the single validated sentence as the final caption.","man center stage playing yellow electric guitar, smiling, black shirt, microphone stand nearby, audience in foreground, stage lights blue, drum kit right side, cymbals visible, amplifier left side",0,1,Qwen/Qwen3-VL-8B-Instruct,0.0,,64,"{""temperature"": 0.0, ""top_p"": null, ""max_new_tokens"": 64}",0.30618003010749817,0.15553027391433716,28,False
flickr30k_main_seed1_train,textgrad_clip,textgrad_clip__textgrad_42ce013524,117,25422,flickr30k_test_025422,images/flickr30k/flickr30k_test_025422.jpg,"[""Two children soccer players battle over a ball, one wears white with red stripes and is black, the other, number 11 is an unknown race and wears yellow and black a, numbers 11's teammate is blurred near the goal post."", ""Two children, one in white and one wearing black and yellow try to get a soccer ball while an umpire watches them."", ""Two soccer players colliding as they try to kick the ball."", ""In this photo there are three teenagers playing soccer."", ""Two children playing soccer in a grassy field.""]",textgrad_42ce013524,TextGrad Step 17,"Output exactly one concise, information‑dense caption: a single grammatical sentence composed of comma‑separated short phrases. Produce only that one sentence and nothing else.

Assembly pipeline (deterministic, single pass)
1) Slots (fill in this order; append only one token per slot unless slot allows multiple):
   a. Subject group(s) + HIGH‑value prop/anchor (0–3 groups; must appear first).
   b. Micro‑action/contact (exact template rules below).
   c. Fine class (verified label or dataset lexicon fallback).
   d. Clothing / clear pose / orientation (only if HIGH/MEDIUM verified).
   e. Up to two anchors/signage (only if verified; otherwise use positional anchor fallback tokens).
   f. Cropping/depth token (only if HIGH verified).

Verification → emission rules (deterministic)
- For every slot compute evidence_set = {geometry, segmentation, detector_confidence, contact_confidence, motion_confidence, OCR_confidence, saliency_score, textspot_confidence} and map to a band:
  • HIGH: any single evidence ≥ HIGH threshold → allow VERIFIED emission.
  • MEDIUM: two complementary evidences ≥ MEDIUM threshold → allow only from the enumerated MEDIUM‑allowed list for that slot.
  • LOW: otherwise → emit the explicit fallback token for that slot.
- If band == HIGH → emit the VERIFIED token (exact text from detector/classifier/OCR).
- If band == MEDIUM → emit only a token from the strict MEDIUM whitelist (enumerated below).
- If band == LOW → emit the prescribed fallback token for that slot (see fallbacks list).

First‑words constraint (hard)
- The first 6–8 words must contain at least the subject group token (or a plural fallback noun) and any HIGH‑verified anchor/prop. If no HIGH verification exists by the time the 8th word would be emitted, emit the plural fallback subject token (people/dogs/vehicles/group of people) as the first token and use anchor fallback tokens later.

Count rules (strict)
- Emit a digit only when Count is HIGH verified by geometry/segmentation OR detector_count_confidence ≥ 0.70. Otherwise use plural fallback nouns (people/dogs/vehicles/group of people). Do not append qualifiers.

Micro‑action / contact (template)
- HIGH only: exact template ""left|right [hand|foot|part] [strong‑verb] [object]"" (e.g., ""right hand holding woven basket""). Motion verbs allowed only with motion evidence.
- MEDIUM only: choose from the enumerated MEDIUM micro‑verb whitelist (e.g., holding, carrying, pushing) and use the same short template.
- LOW: use conservative fallback ""[part] near [object]"" (e.g., ""right hand near woven basket"").
- Never use hedges or speculative wording.

Fine‑class and anchors
- Emit fine class only when HIGH verified (classifier_conf≥0.60) or MEDIUM using a tightly enumerated MEDIUM set. Otherwise use dataset lexicon fallback: storefront, painted metal shutter, two‑wheeled vehicle, woven basket, cart, minivan, marquee, group of people.
- Anchor priority and allowed tokens (attempt in order): marquee/storefront, corrugated metal shutter, flagpole, red rectangular signs, ladder, bicycle/two‑wheeled vehicle, guitar/amp case, boats/canopies. If unverified, use positional anchor fallbacks: ""storefront behind"", ""flagpole left"", ""marquee above"", ""painted metal shutter"".

OCR / signage
- HIGH OCR_quote_verified → quote exact text (counts toward length).
- MEDIUM OCR → emit only allowed low‑risk signage descriptors (e.g., ""large red sign upper right"", ""marquee above entrance"", ""three red rectangular signs upper right"").
- LOW → emit anchor positional fallback (e.g., ""storefront behind"").
- Never invent partial words or brand names.

Saliency tie‑breaking
- When multiple VERIFIED candidates compete, choose by saliency order: text > face > large color patch/prop > clothing. If still tied, prefer earlier slot order.

Pruning, compression, and length control (enforced)
- Target length: 10–14 words. Hard cap: 18 words. Allow up to 20 words only when emitting quoted text or two HIGH VERIFIED fine classes.
- Before emitting each token check estimated cumulative length; if adding the token would exceed hard cap, run deterministic pruning:
   1) Compress adjective chains into compact noun phrases.
   2) Iteratively remove descriptors in this exact priority: lighting/reflection → object state/material → background/ancillary context.
   3) Never remove HIGH‑verified tokens from slots 1–3.
- Continue pruning until within cap. If still over cap after pruning, follow the final validator fallback (below).

De‑duplication and normalization
- Collapse exact repeated phrases and repeated tokens. Merge adjective chains (e.g., ""rustic wooden facade""). Prohibit repeating the same phrase in the final sentence.

MEDIUM‑allowed lists (examples to use only under MEDIUM band)
- Micro‑verbs: holding, carrying, pushing, pulling.
- Fine‑class limited detector labels: bicycle, motorbike/scooter, ladder, vendor/produce stand, ladder, performer.
- Signage descriptors (MEDIUM OCR): the low‑risk set listed above.

Final validator (must pass)
- After assembly and pruning ensure:
   • single grammatical sentence of comma‑separated short phrases;
   • length within caps;
   • first 6–8 words include subject or plural fallback;
   • no hedges or invented brand/text; no duplicated phrases;
   • only allowed MEDIUM tokens used under MEDIUM band.
- If validator fails → emit the minimal safe caption constructed deterministically as: ""[plural fallback subject] center foreground, right hand near object, storefront behind"" compressed to ≤10 words (substitute appropriate fallback tokens based on verification results).

Preferred micro‑templates (use when slots permit)
- ""1 woman center foreground, right hand holding woven basket of oranges, storefront behind.""
- ""two dogs left foreground, small white dog jumping at car passenger window, woman leaning out.""
- ""1 person right foreground, standing by two‑wheeled vehicle, painted metal shutter behind.""

Anti‑hallucination absolute rules (must follow)
- Never invent brand names, partial text, ages, emotions, intentions, or unsupported attributes. No hedges. When verification is insufficient, use the prescribed fallback lexicon.

Produce only the single validated sentence as the final caption.","Two soccer players, one in yellow jersey number 11 and the other in white, compete for the ball on a green field with a goalkeeper in the background.",0,1,Qwen/Qwen3-VL-8B-Instruct,0.0,,64,"{""temperature"": 0.0, ""top_p"": null, ""max_new_tokens"": 64}",0.2954521179199219,0.15278147161006927,28,False
flickr30k_main_seed1_train,textgrad_clip,textgrad_clip__textgrad_42ce013524,126,25508,flickr30k_test_025508,images/flickr30k/flickr30k_test_025508.jpg,"[""A man in an orange shirt does a flip off a sand dune in the desert."", ""A young boy is doing a cannon ball outside near the desert sand."", ""Man in t-shirt and shorts doing a backflip on a sand hill."", ""A man is doing a flip in the air off of a sand dune."", ""A boy doing a back flip off of a sand dune.""]",textgrad_42ce013524,TextGrad Step 17,"Output exactly one concise, information‑dense caption: a single grammatical sentence composed of comma‑separated short phrases. Produce only that one sentence and nothing else.

Assembly pipeline (deterministic, single pass)
1) Slots (fill in this order; append only one token per slot unless slot allows multiple):
   a. Subject group(s) + HIGH‑value prop/anchor (0–3 groups; must appear first).
   b. Micro‑action/contact (exact template rules below).
   c. Fine class (verified label or dataset lexicon fallback).
   d. Clothing / clear pose / orientation (only if HIGH/MEDIUM verified).
   e. Up to two anchors/signage (only if verified; otherwise use positional anchor fallback tokens).
   f. Cropping/depth token (only if HIGH verified).

Verification → emission rules (deterministic)
- For every slot compute evidence_set = {geometry, segmentation, detector_confidence, contact_confidence, motion_confidence, OCR_confidence, saliency_score, textspot_confidence} and map to a band:
  • HIGH: any single evidence ≥ HIGH threshold → allow VERIFIED emission.
  • MEDIUM: two complementary evidences ≥ MEDIUM threshold → allow only from the enumerated MEDIUM‑allowed list for that slot.
  • LOW: otherwise → emit the explicit fallback token for that slot.
- If band == HIGH → emit the VERIFIED token (exact text from detector/classifier/OCR).
- If band == MEDIUM → emit only a token from the strict MEDIUM whitelist (enumerated below).
- If band == LOW → emit the prescribed fallback token for that slot (see fallbacks list).

First‑words constraint (hard)
- The first 6–8 words must contain at least the subject group token (or a plural fallback noun) and any HIGH‑verified anchor/prop. If no HIGH verification exists by the time the 8th word would be emitted, emit the plural fallback subject token (people/dogs/vehicles/group of people) as the first token and use anchor fallback tokens later.

Count rules (strict)
- Emit a digit only when Count is HIGH verified by geometry/segmentation OR detector_count_confidence ≥ 0.70. Otherwise use plural fallback nouns (people/dogs/vehicles/group of people). Do not append qualifiers.

Micro‑action / contact (template)
- HIGH only: exact template ""left|right [hand|foot|part] [strong‑verb] [object]"" (e.g., ""right hand holding woven basket""). Motion verbs allowed only with motion evidence.
- MEDIUM only: choose from the enumerated MEDIUM micro‑verb whitelist (e.g., holding, carrying, pushing) and use the same short template.
- LOW: use conservative fallback ""[part] near [object]"" (e.g., ""right hand near woven basket"").
- Never use hedges or speculative wording.

Fine‑class and anchors
- Emit fine class only when HIGH verified (classifier_conf≥0.60) or MEDIUM using a tightly enumerated MEDIUM set. Otherwise use dataset lexicon fallback: storefront, painted metal shutter, two‑wheeled vehicle, woven basket, cart, minivan, marquee, group of people.
- Anchor priority and allowed tokens (attempt in order): marquee/storefront, corrugated metal shutter, flagpole, red rectangular signs, ladder, bicycle/two‑wheeled vehicle, guitar/amp case, boats/canopies. If unverified, use positional anchor fallbacks: ""storefront behind"", ""flagpole left"", ""marquee above"", ""painted metal shutter"".

OCR / signage
- HIGH OCR_quote_verified → quote exact text (counts toward length).
- MEDIUM OCR → emit only allowed low‑risk signage descriptors (e.g., ""large red sign upper right"", ""marquee above entrance"", ""three red rectangular signs upper right"").
- LOW → emit anchor positional fallback (e.g., ""storefront behind"").
- Never invent partial words or brand names.

Saliency tie‑breaking
- When multiple VERIFIED candidates compete, choose by saliency order: text > face > large color patch/prop > clothing. If still tied, prefer earlier slot order.

Pruning, compression, and length control (enforced)
- Target length: 10–14 words. Hard cap: 18 words. Allow up to 20 words only when emitting quoted text or two HIGH VERIFIED fine classes.
- Before emitting each token check estimated cumulative length; if adding the token would exceed hard cap, run deterministic pruning:
   1) Compress adjective chains into compact noun phrases.
   2) Iteratively remove descriptors in this exact priority: lighting/reflection → object state/material → background/ancillary context.
   3) Never remove HIGH‑verified tokens from slots 1–3.
- Continue pruning until within cap. If still over cap after pruning, follow the final validator fallback (below).

De‑duplication and normalization
- Collapse exact repeated phrases and repeated tokens. Merge adjective chains (e.g., ""rustic wooden facade""). Prohibit repeating the same phrase in the final sentence.

MEDIUM‑allowed lists (examples to use only under MEDIUM band)
- Micro‑verbs: holding, carrying, pushing, pulling.
- Fine‑class limited detector labels: bicycle, motorbike/scooter, ladder, vendor/produce stand, ladder, performer.
- Signage descriptors (MEDIUM OCR): the low‑risk set listed above.

Final validator (must pass)
- After assembly and pruning ensure:
   • single grammatical sentence of comma‑separated short phrases;
   • length within caps;
   • first 6–8 words include subject or plural fallback;
   • no hedges or invented brand/text; no duplicated phrases;
   • only allowed MEDIUM tokens used under MEDIUM band.
- If validator fails → emit the minimal safe caption constructed deterministically as: ""[plural fallback subject] center foreground, right hand near object, storefront behind"" compressed to ≤10 words (substitute appropriate fallback tokens based on verification results).

Preferred micro‑templates (use when slots permit)
- ""1 woman center foreground, right hand holding woven basket of oranges, storefront behind.""
- ""two dogs left foreground, small white dog jumping at car passenger window, woman leaning out.""
- ""1 person right foreground, standing by two‑wheeled vehicle, painted metal shutter behind.""

Anti‑hallucination absolute rules (must follow)
- Never invent brand names, partial text, ages, emotions, intentions, or unsupported attributes. No hedges. When verification is insufficient, use the prescribed fallback lexicon.

Produce only the single validated sentence as the final caption.","Person mid-backflip above sand dune, arms extended, legs tucked, clear blue sky backdrop, sand spray trailing.",0,1,Qwen/Qwen3-VL-8B-Instruct,0.0,,64,"{""temperature"": 0.0, ""top_p"": null, ""max_new_tokens"": 64}",0.3315691351890564,0.19281908869743347,16,False
flickr30k_main_seed1_train,textgrad_clip,textgrad_clip__textgrad_42ce013524,127,5364,flickr30k_test_005364,images/flickr30k/flickr30k_test_005364.jpg,"[""A man is sitting in front of a Buddist monument."", ""A man stands in front of a statue."", ""Monk praying before buddha statue."", ""A person prays at a shrine."", ""A buddist worships buddha.""]",textgrad_42ce013524,TextGrad Step 17,"Output exactly one concise, information‑dense caption: a single grammatical sentence composed of comma‑separated short phrases. Produce only that one sentence and nothing else.

Assembly pipeline (deterministic, single pass)
1) Slots (fill in this order; append only one token per slot unless slot allows multiple):
   a. Subject group(s) + HIGH‑value prop/anchor (0–3 groups; must appear first).
   b. Micro‑action/contact (exact template rules below).
   c. Fine class (verified label or dataset lexicon fallback).
   d. Clothing / clear pose / orientation (only if HIGH/MEDIUM verified).
   e. Up to two anchors/signage (only if verified; otherwise use positional anchor fallback tokens).
   f. Cropping/depth token (only if HIGH verified).

Verification → emission rules (deterministic)
- For every slot compute evidence_set = {geometry, segmentation, detector_confidence, contact_confidence, motion_confidence, OCR_confidence, saliency_score, textspot_confidence} and map to a band:
  • HIGH: any single evidence ≥ HIGH threshold → allow VERIFIED emission.
  • MEDIUM: two complementary evidences ≥ MEDIUM threshold → allow only from the enumerated MEDIUM‑allowed list for that slot.
  • LOW: otherwise → emit the explicit fallback token for that slot.
- If band == HIGH → emit the VERIFIED token (exact text from detector/classifier/OCR).
- If band == MEDIUM → emit only a token from the strict MEDIUM whitelist (enumerated below).
- If band == LOW → emit the prescribed fallback token for that slot (see fallbacks list).

First‑words constraint (hard)
- The first 6–8 words must contain at least the subject group token (or a plural fallback noun) and any HIGH‑verified anchor/prop. If no HIGH verification exists by the time the 8th word would be emitted, emit the plural fallback subject token (people/dogs/vehicles/group of people) as the first token and use anchor fallback tokens later.

Count rules (strict)
- Emit a digit only when Count is HIGH verified by geometry/segmentation OR detector_count_confidence ≥ 0.70. Otherwise use plural fallback nouns (people/dogs/vehicles/group of people). Do not append qualifiers.

Micro‑action / contact (template)
- HIGH only: exact template ""left|right [hand|foot|part] [strong‑verb] [object]"" (e.g., ""right hand holding woven basket""). Motion verbs allowed only with motion evidence.
- MEDIUM only: choose from the enumerated MEDIUM micro‑verb whitelist (e.g., holding, carrying, pushing) and use the same short template.
- LOW: use conservative fallback ""[part] near [object]"" (e.g., ""right hand near woven basket"").
- Never use hedges or speculative wording.

Fine‑class and anchors
- Emit fine class only when HIGH verified (classifier_conf≥0.60) or MEDIUM using a tightly enumerated MEDIUM set. Otherwise use dataset lexicon fallback: storefront, painted metal shutter, two‑wheeled vehicle, woven basket, cart, minivan, marquee, group of people.
- Anchor priority and allowed tokens (attempt in order): marquee/storefront, corrugated metal shutter, flagpole, red rectangular signs, ladder, bicycle/two‑wheeled vehicle, guitar/amp case, boats/canopies. If unverified, use positional anchor fallbacks: ""storefront behind"", ""flagpole left"", ""marquee above"", ""painted metal shutter"".

OCR / signage
- HIGH OCR_quote_verified → quote exact text (counts toward length).
- MEDIUM OCR → emit only allowed low‑risk signage descriptors (e.g., ""large red sign upper right"", ""marquee above entrance"", ""three red rectangular signs upper right"").
- LOW → emit anchor positional fallback (e.g., ""storefront behind"").
- Never invent partial words or brand names.

Saliency tie‑breaking
- When multiple VERIFIED candidates compete, choose by saliency order: text > face > large color patch/prop > clothing. If still tied, prefer earlier slot order.

Pruning, compression, and length control (enforced)
- Target length: 10–14 words. Hard cap: 18 words. Allow up to 20 words only when emitting quoted text or two HIGH VERIFIED fine classes.
- Before emitting each token check estimated cumulative length; if adding the token would exceed hard cap, run deterministic pruning:
   1) Compress adjective chains into compact noun phrases.
   2) Iteratively remove descriptors in this exact priority: lighting/reflection → object state/material → background/ancillary context.
   3) Never remove HIGH‑verified tokens from slots 1–3.
- Continue pruning until within cap. If still over cap after pruning, follow the final validator fallback (below).

De‑duplication and normalization
- Collapse exact repeated phrases and repeated tokens. Merge adjective chains (e.g., ""rustic wooden facade""). Prohibit repeating the same phrase in the final sentence.

MEDIUM‑allowed lists (examples to use only under MEDIUM band)
- Micro‑verbs: holding, carrying, pushing, pulling.
- Fine‑class limited detector labels: bicycle, motorbike/scooter, ladder, vendor/produce stand, ladder, performer.
- Signage descriptors (MEDIUM OCR): the low‑risk set listed above.

Final validator (must pass)
- After assembly and pruning ensure:
   • single grammatical sentence of comma‑separated short phrases;
   • length within caps;
   • first 6–8 words include subject or plural fallback;
   • no hedges or invented brand/text; no duplicated phrases;
   • only allowed MEDIUM tokens used under MEDIUM band.
- If validator fails → emit the minimal safe caption constructed deterministically as: ""[plural fallback subject] center foreground, right hand near object, storefront behind"" compressed to ≤10 words (substitute appropriate fallback tokens based on verification results).

Preferred micro‑templates (use when slots permit)
- ""1 woman center foreground, right hand holding woven basket of oranges, storefront behind.""
- ""two dogs left foreground, small white dog jumping at car passenger window, woman leaning out.""
- ""1 person right foreground, standing by two‑wheeled vehicle, painted metal shutter behind.""

Anti‑hallucination absolute rules (must follow)
- Never invent brand names, partial text, ages, emotions, intentions, or unsupported attributes. No hedges. When verification is insufficient, use the prescribed fallback lexicon.

Produce only the single validated sentence as the final caption.","A monk kneels before a Buddha statue enshrined under a canopy, incense rising from a lotus-adorned censer in front.",0,1,Qwen/Qwen3-VL-8B-Instruct,0.0,,64,"{""temperature"": 0.0, ""top_p"": null, ""max_new_tokens"": 64}",0.3436358571052551,0.21958065032958984,19,False
flickr30k_main_seed1_train,textgrad_clip,textgrad_clip__textgrad_42ce013524,132,16046,flickr30k_test_016046,images/flickr30k/flickr30k_test_016046.jpg,"[""A group a youths sitting outdoors watching two people with a microphone that are doing something by a table with a basin and some soap."", ""Two young women speak into a microphone n front of a crowd of other young women."", ""Two young women are speaking with a microphone to a group of young girls."", ""Two girls doing a demonstration in front of an audience outside."", ""A woman in a blue shirt is speaking to a group of children.""]",textgrad_42ce013524,TextGrad Step 17,"Output exactly one concise, information‑dense caption: a single grammatical sentence composed of comma‑separated short phrases. Produce only that one sentence and nothing else.

Assembly pipeline (deterministic, single pass)
1) Slots (fill in this order; append only one token per slot unless slot allows multiple):
   a. Subject group(s) + HIGH‑value prop/anchor (0–3 groups; must appear first).
   b. Micro‑action/contact (exact template rules below).
   c. Fine class (verified label or dataset lexicon fallback).
   d. Clothing / clear pose / orientation (only if HIGH/MEDIUM verified).
   e. Up to two anchors/signage (only if verified; otherwise use positional anchor fallback tokens).
   f. Cropping/depth token (only if HIGH verified).

Verification → emission rules (deterministic)
- For every slot compute evidence_set = {geometry, segmentation, detector_confidence, contact_confidence, motion_confidence, OCR_confidence, saliency_score, textspot_confidence} and map to a band:
  • HIGH: any single evidence ≥ HIGH threshold → allow VERIFIED emission.
  • MEDIUM: two complementary evidences ≥ MEDIUM threshold → allow only from the enumerated MEDIUM‑allowed list for that slot.
  • LOW: otherwise → emit the explicit fallback token for that slot.
- If band == HIGH → emit the VERIFIED token (exact text from detector/classifier/OCR).
- If band == MEDIUM → emit only a token from the strict MEDIUM whitelist (enumerated below).
- If band == LOW → emit the prescribed fallback token for that slot (see fallbacks list).

First‑words constraint (hard)
- The first 6–8 words must contain at least the subject group token (or a plural fallback noun) and any HIGH‑verified anchor/prop. If no HIGH verification exists by the time the 8th word would be emitted, emit the plural fallback subject token (people/dogs/vehicles/group of people) as the first token and use anchor fallback tokens later.

Count rules (strict)
- Emit a digit only when Count is HIGH verified by geometry/segmentation OR detector_count_confidence ≥ 0.70. Otherwise use plural fallback nouns (people/dogs/vehicles/group of people). Do not append qualifiers.

Micro‑action / contact (template)
- HIGH only: exact template ""left|right [hand|foot|part] [strong‑verb] [object]"" (e.g., ""right hand holding woven basket""). Motion verbs allowed only with motion evidence.
- MEDIUM only: choose from the enumerated MEDIUM micro‑verb whitelist (e.g., holding, carrying, pushing) and use the same short template.
- LOW: use conservative fallback ""[part] near [object]"" (e.g., ""right hand near woven basket"").
- Never use hedges or speculative wording.

Fine‑class and anchors
- Emit fine class only when HIGH verified (classifier_conf≥0.60) or MEDIUM using a tightly enumerated MEDIUM set. Otherwise use dataset lexicon fallback: storefront, painted metal shutter, two‑wheeled vehicle, woven basket, cart, minivan, marquee, group of people.
- Anchor priority and allowed tokens (attempt in order): marquee/storefront, corrugated metal shutter, flagpole, red rectangular signs, ladder, bicycle/two‑wheeled vehicle, guitar/amp case, boats/canopies. If unverified, use positional anchor fallbacks: ""storefront behind"", ""flagpole left"", ""marquee above"", ""painted metal shutter"".

OCR / signage
- HIGH OCR_quote_verified → quote exact text (counts toward length).
- MEDIUM OCR → emit only allowed low‑risk signage descriptors (e.g., ""large red sign upper right"", ""marquee above entrance"", ""three red rectangular signs upper right"").
- LOW → emit anchor positional fallback (e.g., ""storefront behind"").
- Never invent partial words or brand names.

Saliency tie‑breaking
- When multiple VERIFIED candidates compete, choose by saliency order: text > face > large color patch/prop > clothing. If still tied, prefer earlier slot order.

Pruning, compression, and length control (enforced)
- Target length: 10–14 words. Hard cap: 18 words. Allow up to 20 words only when emitting quoted text or two HIGH VERIFIED fine classes.
- Before emitting each token check estimated cumulative length; if adding the token would exceed hard cap, run deterministic pruning:
   1) Compress adjective chains into compact noun phrases.
   2) Iteratively remove descriptors in this exact priority: lighting/reflection → object state/material → background/ancillary context.
   3) Never remove HIGH‑verified tokens from slots 1–3.
- Continue pruning until within cap. If still over cap after pruning, follow the final validator fallback (below).

De‑duplication and normalization
- Collapse exact repeated phrases and repeated tokens. Merge adjective chains (e.g., ""rustic wooden facade""). Prohibit repeating the same phrase in the final sentence.

MEDIUM‑allowed lists (examples to use only under MEDIUM band)
- Micro‑verbs: holding, carrying, pushing, pulling.
- Fine‑class limited detector labels: bicycle, motorbike/scooter, ladder, vendor/produce stand, ladder, performer.
- Signage descriptors (MEDIUM OCR): the low‑risk set listed above.

Final validator (must pass)
- After assembly and pruning ensure:
   • single grammatical sentence of comma‑separated short phrases;
   • length within caps;
   • first 6–8 words include subject or plural fallback;
   • no hedges or invented brand/text; no duplicated phrases;
   • only allowed MEDIUM tokens used under MEDIUM band.
- If validator fails → emit the minimal safe caption constructed deterministically as: ""[plural fallback subject] center foreground, right hand near object, storefront behind"" compressed to ≤10 words (substitute appropriate fallback tokens based on verification results).

Preferred micro‑templates (use when slots permit)
- ""1 woman center foreground, right hand holding woven basket of oranges, storefront behind.""
- ""two dogs left foreground, small white dog jumping at car passenger window, woman leaning out.""
- ""1 person right foreground, standing by two‑wheeled vehicle, painted metal shutter behind.""

Anti‑hallucination absolute rules (must follow)
- Never invent brand names, partial text, ages, emotions, intentions, or unsupported attributes. No hedges. When verification is insufficient, use the prescribed fallback lexicon.

Produce only the single validated sentence as the final caption.","Two women center foreground, one holding yellow basin, seated group right, trees and brick wall background.",0,1,Qwen/Qwen3-VL-8B-Instruct,0.0,,64,"{""temperature"": 0.0, ""top_p"": null, ""max_new_tokens"": 64}",0.27435898780822754,0.1733437478542328,16,False
flickr30k_main_seed1_train,textgrad_clip,textgrad_clip__textgrad_42ce013524,133,24011,flickr30k_test_024011,images/flickr30k/flickr30k_test_024011.jpg,"[""Street performers with Santa Clause in the middle and ladies on the sides joining hands."", ""A man in a Santa suit stands amid a long row of dancers on a New York City street."", ""Santa and dancers outside of Radio City Music Hall in NYC."", ""Santa is in the line of dancers for the parade."", ""A dance in a city featuring Santa.""]",textgrad_42ce013524,TextGrad Step 17,"Output exactly one concise, information‑dense caption: a single grammatical sentence composed of comma‑separated short phrases. Produce only that one sentence and nothing else.

Assembly pipeline (deterministic, single pass)
1) Slots (fill in this order; append only one token per slot unless slot allows multiple):
   a. Subject group(s) + HIGH‑value prop/anchor (0–3 groups; must appear first).
   b. Micro‑action/contact (exact template rules below).
   c. Fine class (verified label or dataset lexicon fallback).
   d. Clothing / clear pose / orientation (only if HIGH/MEDIUM verified).
   e. Up to two anchors/signage (only if verified; otherwise use positional anchor fallback tokens).
   f. Cropping/depth token (only if HIGH verified).

Verification → emission rules (deterministic)
- For every slot compute evidence_set = {geometry, segmentation, detector_confidence, contact_confidence, motion_confidence, OCR_confidence, saliency_score, textspot_confidence} and map to a band:
  • HIGH: any single evidence ≥ HIGH threshold → allow VERIFIED emission.
  • MEDIUM: two complementary evidences ≥ MEDIUM threshold → allow only from the enumerated MEDIUM‑allowed list for that slot.
  • LOW: otherwise → emit the explicit fallback token for that slot.
- If band == HIGH → emit the VERIFIED token (exact text from detector/classifier/OCR).
- If band == MEDIUM → emit only a token from the strict MEDIUM whitelist (enumerated below).
- If band == LOW → emit the prescribed fallback token for that slot (see fallbacks list).

First‑words constraint (hard)
- The first 6–8 words must contain at least the subject group token (or a plural fallback noun) and any HIGH‑verified anchor/prop. If no HIGH verification exists by the time the 8th word would be emitted, emit the plural fallback subject token (people/dogs/vehicles/group of people) as the first token and use anchor fallback tokens later.

Count rules (strict)
- Emit a digit only when Count is HIGH verified by geometry/segmentation OR detector_count_confidence ≥ 0.70. Otherwise use plural fallback nouns (people/dogs/vehicles/group of people). Do not append qualifiers.

Micro‑action / contact (template)
- HIGH only: exact template ""left|right [hand|foot|part] [strong‑verb] [object]"" (e.g., ""right hand holding woven basket""). Motion verbs allowed only with motion evidence.
- MEDIUM only: choose from the enumerated MEDIUM micro‑verb whitelist (e.g., holding, carrying, pushing) and use the same short template.
- LOW: use conservative fallback ""[part] near [object]"" (e.g., ""right hand near woven basket"").
- Never use hedges or speculative wording.

Fine‑class and anchors
- Emit fine class only when HIGH verified (classifier_conf≥0.60) or MEDIUM using a tightly enumerated MEDIUM set. Otherwise use dataset lexicon fallback: storefront, painted metal shutter, two‑wheeled vehicle, woven basket, cart, minivan, marquee, group of people.
- Anchor priority and allowed tokens (attempt in order): marquee/storefront, corrugated metal shutter, flagpole, red rectangular signs, ladder, bicycle/two‑wheeled vehicle, guitar/amp case, boats/canopies. If unverified, use positional anchor fallbacks: ""storefront behind"", ""flagpole left"", ""marquee above"", ""painted metal shutter"".

OCR / signage
- HIGH OCR_quote_verified → quote exact text (counts toward length).
- MEDIUM OCR → emit only allowed low‑risk signage descriptors (e.g., ""large red sign upper right"", ""marquee above entrance"", ""three red rectangular signs upper right"").
- LOW → emit anchor positional fallback (e.g., ""storefront behind"").
- Never invent partial words or brand names.

Saliency tie‑breaking
- When multiple VERIFIED candidates compete, choose by saliency order: text > face > large color patch/prop > clothing. If still tied, prefer earlier slot order.

Pruning, compression, and length control (enforced)
- Target length: 10–14 words. Hard cap: 18 words. Allow up to 20 words only when emitting quoted text or two HIGH VERIFIED fine classes.
- Before emitting each token check estimated cumulative length; if adding the token would exceed hard cap, run deterministic pruning:
   1) Compress adjective chains into compact noun phrases.
   2) Iteratively remove descriptors in this exact priority: lighting/reflection → object state/material → background/ancillary context.
   3) Never remove HIGH‑verified tokens from slots 1–3.
- Continue pruning until within cap. If still over cap after pruning, follow the final validator fallback (below).

De‑duplication and normalization
- Collapse exact repeated phrases and repeated tokens. Merge adjective chains (e.g., ""rustic wooden facade""). Prohibit repeating the same phrase in the final sentence.

MEDIUM‑allowed lists (examples to use only under MEDIUM band)
- Micro‑verbs: holding, carrying, pushing, pulling.
- Fine‑class limited detector labels: bicycle, motorbike/scooter, ladder, vendor/produce stand, ladder, performer.
- Signage descriptors (MEDIUM OCR): the low‑risk set listed above.

Final validator (must pass)
- After assembly and pruning ensure:
   • single grammatical sentence of comma‑separated short phrases;
   • length within caps;
   • first 6–8 words include subject or plural fallback;
   • no hedges or invented brand/text; no duplicated phrases;
   • only allowed MEDIUM tokens used under MEDIUM band.
- If validator fails → emit the minimal safe caption constructed deterministically as: ""[plural fallback subject] center foreground, right hand near object, storefront behind"" compressed to ≤10 words (substitute appropriate fallback tokens based on verification results).

Preferred micro‑templates (use when slots permit)
- ""1 woman center foreground, right hand holding woven basket of oranges, storefront behind.""
- ""two dogs left foreground, small white dog jumping at car passenger window, woman leaning out.""
- ""1 person right foreground, standing by two‑wheeled vehicle, painted metal shutter behind.""

Anti‑hallucination absolute rules (must follow)
- Never invent brand names, partial text, ages, emotions, intentions, or unsupported attributes. No hedges. When verification is insufficient, use the prescribed fallback lexicon.

Produce only the single validated sentence as the final caption.","Dancers in striped costumes perform on street crosswalk, Santa Claus and officials stand center, Radio City Music Hall marquee visible behind.",0,1,Qwen/Qwen3-VL-8B-Instruct,0.0,,64,"{""temperature"": 0.0, ""top_p"": null, ""max_new_tokens"": 64}",0.3182413578033447,0.2133484184741974,21,False
flickr30k_main_seed1_train,textgrad_clip,textgrad_clip__textgrad_42ce013524,144,21206,flickr30k_test_021206,images/flickr30k/flickr30k_test_021206.jpg,"[""A man in the suit plays a guitar while sitting on a metal chair."", ""A man in a jacket sitting at a table playing a guitar."", ""A man sits alone at a table, playing guitar."", ""An old man is playing his guitar."", ""A man playing acoustic guitar.""]",textgrad_42ce013524,TextGrad Step 17,"Output exactly one concise, information‑dense caption: a single grammatical sentence composed of comma‑separated short phrases. Produce only that one sentence and nothing else.

Assembly pipeline (deterministic, single pass)
1) Slots (fill in this order; append only one token per slot unless slot allows multiple):
   a. Subject group(s) + HIGH‑value prop/anchor (0–3 groups; must appear first).
   b. Micro‑action/contact (exact template rules below).
   c. Fine class (verified label or dataset lexicon fallback).
   d. Clothing / clear pose / orientation (only if HIGH/MEDIUM verified).
   e. Up to two anchors/signage (only if verified; otherwise use positional anchor fallback tokens).
   f. Cropping/depth token (only if HIGH verified).

Verification → emission rules (deterministic)
- For every slot compute evidence_set = {geometry, segmentation, detector_confidence, contact_confidence, motion_confidence, OCR_confidence, saliency_score, textspot_confidence} and map to a band:
  • HIGH: any single evidence ≥ HIGH threshold → allow VERIFIED emission.
  • MEDIUM: two complementary evidences ≥ MEDIUM threshold → allow only from the enumerated MEDIUM‑allowed list for that slot.
  • LOW: otherwise → emit the explicit fallback token for that slot.
- If band == HIGH → emit the VERIFIED token (exact text from detector/classifier/OCR).
- If band == MEDIUM → emit only a token from the strict MEDIUM whitelist (enumerated below).
- If band == LOW → emit the prescribed fallback token for that slot (see fallbacks list).

First‑words constraint (hard)
- The first 6–8 words must contain at least the subject group token (or a plural fallback noun) and any HIGH‑verified anchor/prop. If no HIGH verification exists by the time the 8th word would be emitted, emit the plural fallback subject token (people/dogs/vehicles/group of people) as the first token and use anchor fallback tokens later.

Count rules (strict)
- Emit a digit only when Count is HIGH verified by geometry/segmentation OR detector_count_confidence ≥ 0.70. Otherwise use plural fallback nouns (people/dogs/vehicles/group of people). Do not append qualifiers.

Micro‑action / contact (template)
- HIGH only: exact template ""left|right [hand|foot|part] [strong‑verb] [object]"" (e.g., ""right hand holding woven basket""). Motion verbs allowed only with motion evidence.
- MEDIUM only: choose from the enumerated MEDIUM micro‑verb whitelist (e.g., holding, carrying, pushing) and use the same short template.
- LOW: use conservative fallback ""[part] near [object]"" (e.g., ""right hand near woven basket"").
- Never use hedges or speculative wording.

Fine‑class and anchors
- Emit fine class only when HIGH verified (classifier_conf≥0.60) or MEDIUM using a tightly enumerated MEDIUM set. Otherwise use dataset lexicon fallback: storefront, painted metal shutter, two‑wheeled vehicle, woven basket, cart, minivan, marquee, group of people.
- Anchor priority and allowed tokens (attempt in order): marquee/storefront, corrugated metal shutter, flagpole, red rectangular signs, ladder, bicycle/two‑wheeled vehicle, guitar/amp case, boats/canopies. If unverified, use positional anchor fallbacks: ""storefront behind"", ""flagpole left"", ""marquee above"", ""painted metal shutter"".

OCR / signage
- HIGH OCR_quote_verified → quote exact text (counts toward length).
- MEDIUM OCR → emit only allowed low‑risk signage descriptors (e.g., ""large red sign upper right"", ""marquee above entrance"", ""three red rectangular signs upper right"").
- LOW → emit anchor positional fallback (e.g., ""storefront behind"").
- Never invent partial words or brand names.

Saliency tie‑breaking
- When multiple VERIFIED candidates compete, choose by saliency order: text > face > large color patch/prop > clothing. If still tied, prefer earlier slot order.

Pruning, compression, and length control (enforced)
- Target length: 10–14 words. Hard cap: 18 words. Allow up to 20 words only when emitting quoted text or two HIGH VERIFIED fine classes.
- Before emitting each token check estimated cumulative length; if adding the token would exceed hard cap, run deterministic pruning:
   1) Compress adjective chains into compact noun phrases.
   2) Iteratively remove descriptors in this exact priority: lighting/reflection → object state/material → background/ancillary context.
   3) Never remove HIGH‑verified tokens from slots 1–3.
- Continue pruning until within cap. If still over cap after pruning, follow the final validator fallback (below).

De‑duplication and normalization
- Collapse exact repeated phrases and repeated tokens. Merge adjective chains (e.g., ""rustic wooden facade""). Prohibit repeating the same phrase in the final sentence.

MEDIUM‑allowed lists (examples to use only under MEDIUM band)
- Micro‑verbs: holding, carrying, pushing, pulling.
- Fine‑class limited detector labels: bicycle, motorbike/scooter, ladder, vendor/produce stand, ladder, performer.
- Signage descriptors (MEDIUM OCR): the low‑risk set listed above.

Final validator (must pass)
- After assembly and pruning ensure:
   • single grammatical sentence of comma‑separated short phrases;
   • length within caps;
   • first 6–8 words include subject or plural fallback;
   • no hedges or invented brand/text; no duplicated phrases;
   • only allowed MEDIUM tokens used under MEDIUM band.
- If validator fails → emit the minimal safe caption constructed deterministically as: ""[plural fallback subject] center foreground, right hand near object, storefront behind"" compressed to ≤10 words (substitute appropriate fallback tokens based on verification results).

Preferred micro‑templates (use when slots permit)
- ""1 woman center foreground, right hand holding woven basket of oranges, storefront behind.""
- ""two dogs left foreground, small white dog jumping at car passenger window, woman leaning out.""
- ""1 person right foreground, standing by two‑wheeled vehicle, painted metal shutter behind.""

Anti‑hallucination absolute rules (must follow)
- Never invent brand names, partial text, ages, emotions, intentions, or unsupported attributes. No hedges. When verification is insufficient, use the prescribed fallback lexicon.

Produce only the single validated sentence as the final caption.",man in gray suit seated on chair playing acoustic guitar near waterfront at night,0,1,Qwen/Qwen3-VL-8B-Instruct,0.0,,64,"{""temperature"": 0.0, ""top_p"": null, ""max_new_tokens"": 64}",0.32613715529441833,0.18942558765411377,14,False
flickr30k_main_seed1_train,textgrad_clip,textgrad_clip__textgrad_42ce013524,145,5582,flickr30k_test_005582,images/flickr30k/flickr30k_test_005582.jpg,"[""A small black and white dog jumps at a woman in a white jeep while a golden dog follows beside them."", ""A dog jumps up towards a woman in a car, while another dog is outside the car."", ""An orange dog and a little white dog with black spots are next to a white car."", ""A small dog jumps by a car to reach a lady's face while another dog watches."", ""White and black dog jumps at someone through car window.""]",textgrad_42ce013524,TextGrad Step 17,"Output exactly one concise, information‑dense caption: a single grammatical sentence composed of comma‑separated short phrases. Produce only that one sentence and nothing else.

Assembly pipeline (deterministic, single pass)
1) Slots (fill in this order; append only one token per slot unless slot allows multiple):
   a. Subject group(s) + HIGH‑value prop/anchor (0–3 groups; must appear first).
   b. Micro‑action/contact (exact template rules below).
   c. Fine class (verified label or dataset lexicon fallback).
   d. Clothing / clear pose / orientation (only if HIGH/MEDIUM verified).
   e. Up to two anchors/signage (only if verified; otherwise use positional anchor fallback tokens).
   f. Cropping/depth token (only if HIGH verified).

Verification → emission rules (deterministic)
- For every slot compute evidence_set = {geometry, segmentation, detector_confidence, contact_confidence, motion_confidence, OCR_confidence, saliency_score, textspot_confidence} and map to a band:
  • HIGH: any single evidence ≥ HIGH threshold → allow VERIFIED emission.
  • MEDIUM: two complementary evidences ≥ MEDIUM threshold → allow only from the enumerated MEDIUM‑allowed list for that slot.
  • LOW: otherwise → emit the explicit fallback token for that slot.
- If band == HIGH → emit the VERIFIED token (exact text from detector/classifier/OCR).
- If band == MEDIUM → emit only a token from the strict MEDIUM whitelist (enumerated below).
- If band == LOW → emit the prescribed fallback token for that slot (see fallbacks list).

First‑words constraint (hard)
- The first 6–8 words must contain at least the subject group token (or a plural fallback noun) and any HIGH‑verified anchor/prop. If no HIGH verification exists by the time the 8th word would be emitted, emit the plural fallback subject token (people/dogs/vehicles/group of people) as the first token and use anchor fallback tokens later.

Count rules (strict)
- Emit a digit only when Count is HIGH verified by geometry/segmentation OR detector_count_confidence ≥ 0.70. Otherwise use plural fallback nouns (people/dogs/vehicles/group of people). Do not append qualifiers.

Micro‑action / contact (template)
- HIGH only: exact template ""left|right [hand|foot|part] [strong‑verb] [object]"" (e.g., ""right hand holding woven basket""). Motion verbs allowed only with motion evidence.
- MEDIUM only: choose from the enumerated MEDIUM micro‑verb whitelist (e.g., holding, carrying, pushing) and use the same short template.
- LOW: use conservative fallback ""[part] near [object]"" (e.g., ""right hand near woven basket"").
- Never use hedges or speculative wording.

Fine‑class and anchors
- Emit fine class only when HIGH verified (classifier_conf≥0.60) or MEDIUM using a tightly enumerated MEDIUM set. Otherwise use dataset lexicon fallback: storefront, painted metal shutter, two‑wheeled vehicle, woven basket, cart, minivan, marquee, group of people.
- Anchor priority and allowed tokens (attempt in order): marquee/storefront, corrugated metal shutter, flagpole, red rectangular signs, ladder, bicycle/two‑wheeled vehicle, guitar/amp case, boats/canopies. If unverified, use positional anchor fallbacks: ""storefront behind"", ""flagpole left"", ""marquee above"", ""painted metal shutter"".

OCR / signage
- HIGH OCR_quote_verified → quote exact text (counts toward length).
- MEDIUM OCR → emit only allowed low‑risk signage descriptors (e.g., ""large red sign upper right"", ""marquee above entrance"", ""three red rectangular signs upper right"").
- LOW → emit anchor positional fallback (e.g., ""storefront behind"").
- Never invent partial words or brand names.

Saliency tie‑breaking
- When multiple VERIFIED candidates compete, choose by saliency order: text > face > large color patch/prop > clothing. If still tied, prefer earlier slot order.

Pruning, compression, and length control (enforced)
- Target length: 10–14 words. Hard cap: 18 words. Allow up to 20 words only when emitting quoted text or two HIGH VERIFIED fine classes.
- Before emitting each token check estimated cumulative length; if adding the token would exceed hard cap, run deterministic pruning:
   1) Compress adjective chains into compact noun phrases.
   2) Iteratively remove descriptors in this exact priority: lighting/reflection → object state/material → background/ancillary context.
   3) Never remove HIGH‑verified tokens from slots 1–3.
- Continue pruning until within cap. If still over cap after pruning, follow the final validator fallback (below).

De‑duplication and normalization
- Collapse exact repeated phrases and repeated tokens. Merge adjective chains (e.g., ""rustic wooden facade""). Prohibit repeating the same phrase in the final sentence.

MEDIUM‑allowed lists (examples to use only under MEDIUM band)
- Micro‑verbs: holding, carrying, pushing, pulling.
- Fine‑class limited detector labels: bicycle, motorbike/scooter, ladder, vendor/produce stand, ladder, performer.
- Signage descriptors (MEDIUM OCR): the low‑risk set listed above.

Final validator (must pass)
- After assembly and pruning ensure:
   • single grammatical sentence of comma‑separated short phrases;
   • length within caps;
   • first 6–8 words include subject or plural fallback;
   • no hedges or invented brand/text; no duplicated phrases;
   • only allowed MEDIUM tokens used under MEDIUM band.
- If validator fails → emit the minimal safe caption constructed deterministically as: ""[plural fallback subject] center foreground, right hand near object, storefront behind"" compressed to ≤10 words (substitute appropriate fallback tokens based on verification results).

Preferred micro‑templates (use when slots permit)
- ""1 woman center foreground, right hand holding woven basket of oranges, storefront behind.""
- ""two dogs left foreground, small white dog jumping at car passenger window, woman leaning out.""
- ""1 person right foreground, standing by two‑wheeled vehicle, painted metal shutter behind.""

Anti‑hallucination absolute rules (must follow)
- Never invent brand names, partial text, ages, emotions, intentions, or unsupported attributes. No hedges. When verification is insufficient, use the prescribed fallback lexicon.

Produce only the single validated sentence as the final caption.","small white dog jumping at car passenger window, woman leaning out, brown dog walking nearby",0,1,Qwen/Qwen3-VL-8B-Instruct,0.0,,64,"{""temperature"": 0.0, ""top_p"": null, ""max_new_tokens"": 64}",0.3023168444633484,0.21461670100688934,15,False
flickr30k_main_seed1_train,textgrad_clip,textgrad_clip__textgrad_42ce013524,149,403,flickr30k_test_000403,images/flickr30k/flickr30k_test_000403.jpg,"[""A man is standing with his arms folded looking at something while the person behind him is jumping onto one of the two beds in the room."", ""A man wearing a yellow shirt standing in the middle of two beds that a boy is jumping on in the background"", ""A young child jumping on the bed as a man looks the other way."", ""Man standing in the bedroom with little boy jumping into bed."", ""A child leaping from bed to bed behind the back of a man.""]",textgrad_42ce013524,TextGrad Step 17,"Output exactly one concise, information‑dense caption: a single grammatical sentence composed of comma‑separated short phrases. Produce only that one sentence and nothing else.

Assembly pipeline (deterministic, single pass)
1) Slots (fill in this order; append only one token per slot unless slot allows multiple):
   a. Subject group(s) + HIGH‑value prop/anchor (0–3 groups; must appear first).
   b. Micro‑action/contact (exact template rules below).
   c. Fine class (verified label or dataset lexicon fallback).
   d. Clothing / clear pose / orientation (only if HIGH/MEDIUM verified).
   e. Up to two anchors/signage (only if verified; otherwise use positional anchor fallback tokens).
   f. Cropping/depth token (only if HIGH verified).

Verification → emission rules (deterministic)
- For every slot compute evidence_set = {geometry, segmentation, detector_confidence, contact_confidence, motion_confidence, OCR_confidence, saliency_score, textspot_confidence} and map to a band:
  • HIGH: any single evidence ≥ HIGH threshold → allow VERIFIED emission.
  • MEDIUM: two complementary evidences ≥ MEDIUM threshold → allow only from the enumerated MEDIUM‑allowed list for that slot.
  • LOW: otherwise → emit the explicit fallback token for that slot.
- If band == HIGH → emit the VERIFIED token (exact text from detector/classifier/OCR).
- If band == MEDIUM → emit only a token from the strict MEDIUM whitelist (enumerated below).
- If band == LOW → emit the prescribed fallback token for that slot (see fallbacks list).

First‑words constraint (hard)
- The first 6–8 words must contain at least the subject group token (or a plural fallback noun) and any HIGH‑verified anchor/prop. If no HIGH verification exists by the time the 8th word would be emitted, emit the plural fallback subject token (people/dogs/vehicles/group of people) as the first token and use anchor fallback tokens later.

Count rules (strict)
- Emit a digit only when Count is HIGH verified by geometry/segmentation OR detector_count_confidence ≥ 0.70. Otherwise use plural fallback nouns (people/dogs/vehicles/group of people). Do not append qualifiers.

Micro‑action / contact (template)
- HIGH only: exact template ""left|right [hand|foot|part] [strong‑verb] [object]"" (e.g., ""right hand holding woven basket""). Motion verbs allowed only with motion evidence.
- MEDIUM only: choose from the enumerated MEDIUM micro‑verb whitelist (e.g., holding, carrying, pushing) and use the same short template.
- LOW: use conservative fallback ""[part] near [object]"" (e.g., ""right hand near woven basket"").
- Never use hedges or speculative wording.

Fine‑class and anchors
- Emit fine class only when HIGH verified (classifier_conf≥0.60) or MEDIUM using a tightly enumerated MEDIUM set. Otherwise use dataset lexicon fallback: storefront, painted metal shutter, two‑wheeled vehicle, woven basket, cart, minivan, marquee, group of people.
- Anchor priority and allowed tokens (attempt in order): marquee/storefront, corrugated metal shutter, flagpole, red rectangular signs, ladder, bicycle/two‑wheeled vehicle, guitar/amp case, boats/canopies. If unverified, use positional anchor fallbacks: ""storefront behind"", ""flagpole left"", ""marquee above"", ""painted metal shutter"".

OCR / signage
- HIGH OCR_quote_verified → quote exact text (counts toward length).
- MEDIUM OCR → emit only allowed low‑risk signage descriptors (e.g., ""large red sign upper right"", ""marquee above entrance"", ""three red rectangular signs upper right"").
- LOW → emit anchor positional fallback (e.g., ""storefront behind"").
- Never invent partial words or brand names.

Saliency tie‑breaking
- When multiple VERIFIED candidates compete, choose by saliency order: text > face > large color patch/prop > clothing. If still tied, prefer earlier slot order.

Pruning, compression, and length control (enforced)
- Target length: 10–14 words. Hard cap: 18 words. Allow up to 20 words only when emitting quoted text or two HIGH VERIFIED fine classes.
- Before emitting each token check estimated cumulative length; if adding the token would exceed hard cap, run deterministic pruning:
   1) Compress adjective chains into compact noun phrases.
   2) Iteratively remove descriptors in this exact priority: lighting/reflection → object state/material → background/ancillary context.
   3) Never remove HIGH‑verified tokens from slots 1–3.
- Continue pruning until within cap. If still over cap after pruning, follow the final validator fallback (below).

De‑duplication and normalization
- Collapse exact repeated phrases and repeated tokens. Merge adjective chains (e.g., ""rustic wooden facade""). Prohibit repeating the same phrase in the final sentence.

MEDIUM‑allowed lists (examples to use only under MEDIUM band)
- Micro‑verbs: holding, carrying, pushing, pulling.
- Fine‑class limited detector labels: bicycle, motorbike/scooter, ladder, vendor/produce stand, ladder, performer.
- Signage descriptors (MEDIUM OCR): the low‑risk set listed above.

Final validator (must pass)
- After assembly and pruning ensure:
   • single grammatical sentence of comma‑separated short phrases;
   • length within caps;
   • first 6–8 words include subject or plural fallback;
   • no hedges or invented brand/text; no duplicated phrases;
   • only allowed MEDIUM tokens used under MEDIUM band.
- If validator fails → emit the minimal safe caption constructed deterministically as: ""[plural fallback subject] center foreground, right hand near object, storefront behind"" compressed to ≤10 words (substitute appropriate fallback tokens based on verification results).

Preferred micro‑templates (use when slots permit)
- ""1 woman center foreground, right hand holding woven basket of oranges, storefront behind.""
- ""two dogs left foreground, small white dog jumping at car passenger window, woman leaning out.""
- ""1 person right foreground, standing by two‑wheeled vehicle, painted metal shutter behind.""

Anti‑hallucination absolute rules (must follow)
- Never invent brand names, partial text, ages, emotions, intentions, or unsupported attributes. No hedges. When verification is insufficient, use the prescribed fallback lexicon.

Produce only the single validated sentence as the final caption.","Boy mid-air jumping on bed, man in orange shirt watching, lamp lit, curtains drawn.",0,1,Qwen/Qwen3-VL-8B-Instruct,0.0,,64,"{""temperature"": 0.0, ""top_p"": null, ""max_new_tokens"": 64}",0.3385155200958252,0.22100336849689484,14,False
