split_id,method_id,run_id,order,dataset_index,image_id,image_relpath,reference_captions,prompt_id,prompt_name,prompt_text,caption,candidate_id,selected,model,temperature,top_p,max_new_tokens,generation_config
flickr30k_main_seed1_train,textgrad_clip,textgrad_clip__textgrad_b0211113d5,4,25027,flickr30k_test_025027,images/flickr30k/flickr30k_test_025027.jpg,"[""A woman in turquoise dress and veil, a woman in orange print dress and blue veil, and a woman in yellow dress and violet veil, seated next to one another and viewed from behind."", ""Three women with headscarves and bright clothing take a ride in a rickshaw."", ""Women in Afghanistan who must cover themselves."", ""Three women are riding in a carriage together."", ""Three women are riding in a cart.""]",textgrad_b0211113d5,TextGrad Step 18,"Default behavior (enforceable, but no early rejects)

Primary objective
- Maximize CLIP image–text similarity (primary). SigLIP is diagnostic only.

High-level policy
- Never return ""image unclear"" prior to generating rerankable candidates. Always produce up to 3 deterministic candidate caption proposals, then apply CLIP-based reranking/acceptance logic (or calibrated heuristic if reranker is unavailable). Only return ""image unclear"" after candidates + reranking + margin logic and formatting/unit checks fail.

Canonical vocabulary: CLIP-validated whitelist (mandatory, empirical)
- Integrator MUST run per-surface-token CLIP validation on dev and label each surface-token as keep (CLIP-preferred), neutral, or demote/remove based on average CLIP delta and stability.
- Generator SHOULD use keep tokens by default. Use neutral tokens only for candidate generation when no clear keep exists for a required slot; neutral usage must be logged per-example for later pruning.
- Do NOT hard-block candidate generation when a keep verb is absent; instead include neutral/fallback verbs in candidate set (dev-validated) before rejecting.

Tokenization-normalization (must-match CLIP tokenizer)
- Define and use the exact same normalization as the CLIP tokenizer used for reranking:
  - Unicode normalization (NFC), lowercase, collapse repeated whitespace to single space, normalize hyphens to ASCII hyphen, strip surrounding punctuation except permitted terminal period, and canonicalize diacritics consistently.
- Document and version the normalization function. Log normalized strings used for all subject-matching and whitelist checks.

Output format (strict but generation-first)
- Emit exactly one final candidate (two-line format) when accepted; otherwise return exactly and only:
image unclear
- Candidate format (for each generated candidate):
  Line 1: exactly 3 canonical tags by default, comma-separated, no trailing comma. Hyphens allowed for multiword tokens.
  Line 2: one concise sentence ending with a single period.

Line 1 (tags) — conservative defaults, validated expansion allowed
- Default: exactly 3 tags, ordered:
  1) primary object token — REQUIRED and should be supported by detector_primary_tag_threshold.
  2) action token — include only if action_detector_confidence ≥ action_inclusion_threshold AND token ∈ keep ∪ (neutral if no keep and neutral-allowed-dev-flag true).
  3) one salient attribute token — exactly one of {color OR count OR position}, chosen from keep ∪ neutral (neutral only when no keep exists).
- Allow deterministic expansion to 4 tags when BOTH:
  a) every extra tag has detector_confidence ≥ high_confidence_threshold, AND
  b) per-token CLIP benefit validated on dev (positive delta & stability).
- Scene/texture tokens are allowed only if validated (keep) for the primary id and detector_confidence ≥ scene_inclusion_threshold.
- No synonyms/repeats within a candidate; synonyms may appear across different candidates only if CLIP-validated.

Line 2 (caption) — subject-first, CLIP-validated verbs, but candidates may vary
- Must begin with the primary Line1 tag's preferred-surface-token AFTER tokenization-normalization (subject-first constraint). Normalize both sides with the CLIP tokenizer; if mismatch is purely cosmetic (hyphenation/case/Unicode), allow soft match (log the cosmetic diffs) rather than immediate rejection.
- Sentence shape: [Subject] [active-verb] [object/relationship (optional)] [single salient attribute phrase]. Use active verbs from the CLIP-validated verb-list (keep preferred). If no keep verbs available for this primary, include neutral/fallback verbs in candidates (must be dev-validated).
- Include exactly ONE salient attribute and reuse the exact attribute token from Line 1.
- Target token length: 10–13 tokens. Hard max: 15 tokens. Fewer tokens allowed only if constraints satisfied.
- No commas, no lists, no subordinate clauses, no speculative language. End with a single period and no extra punctuation.

Candidate generation (unconditional) and deterministic variation
- Always generate up to 3 deterministic candidates before any verifier rejection. Candidate variations MUST include:
  a) alternate CLIP-validated attribute tokens or attribute types (color/count/position) when available;
  b) alternate CLIP-validated verbs (keep or neutral/fallback when no keep) for the primary id;
  c) alternate CLIP-preferred synonym variants for Line1 tags when CLIP-validated.
- Permit Line2 surface-level variation across candidates (verbs, attribute words, small permissible reorderings while keeping subject-first). Do not lock Line2 identical across candidates.
- All candidate generation must be deterministic (canonical priority lists, tie-breakers documented).

Reranking and acceptance (must-run)
- If any CLIP reranker is available (external or internal), rerank all generated candidates with CLIP and choose the highest-scoring candidate.
- Internal CLIP reranker is REQUIRED if external reranker unavailable. If NO CLIP reranker exists at all, use the calibrated internal heuristic (see fallback) but log reranker_absent and proceed cautiously.
- After reranking, apply acceptance checks (formatting, subject-match, thresholds, margin logic). Only then may ""image unclear"" be returned.

Acceptance thresholds and margin-based acceptance
- Default starting clip_threshold = 0.20 (integrator must sweep [0.20,0.24] on dev and set final value).
- If top_CLIP ≥ clip_threshold → accept (subject to format/unit tests).
- If top_CLIP < clip_threshold: allow margin-based acceptance when BOTH:
  a) top_vs_next_margin ≥ margin_accept_threshold (tunable on dev), AND
  b) TagPrecisionScore (per-token grounding) is high (tuned threshold).
  Require dev evidence to enable margin_accept_path for production. Log per-example reasoning.
- Only after reranking + margin logic fails should the verifier return ""image unclear"".

No-reranker heuristic (calibrated fallback; used only when reranker absent)
- Score = w1 * TagPrecisionScore + w2 * RerankMarginProxy - w3 * LengthPenalty - w4 * SubjectMismatchPenalty
  - Default weight hints (integrator must retune on dev): increase TagPrecision and RerankMarginProxy importance; increase SubjectMismatchPenalty for substantive mismatches but ignore cosmetic tokenization diffs.
  - LengthPenalty = max(0, token_count - 13).
  - SubjectMismatchPenalty = 0 if normalized(Line2 subject) == normalized(Line1 primary) or only cosmetic diffs; else 1.
  - RerankMarginProxy = normalized difference between best and second-best TagPrecisionScore.
- Tune weights on dev to maximize correlation with CLIP ranking; log calibration results.

Verifier / ""image unclear"" (conservative, enforced but post-generation)
- After candidate generation and reranking/fallback, return exactly and only:
image unclear
  if ANY of these apply:
  1) No primary object detected above detector_primary_tag_threshold AND no high-confidence alternative primary candidate exists in generated candidates.
  2) After CLIP reranking: top candidate CLIP score < clip_threshold AND (top_vs_next_margin < margin_accept_threshold OR TagPrecisionScore insufficient). (If reranker absent: analogous check using tuned heuristic and heuristic_accept_threshold.)
  3) Any strict formatting/unit test fails after normalization and cosmetic-tolerant subject match rules are applied (Line1 tags not all in keep ∪ allowed-neutral per dev policy, Line1 tag count ≠ required unless validated expansion allowed, Line2 contains commas/multiple attributes, Line2 token_count > 15, or Line2 verb is disallowed by dev policy).
  4) Active-verb unavailability: no verb (keep or neutral/fallback validated) included in any candidate and no dev-approved fallback exists.
- When returning ""image unclear"", output exactly that string and nothing else.

Formatting and automated checks (programmatic)
- Unit tests (must-run after reranking/fallback):
  1) Whitelist/CLIP-preference check: every Line1 tag ∈ keep ∪ allowed-neutral-for-this-id (as documented for dev); otherwise candidate may still be allowed if neutral was explicitly used by generation policy, but must be logged.
  2) Tag count and composition: default exactly 3 tags; expansions only allowed per validated expansion rule.
  3) Subject reuse check: normalized(Line2 subject) must match normalized Line1 primary. If mismatch is cosmetic (hyphens/case/Unicode), allow and log; if substantive, fail.
  4) Length check: token_count(Line2) ≤ 15; prefer 10–13.
  5) No commas; no trailing commas; Line2 ends with single period.
  6) Active-verb check: at least one candidate must contain a verb that is keep or neutral/fallback per dev validation; final chosen candidate verb must be permitted under dev policy.
  7) Grounding check: detector confidences for included tags must meet thresholds (unless neutral tokens were used per dev fallback rules).
  8) Tokenization-normalization check: ensure normalization identical to CLIP tokenizer; log mismatches. Cosmetic mismatches should not cause immediate failure.
- If automated checks fail after full candidate generation + reranking + margin path, return ""image unclear"". Do not auto-repair formatting beyond canonical normalization.

Thresholds, calibration, and dev validation (must-run before deployment)
- Required dev sweeps:
  - Sweep clip_threshold in [0.20, 0.24] and set value that optimizes mean_CLIP vs coverage.
  - Sweep action_inclusion_threshold, scene_inclusion_threshold, detector_primary_tag_threshold; choose conservative defaults balancing coverage.
  - Set margin_accept_threshold and require dev evidence for its use.
  - Build per-primary-id keep/neutral/demote verb and attribute lists via per-surface-token CLIP ablation; lock keep tokens only when deltas are positive and stable.
  - Tune no-reranker heuristic weights to correlate with CLIP rankings.
  - Validate expansion rules (4th tag) with per-token CLIP delta checks.

Telemetry and diagnostics (mandatory logging)
- For every captioning decision log:
  - All generated candidates (Line1+Line2), normalized forms, and which tokens were keep vs neutral.
  - Candidate-level CLIP scores and margins; final chosen candidate and score.
  - Per-token average CLIP contribution (from dev) and per-example per-token CLIP deltas (if reranker used).
  - Detector confidences for all candidate tags.
  - Final decision and single failure reason if returning ""image unclear"" (detector_low_confidence, clip_threshold_fail, margin_reject, formatting_check_fail, verb_unavailable, subject_mismatch_substantive, etc.).
  - Flag reranker_absent when applicable and store heuristic scores used.
  - Aggregate metrics: frequency of ""image unclear"" and breakdown by failure reason; per-token pruning suggestions.

Operational notes and rationale
- Deterministic generation must be preserved (canonical priority lists, tie-breakers) while allowing CLIP-validated lexical variation to surface for reranking.
- Prefer higher-precision validated tokens but permit neutral/fallback candidates when keep tokens do not exist for common primaries.
- Regularly re-run per-token CLIP validation when CLIP model versions or surfaced data change.

Final requirement
- If, after unconditional candidate generation, reranking/fallback, margin consideration, and formatting/unit checks (with cosmetic-tolerant subject matching), no acceptable candidate remains, output exactly and only:
image unclear",image unclear,0,1,Qwen/Qwen3-VL-8B-Instruct,0.0,,64,"{""temperature"": 0.0, ""top_p"": null, ""max_new_tokens"": 64}"
flickr30k_main_seed1_train,textgrad_clip,textgrad_clip__textgrad_b0211113d5,6,8358,flickr30k_test_008358,images/flickr30k/flickr30k_test_008358.jpg,"[""This guy is in midair while wearing a red soccer uniform."", ""A soccer player in a red shirt in diving into the air."", ""A man wearing a red jersey jumps in the air."", ""A soccer player is diving for the ball."", ""A soccer player diving on the field.""]",textgrad_b0211113d5,TextGrad Step 18,"Default behavior (enforceable, but no early rejects)

Primary objective
- Maximize CLIP image–text similarity (primary). SigLIP is diagnostic only.

High-level policy
- Never return ""image unclear"" prior to generating rerankable candidates. Always produce up to 3 deterministic candidate caption proposals, then apply CLIP-based reranking/acceptance logic (or calibrated heuristic if reranker is unavailable). Only return ""image unclear"" after candidates + reranking + margin logic and formatting/unit checks fail.

Canonical vocabulary: CLIP-validated whitelist (mandatory, empirical)
- Integrator MUST run per-surface-token CLIP validation on dev and label each surface-token as keep (CLIP-preferred), neutral, or demote/remove based on average CLIP delta and stability.
- Generator SHOULD use keep tokens by default. Use neutral tokens only for candidate generation when no clear keep exists for a required slot; neutral usage must be logged per-example for later pruning.
- Do NOT hard-block candidate generation when a keep verb is absent; instead include neutral/fallback verbs in candidate set (dev-validated) before rejecting.

Tokenization-normalization (must-match CLIP tokenizer)
- Define and use the exact same normalization as the CLIP tokenizer used for reranking:
  - Unicode normalization (NFC), lowercase, collapse repeated whitespace to single space, normalize hyphens to ASCII hyphen, strip surrounding punctuation except permitted terminal period, and canonicalize diacritics consistently.
- Document and version the normalization function. Log normalized strings used for all subject-matching and whitelist checks.

Output format (strict but generation-first)
- Emit exactly one final candidate (two-line format) when accepted; otherwise return exactly and only:
image unclear
- Candidate format (for each generated candidate):
  Line 1: exactly 3 canonical tags by default, comma-separated, no trailing comma. Hyphens allowed for multiword tokens.
  Line 2: one concise sentence ending with a single period.

Line 1 (tags) — conservative defaults, validated expansion allowed
- Default: exactly 3 tags, ordered:
  1) primary object token — REQUIRED and should be supported by detector_primary_tag_threshold.
  2) action token — include only if action_detector_confidence ≥ action_inclusion_threshold AND token ∈ keep ∪ (neutral if no keep and neutral-allowed-dev-flag true).
  3) one salient attribute token — exactly one of {color OR count OR position}, chosen from keep ∪ neutral (neutral only when no keep exists).
- Allow deterministic expansion to 4 tags when BOTH:
  a) every extra tag has detector_confidence ≥ high_confidence_threshold, AND
  b) per-token CLIP benefit validated on dev (positive delta & stability).
- Scene/texture tokens are allowed only if validated (keep) for the primary id and detector_confidence ≥ scene_inclusion_threshold.
- No synonyms/repeats within a candidate; synonyms may appear across different candidates only if CLIP-validated.

Line 2 (caption) — subject-first, CLIP-validated verbs, but candidates may vary
- Must begin with the primary Line1 tag's preferred-surface-token AFTER tokenization-normalization (subject-first constraint). Normalize both sides with the CLIP tokenizer; if mismatch is purely cosmetic (hyphenation/case/Unicode), allow soft match (log the cosmetic diffs) rather than immediate rejection.
- Sentence shape: [Subject] [active-verb] [object/relationship (optional)] [single salient attribute phrase]. Use active verbs from the CLIP-validated verb-list (keep preferred). If no keep verbs available for this primary, include neutral/fallback verbs in candidates (must be dev-validated).
- Include exactly ONE salient attribute and reuse the exact attribute token from Line 1.
- Target token length: 10–13 tokens. Hard max: 15 tokens. Fewer tokens allowed only if constraints satisfied.
- No commas, no lists, no subordinate clauses, no speculative language. End with a single period and no extra punctuation.

Candidate generation (unconditional) and deterministic variation
- Always generate up to 3 deterministic candidates before any verifier rejection. Candidate variations MUST include:
  a) alternate CLIP-validated attribute tokens or attribute types (color/count/position) when available;
  b) alternate CLIP-validated verbs (keep or neutral/fallback when no keep) for the primary id;
  c) alternate CLIP-preferred synonym variants for Line1 tags when CLIP-validated.
- Permit Line2 surface-level variation across candidates (verbs, attribute words, small permissible reorderings while keeping subject-first). Do not lock Line2 identical across candidates.
- All candidate generation must be deterministic (canonical priority lists, tie-breakers documented).

Reranking and acceptance (must-run)
- If any CLIP reranker is available (external or internal), rerank all generated candidates with CLIP and choose the highest-scoring candidate.
- Internal CLIP reranker is REQUIRED if external reranker unavailable. If NO CLIP reranker exists at all, use the calibrated internal heuristic (see fallback) but log reranker_absent and proceed cautiously.
- After reranking, apply acceptance checks (formatting, subject-match, thresholds, margin logic). Only then may ""image unclear"" be returned.

Acceptance thresholds and margin-based acceptance
- Default starting clip_threshold = 0.20 (integrator must sweep [0.20,0.24] on dev and set final value).
- If top_CLIP ≥ clip_threshold → accept (subject to format/unit tests).
- If top_CLIP < clip_threshold: allow margin-based acceptance when BOTH:
  a) top_vs_next_margin ≥ margin_accept_threshold (tunable on dev), AND
  b) TagPrecisionScore (per-token grounding) is high (tuned threshold).
  Require dev evidence to enable margin_accept_path for production. Log per-example reasoning.
- Only after reranking + margin logic fails should the verifier return ""image unclear"".

No-reranker heuristic (calibrated fallback; used only when reranker absent)
- Score = w1 * TagPrecisionScore + w2 * RerankMarginProxy - w3 * LengthPenalty - w4 * SubjectMismatchPenalty
  - Default weight hints (integrator must retune on dev): increase TagPrecision and RerankMarginProxy importance; increase SubjectMismatchPenalty for substantive mismatches but ignore cosmetic tokenization diffs.
  - LengthPenalty = max(0, token_count - 13).
  - SubjectMismatchPenalty = 0 if normalized(Line2 subject) == normalized(Line1 primary) or only cosmetic diffs; else 1.
  - RerankMarginProxy = normalized difference between best and second-best TagPrecisionScore.
- Tune weights on dev to maximize correlation with CLIP ranking; log calibration results.

Verifier / ""image unclear"" (conservative, enforced but post-generation)
- After candidate generation and reranking/fallback, return exactly and only:
image unclear
  if ANY of these apply:
  1) No primary object detected above detector_primary_tag_threshold AND no high-confidence alternative primary candidate exists in generated candidates.
  2) After CLIP reranking: top candidate CLIP score < clip_threshold AND (top_vs_next_margin < margin_accept_threshold OR TagPrecisionScore insufficient). (If reranker absent: analogous check using tuned heuristic and heuristic_accept_threshold.)
  3) Any strict formatting/unit test fails after normalization and cosmetic-tolerant subject match rules are applied (Line1 tags not all in keep ∪ allowed-neutral per dev policy, Line1 tag count ≠ required unless validated expansion allowed, Line2 contains commas/multiple attributes, Line2 token_count > 15, or Line2 verb is disallowed by dev policy).
  4) Active-verb unavailability: no verb (keep or neutral/fallback validated) included in any candidate and no dev-approved fallback exists.
- When returning ""image unclear"", output exactly that string and nothing else.

Formatting and automated checks (programmatic)
- Unit tests (must-run after reranking/fallback):
  1) Whitelist/CLIP-preference check: every Line1 tag ∈ keep ∪ allowed-neutral-for-this-id (as documented for dev); otherwise candidate may still be allowed if neutral was explicitly used by generation policy, but must be logged.
  2) Tag count and composition: default exactly 3 tags; expansions only allowed per validated expansion rule.
  3) Subject reuse check: normalized(Line2 subject) must match normalized Line1 primary. If mismatch is cosmetic (hyphens/case/Unicode), allow and log; if substantive, fail.
  4) Length check: token_count(Line2) ≤ 15; prefer 10–13.
  5) No commas; no trailing commas; Line2 ends with single period.
  6) Active-verb check: at least one candidate must contain a verb that is keep or neutral/fallback per dev validation; final chosen candidate verb must be permitted under dev policy.
  7) Grounding check: detector confidences for included tags must meet thresholds (unless neutral tokens were used per dev fallback rules).
  8) Tokenization-normalization check: ensure normalization identical to CLIP tokenizer; log mismatches. Cosmetic mismatches should not cause immediate failure.
- If automated checks fail after full candidate generation + reranking + margin path, return ""image unclear"". Do not auto-repair formatting beyond canonical normalization.

Thresholds, calibration, and dev validation (must-run before deployment)
- Required dev sweeps:
  - Sweep clip_threshold in [0.20, 0.24] and set value that optimizes mean_CLIP vs coverage.
  - Sweep action_inclusion_threshold, scene_inclusion_threshold, detector_primary_tag_threshold; choose conservative defaults balancing coverage.
  - Set margin_accept_threshold and require dev evidence for its use.
  - Build per-primary-id keep/neutral/demote verb and attribute lists via per-surface-token CLIP ablation; lock keep tokens only when deltas are positive and stable.
  - Tune no-reranker heuristic weights to correlate with CLIP rankings.
  - Validate expansion rules (4th tag) with per-token CLIP delta checks.

Telemetry and diagnostics (mandatory logging)
- For every captioning decision log:
  - All generated candidates (Line1+Line2), normalized forms, and which tokens were keep vs neutral.
  - Candidate-level CLIP scores and margins; final chosen candidate and score.
  - Per-token average CLIP contribution (from dev) and per-example per-token CLIP deltas (if reranker used).
  - Detector confidences for all candidate tags.
  - Final decision and single failure reason if returning ""image unclear"" (detector_low_confidence, clip_threshold_fail, margin_reject, formatting_check_fail, verb_unavailable, subject_mismatch_substantive, etc.).
  - Flag reranker_absent when applicable and store heuristic scores used.
  - Aggregate metrics: frequency of ""image unclear"" and breakdown by failure reason; per-token pruning suggestions.

Operational notes and rationale
- Deterministic generation must be preserved (canonical priority lists, tie-breakers) while allowing CLIP-validated lexical variation to surface for reranking.
- Prefer higher-precision validated tokens but permit neutral/fallback candidates when keep tokens do not exist for common primaries.
- Regularly re-run per-token CLIP validation when CLIP model versions or surfaced data change.

Final requirement
- If, after unconditional candidate generation, reranking/fallback, margin consideration, and formatting/unit checks (with cosmetic-tolerant subject matching), no acceptable candidate remains, output exactly and only:
image unclear","goalkeeper, diving, red
A goalkeeper in a red jersey dives to make a save on a grassy field.",0,1,Qwen/Qwen3-VL-8B-Instruct,0.0,,64,"{""temperature"": 0.0, ""top_p"": null, ""max_new_tokens"": 64}"
flickr30k_main_seed1_train,textgrad_clip,textgrad_clip__textgrad_b0211113d5,17,15986,flickr30k_test_015986,images/flickr30k/flickr30k_test_015986.jpg,"[""A black and brown dog is jumping on blocks of concrete in the water."", ""Black dog looking at his reflection in the water."", ""A black dog carefully crosses over some water."", ""Black dog near a dock looks into murky water"", ""The black dog jumps on a cinderblock.""]",textgrad_b0211113d5,TextGrad Step 18,"Default behavior (enforceable, but no early rejects)

Primary objective
- Maximize CLIP image–text similarity (primary). SigLIP is diagnostic only.

High-level policy
- Never return ""image unclear"" prior to generating rerankable candidates. Always produce up to 3 deterministic candidate caption proposals, then apply CLIP-based reranking/acceptance logic (or calibrated heuristic if reranker is unavailable). Only return ""image unclear"" after candidates + reranking + margin logic and formatting/unit checks fail.

Canonical vocabulary: CLIP-validated whitelist (mandatory, empirical)
- Integrator MUST run per-surface-token CLIP validation on dev and label each surface-token as keep (CLIP-preferred), neutral, or demote/remove based on average CLIP delta and stability.
- Generator SHOULD use keep tokens by default. Use neutral tokens only for candidate generation when no clear keep exists for a required slot; neutral usage must be logged per-example for later pruning.
- Do NOT hard-block candidate generation when a keep verb is absent; instead include neutral/fallback verbs in candidate set (dev-validated) before rejecting.

Tokenization-normalization (must-match CLIP tokenizer)
- Define and use the exact same normalization as the CLIP tokenizer used for reranking:
  - Unicode normalization (NFC), lowercase, collapse repeated whitespace to single space, normalize hyphens to ASCII hyphen, strip surrounding punctuation except permitted terminal period, and canonicalize diacritics consistently.
- Document and version the normalization function. Log normalized strings used for all subject-matching and whitelist checks.

Output format (strict but generation-first)
- Emit exactly one final candidate (two-line format) when accepted; otherwise return exactly and only:
image unclear
- Candidate format (for each generated candidate):
  Line 1: exactly 3 canonical tags by default, comma-separated, no trailing comma. Hyphens allowed for multiword tokens.
  Line 2: one concise sentence ending with a single period.

Line 1 (tags) — conservative defaults, validated expansion allowed
- Default: exactly 3 tags, ordered:
  1) primary object token — REQUIRED and should be supported by detector_primary_tag_threshold.
  2) action token — include only if action_detector_confidence ≥ action_inclusion_threshold AND token ∈ keep ∪ (neutral if no keep and neutral-allowed-dev-flag true).
  3) one salient attribute token — exactly one of {color OR count OR position}, chosen from keep ∪ neutral (neutral only when no keep exists).
- Allow deterministic expansion to 4 tags when BOTH:
  a) every extra tag has detector_confidence ≥ high_confidence_threshold, AND
  b) per-token CLIP benefit validated on dev (positive delta & stability).
- Scene/texture tokens are allowed only if validated (keep) for the primary id and detector_confidence ≥ scene_inclusion_threshold.
- No synonyms/repeats within a candidate; synonyms may appear across different candidates only if CLIP-validated.

Line 2 (caption) — subject-first, CLIP-validated verbs, but candidates may vary
- Must begin with the primary Line1 tag's preferred-surface-token AFTER tokenization-normalization (subject-first constraint). Normalize both sides with the CLIP tokenizer; if mismatch is purely cosmetic (hyphenation/case/Unicode), allow soft match (log the cosmetic diffs) rather than immediate rejection.
- Sentence shape: [Subject] [active-verb] [object/relationship (optional)] [single salient attribute phrase]. Use active verbs from the CLIP-validated verb-list (keep preferred). If no keep verbs available for this primary, include neutral/fallback verbs in candidates (must be dev-validated).
- Include exactly ONE salient attribute and reuse the exact attribute token from Line 1.
- Target token length: 10–13 tokens. Hard max: 15 tokens. Fewer tokens allowed only if constraints satisfied.
- No commas, no lists, no subordinate clauses, no speculative language. End with a single period and no extra punctuation.

Candidate generation (unconditional) and deterministic variation
- Always generate up to 3 deterministic candidates before any verifier rejection. Candidate variations MUST include:
  a) alternate CLIP-validated attribute tokens or attribute types (color/count/position) when available;
  b) alternate CLIP-validated verbs (keep or neutral/fallback when no keep) for the primary id;
  c) alternate CLIP-preferred synonym variants for Line1 tags when CLIP-validated.
- Permit Line2 surface-level variation across candidates (verbs, attribute words, small permissible reorderings while keeping subject-first). Do not lock Line2 identical across candidates.
- All candidate generation must be deterministic (canonical priority lists, tie-breakers documented).

Reranking and acceptance (must-run)
- If any CLIP reranker is available (external or internal), rerank all generated candidates with CLIP and choose the highest-scoring candidate.
- Internal CLIP reranker is REQUIRED if external reranker unavailable. If NO CLIP reranker exists at all, use the calibrated internal heuristic (see fallback) but log reranker_absent and proceed cautiously.
- After reranking, apply acceptance checks (formatting, subject-match, thresholds, margin logic). Only then may ""image unclear"" be returned.

Acceptance thresholds and margin-based acceptance
- Default starting clip_threshold = 0.20 (integrator must sweep [0.20,0.24] on dev and set final value).
- If top_CLIP ≥ clip_threshold → accept (subject to format/unit tests).
- If top_CLIP < clip_threshold: allow margin-based acceptance when BOTH:
  a) top_vs_next_margin ≥ margin_accept_threshold (tunable on dev), AND
  b) TagPrecisionScore (per-token grounding) is high (tuned threshold).
  Require dev evidence to enable margin_accept_path for production. Log per-example reasoning.
- Only after reranking + margin logic fails should the verifier return ""image unclear"".

No-reranker heuristic (calibrated fallback; used only when reranker absent)
- Score = w1 * TagPrecisionScore + w2 * RerankMarginProxy - w3 * LengthPenalty - w4 * SubjectMismatchPenalty
  - Default weight hints (integrator must retune on dev): increase TagPrecision and RerankMarginProxy importance; increase SubjectMismatchPenalty for substantive mismatches but ignore cosmetic tokenization diffs.
  - LengthPenalty = max(0, token_count - 13).
  - SubjectMismatchPenalty = 0 if normalized(Line2 subject) == normalized(Line1 primary) or only cosmetic diffs; else 1.
  - RerankMarginProxy = normalized difference between best and second-best TagPrecisionScore.
- Tune weights on dev to maximize correlation with CLIP ranking; log calibration results.

Verifier / ""image unclear"" (conservative, enforced but post-generation)
- After candidate generation and reranking/fallback, return exactly and only:
image unclear
  if ANY of these apply:
  1) No primary object detected above detector_primary_tag_threshold AND no high-confidence alternative primary candidate exists in generated candidates.
  2) After CLIP reranking: top candidate CLIP score < clip_threshold AND (top_vs_next_margin < margin_accept_threshold OR TagPrecisionScore insufficient). (If reranker absent: analogous check using tuned heuristic and heuristic_accept_threshold.)
  3) Any strict formatting/unit test fails after normalization and cosmetic-tolerant subject match rules are applied (Line1 tags not all in keep ∪ allowed-neutral per dev policy, Line1 tag count ≠ required unless validated expansion allowed, Line2 contains commas/multiple attributes, Line2 token_count > 15, or Line2 verb is disallowed by dev policy).
  4) Active-verb unavailability: no verb (keep or neutral/fallback validated) included in any candidate and no dev-approved fallback exists.
- When returning ""image unclear"", output exactly that string and nothing else.

Formatting and automated checks (programmatic)
- Unit tests (must-run after reranking/fallback):
  1) Whitelist/CLIP-preference check: every Line1 tag ∈ keep ∪ allowed-neutral-for-this-id (as documented for dev); otherwise candidate may still be allowed if neutral was explicitly used by generation policy, but must be logged.
  2) Tag count and composition: default exactly 3 tags; expansions only allowed per validated expansion rule.
  3) Subject reuse check: normalized(Line2 subject) must match normalized Line1 primary. If mismatch is cosmetic (hyphens/case/Unicode), allow and log; if substantive, fail.
  4) Length check: token_count(Line2) ≤ 15; prefer 10–13.
  5) No commas; no trailing commas; Line2 ends with single period.
  6) Active-verb check: at least one candidate must contain a verb that is keep or neutral/fallback per dev validation; final chosen candidate verb must be permitted under dev policy.
  7) Grounding check: detector confidences for included tags must meet thresholds (unless neutral tokens were used per dev fallback rules).
  8) Tokenization-normalization check: ensure normalization identical to CLIP tokenizer; log mismatches. Cosmetic mismatches should not cause immediate failure.
- If automated checks fail after full candidate generation + reranking + margin path, return ""image unclear"". Do not auto-repair formatting beyond canonical normalization.

Thresholds, calibration, and dev validation (must-run before deployment)
- Required dev sweeps:
  - Sweep clip_threshold in [0.20, 0.24] and set value that optimizes mean_CLIP vs coverage.
  - Sweep action_inclusion_threshold, scene_inclusion_threshold, detector_primary_tag_threshold; choose conservative defaults balancing coverage.
  - Set margin_accept_threshold and require dev evidence for its use.
  - Build per-primary-id keep/neutral/demote verb and attribute lists via per-surface-token CLIP ablation; lock keep tokens only when deltas are positive and stable.
  - Tune no-reranker heuristic weights to correlate with CLIP rankings.
  - Validate expansion rules (4th tag) with per-token CLIP delta checks.

Telemetry and diagnostics (mandatory logging)
- For every captioning decision log:
  - All generated candidates (Line1+Line2), normalized forms, and which tokens were keep vs neutral.
  - Candidate-level CLIP scores and margins; final chosen candidate and score.
  - Per-token average CLIP contribution (from dev) and per-example per-token CLIP deltas (if reranker used).
  - Detector confidences for all candidate tags.
  - Final decision and single failure reason if returning ""image unclear"" (detector_low_confidence, clip_threshold_fail, margin_reject, formatting_check_fail, verb_unavailable, subject_mismatch_substantive, etc.).
  - Flag reranker_absent when applicable and store heuristic scores used.
  - Aggregate metrics: frequency of ""image unclear"" and breakdown by failure reason; per-token pruning suggestions.

Operational notes and rationale
- Deterministic generation must be preserved (canonical priority lists, tie-breakers) while allowing CLIP-validated lexical variation to surface for reranking.
- Prefer higher-precision validated tokens but permit neutral/fallback candidates when keep tokens do not exist for common primaries.
- Regularly re-run per-token CLIP validation when CLIP model versions or surfaced data change.

Final requirement
- If, after unconditional candidate generation, reranking/fallback, margin consideration, and formatting/unit checks (with cosmetic-tolerant subject matching), no acceptable candidate remains, output exactly and only:
image unclear","dog, sniffing, black
A black dog is sniffing the edge of a wooden dock partially submerged in water.",0,1,Qwen/Qwen3-VL-8B-Instruct,0.0,,64,"{""temperature"": 0.0, ""top_p"": null, ""max_new_tokens"": 64}"
flickr30k_main_seed1_train,textgrad_clip,textgrad_clip__textgrad_b0211113d5,18,928,flickr30k_test_000928,images/flickr30k/flickr30k_test_000928.jpg,"[""A woman with a red jacket and her companion eating snacks."", ""A young man and woman enjoy some ribs in the evening."", ""Two people are eating barbecue ribs at night."", ""A man and a woman about to eat."", ""These two people are eating.""]",textgrad_b0211113d5,TextGrad Step 18,"Default behavior (enforceable, but no early rejects)

Primary objective
- Maximize CLIP image–text similarity (primary). SigLIP is diagnostic only.

High-level policy
- Never return ""image unclear"" prior to generating rerankable candidates. Always produce up to 3 deterministic candidate caption proposals, then apply CLIP-based reranking/acceptance logic (or calibrated heuristic if reranker is unavailable). Only return ""image unclear"" after candidates + reranking + margin logic and formatting/unit checks fail.

Canonical vocabulary: CLIP-validated whitelist (mandatory, empirical)
- Integrator MUST run per-surface-token CLIP validation on dev and label each surface-token as keep (CLIP-preferred), neutral, or demote/remove based on average CLIP delta and stability.
- Generator SHOULD use keep tokens by default. Use neutral tokens only for candidate generation when no clear keep exists for a required slot; neutral usage must be logged per-example for later pruning.
- Do NOT hard-block candidate generation when a keep verb is absent; instead include neutral/fallback verbs in candidate set (dev-validated) before rejecting.

Tokenization-normalization (must-match CLIP tokenizer)
- Define and use the exact same normalization as the CLIP tokenizer used for reranking:
  - Unicode normalization (NFC), lowercase, collapse repeated whitespace to single space, normalize hyphens to ASCII hyphen, strip surrounding punctuation except permitted terminal period, and canonicalize diacritics consistently.
- Document and version the normalization function. Log normalized strings used for all subject-matching and whitelist checks.

Output format (strict but generation-first)
- Emit exactly one final candidate (two-line format) when accepted; otherwise return exactly and only:
image unclear
- Candidate format (for each generated candidate):
  Line 1: exactly 3 canonical tags by default, comma-separated, no trailing comma. Hyphens allowed for multiword tokens.
  Line 2: one concise sentence ending with a single period.

Line 1 (tags) — conservative defaults, validated expansion allowed
- Default: exactly 3 tags, ordered:
  1) primary object token — REQUIRED and should be supported by detector_primary_tag_threshold.
  2) action token — include only if action_detector_confidence ≥ action_inclusion_threshold AND token ∈ keep ∪ (neutral if no keep and neutral-allowed-dev-flag true).
  3) one salient attribute token — exactly one of {color OR count OR position}, chosen from keep ∪ neutral (neutral only when no keep exists).
- Allow deterministic expansion to 4 tags when BOTH:
  a) every extra tag has detector_confidence ≥ high_confidence_threshold, AND
  b) per-token CLIP benefit validated on dev (positive delta & stability).
- Scene/texture tokens are allowed only if validated (keep) for the primary id and detector_confidence ≥ scene_inclusion_threshold.
- No synonyms/repeats within a candidate; synonyms may appear across different candidates only if CLIP-validated.

Line 2 (caption) — subject-first, CLIP-validated verbs, but candidates may vary
- Must begin with the primary Line1 tag's preferred-surface-token AFTER tokenization-normalization (subject-first constraint). Normalize both sides with the CLIP tokenizer; if mismatch is purely cosmetic (hyphenation/case/Unicode), allow soft match (log the cosmetic diffs) rather than immediate rejection.
- Sentence shape: [Subject] [active-verb] [object/relationship (optional)] [single salient attribute phrase]. Use active verbs from the CLIP-validated verb-list (keep preferred). If no keep verbs available for this primary, include neutral/fallback verbs in candidates (must be dev-validated).
- Include exactly ONE salient attribute and reuse the exact attribute token from Line 1.
- Target token length: 10–13 tokens. Hard max: 15 tokens. Fewer tokens allowed only if constraints satisfied.
- No commas, no lists, no subordinate clauses, no speculative language. End with a single period and no extra punctuation.

Candidate generation (unconditional) and deterministic variation
- Always generate up to 3 deterministic candidates before any verifier rejection. Candidate variations MUST include:
  a) alternate CLIP-validated attribute tokens or attribute types (color/count/position) when available;
  b) alternate CLIP-validated verbs (keep or neutral/fallback when no keep) for the primary id;
  c) alternate CLIP-preferred synonym variants for Line1 tags when CLIP-validated.
- Permit Line2 surface-level variation across candidates (verbs, attribute words, small permissible reorderings while keeping subject-first). Do not lock Line2 identical across candidates.
- All candidate generation must be deterministic (canonical priority lists, tie-breakers documented).

Reranking and acceptance (must-run)
- If any CLIP reranker is available (external or internal), rerank all generated candidates with CLIP and choose the highest-scoring candidate.
- Internal CLIP reranker is REQUIRED if external reranker unavailable. If NO CLIP reranker exists at all, use the calibrated internal heuristic (see fallback) but log reranker_absent and proceed cautiously.
- After reranking, apply acceptance checks (formatting, subject-match, thresholds, margin logic). Only then may ""image unclear"" be returned.

Acceptance thresholds and margin-based acceptance
- Default starting clip_threshold = 0.20 (integrator must sweep [0.20,0.24] on dev and set final value).
- If top_CLIP ≥ clip_threshold → accept (subject to format/unit tests).
- If top_CLIP < clip_threshold: allow margin-based acceptance when BOTH:
  a) top_vs_next_margin ≥ margin_accept_threshold (tunable on dev), AND
  b) TagPrecisionScore (per-token grounding) is high (tuned threshold).
  Require dev evidence to enable margin_accept_path for production. Log per-example reasoning.
- Only after reranking + margin logic fails should the verifier return ""image unclear"".

No-reranker heuristic (calibrated fallback; used only when reranker absent)
- Score = w1 * TagPrecisionScore + w2 * RerankMarginProxy - w3 * LengthPenalty - w4 * SubjectMismatchPenalty
  - Default weight hints (integrator must retune on dev): increase TagPrecision and RerankMarginProxy importance; increase SubjectMismatchPenalty for substantive mismatches but ignore cosmetic tokenization diffs.
  - LengthPenalty = max(0, token_count - 13).
  - SubjectMismatchPenalty = 0 if normalized(Line2 subject) == normalized(Line1 primary) or only cosmetic diffs; else 1.
  - RerankMarginProxy = normalized difference between best and second-best TagPrecisionScore.
- Tune weights on dev to maximize correlation with CLIP ranking; log calibration results.

Verifier / ""image unclear"" (conservative, enforced but post-generation)
- After candidate generation and reranking/fallback, return exactly and only:
image unclear
  if ANY of these apply:
  1) No primary object detected above detector_primary_tag_threshold AND no high-confidence alternative primary candidate exists in generated candidates.
  2) After CLIP reranking: top candidate CLIP score < clip_threshold AND (top_vs_next_margin < margin_accept_threshold OR TagPrecisionScore insufficient). (If reranker absent: analogous check using tuned heuristic and heuristic_accept_threshold.)
  3) Any strict formatting/unit test fails after normalization and cosmetic-tolerant subject match rules are applied (Line1 tags not all in keep ∪ allowed-neutral per dev policy, Line1 tag count ≠ required unless validated expansion allowed, Line2 contains commas/multiple attributes, Line2 token_count > 15, or Line2 verb is disallowed by dev policy).
  4) Active-verb unavailability: no verb (keep or neutral/fallback validated) included in any candidate and no dev-approved fallback exists.
- When returning ""image unclear"", output exactly that string and nothing else.

Formatting and automated checks (programmatic)
- Unit tests (must-run after reranking/fallback):
  1) Whitelist/CLIP-preference check: every Line1 tag ∈ keep ∪ allowed-neutral-for-this-id (as documented for dev); otherwise candidate may still be allowed if neutral was explicitly used by generation policy, but must be logged.
  2) Tag count and composition: default exactly 3 tags; expansions only allowed per validated expansion rule.
  3) Subject reuse check: normalized(Line2 subject) must match normalized Line1 primary. If mismatch is cosmetic (hyphens/case/Unicode), allow and log; if substantive, fail.
  4) Length check: token_count(Line2) ≤ 15; prefer 10–13.
  5) No commas; no trailing commas; Line2 ends with single period.
  6) Active-verb check: at least one candidate must contain a verb that is keep or neutral/fallback per dev validation; final chosen candidate verb must be permitted under dev policy.
  7) Grounding check: detector confidences for included tags must meet thresholds (unless neutral tokens were used per dev fallback rules).
  8) Tokenization-normalization check: ensure normalization identical to CLIP tokenizer; log mismatches. Cosmetic mismatches should not cause immediate failure.
- If automated checks fail after full candidate generation + reranking + margin path, return ""image unclear"". Do not auto-repair formatting beyond canonical normalization.

Thresholds, calibration, and dev validation (must-run before deployment)
- Required dev sweeps:
  - Sweep clip_threshold in [0.20, 0.24] and set value that optimizes mean_CLIP vs coverage.
  - Sweep action_inclusion_threshold, scene_inclusion_threshold, detector_primary_tag_threshold; choose conservative defaults balancing coverage.
  - Set margin_accept_threshold and require dev evidence for its use.
  - Build per-primary-id keep/neutral/demote verb and attribute lists via per-surface-token CLIP ablation; lock keep tokens only when deltas are positive and stable.
  - Tune no-reranker heuristic weights to correlate with CLIP rankings.
  - Validate expansion rules (4th tag) with per-token CLIP delta checks.

Telemetry and diagnostics (mandatory logging)
- For every captioning decision log:
  - All generated candidates (Line1+Line2), normalized forms, and which tokens were keep vs neutral.
  - Candidate-level CLIP scores and margins; final chosen candidate and score.
  - Per-token average CLIP contribution (from dev) and per-example per-token CLIP deltas (if reranker used).
  - Detector confidences for all candidate tags.
  - Final decision and single failure reason if returning ""image unclear"" (detector_low_confidence, clip_threshold_fail, margin_reject, formatting_check_fail, verb_unavailable, subject_mismatch_substantive, etc.).
  - Flag reranker_absent when applicable and store heuristic scores used.
  - Aggregate metrics: frequency of ""image unclear"" and breakdown by failure reason; per-token pruning suggestions.

Operational notes and rationale
- Deterministic generation must be preserved (canonical priority lists, tie-breakers) while allowing CLIP-validated lexical variation to surface for reranking.
- Prefer higher-precision validated tokens but permit neutral/fallback candidates when keep tokens do not exist for common primaries.
- Regularly re-run per-token CLIP validation when CLIP model versions or surfaced data change.

Final requirement
- If, after unconditional candidate generation, reranking/fallback, margin consideration, and formatting/unit checks (with cosmetic-tolerant subject matching), no acceptable candidate remains, output exactly and only:
image unclear",image unclear,0,1,Qwen/Qwen3-VL-8B-Instruct,0.0,,64,"{""temperature"": 0.0, ""top_p"": null, ""max_new_tokens"": 64}"
flickr30k_main_seed1_train,textgrad_clip,textgrad_clip__textgrad_b0211113d5,24,24978,flickr30k_test_024978,images/flickr30k/flickr30k_test_024978.jpg,"[""A man in a blue shirt and brown pants is sitting next to a parked blue car."", ""A man in a blue sweater is sitting outside in front of a blue car."", ""A man in a blue shirt is sitting beside a blue van"", ""An elderly man sits in a chair in an alleyway."", ""The man in the blue shirt looks very lonely.""]",textgrad_b0211113d5,TextGrad Step 18,"Default behavior (enforceable, but no early rejects)

Primary objective
- Maximize CLIP image–text similarity (primary). SigLIP is diagnostic only.

High-level policy
- Never return ""image unclear"" prior to generating rerankable candidates. Always produce up to 3 deterministic candidate caption proposals, then apply CLIP-based reranking/acceptance logic (or calibrated heuristic if reranker is unavailable). Only return ""image unclear"" after candidates + reranking + margin logic and formatting/unit checks fail.

Canonical vocabulary: CLIP-validated whitelist (mandatory, empirical)
- Integrator MUST run per-surface-token CLIP validation on dev and label each surface-token as keep (CLIP-preferred), neutral, or demote/remove based on average CLIP delta and stability.
- Generator SHOULD use keep tokens by default. Use neutral tokens only for candidate generation when no clear keep exists for a required slot; neutral usage must be logged per-example for later pruning.
- Do NOT hard-block candidate generation when a keep verb is absent; instead include neutral/fallback verbs in candidate set (dev-validated) before rejecting.

Tokenization-normalization (must-match CLIP tokenizer)
- Define and use the exact same normalization as the CLIP tokenizer used for reranking:
  - Unicode normalization (NFC), lowercase, collapse repeated whitespace to single space, normalize hyphens to ASCII hyphen, strip surrounding punctuation except permitted terminal period, and canonicalize diacritics consistently.
- Document and version the normalization function. Log normalized strings used for all subject-matching and whitelist checks.

Output format (strict but generation-first)
- Emit exactly one final candidate (two-line format) when accepted; otherwise return exactly and only:
image unclear
- Candidate format (for each generated candidate):
  Line 1: exactly 3 canonical tags by default, comma-separated, no trailing comma. Hyphens allowed for multiword tokens.
  Line 2: one concise sentence ending with a single period.

Line 1 (tags) — conservative defaults, validated expansion allowed
- Default: exactly 3 tags, ordered:
  1) primary object token — REQUIRED and should be supported by detector_primary_tag_threshold.
  2) action token — include only if action_detector_confidence ≥ action_inclusion_threshold AND token ∈ keep ∪ (neutral if no keep and neutral-allowed-dev-flag true).
  3) one salient attribute token — exactly one of {color OR count OR position}, chosen from keep ∪ neutral (neutral only when no keep exists).
- Allow deterministic expansion to 4 tags when BOTH:
  a) every extra tag has detector_confidence ≥ high_confidence_threshold, AND
  b) per-token CLIP benefit validated on dev (positive delta & stability).
- Scene/texture tokens are allowed only if validated (keep) for the primary id and detector_confidence ≥ scene_inclusion_threshold.
- No synonyms/repeats within a candidate; synonyms may appear across different candidates only if CLIP-validated.

Line 2 (caption) — subject-first, CLIP-validated verbs, but candidates may vary
- Must begin with the primary Line1 tag's preferred-surface-token AFTER tokenization-normalization (subject-first constraint). Normalize both sides with the CLIP tokenizer; if mismatch is purely cosmetic (hyphenation/case/Unicode), allow soft match (log the cosmetic diffs) rather than immediate rejection.
- Sentence shape: [Subject] [active-verb] [object/relationship (optional)] [single salient attribute phrase]. Use active verbs from the CLIP-validated verb-list (keep preferred). If no keep verbs available for this primary, include neutral/fallback verbs in candidates (must be dev-validated).
- Include exactly ONE salient attribute and reuse the exact attribute token from Line 1.
- Target token length: 10–13 tokens. Hard max: 15 tokens. Fewer tokens allowed only if constraints satisfied.
- No commas, no lists, no subordinate clauses, no speculative language. End with a single period and no extra punctuation.

Candidate generation (unconditional) and deterministic variation
- Always generate up to 3 deterministic candidates before any verifier rejection. Candidate variations MUST include:
  a) alternate CLIP-validated attribute tokens or attribute types (color/count/position) when available;
  b) alternate CLIP-validated verbs (keep or neutral/fallback when no keep) for the primary id;
  c) alternate CLIP-preferred synonym variants for Line1 tags when CLIP-validated.
- Permit Line2 surface-level variation across candidates (verbs, attribute words, small permissible reorderings while keeping subject-first). Do not lock Line2 identical across candidates.
- All candidate generation must be deterministic (canonical priority lists, tie-breakers documented).

Reranking and acceptance (must-run)
- If any CLIP reranker is available (external or internal), rerank all generated candidates with CLIP and choose the highest-scoring candidate.
- Internal CLIP reranker is REQUIRED if external reranker unavailable. If NO CLIP reranker exists at all, use the calibrated internal heuristic (see fallback) but log reranker_absent and proceed cautiously.
- After reranking, apply acceptance checks (formatting, subject-match, thresholds, margin logic). Only then may ""image unclear"" be returned.

Acceptance thresholds and margin-based acceptance
- Default starting clip_threshold = 0.20 (integrator must sweep [0.20,0.24] on dev and set final value).
- If top_CLIP ≥ clip_threshold → accept (subject to format/unit tests).
- If top_CLIP < clip_threshold: allow margin-based acceptance when BOTH:
  a) top_vs_next_margin ≥ margin_accept_threshold (tunable on dev), AND
  b) TagPrecisionScore (per-token grounding) is high (tuned threshold).
  Require dev evidence to enable margin_accept_path for production. Log per-example reasoning.
- Only after reranking + margin logic fails should the verifier return ""image unclear"".

No-reranker heuristic (calibrated fallback; used only when reranker absent)
- Score = w1 * TagPrecisionScore + w2 * RerankMarginProxy - w3 * LengthPenalty - w4 * SubjectMismatchPenalty
  - Default weight hints (integrator must retune on dev): increase TagPrecision and RerankMarginProxy importance; increase SubjectMismatchPenalty for substantive mismatches but ignore cosmetic tokenization diffs.
  - LengthPenalty = max(0, token_count - 13).
  - SubjectMismatchPenalty = 0 if normalized(Line2 subject) == normalized(Line1 primary) or only cosmetic diffs; else 1.
  - RerankMarginProxy = normalized difference between best and second-best TagPrecisionScore.
- Tune weights on dev to maximize correlation with CLIP ranking; log calibration results.

Verifier / ""image unclear"" (conservative, enforced but post-generation)
- After candidate generation and reranking/fallback, return exactly and only:
image unclear
  if ANY of these apply:
  1) No primary object detected above detector_primary_tag_threshold AND no high-confidence alternative primary candidate exists in generated candidates.
  2) After CLIP reranking: top candidate CLIP score < clip_threshold AND (top_vs_next_margin < margin_accept_threshold OR TagPrecisionScore insufficient). (If reranker absent: analogous check using tuned heuristic and heuristic_accept_threshold.)
  3) Any strict formatting/unit test fails after normalization and cosmetic-tolerant subject match rules are applied (Line1 tags not all in keep ∪ allowed-neutral per dev policy, Line1 tag count ≠ required unless validated expansion allowed, Line2 contains commas/multiple attributes, Line2 token_count > 15, or Line2 verb is disallowed by dev policy).
  4) Active-verb unavailability: no verb (keep or neutral/fallback validated) included in any candidate and no dev-approved fallback exists.
- When returning ""image unclear"", output exactly that string and nothing else.

Formatting and automated checks (programmatic)
- Unit tests (must-run after reranking/fallback):
  1) Whitelist/CLIP-preference check: every Line1 tag ∈ keep ∪ allowed-neutral-for-this-id (as documented for dev); otherwise candidate may still be allowed if neutral was explicitly used by generation policy, but must be logged.
  2) Tag count and composition: default exactly 3 tags; expansions only allowed per validated expansion rule.
  3) Subject reuse check: normalized(Line2 subject) must match normalized Line1 primary. If mismatch is cosmetic (hyphens/case/Unicode), allow and log; if substantive, fail.
  4) Length check: token_count(Line2) ≤ 15; prefer 10–13.
  5) No commas; no trailing commas; Line2 ends with single period.
  6) Active-verb check: at least one candidate must contain a verb that is keep or neutral/fallback per dev validation; final chosen candidate verb must be permitted under dev policy.
  7) Grounding check: detector confidences for included tags must meet thresholds (unless neutral tokens were used per dev fallback rules).
  8) Tokenization-normalization check: ensure normalization identical to CLIP tokenizer; log mismatches. Cosmetic mismatches should not cause immediate failure.
- If automated checks fail after full candidate generation + reranking + margin path, return ""image unclear"". Do not auto-repair formatting beyond canonical normalization.

Thresholds, calibration, and dev validation (must-run before deployment)
- Required dev sweeps:
  - Sweep clip_threshold in [0.20, 0.24] and set value that optimizes mean_CLIP vs coverage.
  - Sweep action_inclusion_threshold, scene_inclusion_threshold, detector_primary_tag_threshold; choose conservative defaults balancing coverage.
  - Set margin_accept_threshold and require dev evidence for its use.
  - Build per-primary-id keep/neutral/demote verb and attribute lists via per-surface-token CLIP ablation; lock keep tokens only when deltas are positive and stable.
  - Tune no-reranker heuristic weights to correlate with CLIP rankings.
  - Validate expansion rules (4th tag) with per-token CLIP delta checks.

Telemetry and diagnostics (mandatory logging)
- For every captioning decision log:
  - All generated candidates (Line1+Line2), normalized forms, and which tokens were keep vs neutral.
  - Candidate-level CLIP scores and margins; final chosen candidate and score.
  - Per-token average CLIP contribution (from dev) and per-example per-token CLIP deltas (if reranker used).
  - Detector confidences for all candidate tags.
  - Final decision and single failure reason if returning ""image unclear"" (detector_low_confidence, clip_threshold_fail, margin_reject, formatting_check_fail, verb_unavailable, subject_mismatch_substantive, etc.).
  - Flag reranker_absent when applicable and store heuristic scores used.
  - Aggregate metrics: frequency of ""image unclear"" and breakdown by failure reason; per-token pruning suggestions.

Operational notes and rationale
- Deterministic generation must be preserved (canonical priority lists, tie-breakers) while allowing CLIP-validated lexical variation to surface for reranking.
- Prefer higher-precision validated tokens but permit neutral/fallback candidates when keep tokens do not exist for common primaries.
- Regularly re-run per-token CLIP validation when CLIP model versions or surfaced data change.

Final requirement
- If, after unconditional candidate generation, reranking/fallback, margin consideration, and formatting/unit checks (with cosmetic-tolerant subject matching), no acceptable candidate remains, output exactly and only:
image unclear","man sitting on bench, blue car parked, narrow alleyway",0,1,Qwen/Qwen3-VL-8B-Instruct,0.0,,64,"{""temperature"": 0.0, ""top_p"": null, ""max_new_tokens"": 64}"
flickr30k_main_seed1_train,textgrad_clip,textgrad_clip__textgrad_b0211113d5,30,23643,flickr30k_test_023643,images/flickr30k/flickr30k_test_023643.jpg,"[""A little girl in a red and white shirt stands next to some caricatures of celebrities at an art fair."", ""A little girl in a red print sundress walked through an outdoor artist display."", ""A little girl wearing red is standing in front of caricature"", ""A girls stands by a caricature artist's drawings."", ""Little girl posing for a caricature.""]",textgrad_b0211113d5,TextGrad Step 18,"Default behavior (enforceable, but no early rejects)

Primary objective
- Maximize CLIP image–text similarity (primary). SigLIP is diagnostic only.

High-level policy
- Never return ""image unclear"" prior to generating rerankable candidates. Always produce up to 3 deterministic candidate caption proposals, then apply CLIP-based reranking/acceptance logic (or calibrated heuristic if reranker is unavailable). Only return ""image unclear"" after candidates + reranking + margin logic and formatting/unit checks fail.

Canonical vocabulary: CLIP-validated whitelist (mandatory, empirical)
- Integrator MUST run per-surface-token CLIP validation on dev and label each surface-token as keep (CLIP-preferred), neutral, or demote/remove based on average CLIP delta and stability.
- Generator SHOULD use keep tokens by default. Use neutral tokens only for candidate generation when no clear keep exists for a required slot; neutral usage must be logged per-example for later pruning.
- Do NOT hard-block candidate generation when a keep verb is absent; instead include neutral/fallback verbs in candidate set (dev-validated) before rejecting.

Tokenization-normalization (must-match CLIP tokenizer)
- Define and use the exact same normalization as the CLIP tokenizer used for reranking:
  - Unicode normalization (NFC), lowercase, collapse repeated whitespace to single space, normalize hyphens to ASCII hyphen, strip surrounding punctuation except permitted terminal period, and canonicalize diacritics consistently.
- Document and version the normalization function. Log normalized strings used for all subject-matching and whitelist checks.

Output format (strict but generation-first)
- Emit exactly one final candidate (two-line format) when accepted; otherwise return exactly and only:
image unclear
- Candidate format (for each generated candidate):
  Line 1: exactly 3 canonical tags by default, comma-separated, no trailing comma. Hyphens allowed for multiword tokens.
  Line 2: one concise sentence ending with a single period.

Line 1 (tags) — conservative defaults, validated expansion allowed
- Default: exactly 3 tags, ordered:
  1) primary object token — REQUIRED and should be supported by detector_primary_tag_threshold.
  2) action token — include only if action_detector_confidence ≥ action_inclusion_threshold AND token ∈ keep ∪ (neutral if no keep and neutral-allowed-dev-flag true).
  3) one salient attribute token — exactly one of {color OR count OR position}, chosen from keep ∪ neutral (neutral only when no keep exists).
- Allow deterministic expansion to 4 tags when BOTH:
  a) every extra tag has detector_confidence ≥ high_confidence_threshold, AND
  b) per-token CLIP benefit validated on dev (positive delta & stability).
- Scene/texture tokens are allowed only if validated (keep) for the primary id and detector_confidence ≥ scene_inclusion_threshold.
- No synonyms/repeats within a candidate; synonyms may appear across different candidates only if CLIP-validated.

Line 2 (caption) — subject-first, CLIP-validated verbs, but candidates may vary
- Must begin with the primary Line1 tag's preferred-surface-token AFTER tokenization-normalization (subject-first constraint). Normalize both sides with the CLIP tokenizer; if mismatch is purely cosmetic (hyphenation/case/Unicode), allow soft match (log the cosmetic diffs) rather than immediate rejection.
- Sentence shape: [Subject] [active-verb] [object/relationship (optional)] [single salient attribute phrase]. Use active verbs from the CLIP-validated verb-list (keep preferred). If no keep verbs available for this primary, include neutral/fallback verbs in candidates (must be dev-validated).
- Include exactly ONE salient attribute and reuse the exact attribute token from Line 1.
- Target token length: 10–13 tokens. Hard max: 15 tokens. Fewer tokens allowed only if constraints satisfied.
- No commas, no lists, no subordinate clauses, no speculative language. End with a single period and no extra punctuation.

Candidate generation (unconditional) and deterministic variation
- Always generate up to 3 deterministic candidates before any verifier rejection. Candidate variations MUST include:
  a) alternate CLIP-validated attribute tokens or attribute types (color/count/position) when available;
  b) alternate CLIP-validated verbs (keep or neutral/fallback when no keep) for the primary id;
  c) alternate CLIP-preferred synonym variants for Line1 tags when CLIP-validated.
- Permit Line2 surface-level variation across candidates (verbs, attribute words, small permissible reorderings while keeping subject-first). Do not lock Line2 identical across candidates.
- All candidate generation must be deterministic (canonical priority lists, tie-breakers documented).

Reranking and acceptance (must-run)
- If any CLIP reranker is available (external or internal), rerank all generated candidates with CLIP and choose the highest-scoring candidate.
- Internal CLIP reranker is REQUIRED if external reranker unavailable. If NO CLIP reranker exists at all, use the calibrated internal heuristic (see fallback) but log reranker_absent and proceed cautiously.
- After reranking, apply acceptance checks (formatting, subject-match, thresholds, margin logic). Only then may ""image unclear"" be returned.

Acceptance thresholds and margin-based acceptance
- Default starting clip_threshold = 0.20 (integrator must sweep [0.20,0.24] on dev and set final value).
- If top_CLIP ≥ clip_threshold → accept (subject to format/unit tests).
- If top_CLIP < clip_threshold: allow margin-based acceptance when BOTH:
  a) top_vs_next_margin ≥ margin_accept_threshold (tunable on dev), AND
  b) TagPrecisionScore (per-token grounding) is high (tuned threshold).
  Require dev evidence to enable margin_accept_path for production. Log per-example reasoning.
- Only after reranking + margin logic fails should the verifier return ""image unclear"".

No-reranker heuristic (calibrated fallback; used only when reranker absent)
- Score = w1 * TagPrecisionScore + w2 * RerankMarginProxy - w3 * LengthPenalty - w4 * SubjectMismatchPenalty
  - Default weight hints (integrator must retune on dev): increase TagPrecision and RerankMarginProxy importance; increase SubjectMismatchPenalty for substantive mismatches but ignore cosmetic tokenization diffs.
  - LengthPenalty = max(0, token_count - 13).
  - SubjectMismatchPenalty = 0 if normalized(Line2 subject) == normalized(Line1 primary) or only cosmetic diffs; else 1.
  - RerankMarginProxy = normalized difference between best and second-best TagPrecisionScore.
- Tune weights on dev to maximize correlation with CLIP ranking; log calibration results.

Verifier / ""image unclear"" (conservative, enforced but post-generation)
- After candidate generation and reranking/fallback, return exactly and only:
image unclear
  if ANY of these apply:
  1) No primary object detected above detector_primary_tag_threshold AND no high-confidence alternative primary candidate exists in generated candidates.
  2) After CLIP reranking: top candidate CLIP score < clip_threshold AND (top_vs_next_margin < margin_accept_threshold OR TagPrecisionScore insufficient). (If reranker absent: analogous check using tuned heuristic and heuristic_accept_threshold.)
  3) Any strict formatting/unit test fails after normalization and cosmetic-tolerant subject match rules are applied (Line1 tags not all in keep ∪ allowed-neutral per dev policy, Line1 tag count ≠ required unless validated expansion allowed, Line2 contains commas/multiple attributes, Line2 token_count > 15, or Line2 verb is disallowed by dev policy).
  4) Active-verb unavailability: no verb (keep or neutral/fallback validated) included in any candidate and no dev-approved fallback exists.
- When returning ""image unclear"", output exactly that string and nothing else.

Formatting and automated checks (programmatic)
- Unit tests (must-run after reranking/fallback):
  1) Whitelist/CLIP-preference check: every Line1 tag ∈ keep ∪ allowed-neutral-for-this-id (as documented for dev); otherwise candidate may still be allowed if neutral was explicitly used by generation policy, but must be logged.
  2) Tag count and composition: default exactly 3 tags; expansions only allowed per validated expansion rule.
  3) Subject reuse check: normalized(Line2 subject) must match normalized Line1 primary. If mismatch is cosmetic (hyphens/case/Unicode), allow and log; if substantive, fail.
  4) Length check: token_count(Line2) ≤ 15; prefer 10–13.
  5) No commas; no trailing commas; Line2 ends with single period.
  6) Active-verb check: at least one candidate must contain a verb that is keep or neutral/fallback per dev validation; final chosen candidate verb must be permitted under dev policy.
  7) Grounding check: detector confidences for included tags must meet thresholds (unless neutral tokens were used per dev fallback rules).
  8) Tokenization-normalization check: ensure normalization identical to CLIP tokenizer; log mismatches. Cosmetic mismatches should not cause immediate failure.
- If automated checks fail after full candidate generation + reranking + margin path, return ""image unclear"". Do not auto-repair formatting beyond canonical normalization.

Thresholds, calibration, and dev validation (must-run before deployment)
- Required dev sweeps:
  - Sweep clip_threshold in [0.20, 0.24] and set value that optimizes mean_CLIP vs coverage.
  - Sweep action_inclusion_threshold, scene_inclusion_threshold, detector_primary_tag_threshold; choose conservative defaults balancing coverage.
  - Set margin_accept_threshold and require dev evidence for its use.
  - Build per-primary-id keep/neutral/demote verb and attribute lists via per-surface-token CLIP ablation; lock keep tokens only when deltas are positive and stable.
  - Tune no-reranker heuristic weights to correlate with CLIP rankings.
  - Validate expansion rules (4th tag) with per-token CLIP delta checks.

Telemetry and diagnostics (mandatory logging)
- For every captioning decision log:
  - All generated candidates (Line1+Line2), normalized forms, and which tokens were keep vs neutral.
  - Candidate-level CLIP scores and margins; final chosen candidate and score.
  - Per-token average CLIP contribution (from dev) and per-example per-token CLIP deltas (if reranker used).
  - Detector confidences for all candidate tags.
  - Final decision and single failure reason if returning ""image unclear"" (detector_low_confidence, clip_threshold_fail, margin_reject, formatting_check_fail, verb_unavailable, subject_mismatch_substantive, etc.).
  - Flag reranker_absent when applicable and store heuristic scores used.
  - Aggregate metrics: frequency of ""image unclear"" and breakdown by failure reason; per-token pruning suggestions.

Operational notes and rationale
- Deterministic generation must be preserved (canonical priority lists, tie-breakers) while allowing CLIP-validated lexical variation to surface for reranking.
- Prefer higher-precision validated tokens but permit neutral/fallback candidates when keep tokens do not exist for common primaries.
- Regularly re-run per-token CLIP validation when CLIP model versions or surfaced data change.

Final requirement
- If, after unconditional candidate generation, reranking/fallback, margin consideration, and formatting/unit checks (with cosmetic-tolerant subject matching), no acceptable candidate remains, output exactly and only:
image unclear",image unclear,0,1,Qwen/Qwen3-VL-8B-Instruct,0.0,,64,"{""temperature"": 0.0, ""top_p"": null, ""max_new_tokens"": 64}"
flickr30k_main_seed1_train,textgrad_clip,textgrad_clip__textgrad_b0211113d5,33,19370,flickr30k_test_019370,images/flickr30k/flickr30k_test_019370.jpg,"[""A bicyclist waiting for traffic to pass so he can cross the street."", ""A man in a white polo shirt walks his red bike across a crosswalk."", ""A man with a beard is walking his bike across the street."", ""A man with a bicycle walks by a street crossing."", ""A man is riding a bicycle in the street.""]",textgrad_b0211113d5,TextGrad Step 18,"Default behavior (enforceable, but no early rejects)

Primary objective
- Maximize CLIP image–text similarity (primary). SigLIP is diagnostic only.

High-level policy
- Never return ""image unclear"" prior to generating rerankable candidates. Always produce up to 3 deterministic candidate caption proposals, then apply CLIP-based reranking/acceptance logic (or calibrated heuristic if reranker is unavailable). Only return ""image unclear"" after candidates + reranking + margin logic and formatting/unit checks fail.

Canonical vocabulary: CLIP-validated whitelist (mandatory, empirical)
- Integrator MUST run per-surface-token CLIP validation on dev and label each surface-token as keep (CLIP-preferred), neutral, or demote/remove based on average CLIP delta and stability.
- Generator SHOULD use keep tokens by default. Use neutral tokens only for candidate generation when no clear keep exists for a required slot; neutral usage must be logged per-example for later pruning.
- Do NOT hard-block candidate generation when a keep verb is absent; instead include neutral/fallback verbs in candidate set (dev-validated) before rejecting.

Tokenization-normalization (must-match CLIP tokenizer)
- Define and use the exact same normalization as the CLIP tokenizer used for reranking:
  - Unicode normalization (NFC), lowercase, collapse repeated whitespace to single space, normalize hyphens to ASCII hyphen, strip surrounding punctuation except permitted terminal period, and canonicalize diacritics consistently.
- Document and version the normalization function. Log normalized strings used for all subject-matching and whitelist checks.

Output format (strict but generation-first)
- Emit exactly one final candidate (two-line format) when accepted; otherwise return exactly and only:
image unclear
- Candidate format (for each generated candidate):
  Line 1: exactly 3 canonical tags by default, comma-separated, no trailing comma. Hyphens allowed for multiword tokens.
  Line 2: one concise sentence ending with a single period.

Line 1 (tags) — conservative defaults, validated expansion allowed
- Default: exactly 3 tags, ordered:
  1) primary object token — REQUIRED and should be supported by detector_primary_tag_threshold.
  2) action token — include only if action_detector_confidence ≥ action_inclusion_threshold AND token ∈ keep ∪ (neutral if no keep and neutral-allowed-dev-flag true).
  3) one salient attribute token — exactly one of {color OR count OR position}, chosen from keep ∪ neutral (neutral only when no keep exists).
- Allow deterministic expansion to 4 tags when BOTH:
  a) every extra tag has detector_confidence ≥ high_confidence_threshold, AND
  b) per-token CLIP benefit validated on dev (positive delta & stability).
- Scene/texture tokens are allowed only if validated (keep) for the primary id and detector_confidence ≥ scene_inclusion_threshold.
- No synonyms/repeats within a candidate; synonyms may appear across different candidates only if CLIP-validated.

Line 2 (caption) — subject-first, CLIP-validated verbs, but candidates may vary
- Must begin with the primary Line1 tag's preferred-surface-token AFTER tokenization-normalization (subject-first constraint). Normalize both sides with the CLIP tokenizer; if mismatch is purely cosmetic (hyphenation/case/Unicode), allow soft match (log the cosmetic diffs) rather than immediate rejection.
- Sentence shape: [Subject] [active-verb] [object/relationship (optional)] [single salient attribute phrase]. Use active verbs from the CLIP-validated verb-list (keep preferred). If no keep verbs available for this primary, include neutral/fallback verbs in candidates (must be dev-validated).
- Include exactly ONE salient attribute and reuse the exact attribute token from Line 1.
- Target token length: 10–13 tokens. Hard max: 15 tokens. Fewer tokens allowed only if constraints satisfied.
- No commas, no lists, no subordinate clauses, no speculative language. End with a single period and no extra punctuation.

Candidate generation (unconditional) and deterministic variation
- Always generate up to 3 deterministic candidates before any verifier rejection. Candidate variations MUST include:
  a) alternate CLIP-validated attribute tokens or attribute types (color/count/position) when available;
  b) alternate CLIP-validated verbs (keep or neutral/fallback when no keep) for the primary id;
  c) alternate CLIP-preferred synonym variants for Line1 tags when CLIP-validated.
- Permit Line2 surface-level variation across candidates (verbs, attribute words, small permissible reorderings while keeping subject-first). Do not lock Line2 identical across candidates.
- All candidate generation must be deterministic (canonical priority lists, tie-breakers documented).

Reranking and acceptance (must-run)
- If any CLIP reranker is available (external or internal), rerank all generated candidates with CLIP and choose the highest-scoring candidate.
- Internal CLIP reranker is REQUIRED if external reranker unavailable. If NO CLIP reranker exists at all, use the calibrated internal heuristic (see fallback) but log reranker_absent and proceed cautiously.
- After reranking, apply acceptance checks (formatting, subject-match, thresholds, margin logic). Only then may ""image unclear"" be returned.

Acceptance thresholds and margin-based acceptance
- Default starting clip_threshold = 0.20 (integrator must sweep [0.20,0.24] on dev and set final value).
- If top_CLIP ≥ clip_threshold → accept (subject to format/unit tests).
- If top_CLIP < clip_threshold: allow margin-based acceptance when BOTH:
  a) top_vs_next_margin ≥ margin_accept_threshold (tunable on dev), AND
  b) TagPrecisionScore (per-token grounding) is high (tuned threshold).
  Require dev evidence to enable margin_accept_path for production. Log per-example reasoning.
- Only after reranking + margin logic fails should the verifier return ""image unclear"".

No-reranker heuristic (calibrated fallback; used only when reranker absent)
- Score = w1 * TagPrecisionScore + w2 * RerankMarginProxy - w3 * LengthPenalty - w4 * SubjectMismatchPenalty
  - Default weight hints (integrator must retune on dev): increase TagPrecision and RerankMarginProxy importance; increase SubjectMismatchPenalty for substantive mismatches but ignore cosmetic tokenization diffs.
  - LengthPenalty = max(0, token_count - 13).
  - SubjectMismatchPenalty = 0 if normalized(Line2 subject) == normalized(Line1 primary) or only cosmetic diffs; else 1.
  - RerankMarginProxy = normalized difference between best and second-best TagPrecisionScore.
- Tune weights on dev to maximize correlation with CLIP ranking; log calibration results.

Verifier / ""image unclear"" (conservative, enforced but post-generation)
- After candidate generation and reranking/fallback, return exactly and only:
image unclear
  if ANY of these apply:
  1) No primary object detected above detector_primary_tag_threshold AND no high-confidence alternative primary candidate exists in generated candidates.
  2) After CLIP reranking: top candidate CLIP score < clip_threshold AND (top_vs_next_margin < margin_accept_threshold OR TagPrecisionScore insufficient). (If reranker absent: analogous check using tuned heuristic and heuristic_accept_threshold.)
  3) Any strict formatting/unit test fails after normalization and cosmetic-tolerant subject match rules are applied (Line1 tags not all in keep ∪ allowed-neutral per dev policy, Line1 tag count ≠ required unless validated expansion allowed, Line2 contains commas/multiple attributes, Line2 token_count > 15, or Line2 verb is disallowed by dev policy).
  4) Active-verb unavailability: no verb (keep or neutral/fallback validated) included in any candidate and no dev-approved fallback exists.
- When returning ""image unclear"", output exactly that string and nothing else.

Formatting and automated checks (programmatic)
- Unit tests (must-run after reranking/fallback):
  1) Whitelist/CLIP-preference check: every Line1 tag ∈ keep ∪ allowed-neutral-for-this-id (as documented for dev); otherwise candidate may still be allowed if neutral was explicitly used by generation policy, but must be logged.
  2) Tag count and composition: default exactly 3 tags; expansions only allowed per validated expansion rule.
  3) Subject reuse check: normalized(Line2 subject) must match normalized Line1 primary. If mismatch is cosmetic (hyphens/case/Unicode), allow and log; if substantive, fail.
  4) Length check: token_count(Line2) ≤ 15; prefer 10–13.
  5) No commas; no trailing commas; Line2 ends with single period.
  6) Active-verb check: at least one candidate must contain a verb that is keep or neutral/fallback per dev validation; final chosen candidate verb must be permitted under dev policy.
  7) Grounding check: detector confidences for included tags must meet thresholds (unless neutral tokens were used per dev fallback rules).
  8) Tokenization-normalization check: ensure normalization identical to CLIP tokenizer; log mismatches. Cosmetic mismatches should not cause immediate failure.
- If automated checks fail after full candidate generation + reranking + margin path, return ""image unclear"". Do not auto-repair formatting beyond canonical normalization.

Thresholds, calibration, and dev validation (must-run before deployment)
- Required dev sweeps:
  - Sweep clip_threshold in [0.20, 0.24] and set value that optimizes mean_CLIP vs coverage.
  - Sweep action_inclusion_threshold, scene_inclusion_threshold, detector_primary_tag_threshold; choose conservative defaults balancing coverage.
  - Set margin_accept_threshold and require dev evidence for its use.
  - Build per-primary-id keep/neutral/demote verb and attribute lists via per-surface-token CLIP ablation; lock keep tokens only when deltas are positive and stable.
  - Tune no-reranker heuristic weights to correlate with CLIP rankings.
  - Validate expansion rules (4th tag) with per-token CLIP delta checks.

Telemetry and diagnostics (mandatory logging)
- For every captioning decision log:
  - All generated candidates (Line1+Line2), normalized forms, and which tokens were keep vs neutral.
  - Candidate-level CLIP scores and margins; final chosen candidate and score.
  - Per-token average CLIP contribution (from dev) and per-example per-token CLIP deltas (if reranker used).
  - Detector confidences for all candidate tags.
  - Final decision and single failure reason if returning ""image unclear"" (detector_low_confidence, clip_threshold_fail, margin_reject, formatting_check_fail, verb_unavailable, subject_mismatch_substantive, etc.).
  - Flag reranker_absent when applicable and store heuristic scores used.
  - Aggregate metrics: frequency of ""image unclear"" and breakdown by failure reason; per-token pruning suggestions.

Operational notes and rationale
- Deterministic generation must be preserved (canonical priority lists, tie-breakers) while allowing CLIP-validated lexical variation to surface for reranking.
- Prefer higher-precision validated tokens but permit neutral/fallback candidates when keep tokens do not exist for common primaries.
- Regularly re-run per-token CLIP validation when CLIP model versions or surfaced data change.

Final requirement
- If, after unconditional candidate generation, reranking/fallback, margin consideration, and formatting/unit checks (with cosmetic-tolerant subject matching), no acceptable candidate remains, output exactly and only:
image unclear","man, walking, bicycle, red, crosswalk, street, sunny, urban, pedestrian, cycling, daylight, asphalt, stripes, man walking with bicycle, red bag on bike, crossing street, urban scene, sunny day, pedestrian crossing, asphalt road, white stripes, man in white shirt, shorts, holding bike",0,1,Qwen/Qwen3-VL-8B-Instruct,0.0,,64,"{""temperature"": 0.0, ""top_p"": null, ""max_new_tokens"": 64}"
flickr30k_main_seed1_train,textgrad_clip,textgrad_clip__textgrad_b0211113d5,37,10401,flickr30k_test_010401,images/flickr30k/flickr30k_test_010401.jpg,"[""A girl in a blue sweater with a white pattern is jumping into a pile of leaves."", ""A young girl is diving into a pile of brown leaves in the yard."", ""A girl in a sweater diving into a pile of leaves."", ""A girl is jumping into a pile of leaves."", ""A girl is jumping into a pile of leaves""]",textgrad_b0211113d5,TextGrad Step 18,"Default behavior (enforceable, but no early rejects)

Primary objective
- Maximize CLIP image–text similarity (primary). SigLIP is diagnostic only.

High-level policy
- Never return ""image unclear"" prior to generating rerankable candidates. Always produce up to 3 deterministic candidate caption proposals, then apply CLIP-based reranking/acceptance logic (or calibrated heuristic if reranker is unavailable). Only return ""image unclear"" after candidates + reranking + margin logic and formatting/unit checks fail.

Canonical vocabulary: CLIP-validated whitelist (mandatory, empirical)
- Integrator MUST run per-surface-token CLIP validation on dev and label each surface-token as keep (CLIP-preferred), neutral, or demote/remove based on average CLIP delta and stability.
- Generator SHOULD use keep tokens by default. Use neutral tokens only for candidate generation when no clear keep exists for a required slot; neutral usage must be logged per-example for later pruning.
- Do NOT hard-block candidate generation when a keep verb is absent; instead include neutral/fallback verbs in candidate set (dev-validated) before rejecting.

Tokenization-normalization (must-match CLIP tokenizer)
- Define and use the exact same normalization as the CLIP tokenizer used for reranking:
  - Unicode normalization (NFC), lowercase, collapse repeated whitespace to single space, normalize hyphens to ASCII hyphen, strip surrounding punctuation except permitted terminal period, and canonicalize diacritics consistently.
- Document and version the normalization function. Log normalized strings used for all subject-matching and whitelist checks.

Output format (strict but generation-first)
- Emit exactly one final candidate (two-line format) when accepted; otherwise return exactly and only:
image unclear
- Candidate format (for each generated candidate):
  Line 1: exactly 3 canonical tags by default, comma-separated, no trailing comma. Hyphens allowed for multiword tokens.
  Line 2: one concise sentence ending with a single period.

Line 1 (tags) — conservative defaults, validated expansion allowed
- Default: exactly 3 tags, ordered:
  1) primary object token — REQUIRED and should be supported by detector_primary_tag_threshold.
  2) action token — include only if action_detector_confidence ≥ action_inclusion_threshold AND token ∈ keep ∪ (neutral if no keep and neutral-allowed-dev-flag true).
  3) one salient attribute token — exactly one of {color OR count OR position}, chosen from keep ∪ neutral (neutral only when no keep exists).
- Allow deterministic expansion to 4 tags when BOTH:
  a) every extra tag has detector_confidence ≥ high_confidence_threshold, AND
  b) per-token CLIP benefit validated on dev (positive delta & stability).
- Scene/texture tokens are allowed only if validated (keep) for the primary id and detector_confidence ≥ scene_inclusion_threshold.
- No synonyms/repeats within a candidate; synonyms may appear across different candidates only if CLIP-validated.

Line 2 (caption) — subject-first, CLIP-validated verbs, but candidates may vary
- Must begin with the primary Line1 tag's preferred-surface-token AFTER tokenization-normalization (subject-first constraint). Normalize both sides with the CLIP tokenizer; if mismatch is purely cosmetic (hyphenation/case/Unicode), allow soft match (log the cosmetic diffs) rather than immediate rejection.
- Sentence shape: [Subject] [active-verb] [object/relationship (optional)] [single salient attribute phrase]. Use active verbs from the CLIP-validated verb-list (keep preferred). If no keep verbs available for this primary, include neutral/fallback verbs in candidates (must be dev-validated).
- Include exactly ONE salient attribute and reuse the exact attribute token from Line 1.
- Target token length: 10–13 tokens. Hard max: 15 tokens. Fewer tokens allowed only if constraints satisfied.
- No commas, no lists, no subordinate clauses, no speculative language. End with a single period and no extra punctuation.

Candidate generation (unconditional) and deterministic variation
- Always generate up to 3 deterministic candidates before any verifier rejection. Candidate variations MUST include:
  a) alternate CLIP-validated attribute tokens or attribute types (color/count/position) when available;
  b) alternate CLIP-validated verbs (keep or neutral/fallback when no keep) for the primary id;
  c) alternate CLIP-preferred synonym variants for Line1 tags when CLIP-validated.
- Permit Line2 surface-level variation across candidates (verbs, attribute words, small permissible reorderings while keeping subject-first). Do not lock Line2 identical across candidates.
- All candidate generation must be deterministic (canonical priority lists, tie-breakers documented).

Reranking and acceptance (must-run)
- If any CLIP reranker is available (external or internal), rerank all generated candidates with CLIP and choose the highest-scoring candidate.
- Internal CLIP reranker is REQUIRED if external reranker unavailable. If NO CLIP reranker exists at all, use the calibrated internal heuristic (see fallback) but log reranker_absent and proceed cautiously.
- After reranking, apply acceptance checks (formatting, subject-match, thresholds, margin logic). Only then may ""image unclear"" be returned.

Acceptance thresholds and margin-based acceptance
- Default starting clip_threshold = 0.20 (integrator must sweep [0.20,0.24] on dev and set final value).
- If top_CLIP ≥ clip_threshold → accept (subject to format/unit tests).
- If top_CLIP < clip_threshold: allow margin-based acceptance when BOTH:
  a) top_vs_next_margin ≥ margin_accept_threshold (tunable on dev), AND
  b) TagPrecisionScore (per-token grounding) is high (tuned threshold).
  Require dev evidence to enable margin_accept_path for production. Log per-example reasoning.
- Only after reranking + margin logic fails should the verifier return ""image unclear"".

No-reranker heuristic (calibrated fallback; used only when reranker absent)
- Score = w1 * TagPrecisionScore + w2 * RerankMarginProxy - w3 * LengthPenalty - w4 * SubjectMismatchPenalty
  - Default weight hints (integrator must retune on dev): increase TagPrecision and RerankMarginProxy importance; increase SubjectMismatchPenalty for substantive mismatches but ignore cosmetic tokenization diffs.
  - LengthPenalty = max(0, token_count - 13).
  - SubjectMismatchPenalty = 0 if normalized(Line2 subject) == normalized(Line1 primary) or only cosmetic diffs; else 1.
  - RerankMarginProxy = normalized difference between best and second-best TagPrecisionScore.
- Tune weights on dev to maximize correlation with CLIP ranking; log calibration results.

Verifier / ""image unclear"" (conservative, enforced but post-generation)
- After candidate generation and reranking/fallback, return exactly and only:
image unclear
  if ANY of these apply:
  1) No primary object detected above detector_primary_tag_threshold AND no high-confidence alternative primary candidate exists in generated candidates.
  2) After CLIP reranking: top candidate CLIP score < clip_threshold AND (top_vs_next_margin < margin_accept_threshold OR TagPrecisionScore insufficient). (If reranker absent: analogous check using tuned heuristic and heuristic_accept_threshold.)
  3) Any strict formatting/unit test fails after normalization and cosmetic-tolerant subject match rules are applied (Line1 tags not all in keep ∪ allowed-neutral per dev policy, Line1 tag count ≠ required unless validated expansion allowed, Line2 contains commas/multiple attributes, Line2 token_count > 15, or Line2 verb is disallowed by dev policy).
  4) Active-verb unavailability: no verb (keep or neutral/fallback validated) included in any candidate and no dev-approved fallback exists.
- When returning ""image unclear"", output exactly that string and nothing else.

Formatting and automated checks (programmatic)
- Unit tests (must-run after reranking/fallback):
  1) Whitelist/CLIP-preference check: every Line1 tag ∈ keep ∪ allowed-neutral-for-this-id (as documented for dev); otherwise candidate may still be allowed if neutral was explicitly used by generation policy, but must be logged.
  2) Tag count and composition: default exactly 3 tags; expansions only allowed per validated expansion rule.
  3) Subject reuse check: normalized(Line2 subject) must match normalized Line1 primary. If mismatch is cosmetic (hyphens/case/Unicode), allow and log; if substantive, fail.
  4) Length check: token_count(Line2) ≤ 15; prefer 10–13.
  5) No commas; no trailing commas; Line2 ends with single period.
  6) Active-verb check: at least one candidate must contain a verb that is keep or neutral/fallback per dev validation; final chosen candidate verb must be permitted under dev policy.
  7) Grounding check: detector confidences for included tags must meet thresholds (unless neutral tokens were used per dev fallback rules).
  8) Tokenization-normalization check: ensure normalization identical to CLIP tokenizer; log mismatches. Cosmetic mismatches should not cause immediate failure.
- If automated checks fail after full candidate generation + reranking + margin path, return ""image unclear"". Do not auto-repair formatting beyond canonical normalization.

Thresholds, calibration, and dev validation (must-run before deployment)
- Required dev sweeps:
  - Sweep clip_threshold in [0.20, 0.24] and set value that optimizes mean_CLIP vs coverage.
  - Sweep action_inclusion_threshold, scene_inclusion_threshold, detector_primary_tag_threshold; choose conservative defaults balancing coverage.
  - Set margin_accept_threshold and require dev evidence for its use.
  - Build per-primary-id keep/neutral/demote verb and attribute lists via per-surface-token CLIP ablation; lock keep tokens only when deltas are positive and stable.
  - Tune no-reranker heuristic weights to correlate with CLIP rankings.
  - Validate expansion rules (4th tag) with per-token CLIP delta checks.

Telemetry and diagnostics (mandatory logging)
- For every captioning decision log:
  - All generated candidates (Line1+Line2), normalized forms, and which tokens were keep vs neutral.
  - Candidate-level CLIP scores and margins; final chosen candidate and score.
  - Per-token average CLIP contribution (from dev) and per-example per-token CLIP deltas (if reranker used).
  - Detector confidences for all candidate tags.
  - Final decision and single failure reason if returning ""image unclear"" (detector_low_confidence, clip_threshold_fail, margin_reject, formatting_check_fail, verb_unavailable, subject_mismatch_substantive, etc.).
  - Flag reranker_absent when applicable and store heuristic scores used.
  - Aggregate metrics: frequency of ""image unclear"" and breakdown by failure reason; per-token pruning suggestions.

Operational notes and rationale
- Deterministic generation must be preserved (canonical priority lists, tie-breakers) while allowing CLIP-validated lexical variation to surface for reranking.
- Prefer higher-precision validated tokens but permit neutral/fallback candidates when keep tokens do not exist for common primaries.
- Regularly re-run per-token CLIP validation when CLIP model versions or surfaced data change.

Final requirement
- If, after unconditional candidate generation, reranking/fallback, margin consideration, and formatting/unit checks (with cosmetic-tolerant subject matching), no acceptable candidate remains, output exactly and only:
image unclear","child jumping into pile of autumn leaves, wearing patterned sweater, outdoors near vehicle",0,1,Qwen/Qwen3-VL-8B-Instruct,0.0,,64,"{""temperature"": 0.0, ""top_p"": null, ""max_new_tokens"": 64}"
flickr30k_main_seed1_train,textgrad_clip,textgrad_clip__textgrad_b0211113d5,41,21284,flickr30k_test_021284,images/flickr30k/flickr30k_test_021284.jpg,"[""A group of men in black suits and black hats are standing along a parade route."", ""A group of Hasidic Jews stand amidst a crowd adjacent to a busy city street."", ""Bearded men wearing black gather together outside of a religious service."", ""People in black hats gathered together downtown."", ""Many jewish men in a city.""]",textgrad_b0211113d5,TextGrad Step 18,"Default behavior (enforceable, but no early rejects)

Primary objective
- Maximize CLIP image–text similarity (primary). SigLIP is diagnostic only.

High-level policy
- Never return ""image unclear"" prior to generating rerankable candidates. Always produce up to 3 deterministic candidate caption proposals, then apply CLIP-based reranking/acceptance logic (or calibrated heuristic if reranker is unavailable). Only return ""image unclear"" after candidates + reranking + margin logic and formatting/unit checks fail.

Canonical vocabulary: CLIP-validated whitelist (mandatory, empirical)
- Integrator MUST run per-surface-token CLIP validation on dev and label each surface-token as keep (CLIP-preferred), neutral, or demote/remove based on average CLIP delta and stability.
- Generator SHOULD use keep tokens by default. Use neutral tokens only for candidate generation when no clear keep exists for a required slot; neutral usage must be logged per-example for later pruning.
- Do NOT hard-block candidate generation when a keep verb is absent; instead include neutral/fallback verbs in candidate set (dev-validated) before rejecting.

Tokenization-normalization (must-match CLIP tokenizer)
- Define and use the exact same normalization as the CLIP tokenizer used for reranking:
  - Unicode normalization (NFC), lowercase, collapse repeated whitespace to single space, normalize hyphens to ASCII hyphen, strip surrounding punctuation except permitted terminal period, and canonicalize diacritics consistently.
- Document and version the normalization function. Log normalized strings used for all subject-matching and whitelist checks.

Output format (strict but generation-first)
- Emit exactly one final candidate (two-line format) when accepted; otherwise return exactly and only:
image unclear
- Candidate format (for each generated candidate):
  Line 1: exactly 3 canonical tags by default, comma-separated, no trailing comma. Hyphens allowed for multiword tokens.
  Line 2: one concise sentence ending with a single period.

Line 1 (tags) — conservative defaults, validated expansion allowed
- Default: exactly 3 tags, ordered:
  1) primary object token — REQUIRED and should be supported by detector_primary_tag_threshold.
  2) action token — include only if action_detector_confidence ≥ action_inclusion_threshold AND token ∈ keep ∪ (neutral if no keep and neutral-allowed-dev-flag true).
  3) one salient attribute token — exactly one of {color OR count OR position}, chosen from keep ∪ neutral (neutral only when no keep exists).
- Allow deterministic expansion to 4 tags when BOTH:
  a) every extra tag has detector_confidence ≥ high_confidence_threshold, AND
  b) per-token CLIP benefit validated on dev (positive delta & stability).
- Scene/texture tokens are allowed only if validated (keep) for the primary id and detector_confidence ≥ scene_inclusion_threshold.
- No synonyms/repeats within a candidate; synonyms may appear across different candidates only if CLIP-validated.

Line 2 (caption) — subject-first, CLIP-validated verbs, but candidates may vary
- Must begin with the primary Line1 tag's preferred-surface-token AFTER tokenization-normalization (subject-first constraint). Normalize both sides with the CLIP tokenizer; if mismatch is purely cosmetic (hyphenation/case/Unicode), allow soft match (log the cosmetic diffs) rather than immediate rejection.
- Sentence shape: [Subject] [active-verb] [object/relationship (optional)] [single salient attribute phrase]. Use active verbs from the CLIP-validated verb-list (keep preferred). If no keep verbs available for this primary, include neutral/fallback verbs in candidates (must be dev-validated).
- Include exactly ONE salient attribute and reuse the exact attribute token from Line 1.
- Target token length: 10–13 tokens. Hard max: 15 tokens. Fewer tokens allowed only if constraints satisfied.
- No commas, no lists, no subordinate clauses, no speculative language. End with a single period and no extra punctuation.

Candidate generation (unconditional) and deterministic variation
- Always generate up to 3 deterministic candidates before any verifier rejection. Candidate variations MUST include:
  a) alternate CLIP-validated attribute tokens or attribute types (color/count/position) when available;
  b) alternate CLIP-validated verbs (keep or neutral/fallback when no keep) for the primary id;
  c) alternate CLIP-preferred synonym variants for Line1 tags when CLIP-validated.
- Permit Line2 surface-level variation across candidates (verbs, attribute words, small permissible reorderings while keeping subject-first). Do not lock Line2 identical across candidates.
- All candidate generation must be deterministic (canonical priority lists, tie-breakers documented).

Reranking and acceptance (must-run)
- If any CLIP reranker is available (external or internal), rerank all generated candidates with CLIP and choose the highest-scoring candidate.
- Internal CLIP reranker is REQUIRED if external reranker unavailable. If NO CLIP reranker exists at all, use the calibrated internal heuristic (see fallback) but log reranker_absent and proceed cautiously.
- After reranking, apply acceptance checks (formatting, subject-match, thresholds, margin logic). Only then may ""image unclear"" be returned.

Acceptance thresholds and margin-based acceptance
- Default starting clip_threshold = 0.20 (integrator must sweep [0.20,0.24] on dev and set final value).
- If top_CLIP ≥ clip_threshold → accept (subject to format/unit tests).
- If top_CLIP < clip_threshold: allow margin-based acceptance when BOTH:
  a) top_vs_next_margin ≥ margin_accept_threshold (tunable on dev), AND
  b) TagPrecisionScore (per-token grounding) is high (tuned threshold).
  Require dev evidence to enable margin_accept_path for production. Log per-example reasoning.
- Only after reranking + margin logic fails should the verifier return ""image unclear"".

No-reranker heuristic (calibrated fallback; used only when reranker absent)
- Score = w1 * TagPrecisionScore + w2 * RerankMarginProxy - w3 * LengthPenalty - w4 * SubjectMismatchPenalty
  - Default weight hints (integrator must retune on dev): increase TagPrecision and RerankMarginProxy importance; increase SubjectMismatchPenalty for substantive mismatches but ignore cosmetic tokenization diffs.
  - LengthPenalty = max(0, token_count - 13).
  - SubjectMismatchPenalty = 0 if normalized(Line2 subject) == normalized(Line1 primary) or only cosmetic diffs; else 1.
  - RerankMarginProxy = normalized difference between best and second-best TagPrecisionScore.
- Tune weights on dev to maximize correlation with CLIP ranking; log calibration results.

Verifier / ""image unclear"" (conservative, enforced but post-generation)
- After candidate generation and reranking/fallback, return exactly and only:
image unclear
  if ANY of these apply:
  1) No primary object detected above detector_primary_tag_threshold AND no high-confidence alternative primary candidate exists in generated candidates.
  2) After CLIP reranking: top candidate CLIP score < clip_threshold AND (top_vs_next_margin < margin_accept_threshold OR TagPrecisionScore insufficient). (If reranker absent: analogous check using tuned heuristic and heuristic_accept_threshold.)
  3) Any strict formatting/unit test fails after normalization and cosmetic-tolerant subject match rules are applied (Line1 tags not all in keep ∪ allowed-neutral per dev policy, Line1 tag count ≠ required unless validated expansion allowed, Line2 contains commas/multiple attributes, Line2 token_count > 15, or Line2 verb is disallowed by dev policy).
  4) Active-verb unavailability: no verb (keep or neutral/fallback validated) included in any candidate and no dev-approved fallback exists.
- When returning ""image unclear"", output exactly that string and nothing else.

Formatting and automated checks (programmatic)
- Unit tests (must-run after reranking/fallback):
  1) Whitelist/CLIP-preference check: every Line1 tag ∈ keep ∪ allowed-neutral-for-this-id (as documented for dev); otherwise candidate may still be allowed if neutral was explicitly used by generation policy, but must be logged.
  2) Tag count and composition: default exactly 3 tags; expansions only allowed per validated expansion rule.
  3) Subject reuse check: normalized(Line2 subject) must match normalized Line1 primary. If mismatch is cosmetic (hyphens/case/Unicode), allow and log; if substantive, fail.
  4) Length check: token_count(Line2) ≤ 15; prefer 10–13.
  5) No commas; no trailing commas; Line2 ends with single period.
  6) Active-verb check: at least one candidate must contain a verb that is keep or neutral/fallback per dev validation; final chosen candidate verb must be permitted under dev policy.
  7) Grounding check: detector confidences for included tags must meet thresholds (unless neutral tokens were used per dev fallback rules).
  8) Tokenization-normalization check: ensure normalization identical to CLIP tokenizer; log mismatches. Cosmetic mismatches should not cause immediate failure.
- If automated checks fail after full candidate generation + reranking + margin path, return ""image unclear"". Do not auto-repair formatting beyond canonical normalization.

Thresholds, calibration, and dev validation (must-run before deployment)
- Required dev sweeps:
  - Sweep clip_threshold in [0.20, 0.24] and set value that optimizes mean_CLIP vs coverage.
  - Sweep action_inclusion_threshold, scene_inclusion_threshold, detector_primary_tag_threshold; choose conservative defaults balancing coverage.
  - Set margin_accept_threshold and require dev evidence for its use.
  - Build per-primary-id keep/neutral/demote verb and attribute lists via per-surface-token CLIP ablation; lock keep tokens only when deltas are positive and stable.
  - Tune no-reranker heuristic weights to correlate with CLIP rankings.
  - Validate expansion rules (4th tag) with per-token CLIP delta checks.

Telemetry and diagnostics (mandatory logging)
- For every captioning decision log:
  - All generated candidates (Line1+Line2), normalized forms, and which tokens were keep vs neutral.
  - Candidate-level CLIP scores and margins; final chosen candidate and score.
  - Per-token average CLIP contribution (from dev) and per-example per-token CLIP deltas (if reranker used).
  - Detector confidences for all candidate tags.
  - Final decision and single failure reason if returning ""image unclear"" (detector_low_confidence, clip_threshold_fail, margin_reject, formatting_check_fail, verb_unavailable, subject_mismatch_substantive, etc.).
  - Flag reranker_absent when applicable and store heuristic scores used.
  - Aggregate metrics: frequency of ""image unclear"" and breakdown by failure reason; per-token pruning suggestions.

Operational notes and rationale
- Deterministic generation must be preserved (canonical priority lists, tie-breakers) while allowing CLIP-validated lexical variation to surface for reranking.
- Prefer higher-precision validated tokens but permit neutral/fallback candidates when keep tokens do not exist for common primaries.
- Regularly re-run per-token CLIP validation when CLIP model versions or surfaced data change.

Final requirement
- If, after unconditional candidate generation, reranking/fallback, margin consideration, and formatting/unit checks (with cosmetic-tolerant subject matching), no acceptable candidate remains, output exactly and only:
image unclear",image unclear,0,1,Qwen/Qwen3-VL-8B-Instruct,0.0,,64,"{""temperature"": 0.0, ""top_p"": null, ""max_new_tokens"": 64}"
flickr30k_main_seed1_train,textgrad_clip,textgrad_clip__textgrad_b0211113d5,54,25024,flickr30k_test_025024,images/flickr30k/flickr30k_test_025024.jpg,"[""Eleven children sit next to each other on a stoop in front of a blue grating while holding objects in front of their eyes."", ""Smiling children are sitting on concrete slab displaying a small item in their hands."", ""Several young children are sitting outside laughing and looking through objects."", ""Eleven children sitting together, holding something up, and laughing."", ""A group of children sitting together eating donuts.""]",textgrad_b0211113d5,TextGrad Step 18,"Default behavior (enforceable, but no early rejects)

Primary objective
- Maximize CLIP image–text similarity (primary). SigLIP is diagnostic only.

High-level policy
- Never return ""image unclear"" prior to generating rerankable candidates. Always produce up to 3 deterministic candidate caption proposals, then apply CLIP-based reranking/acceptance logic (or calibrated heuristic if reranker is unavailable). Only return ""image unclear"" after candidates + reranking + margin logic and formatting/unit checks fail.

Canonical vocabulary: CLIP-validated whitelist (mandatory, empirical)
- Integrator MUST run per-surface-token CLIP validation on dev and label each surface-token as keep (CLIP-preferred), neutral, or demote/remove based on average CLIP delta and stability.
- Generator SHOULD use keep tokens by default. Use neutral tokens only for candidate generation when no clear keep exists for a required slot; neutral usage must be logged per-example for later pruning.
- Do NOT hard-block candidate generation when a keep verb is absent; instead include neutral/fallback verbs in candidate set (dev-validated) before rejecting.

Tokenization-normalization (must-match CLIP tokenizer)
- Define and use the exact same normalization as the CLIP tokenizer used for reranking:
  - Unicode normalization (NFC), lowercase, collapse repeated whitespace to single space, normalize hyphens to ASCII hyphen, strip surrounding punctuation except permitted terminal period, and canonicalize diacritics consistently.
- Document and version the normalization function. Log normalized strings used for all subject-matching and whitelist checks.

Output format (strict but generation-first)
- Emit exactly one final candidate (two-line format) when accepted; otherwise return exactly and only:
image unclear
- Candidate format (for each generated candidate):
  Line 1: exactly 3 canonical tags by default, comma-separated, no trailing comma. Hyphens allowed for multiword tokens.
  Line 2: one concise sentence ending with a single period.

Line 1 (tags) — conservative defaults, validated expansion allowed
- Default: exactly 3 tags, ordered:
  1) primary object token — REQUIRED and should be supported by detector_primary_tag_threshold.
  2) action token — include only if action_detector_confidence ≥ action_inclusion_threshold AND token ∈ keep ∪ (neutral if no keep and neutral-allowed-dev-flag true).
  3) one salient attribute token — exactly one of {color OR count OR position}, chosen from keep ∪ neutral (neutral only when no keep exists).
- Allow deterministic expansion to 4 tags when BOTH:
  a) every extra tag has detector_confidence ≥ high_confidence_threshold, AND
  b) per-token CLIP benefit validated on dev (positive delta & stability).
- Scene/texture tokens are allowed only if validated (keep) for the primary id and detector_confidence ≥ scene_inclusion_threshold.
- No synonyms/repeats within a candidate; synonyms may appear across different candidates only if CLIP-validated.

Line 2 (caption) — subject-first, CLIP-validated verbs, but candidates may vary
- Must begin with the primary Line1 tag's preferred-surface-token AFTER tokenization-normalization (subject-first constraint). Normalize both sides with the CLIP tokenizer; if mismatch is purely cosmetic (hyphenation/case/Unicode), allow soft match (log the cosmetic diffs) rather than immediate rejection.
- Sentence shape: [Subject] [active-verb] [object/relationship (optional)] [single salient attribute phrase]. Use active verbs from the CLIP-validated verb-list (keep preferred). If no keep verbs available for this primary, include neutral/fallback verbs in candidates (must be dev-validated).
- Include exactly ONE salient attribute and reuse the exact attribute token from Line 1.
- Target token length: 10–13 tokens. Hard max: 15 tokens. Fewer tokens allowed only if constraints satisfied.
- No commas, no lists, no subordinate clauses, no speculative language. End with a single period and no extra punctuation.

Candidate generation (unconditional) and deterministic variation
- Always generate up to 3 deterministic candidates before any verifier rejection. Candidate variations MUST include:
  a) alternate CLIP-validated attribute tokens or attribute types (color/count/position) when available;
  b) alternate CLIP-validated verbs (keep or neutral/fallback when no keep) for the primary id;
  c) alternate CLIP-preferred synonym variants for Line1 tags when CLIP-validated.
- Permit Line2 surface-level variation across candidates (verbs, attribute words, small permissible reorderings while keeping subject-first). Do not lock Line2 identical across candidates.
- All candidate generation must be deterministic (canonical priority lists, tie-breakers documented).

Reranking and acceptance (must-run)
- If any CLIP reranker is available (external or internal), rerank all generated candidates with CLIP and choose the highest-scoring candidate.
- Internal CLIP reranker is REQUIRED if external reranker unavailable. If NO CLIP reranker exists at all, use the calibrated internal heuristic (see fallback) but log reranker_absent and proceed cautiously.
- After reranking, apply acceptance checks (formatting, subject-match, thresholds, margin logic). Only then may ""image unclear"" be returned.

Acceptance thresholds and margin-based acceptance
- Default starting clip_threshold = 0.20 (integrator must sweep [0.20,0.24] on dev and set final value).
- If top_CLIP ≥ clip_threshold → accept (subject to format/unit tests).
- If top_CLIP < clip_threshold: allow margin-based acceptance when BOTH:
  a) top_vs_next_margin ≥ margin_accept_threshold (tunable on dev), AND
  b) TagPrecisionScore (per-token grounding) is high (tuned threshold).
  Require dev evidence to enable margin_accept_path for production. Log per-example reasoning.
- Only after reranking + margin logic fails should the verifier return ""image unclear"".

No-reranker heuristic (calibrated fallback; used only when reranker absent)
- Score = w1 * TagPrecisionScore + w2 * RerankMarginProxy - w3 * LengthPenalty - w4 * SubjectMismatchPenalty
  - Default weight hints (integrator must retune on dev): increase TagPrecision and RerankMarginProxy importance; increase SubjectMismatchPenalty for substantive mismatches but ignore cosmetic tokenization diffs.
  - LengthPenalty = max(0, token_count - 13).
  - SubjectMismatchPenalty = 0 if normalized(Line2 subject) == normalized(Line1 primary) or only cosmetic diffs; else 1.
  - RerankMarginProxy = normalized difference between best and second-best TagPrecisionScore.
- Tune weights on dev to maximize correlation with CLIP ranking; log calibration results.

Verifier / ""image unclear"" (conservative, enforced but post-generation)
- After candidate generation and reranking/fallback, return exactly and only:
image unclear
  if ANY of these apply:
  1) No primary object detected above detector_primary_tag_threshold AND no high-confidence alternative primary candidate exists in generated candidates.
  2) After CLIP reranking: top candidate CLIP score < clip_threshold AND (top_vs_next_margin < margin_accept_threshold OR TagPrecisionScore insufficient). (If reranker absent: analogous check using tuned heuristic and heuristic_accept_threshold.)
  3) Any strict formatting/unit test fails after normalization and cosmetic-tolerant subject match rules are applied (Line1 tags not all in keep ∪ allowed-neutral per dev policy, Line1 tag count ≠ required unless validated expansion allowed, Line2 contains commas/multiple attributes, Line2 token_count > 15, or Line2 verb is disallowed by dev policy).
  4) Active-verb unavailability: no verb (keep or neutral/fallback validated) included in any candidate and no dev-approved fallback exists.
- When returning ""image unclear"", output exactly that string and nothing else.

Formatting and automated checks (programmatic)
- Unit tests (must-run after reranking/fallback):
  1) Whitelist/CLIP-preference check: every Line1 tag ∈ keep ∪ allowed-neutral-for-this-id (as documented for dev); otherwise candidate may still be allowed if neutral was explicitly used by generation policy, but must be logged.
  2) Tag count and composition: default exactly 3 tags; expansions only allowed per validated expansion rule.
  3) Subject reuse check: normalized(Line2 subject) must match normalized Line1 primary. If mismatch is cosmetic (hyphens/case/Unicode), allow and log; if substantive, fail.
  4) Length check: token_count(Line2) ≤ 15; prefer 10–13.
  5) No commas; no trailing commas; Line2 ends with single period.
  6) Active-verb check: at least one candidate must contain a verb that is keep or neutral/fallback per dev validation; final chosen candidate verb must be permitted under dev policy.
  7) Grounding check: detector confidences for included tags must meet thresholds (unless neutral tokens were used per dev fallback rules).
  8) Tokenization-normalization check: ensure normalization identical to CLIP tokenizer; log mismatches. Cosmetic mismatches should not cause immediate failure.
- If automated checks fail after full candidate generation + reranking + margin path, return ""image unclear"". Do not auto-repair formatting beyond canonical normalization.

Thresholds, calibration, and dev validation (must-run before deployment)
- Required dev sweeps:
  - Sweep clip_threshold in [0.20, 0.24] and set value that optimizes mean_CLIP vs coverage.
  - Sweep action_inclusion_threshold, scene_inclusion_threshold, detector_primary_tag_threshold; choose conservative defaults balancing coverage.
  - Set margin_accept_threshold and require dev evidence for its use.
  - Build per-primary-id keep/neutral/demote verb and attribute lists via per-surface-token CLIP ablation; lock keep tokens only when deltas are positive and stable.
  - Tune no-reranker heuristic weights to correlate with CLIP rankings.
  - Validate expansion rules (4th tag) with per-token CLIP delta checks.

Telemetry and diagnostics (mandatory logging)
- For every captioning decision log:
  - All generated candidates (Line1+Line2), normalized forms, and which tokens were keep vs neutral.
  - Candidate-level CLIP scores and margins; final chosen candidate and score.
  - Per-token average CLIP contribution (from dev) and per-example per-token CLIP deltas (if reranker used).
  - Detector confidences for all candidate tags.
  - Final decision and single failure reason if returning ""image unclear"" (detector_low_confidence, clip_threshold_fail, margin_reject, formatting_check_fail, verb_unavailable, subject_mismatch_substantive, etc.).
  - Flag reranker_absent when applicable and store heuristic scores used.
  - Aggregate metrics: frequency of ""image unclear"" and breakdown by failure reason; per-token pruning suggestions.

Operational notes and rationale
- Deterministic generation must be preserved (canonical priority lists, tie-breakers) while allowing CLIP-validated lexical variation to surface for reranking.
- Prefer higher-precision validated tokens but permit neutral/fallback candidates when keep tokens do not exist for common primaries.
- Regularly re-run per-token CLIP validation when CLIP model versions or surfaced data change.

Final requirement
- If, after unconditional candidate generation, reranking/fallback, margin consideration, and formatting/unit checks (with cosmetic-tolerant subject matching), no acceptable candidate remains, output exactly and only:
image unclear",image unclear,0,1,Qwen/Qwen3-VL-8B-Instruct,0.0,,64,"{""temperature"": 0.0, ""top_p"": null, ""max_new_tokens"": 64}"
flickr30k_main_seed1_train,textgrad_clip,textgrad_clip__textgrad_b0211113d5,56,16246,flickr30k_test_016246,images/flickr30k/flickr30k_test_016246.jpg,"[""A child is holding a bunch of balloons in front of their face."", ""A child holding balloons that cover their face."", ""A little boy holds many inflated balloons."", ""Child carrying a bouquet of balloons."", ""A young child carrying many balloons.""]",textgrad_b0211113d5,TextGrad Step 18,"Default behavior (enforceable, but no early rejects)

Primary objective
- Maximize CLIP image–text similarity (primary). SigLIP is diagnostic only.

High-level policy
- Never return ""image unclear"" prior to generating rerankable candidates. Always produce up to 3 deterministic candidate caption proposals, then apply CLIP-based reranking/acceptance logic (or calibrated heuristic if reranker is unavailable). Only return ""image unclear"" after candidates + reranking + margin logic and formatting/unit checks fail.

Canonical vocabulary: CLIP-validated whitelist (mandatory, empirical)
- Integrator MUST run per-surface-token CLIP validation on dev and label each surface-token as keep (CLIP-preferred), neutral, or demote/remove based on average CLIP delta and stability.
- Generator SHOULD use keep tokens by default. Use neutral tokens only for candidate generation when no clear keep exists for a required slot; neutral usage must be logged per-example for later pruning.
- Do NOT hard-block candidate generation when a keep verb is absent; instead include neutral/fallback verbs in candidate set (dev-validated) before rejecting.

Tokenization-normalization (must-match CLIP tokenizer)
- Define and use the exact same normalization as the CLIP tokenizer used for reranking:
  - Unicode normalization (NFC), lowercase, collapse repeated whitespace to single space, normalize hyphens to ASCII hyphen, strip surrounding punctuation except permitted terminal period, and canonicalize diacritics consistently.
- Document and version the normalization function. Log normalized strings used for all subject-matching and whitelist checks.

Output format (strict but generation-first)
- Emit exactly one final candidate (two-line format) when accepted; otherwise return exactly and only:
image unclear
- Candidate format (for each generated candidate):
  Line 1: exactly 3 canonical tags by default, comma-separated, no trailing comma. Hyphens allowed for multiword tokens.
  Line 2: one concise sentence ending with a single period.

Line 1 (tags) — conservative defaults, validated expansion allowed
- Default: exactly 3 tags, ordered:
  1) primary object token — REQUIRED and should be supported by detector_primary_tag_threshold.
  2) action token — include only if action_detector_confidence ≥ action_inclusion_threshold AND token ∈ keep ∪ (neutral if no keep and neutral-allowed-dev-flag true).
  3) one salient attribute token — exactly one of {color OR count OR position}, chosen from keep ∪ neutral (neutral only when no keep exists).
- Allow deterministic expansion to 4 tags when BOTH:
  a) every extra tag has detector_confidence ≥ high_confidence_threshold, AND
  b) per-token CLIP benefit validated on dev (positive delta & stability).
- Scene/texture tokens are allowed only if validated (keep) for the primary id and detector_confidence ≥ scene_inclusion_threshold.
- No synonyms/repeats within a candidate; synonyms may appear across different candidates only if CLIP-validated.

Line 2 (caption) — subject-first, CLIP-validated verbs, but candidates may vary
- Must begin with the primary Line1 tag's preferred-surface-token AFTER tokenization-normalization (subject-first constraint). Normalize both sides with the CLIP tokenizer; if mismatch is purely cosmetic (hyphenation/case/Unicode), allow soft match (log the cosmetic diffs) rather than immediate rejection.
- Sentence shape: [Subject] [active-verb] [object/relationship (optional)] [single salient attribute phrase]. Use active verbs from the CLIP-validated verb-list (keep preferred). If no keep verbs available for this primary, include neutral/fallback verbs in candidates (must be dev-validated).
- Include exactly ONE salient attribute and reuse the exact attribute token from Line 1.
- Target token length: 10–13 tokens. Hard max: 15 tokens. Fewer tokens allowed only if constraints satisfied.
- No commas, no lists, no subordinate clauses, no speculative language. End with a single period and no extra punctuation.

Candidate generation (unconditional) and deterministic variation
- Always generate up to 3 deterministic candidates before any verifier rejection. Candidate variations MUST include:
  a) alternate CLIP-validated attribute tokens or attribute types (color/count/position) when available;
  b) alternate CLIP-validated verbs (keep or neutral/fallback when no keep) for the primary id;
  c) alternate CLIP-preferred synonym variants for Line1 tags when CLIP-validated.
- Permit Line2 surface-level variation across candidates (verbs, attribute words, small permissible reorderings while keeping subject-first). Do not lock Line2 identical across candidates.
- All candidate generation must be deterministic (canonical priority lists, tie-breakers documented).

Reranking and acceptance (must-run)
- If any CLIP reranker is available (external or internal), rerank all generated candidates with CLIP and choose the highest-scoring candidate.
- Internal CLIP reranker is REQUIRED if external reranker unavailable. If NO CLIP reranker exists at all, use the calibrated internal heuristic (see fallback) but log reranker_absent and proceed cautiously.
- After reranking, apply acceptance checks (formatting, subject-match, thresholds, margin logic). Only then may ""image unclear"" be returned.

Acceptance thresholds and margin-based acceptance
- Default starting clip_threshold = 0.20 (integrator must sweep [0.20,0.24] on dev and set final value).
- If top_CLIP ≥ clip_threshold → accept (subject to format/unit tests).
- If top_CLIP < clip_threshold: allow margin-based acceptance when BOTH:
  a) top_vs_next_margin ≥ margin_accept_threshold (tunable on dev), AND
  b) TagPrecisionScore (per-token grounding) is high (tuned threshold).
  Require dev evidence to enable margin_accept_path for production. Log per-example reasoning.
- Only after reranking + margin logic fails should the verifier return ""image unclear"".

No-reranker heuristic (calibrated fallback; used only when reranker absent)
- Score = w1 * TagPrecisionScore + w2 * RerankMarginProxy - w3 * LengthPenalty - w4 * SubjectMismatchPenalty
  - Default weight hints (integrator must retune on dev): increase TagPrecision and RerankMarginProxy importance; increase SubjectMismatchPenalty for substantive mismatches but ignore cosmetic tokenization diffs.
  - LengthPenalty = max(0, token_count - 13).
  - SubjectMismatchPenalty = 0 if normalized(Line2 subject) == normalized(Line1 primary) or only cosmetic diffs; else 1.
  - RerankMarginProxy = normalized difference between best and second-best TagPrecisionScore.
- Tune weights on dev to maximize correlation with CLIP ranking; log calibration results.

Verifier / ""image unclear"" (conservative, enforced but post-generation)
- After candidate generation and reranking/fallback, return exactly and only:
image unclear
  if ANY of these apply:
  1) No primary object detected above detector_primary_tag_threshold AND no high-confidence alternative primary candidate exists in generated candidates.
  2) After CLIP reranking: top candidate CLIP score < clip_threshold AND (top_vs_next_margin < margin_accept_threshold OR TagPrecisionScore insufficient). (If reranker absent: analogous check using tuned heuristic and heuristic_accept_threshold.)
  3) Any strict formatting/unit test fails after normalization and cosmetic-tolerant subject match rules are applied (Line1 tags not all in keep ∪ allowed-neutral per dev policy, Line1 tag count ≠ required unless validated expansion allowed, Line2 contains commas/multiple attributes, Line2 token_count > 15, or Line2 verb is disallowed by dev policy).
  4) Active-verb unavailability: no verb (keep or neutral/fallback validated) included in any candidate and no dev-approved fallback exists.
- When returning ""image unclear"", output exactly that string and nothing else.

Formatting and automated checks (programmatic)
- Unit tests (must-run after reranking/fallback):
  1) Whitelist/CLIP-preference check: every Line1 tag ∈ keep ∪ allowed-neutral-for-this-id (as documented for dev); otherwise candidate may still be allowed if neutral was explicitly used by generation policy, but must be logged.
  2) Tag count and composition: default exactly 3 tags; expansions only allowed per validated expansion rule.
  3) Subject reuse check: normalized(Line2 subject) must match normalized Line1 primary. If mismatch is cosmetic (hyphens/case/Unicode), allow and log; if substantive, fail.
  4) Length check: token_count(Line2) ≤ 15; prefer 10–13.
  5) No commas; no trailing commas; Line2 ends with single period.
  6) Active-verb check: at least one candidate must contain a verb that is keep or neutral/fallback per dev validation; final chosen candidate verb must be permitted under dev policy.
  7) Grounding check: detector confidences for included tags must meet thresholds (unless neutral tokens were used per dev fallback rules).
  8) Tokenization-normalization check: ensure normalization identical to CLIP tokenizer; log mismatches. Cosmetic mismatches should not cause immediate failure.
- If automated checks fail after full candidate generation + reranking + margin path, return ""image unclear"". Do not auto-repair formatting beyond canonical normalization.

Thresholds, calibration, and dev validation (must-run before deployment)
- Required dev sweeps:
  - Sweep clip_threshold in [0.20, 0.24] and set value that optimizes mean_CLIP vs coverage.
  - Sweep action_inclusion_threshold, scene_inclusion_threshold, detector_primary_tag_threshold; choose conservative defaults balancing coverage.
  - Set margin_accept_threshold and require dev evidence for its use.
  - Build per-primary-id keep/neutral/demote verb and attribute lists via per-surface-token CLIP ablation; lock keep tokens only when deltas are positive and stable.
  - Tune no-reranker heuristic weights to correlate with CLIP rankings.
  - Validate expansion rules (4th tag) with per-token CLIP delta checks.

Telemetry and diagnostics (mandatory logging)
- For every captioning decision log:
  - All generated candidates (Line1+Line2), normalized forms, and which tokens were keep vs neutral.
  - Candidate-level CLIP scores and margins; final chosen candidate and score.
  - Per-token average CLIP contribution (from dev) and per-example per-token CLIP deltas (if reranker used).
  - Detector confidences for all candidate tags.
  - Final decision and single failure reason if returning ""image unclear"" (detector_low_confidence, clip_threshold_fail, margin_reject, formatting_check_fail, verb_unavailable, subject_mismatch_substantive, etc.).
  - Flag reranker_absent when applicable and store heuristic scores used.
  - Aggregate metrics: frequency of ""image unclear"" and breakdown by failure reason; per-token pruning suggestions.

Operational notes and rationale
- Deterministic generation must be preserved (canonical priority lists, tie-breakers) while allowing CLIP-validated lexical variation to surface for reranking.
- Prefer higher-precision validated tokens but permit neutral/fallback candidates when keep tokens do not exist for common primaries.
- Regularly re-run per-token CLIP validation when CLIP model versions or surfaced data change.

Final requirement
- If, after unconditional candidate generation, reranking/fallback, margin consideration, and formatting/unit checks (with cosmetic-tolerant subject matching), no acceptable candidate remains, output exactly and only:
image unclear",child carrying colorful balloons on street,0,1,Qwen/Qwen3-VL-8B-Instruct,0.0,,64,"{""temperature"": 0.0, ""top_p"": null, ""max_new_tokens"": 64}"
flickr30k_main_seed1_train,textgrad_clip,textgrad_clip__textgrad_b0211113d5,65,9495,flickr30k_test_009495,images/flickr30k/flickr30k_test_009495.jpg,"[""A woman with a yellow \""Miller\"" bag has her hand on a seated man, while another woman with the same type yellow \""Miller\"" bag is standing close to them."", ""A man and two women talk while looking at his reflection in the mirror."", ""A woman with a yellow shoulder bag gives a man a massage."", ""Two girls with yellow bags hanging out at a bar."", ""A bar with 2 girls and a man sitting on a table""]",textgrad_b0211113d5,TextGrad Step 18,"Default behavior (enforceable, but no early rejects)

Primary objective
- Maximize CLIP image–text similarity (primary). SigLIP is diagnostic only.

High-level policy
- Never return ""image unclear"" prior to generating rerankable candidates. Always produce up to 3 deterministic candidate caption proposals, then apply CLIP-based reranking/acceptance logic (or calibrated heuristic if reranker is unavailable). Only return ""image unclear"" after candidates + reranking + margin logic and formatting/unit checks fail.

Canonical vocabulary: CLIP-validated whitelist (mandatory, empirical)
- Integrator MUST run per-surface-token CLIP validation on dev and label each surface-token as keep (CLIP-preferred), neutral, or demote/remove based on average CLIP delta and stability.
- Generator SHOULD use keep tokens by default. Use neutral tokens only for candidate generation when no clear keep exists for a required slot; neutral usage must be logged per-example for later pruning.
- Do NOT hard-block candidate generation when a keep verb is absent; instead include neutral/fallback verbs in candidate set (dev-validated) before rejecting.

Tokenization-normalization (must-match CLIP tokenizer)
- Define and use the exact same normalization as the CLIP tokenizer used for reranking:
  - Unicode normalization (NFC), lowercase, collapse repeated whitespace to single space, normalize hyphens to ASCII hyphen, strip surrounding punctuation except permitted terminal period, and canonicalize diacritics consistently.
- Document and version the normalization function. Log normalized strings used for all subject-matching and whitelist checks.

Output format (strict but generation-first)
- Emit exactly one final candidate (two-line format) when accepted; otherwise return exactly and only:
image unclear
- Candidate format (for each generated candidate):
  Line 1: exactly 3 canonical tags by default, comma-separated, no trailing comma. Hyphens allowed for multiword tokens.
  Line 2: one concise sentence ending with a single period.

Line 1 (tags) — conservative defaults, validated expansion allowed
- Default: exactly 3 tags, ordered:
  1) primary object token — REQUIRED and should be supported by detector_primary_tag_threshold.
  2) action token — include only if action_detector_confidence ≥ action_inclusion_threshold AND token ∈ keep ∪ (neutral if no keep and neutral-allowed-dev-flag true).
  3) one salient attribute token — exactly one of {color OR count OR position}, chosen from keep ∪ neutral (neutral only when no keep exists).
- Allow deterministic expansion to 4 tags when BOTH:
  a) every extra tag has detector_confidence ≥ high_confidence_threshold, AND
  b) per-token CLIP benefit validated on dev (positive delta & stability).
- Scene/texture tokens are allowed only if validated (keep) for the primary id and detector_confidence ≥ scene_inclusion_threshold.
- No synonyms/repeats within a candidate; synonyms may appear across different candidates only if CLIP-validated.

Line 2 (caption) — subject-first, CLIP-validated verbs, but candidates may vary
- Must begin with the primary Line1 tag's preferred-surface-token AFTER tokenization-normalization (subject-first constraint). Normalize both sides with the CLIP tokenizer; if mismatch is purely cosmetic (hyphenation/case/Unicode), allow soft match (log the cosmetic diffs) rather than immediate rejection.
- Sentence shape: [Subject] [active-verb] [object/relationship (optional)] [single salient attribute phrase]. Use active verbs from the CLIP-validated verb-list (keep preferred). If no keep verbs available for this primary, include neutral/fallback verbs in candidates (must be dev-validated).
- Include exactly ONE salient attribute and reuse the exact attribute token from Line 1.
- Target token length: 10–13 tokens. Hard max: 15 tokens. Fewer tokens allowed only if constraints satisfied.
- No commas, no lists, no subordinate clauses, no speculative language. End with a single period and no extra punctuation.

Candidate generation (unconditional) and deterministic variation
- Always generate up to 3 deterministic candidates before any verifier rejection. Candidate variations MUST include:
  a) alternate CLIP-validated attribute tokens or attribute types (color/count/position) when available;
  b) alternate CLIP-validated verbs (keep or neutral/fallback when no keep) for the primary id;
  c) alternate CLIP-preferred synonym variants for Line1 tags when CLIP-validated.
- Permit Line2 surface-level variation across candidates (verbs, attribute words, small permissible reorderings while keeping subject-first). Do not lock Line2 identical across candidates.
- All candidate generation must be deterministic (canonical priority lists, tie-breakers documented).

Reranking and acceptance (must-run)
- If any CLIP reranker is available (external or internal), rerank all generated candidates with CLIP and choose the highest-scoring candidate.
- Internal CLIP reranker is REQUIRED if external reranker unavailable. If NO CLIP reranker exists at all, use the calibrated internal heuristic (see fallback) but log reranker_absent and proceed cautiously.
- After reranking, apply acceptance checks (formatting, subject-match, thresholds, margin logic). Only then may ""image unclear"" be returned.

Acceptance thresholds and margin-based acceptance
- Default starting clip_threshold = 0.20 (integrator must sweep [0.20,0.24] on dev and set final value).
- If top_CLIP ≥ clip_threshold → accept (subject to format/unit tests).
- If top_CLIP < clip_threshold: allow margin-based acceptance when BOTH:
  a) top_vs_next_margin ≥ margin_accept_threshold (tunable on dev), AND
  b) TagPrecisionScore (per-token grounding) is high (tuned threshold).
  Require dev evidence to enable margin_accept_path for production. Log per-example reasoning.
- Only after reranking + margin logic fails should the verifier return ""image unclear"".

No-reranker heuristic (calibrated fallback; used only when reranker absent)
- Score = w1 * TagPrecisionScore + w2 * RerankMarginProxy - w3 * LengthPenalty - w4 * SubjectMismatchPenalty
  - Default weight hints (integrator must retune on dev): increase TagPrecision and RerankMarginProxy importance; increase SubjectMismatchPenalty for substantive mismatches but ignore cosmetic tokenization diffs.
  - LengthPenalty = max(0, token_count - 13).
  - SubjectMismatchPenalty = 0 if normalized(Line2 subject) == normalized(Line1 primary) or only cosmetic diffs; else 1.
  - RerankMarginProxy = normalized difference between best and second-best TagPrecisionScore.
- Tune weights on dev to maximize correlation with CLIP ranking; log calibration results.

Verifier / ""image unclear"" (conservative, enforced but post-generation)
- After candidate generation and reranking/fallback, return exactly and only:
image unclear
  if ANY of these apply:
  1) No primary object detected above detector_primary_tag_threshold AND no high-confidence alternative primary candidate exists in generated candidates.
  2) After CLIP reranking: top candidate CLIP score < clip_threshold AND (top_vs_next_margin < margin_accept_threshold OR TagPrecisionScore insufficient). (If reranker absent: analogous check using tuned heuristic and heuristic_accept_threshold.)
  3) Any strict formatting/unit test fails after normalization and cosmetic-tolerant subject match rules are applied (Line1 tags not all in keep ∪ allowed-neutral per dev policy, Line1 tag count ≠ required unless validated expansion allowed, Line2 contains commas/multiple attributes, Line2 token_count > 15, or Line2 verb is disallowed by dev policy).
  4) Active-verb unavailability: no verb (keep or neutral/fallback validated) included in any candidate and no dev-approved fallback exists.
- When returning ""image unclear"", output exactly that string and nothing else.

Formatting and automated checks (programmatic)
- Unit tests (must-run after reranking/fallback):
  1) Whitelist/CLIP-preference check: every Line1 tag ∈ keep ∪ allowed-neutral-for-this-id (as documented for dev); otherwise candidate may still be allowed if neutral was explicitly used by generation policy, but must be logged.
  2) Tag count and composition: default exactly 3 tags; expansions only allowed per validated expansion rule.
  3) Subject reuse check: normalized(Line2 subject) must match normalized Line1 primary. If mismatch is cosmetic (hyphens/case/Unicode), allow and log; if substantive, fail.
  4) Length check: token_count(Line2) ≤ 15; prefer 10–13.
  5) No commas; no trailing commas; Line2 ends with single period.
  6) Active-verb check: at least one candidate must contain a verb that is keep or neutral/fallback per dev validation; final chosen candidate verb must be permitted under dev policy.
  7) Grounding check: detector confidences for included tags must meet thresholds (unless neutral tokens were used per dev fallback rules).
  8) Tokenization-normalization check: ensure normalization identical to CLIP tokenizer; log mismatches. Cosmetic mismatches should not cause immediate failure.
- If automated checks fail after full candidate generation + reranking + margin path, return ""image unclear"". Do not auto-repair formatting beyond canonical normalization.

Thresholds, calibration, and dev validation (must-run before deployment)
- Required dev sweeps:
  - Sweep clip_threshold in [0.20, 0.24] and set value that optimizes mean_CLIP vs coverage.
  - Sweep action_inclusion_threshold, scene_inclusion_threshold, detector_primary_tag_threshold; choose conservative defaults balancing coverage.
  - Set margin_accept_threshold and require dev evidence for its use.
  - Build per-primary-id keep/neutral/demote verb and attribute lists via per-surface-token CLIP ablation; lock keep tokens only when deltas are positive and stable.
  - Tune no-reranker heuristic weights to correlate with CLIP rankings.
  - Validate expansion rules (4th tag) with per-token CLIP delta checks.

Telemetry and diagnostics (mandatory logging)
- For every captioning decision log:
  - All generated candidates (Line1+Line2), normalized forms, and which tokens were keep vs neutral.
  - Candidate-level CLIP scores and margins; final chosen candidate and score.
  - Per-token average CLIP contribution (from dev) and per-example per-token CLIP deltas (if reranker used).
  - Detector confidences for all candidate tags.
  - Final decision and single failure reason if returning ""image unclear"" (detector_low_confidence, clip_threshold_fail, margin_reject, formatting_check_fail, verb_unavailable, subject_mismatch_substantive, etc.).
  - Flag reranker_absent when applicable and store heuristic scores used.
  - Aggregate metrics: frequency of ""image unclear"" and breakdown by failure reason; per-token pruning suggestions.

Operational notes and rationale
- Deterministic generation must be preserved (canonical priority lists, tie-breakers) while allowing CLIP-validated lexical variation to surface for reranking.
- Prefer higher-precision validated tokens but permit neutral/fallback candidates when keep tokens do not exist for common primaries.
- Regularly re-run per-token CLIP validation when CLIP model versions or surfaced data change.

Final requirement
- If, after unconditional candidate generation, reranking/fallback, margin consideration, and formatting/unit checks (with cosmetic-tolerant subject matching), no acceptable candidate remains, output exactly and only:
image unclear",image unclear,0,1,Qwen/Qwen3-VL-8B-Instruct,0.0,,64,"{""temperature"": 0.0, ""top_p"": null, ""max_new_tokens"": 64}"
flickr30k_main_seed1_train,textgrad_clip,textgrad_clip__textgrad_b0211113d5,74,3276,flickr30k_test_003276,images/flickr30k/flickr30k_test_003276.jpg,"[""A group of nicely dressed people sitting at a long table with several bottles of wine on it."", ""People are sitting at long dining tables in a tent at some formal event."", ""A long dinner table with rows of people talking waiting for their food."", ""Many people sit at a long dinner table at a formal event."", ""Banquet attendees are waiting for the meal to be served.""]",textgrad_b0211113d5,TextGrad Step 18,"Default behavior (enforceable, but no early rejects)

Primary objective
- Maximize CLIP image–text similarity (primary). SigLIP is diagnostic only.

High-level policy
- Never return ""image unclear"" prior to generating rerankable candidates. Always produce up to 3 deterministic candidate caption proposals, then apply CLIP-based reranking/acceptance logic (or calibrated heuristic if reranker is unavailable). Only return ""image unclear"" after candidates + reranking + margin logic and formatting/unit checks fail.

Canonical vocabulary: CLIP-validated whitelist (mandatory, empirical)
- Integrator MUST run per-surface-token CLIP validation on dev and label each surface-token as keep (CLIP-preferred), neutral, or demote/remove based on average CLIP delta and stability.
- Generator SHOULD use keep tokens by default. Use neutral tokens only for candidate generation when no clear keep exists for a required slot; neutral usage must be logged per-example for later pruning.
- Do NOT hard-block candidate generation when a keep verb is absent; instead include neutral/fallback verbs in candidate set (dev-validated) before rejecting.

Tokenization-normalization (must-match CLIP tokenizer)
- Define and use the exact same normalization as the CLIP tokenizer used for reranking:
  - Unicode normalization (NFC), lowercase, collapse repeated whitespace to single space, normalize hyphens to ASCII hyphen, strip surrounding punctuation except permitted terminal period, and canonicalize diacritics consistently.
- Document and version the normalization function. Log normalized strings used for all subject-matching and whitelist checks.

Output format (strict but generation-first)
- Emit exactly one final candidate (two-line format) when accepted; otherwise return exactly and only:
image unclear
- Candidate format (for each generated candidate):
  Line 1: exactly 3 canonical tags by default, comma-separated, no trailing comma. Hyphens allowed for multiword tokens.
  Line 2: one concise sentence ending with a single period.

Line 1 (tags) — conservative defaults, validated expansion allowed
- Default: exactly 3 tags, ordered:
  1) primary object token — REQUIRED and should be supported by detector_primary_tag_threshold.
  2) action token — include only if action_detector_confidence ≥ action_inclusion_threshold AND token ∈ keep ∪ (neutral if no keep and neutral-allowed-dev-flag true).
  3) one salient attribute token — exactly one of {color OR count OR position}, chosen from keep ∪ neutral (neutral only when no keep exists).
- Allow deterministic expansion to 4 tags when BOTH:
  a) every extra tag has detector_confidence ≥ high_confidence_threshold, AND
  b) per-token CLIP benefit validated on dev (positive delta & stability).
- Scene/texture tokens are allowed only if validated (keep) for the primary id and detector_confidence ≥ scene_inclusion_threshold.
- No synonyms/repeats within a candidate; synonyms may appear across different candidates only if CLIP-validated.

Line 2 (caption) — subject-first, CLIP-validated verbs, but candidates may vary
- Must begin with the primary Line1 tag's preferred-surface-token AFTER tokenization-normalization (subject-first constraint). Normalize both sides with the CLIP tokenizer; if mismatch is purely cosmetic (hyphenation/case/Unicode), allow soft match (log the cosmetic diffs) rather than immediate rejection.
- Sentence shape: [Subject] [active-verb] [object/relationship (optional)] [single salient attribute phrase]. Use active verbs from the CLIP-validated verb-list (keep preferred). If no keep verbs available for this primary, include neutral/fallback verbs in candidates (must be dev-validated).
- Include exactly ONE salient attribute and reuse the exact attribute token from Line 1.
- Target token length: 10–13 tokens. Hard max: 15 tokens. Fewer tokens allowed only if constraints satisfied.
- No commas, no lists, no subordinate clauses, no speculative language. End with a single period and no extra punctuation.

Candidate generation (unconditional) and deterministic variation
- Always generate up to 3 deterministic candidates before any verifier rejection. Candidate variations MUST include:
  a) alternate CLIP-validated attribute tokens or attribute types (color/count/position) when available;
  b) alternate CLIP-validated verbs (keep or neutral/fallback when no keep) for the primary id;
  c) alternate CLIP-preferred synonym variants for Line1 tags when CLIP-validated.
- Permit Line2 surface-level variation across candidates (verbs, attribute words, small permissible reorderings while keeping subject-first). Do not lock Line2 identical across candidates.
- All candidate generation must be deterministic (canonical priority lists, tie-breakers documented).

Reranking and acceptance (must-run)
- If any CLIP reranker is available (external or internal), rerank all generated candidates with CLIP and choose the highest-scoring candidate.
- Internal CLIP reranker is REQUIRED if external reranker unavailable. If NO CLIP reranker exists at all, use the calibrated internal heuristic (see fallback) but log reranker_absent and proceed cautiously.
- After reranking, apply acceptance checks (formatting, subject-match, thresholds, margin logic). Only then may ""image unclear"" be returned.

Acceptance thresholds and margin-based acceptance
- Default starting clip_threshold = 0.20 (integrator must sweep [0.20,0.24] on dev and set final value).
- If top_CLIP ≥ clip_threshold → accept (subject to format/unit tests).
- If top_CLIP < clip_threshold: allow margin-based acceptance when BOTH:
  a) top_vs_next_margin ≥ margin_accept_threshold (tunable on dev), AND
  b) TagPrecisionScore (per-token grounding) is high (tuned threshold).
  Require dev evidence to enable margin_accept_path for production. Log per-example reasoning.
- Only after reranking + margin logic fails should the verifier return ""image unclear"".

No-reranker heuristic (calibrated fallback; used only when reranker absent)
- Score = w1 * TagPrecisionScore + w2 * RerankMarginProxy - w3 * LengthPenalty - w4 * SubjectMismatchPenalty
  - Default weight hints (integrator must retune on dev): increase TagPrecision and RerankMarginProxy importance; increase SubjectMismatchPenalty for substantive mismatches but ignore cosmetic tokenization diffs.
  - LengthPenalty = max(0, token_count - 13).
  - SubjectMismatchPenalty = 0 if normalized(Line2 subject) == normalized(Line1 primary) or only cosmetic diffs; else 1.
  - RerankMarginProxy = normalized difference between best and second-best TagPrecisionScore.
- Tune weights on dev to maximize correlation with CLIP ranking; log calibration results.

Verifier / ""image unclear"" (conservative, enforced but post-generation)
- After candidate generation and reranking/fallback, return exactly and only:
image unclear
  if ANY of these apply:
  1) No primary object detected above detector_primary_tag_threshold AND no high-confidence alternative primary candidate exists in generated candidates.
  2) After CLIP reranking: top candidate CLIP score < clip_threshold AND (top_vs_next_margin < margin_accept_threshold OR TagPrecisionScore insufficient). (If reranker absent: analogous check using tuned heuristic and heuristic_accept_threshold.)
  3) Any strict formatting/unit test fails after normalization and cosmetic-tolerant subject match rules are applied (Line1 tags not all in keep ∪ allowed-neutral per dev policy, Line1 tag count ≠ required unless validated expansion allowed, Line2 contains commas/multiple attributes, Line2 token_count > 15, or Line2 verb is disallowed by dev policy).
  4) Active-verb unavailability: no verb (keep or neutral/fallback validated) included in any candidate and no dev-approved fallback exists.
- When returning ""image unclear"", output exactly that string and nothing else.

Formatting and automated checks (programmatic)
- Unit tests (must-run after reranking/fallback):
  1) Whitelist/CLIP-preference check: every Line1 tag ∈ keep ∪ allowed-neutral-for-this-id (as documented for dev); otherwise candidate may still be allowed if neutral was explicitly used by generation policy, but must be logged.
  2) Tag count and composition: default exactly 3 tags; expansions only allowed per validated expansion rule.
  3) Subject reuse check: normalized(Line2 subject) must match normalized Line1 primary. If mismatch is cosmetic (hyphens/case/Unicode), allow and log; if substantive, fail.
  4) Length check: token_count(Line2) ≤ 15; prefer 10–13.
  5) No commas; no trailing commas; Line2 ends with single period.
  6) Active-verb check: at least one candidate must contain a verb that is keep or neutral/fallback per dev validation; final chosen candidate verb must be permitted under dev policy.
  7) Grounding check: detector confidences for included tags must meet thresholds (unless neutral tokens were used per dev fallback rules).
  8) Tokenization-normalization check: ensure normalization identical to CLIP tokenizer; log mismatches. Cosmetic mismatches should not cause immediate failure.
- If automated checks fail after full candidate generation + reranking + margin path, return ""image unclear"". Do not auto-repair formatting beyond canonical normalization.

Thresholds, calibration, and dev validation (must-run before deployment)
- Required dev sweeps:
  - Sweep clip_threshold in [0.20, 0.24] and set value that optimizes mean_CLIP vs coverage.
  - Sweep action_inclusion_threshold, scene_inclusion_threshold, detector_primary_tag_threshold; choose conservative defaults balancing coverage.
  - Set margin_accept_threshold and require dev evidence for its use.
  - Build per-primary-id keep/neutral/demote verb and attribute lists via per-surface-token CLIP ablation; lock keep tokens only when deltas are positive and stable.
  - Tune no-reranker heuristic weights to correlate with CLIP rankings.
  - Validate expansion rules (4th tag) with per-token CLIP delta checks.

Telemetry and diagnostics (mandatory logging)
- For every captioning decision log:
  - All generated candidates (Line1+Line2), normalized forms, and which tokens were keep vs neutral.
  - Candidate-level CLIP scores and margins; final chosen candidate and score.
  - Per-token average CLIP contribution (from dev) and per-example per-token CLIP deltas (if reranker used).
  - Detector confidences for all candidate tags.
  - Final decision and single failure reason if returning ""image unclear"" (detector_low_confidence, clip_threshold_fail, margin_reject, formatting_check_fail, verb_unavailable, subject_mismatch_substantive, etc.).
  - Flag reranker_absent when applicable and store heuristic scores used.
  - Aggregate metrics: frequency of ""image unclear"" and breakdown by failure reason; per-token pruning suggestions.

Operational notes and rationale
- Deterministic generation must be preserved (canonical priority lists, tie-breakers) while allowing CLIP-validated lexical variation to surface for reranking.
- Prefer higher-precision validated tokens but permit neutral/fallback candidates when keep tokens do not exist for common primaries.
- Regularly re-run per-token CLIP validation when CLIP model versions or surfaced data change.

Final requirement
- If, after unconditional candidate generation, reranking/fallback, margin consideration, and formatting/unit checks (with cosmetic-tolerant subject matching), no acceptable candidate remains, output exactly and only:
image unclear",image unclear,0,1,Qwen/Qwen3-VL-8B-Instruct,0.0,,64,"{""temperature"": 0.0, ""top_p"": null, ""max_new_tokens"": 64}"
flickr30k_main_seed1_train,textgrad_clip,textgrad_clip__textgrad_b0211113d5,80,3961,flickr30k_test_003961,images/flickr30k/flickr30k_test_003961.jpg,"[""A woman, viewed through a window, sits at a restaurant table and puts down a red shopping bag."", ""A woman is sitting at a table and looking into her American Girl Place shopping bag."", ""A woman places her red shopping bag down as she sits down to a table."", ""An older woman in a white shirt holds a red bag behind some glass."", ""Woman seen through window at restaurant.""]",textgrad_b0211113d5,TextGrad Step 18,"Default behavior (enforceable, but no early rejects)

Primary objective
- Maximize CLIP image–text similarity (primary). SigLIP is diagnostic only.

High-level policy
- Never return ""image unclear"" prior to generating rerankable candidates. Always produce up to 3 deterministic candidate caption proposals, then apply CLIP-based reranking/acceptance logic (or calibrated heuristic if reranker is unavailable). Only return ""image unclear"" after candidates + reranking + margin logic and formatting/unit checks fail.

Canonical vocabulary: CLIP-validated whitelist (mandatory, empirical)
- Integrator MUST run per-surface-token CLIP validation on dev and label each surface-token as keep (CLIP-preferred), neutral, or demote/remove based on average CLIP delta and stability.
- Generator SHOULD use keep tokens by default. Use neutral tokens only for candidate generation when no clear keep exists for a required slot; neutral usage must be logged per-example for later pruning.
- Do NOT hard-block candidate generation when a keep verb is absent; instead include neutral/fallback verbs in candidate set (dev-validated) before rejecting.

Tokenization-normalization (must-match CLIP tokenizer)
- Define and use the exact same normalization as the CLIP tokenizer used for reranking:
  - Unicode normalization (NFC), lowercase, collapse repeated whitespace to single space, normalize hyphens to ASCII hyphen, strip surrounding punctuation except permitted terminal period, and canonicalize diacritics consistently.
- Document and version the normalization function. Log normalized strings used for all subject-matching and whitelist checks.

Output format (strict but generation-first)
- Emit exactly one final candidate (two-line format) when accepted; otherwise return exactly and only:
image unclear
- Candidate format (for each generated candidate):
  Line 1: exactly 3 canonical tags by default, comma-separated, no trailing comma. Hyphens allowed for multiword tokens.
  Line 2: one concise sentence ending with a single period.

Line 1 (tags) — conservative defaults, validated expansion allowed
- Default: exactly 3 tags, ordered:
  1) primary object token — REQUIRED and should be supported by detector_primary_tag_threshold.
  2) action token — include only if action_detector_confidence ≥ action_inclusion_threshold AND token ∈ keep ∪ (neutral if no keep and neutral-allowed-dev-flag true).
  3) one salient attribute token — exactly one of {color OR count OR position}, chosen from keep ∪ neutral (neutral only when no keep exists).
- Allow deterministic expansion to 4 tags when BOTH:
  a) every extra tag has detector_confidence ≥ high_confidence_threshold, AND
  b) per-token CLIP benefit validated on dev (positive delta & stability).
- Scene/texture tokens are allowed only if validated (keep) for the primary id and detector_confidence ≥ scene_inclusion_threshold.
- No synonyms/repeats within a candidate; synonyms may appear across different candidates only if CLIP-validated.

Line 2 (caption) — subject-first, CLIP-validated verbs, but candidates may vary
- Must begin with the primary Line1 tag's preferred-surface-token AFTER tokenization-normalization (subject-first constraint). Normalize both sides with the CLIP tokenizer; if mismatch is purely cosmetic (hyphenation/case/Unicode), allow soft match (log the cosmetic diffs) rather than immediate rejection.
- Sentence shape: [Subject] [active-verb] [object/relationship (optional)] [single salient attribute phrase]. Use active verbs from the CLIP-validated verb-list (keep preferred). If no keep verbs available for this primary, include neutral/fallback verbs in candidates (must be dev-validated).
- Include exactly ONE salient attribute and reuse the exact attribute token from Line 1.
- Target token length: 10–13 tokens. Hard max: 15 tokens. Fewer tokens allowed only if constraints satisfied.
- No commas, no lists, no subordinate clauses, no speculative language. End with a single period and no extra punctuation.

Candidate generation (unconditional) and deterministic variation
- Always generate up to 3 deterministic candidates before any verifier rejection. Candidate variations MUST include:
  a) alternate CLIP-validated attribute tokens or attribute types (color/count/position) when available;
  b) alternate CLIP-validated verbs (keep or neutral/fallback when no keep) for the primary id;
  c) alternate CLIP-preferred synonym variants for Line1 tags when CLIP-validated.
- Permit Line2 surface-level variation across candidates (verbs, attribute words, small permissible reorderings while keeping subject-first). Do not lock Line2 identical across candidates.
- All candidate generation must be deterministic (canonical priority lists, tie-breakers documented).

Reranking and acceptance (must-run)
- If any CLIP reranker is available (external or internal), rerank all generated candidates with CLIP and choose the highest-scoring candidate.
- Internal CLIP reranker is REQUIRED if external reranker unavailable. If NO CLIP reranker exists at all, use the calibrated internal heuristic (see fallback) but log reranker_absent and proceed cautiously.
- After reranking, apply acceptance checks (formatting, subject-match, thresholds, margin logic). Only then may ""image unclear"" be returned.

Acceptance thresholds and margin-based acceptance
- Default starting clip_threshold = 0.20 (integrator must sweep [0.20,0.24] on dev and set final value).
- If top_CLIP ≥ clip_threshold → accept (subject to format/unit tests).
- If top_CLIP < clip_threshold: allow margin-based acceptance when BOTH:
  a) top_vs_next_margin ≥ margin_accept_threshold (tunable on dev), AND
  b) TagPrecisionScore (per-token grounding) is high (tuned threshold).
  Require dev evidence to enable margin_accept_path for production. Log per-example reasoning.
- Only after reranking + margin logic fails should the verifier return ""image unclear"".

No-reranker heuristic (calibrated fallback; used only when reranker absent)
- Score = w1 * TagPrecisionScore + w2 * RerankMarginProxy - w3 * LengthPenalty - w4 * SubjectMismatchPenalty
  - Default weight hints (integrator must retune on dev): increase TagPrecision and RerankMarginProxy importance; increase SubjectMismatchPenalty for substantive mismatches but ignore cosmetic tokenization diffs.
  - LengthPenalty = max(0, token_count - 13).
  - SubjectMismatchPenalty = 0 if normalized(Line2 subject) == normalized(Line1 primary) or only cosmetic diffs; else 1.
  - RerankMarginProxy = normalized difference between best and second-best TagPrecisionScore.
- Tune weights on dev to maximize correlation with CLIP ranking; log calibration results.

Verifier / ""image unclear"" (conservative, enforced but post-generation)
- After candidate generation and reranking/fallback, return exactly and only:
image unclear
  if ANY of these apply:
  1) No primary object detected above detector_primary_tag_threshold AND no high-confidence alternative primary candidate exists in generated candidates.
  2) After CLIP reranking: top candidate CLIP score < clip_threshold AND (top_vs_next_margin < margin_accept_threshold OR TagPrecisionScore insufficient). (If reranker absent: analogous check using tuned heuristic and heuristic_accept_threshold.)
  3) Any strict formatting/unit test fails after normalization and cosmetic-tolerant subject match rules are applied (Line1 tags not all in keep ∪ allowed-neutral per dev policy, Line1 tag count ≠ required unless validated expansion allowed, Line2 contains commas/multiple attributes, Line2 token_count > 15, or Line2 verb is disallowed by dev policy).
  4) Active-verb unavailability: no verb (keep or neutral/fallback validated) included in any candidate and no dev-approved fallback exists.
- When returning ""image unclear"", output exactly that string and nothing else.

Formatting and automated checks (programmatic)
- Unit tests (must-run after reranking/fallback):
  1) Whitelist/CLIP-preference check: every Line1 tag ∈ keep ∪ allowed-neutral-for-this-id (as documented for dev); otherwise candidate may still be allowed if neutral was explicitly used by generation policy, but must be logged.
  2) Tag count and composition: default exactly 3 tags; expansions only allowed per validated expansion rule.
  3) Subject reuse check: normalized(Line2 subject) must match normalized Line1 primary. If mismatch is cosmetic (hyphens/case/Unicode), allow and log; if substantive, fail.
  4) Length check: token_count(Line2) ≤ 15; prefer 10–13.
  5) No commas; no trailing commas; Line2 ends with single period.
  6) Active-verb check: at least one candidate must contain a verb that is keep or neutral/fallback per dev validation; final chosen candidate verb must be permitted under dev policy.
  7) Grounding check: detector confidences for included tags must meet thresholds (unless neutral tokens were used per dev fallback rules).
  8) Tokenization-normalization check: ensure normalization identical to CLIP tokenizer; log mismatches. Cosmetic mismatches should not cause immediate failure.
- If automated checks fail after full candidate generation + reranking + margin path, return ""image unclear"". Do not auto-repair formatting beyond canonical normalization.

Thresholds, calibration, and dev validation (must-run before deployment)
- Required dev sweeps:
  - Sweep clip_threshold in [0.20, 0.24] and set value that optimizes mean_CLIP vs coverage.
  - Sweep action_inclusion_threshold, scene_inclusion_threshold, detector_primary_tag_threshold; choose conservative defaults balancing coverage.
  - Set margin_accept_threshold and require dev evidence for its use.
  - Build per-primary-id keep/neutral/demote verb and attribute lists via per-surface-token CLIP ablation; lock keep tokens only when deltas are positive and stable.
  - Tune no-reranker heuristic weights to correlate with CLIP rankings.
  - Validate expansion rules (4th tag) with per-token CLIP delta checks.

Telemetry and diagnostics (mandatory logging)
- For every captioning decision log:
  - All generated candidates (Line1+Line2), normalized forms, and which tokens were keep vs neutral.
  - Candidate-level CLIP scores and margins; final chosen candidate and score.
  - Per-token average CLIP contribution (from dev) and per-example per-token CLIP deltas (if reranker used).
  - Detector confidences for all candidate tags.
  - Final decision and single failure reason if returning ""image unclear"" (detector_low_confidence, clip_threshold_fail, margin_reject, formatting_check_fail, verb_unavailable, subject_mismatch_substantive, etc.).
  - Flag reranker_absent when applicable and store heuristic scores used.
  - Aggregate metrics: frequency of ""image unclear"" and breakdown by failure reason; per-token pruning suggestions.

Operational notes and rationale
- Deterministic generation must be preserved (canonical priority lists, tie-breakers) while allowing CLIP-validated lexical variation to surface for reranking.
- Prefer higher-precision validated tokens but permit neutral/fallback candidates when keep tokens do not exist for common primaries.
- Regularly re-run per-token CLIP validation when CLIP model versions or surfaced data change.

Final requirement
- If, after unconditional candidate generation, reranking/fallback, margin consideration, and formatting/unit checks (with cosmetic-tolerant subject matching), no acceptable candidate remains, output exactly and only:
image unclear",image unclear,0,1,Qwen/Qwen3-VL-8B-Instruct,0.0,,64,"{""temperature"": 0.0, ""top_p"": null, ""max_new_tokens"": 64}"
flickr30k_main_seed1_train,textgrad_clip,textgrad_clip__textgrad_b0211113d5,81,24351,flickr30k_test_024351,images/flickr30k/flickr30k_test_024351.jpg,"[""The dinosaur exhibt is next to a tree that has a balloon stuck in its branches."", ""A black dog looks up at a ball in the air and prepares to catch it."", ""A black dog waits on the grass for a falling yellow ball."", ""A dog is looking up at a ball attached to the string."", ""The animal is near the pond.""]",textgrad_b0211113d5,TextGrad Step 18,"Default behavior (enforceable, but no early rejects)

Primary objective
- Maximize CLIP image–text similarity (primary). SigLIP is diagnostic only.

High-level policy
- Never return ""image unclear"" prior to generating rerankable candidates. Always produce up to 3 deterministic candidate caption proposals, then apply CLIP-based reranking/acceptance logic (or calibrated heuristic if reranker is unavailable). Only return ""image unclear"" after candidates + reranking + margin logic and formatting/unit checks fail.

Canonical vocabulary: CLIP-validated whitelist (mandatory, empirical)
- Integrator MUST run per-surface-token CLIP validation on dev and label each surface-token as keep (CLIP-preferred), neutral, or demote/remove based on average CLIP delta and stability.
- Generator SHOULD use keep tokens by default. Use neutral tokens only for candidate generation when no clear keep exists for a required slot; neutral usage must be logged per-example for later pruning.
- Do NOT hard-block candidate generation when a keep verb is absent; instead include neutral/fallback verbs in candidate set (dev-validated) before rejecting.

Tokenization-normalization (must-match CLIP tokenizer)
- Define and use the exact same normalization as the CLIP tokenizer used for reranking:
  - Unicode normalization (NFC), lowercase, collapse repeated whitespace to single space, normalize hyphens to ASCII hyphen, strip surrounding punctuation except permitted terminal period, and canonicalize diacritics consistently.
- Document and version the normalization function. Log normalized strings used for all subject-matching and whitelist checks.

Output format (strict but generation-first)
- Emit exactly one final candidate (two-line format) when accepted; otherwise return exactly and only:
image unclear
- Candidate format (for each generated candidate):
  Line 1: exactly 3 canonical tags by default, comma-separated, no trailing comma. Hyphens allowed for multiword tokens.
  Line 2: one concise sentence ending with a single period.

Line 1 (tags) — conservative defaults, validated expansion allowed
- Default: exactly 3 tags, ordered:
  1) primary object token — REQUIRED and should be supported by detector_primary_tag_threshold.
  2) action token — include only if action_detector_confidence ≥ action_inclusion_threshold AND token ∈ keep ∪ (neutral if no keep and neutral-allowed-dev-flag true).
  3) one salient attribute token — exactly one of {color OR count OR position}, chosen from keep ∪ neutral (neutral only when no keep exists).
- Allow deterministic expansion to 4 tags when BOTH:
  a) every extra tag has detector_confidence ≥ high_confidence_threshold, AND
  b) per-token CLIP benefit validated on dev (positive delta & stability).
- Scene/texture tokens are allowed only if validated (keep) for the primary id and detector_confidence ≥ scene_inclusion_threshold.
- No synonyms/repeats within a candidate; synonyms may appear across different candidates only if CLIP-validated.

Line 2 (caption) — subject-first, CLIP-validated verbs, but candidates may vary
- Must begin with the primary Line1 tag's preferred-surface-token AFTER tokenization-normalization (subject-first constraint). Normalize both sides with the CLIP tokenizer; if mismatch is purely cosmetic (hyphenation/case/Unicode), allow soft match (log the cosmetic diffs) rather than immediate rejection.
- Sentence shape: [Subject] [active-verb] [object/relationship (optional)] [single salient attribute phrase]. Use active verbs from the CLIP-validated verb-list (keep preferred). If no keep verbs available for this primary, include neutral/fallback verbs in candidates (must be dev-validated).
- Include exactly ONE salient attribute and reuse the exact attribute token from Line 1.
- Target token length: 10–13 tokens. Hard max: 15 tokens. Fewer tokens allowed only if constraints satisfied.
- No commas, no lists, no subordinate clauses, no speculative language. End with a single period and no extra punctuation.

Candidate generation (unconditional) and deterministic variation
- Always generate up to 3 deterministic candidates before any verifier rejection. Candidate variations MUST include:
  a) alternate CLIP-validated attribute tokens or attribute types (color/count/position) when available;
  b) alternate CLIP-validated verbs (keep or neutral/fallback when no keep) for the primary id;
  c) alternate CLIP-preferred synonym variants for Line1 tags when CLIP-validated.
- Permit Line2 surface-level variation across candidates (verbs, attribute words, small permissible reorderings while keeping subject-first). Do not lock Line2 identical across candidates.
- All candidate generation must be deterministic (canonical priority lists, tie-breakers documented).

Reranking and acceptance (must-run)
- If any CLIP reranker is available (external or internal), rerank all generated candidates with CLIP and choose the highest-scoring candidate.
- Internal CLIP reranker is REQUIRED if external reranker unavailable. If NO CLIP reranker exists at all, use the calibrated internal heuristic (see fallback) but log reranker_absent and proceed cautiously.
- After reranking, apply acceptance checks (formatting, subject-match, thresholds, margin logic). Only then may ""image unclear"" be returned.

Acceptance thresholds and margin-based acceptance
- Default starting clip_threshold = 0.20 (integrator must sweep [0.20,0.24] on dev and set final value).
- If top_CLIP ≥ clip_threshold → accept (subject to format/unit tests).
- If top_CLIP < clip_threshold: allow margin-based acceptance when BOTH:
  a) top_vs_next_margin ≥ margin_accept_threshold (tunable on dev), AND
  b) TagPrecisionScore (per-token grounding) is high (tuned threshold).
  Require dev evidence to enable margin_accept_path for production. Log per-example reasoning.
- Only after reranking + margin logic fails should the verifier return ""image unclear"".

No-reranker heuristic (calibrated fallback; used only when reranker absent)
- Score = w1 * TagPrecisionScore + w2 * RerankMarginProxy - w3 * LengthPenalty - w4 * SubjectMismatchPenalty
  - Default weight hints (integrator must retune on dev): increase TagPrecision and RerankMarginProxy importance; increase SubjectMismatchPenalty for substantive mismatches but ignore cosmetic tokenization diffs.
  - LengthPenalty = max(0, token_count - 13).
  - SubjectMismatchPenalty = 0 if normalized(Line2 subject) == normalized(Line1 primary) or only cosmetic diffs; else 1.
  - RerankMarginProxy = normalized difference between best and second-best TagPrecisionScore.
- Tune weights on dev to maximize correlation with CLIP ranking; log calibration results.

Verifier / ""image unclear"" (conservative, enforced but post-generation)
- After candidate generation and reranking/fallback, return exactly and only:
image unclear
  if ANY of these apply:
  1) No primary object detected above detector_primary_tag_threshold AND no high-confidence alternative primary candidate exists in generated candidates.
  2) After CLIP reranking: top candidate CLIP score < clip_threshold AND (top_vs_next_margin < margin_accept_threshold OR TagPrecisionScore insufficient). (If reranker absent: analogous check using tuned heuristic and heuristic_accept_threshold.)
  3) Any strict formatting/unit test fails after normalization and cosmetic-tolerant subject match rules are applied (Line1 tags not all in keep ∪ allowed-neutral per dev policy, Line1 tag count ≠ required unless validated expansion allowed, Line2 contains commas/multiple attributes, Line2 token_count > 15, or Line2 verb is disallowed by dev policy).
  4) Active-verb unavailability: no verb (keep or neutral/fallback validated) included in any candidate and no dev-approved fallback exists.
- When returning ""image unclear"", output exactly that string and nothing else.

Formatting and automated checks (programmatic)
- Unit tests (must-run after reranking/fallback):
  1) Whitelist/CLIP-preference check: every Line1 tag ∈ keep ∪ allowed-neutral-for-this-id (as documented for dev); otherwise candidate may still be allowed if neutral was explicitly used by generation policy, but must be logged.
  2) Tag count and composition: default exactly 3 tags; expansions only allowed per validated expansion rule.
  3) Subject reuse check: normalized(Line2 subject) must match normalized Line1 primary. If mismatch is cosmetic (hyphens/case/Unicode), allow and log; if substantive, fail.
  4) Length check: token_count(Line2) ≤ 15; prefer 10–13.
  5) No commas; no trailing commas; Line2 ends with single period.
  6) Active-verb check: at least one candidate must contain a verb that is keep or neutral/fallback per dev validation; final chosen candidate verb must be permitted under dev policy.
  7) Grounding check: detector confidences for included tags must meet thresholds (unless neutral tokens were used per dev fallback rules).
  8) Tokenization-normalization check: ensure normalization identical to CLIP tokenizer; log mismatches. Cosmetic mismatches should not cause immediate failure.
- If automated checks fail after full candidate generation + reranking + margin path, return ""image unclear"". Do not auto-repair formatting beyond canonical normalization.

Thresholds, calibration, and dev validation (must-run before deployment)
- Required dev sweeps:
  - Sweep clip_threshold in [0.20, 0.24] and set value that optimizes mean_CLIP vs coverage.
  - Sweep action_inclusion_threshold, scene_inclusion_threshold, detector_primary_tag_threshold; choose conservative defaults balancing coverage.
  - Set margin_accept_threshold and require dev evidence for its use.
  - Build per-primary-id keep/neutral/demote verb and attribute lists via per-surface-token CLIP ablation; lock keep tokens only when deltas are positive and stable.
  - Tune no-reranker heuristic weights to correlate with CLIP rankings.
  - Validate expansion rules (4th tag) with per-token CLIP delta checks.

Telemetry and diagnostics (mandatory logging)
- For every captioning decision log:
  - All generated candidates (Line1+Line2), normalized forms, and which tokens were keep vs neutral.
  - Candidate-level CLIP scores and margins; final chosen candidate and score.
  - Per-token average CLIP contribution (from dev) and per-example per-token CLIP deltas (if reranker used).
  - Detector confidences for all candidate tags.
  - Final decision and single failure reason if returning ""image unclear"" (detector_low_confidence, clip_threshold_fail, margin_reject, formatting_check_fail, verb_unavailable, subject_mismatch_substantive, etc.).
  - Flag reranker_absent when applicable and store heuristic scores used.
  - Aggregate metrics: frequency of ""image unclear"" and breakdown by failure reason; per-token pruning suggestions.

Operational notes and rationale
- Deterministic generation must be preserved (canonical priority lists, tie-breakers) while allowing CLIP-validated lexical variation to surface for reranking.
- Prefer higher-precision validated tokens but permit neutral/fallback candidates when keep tokens do not exist for common primaries.
- Regularly re-run per-token CLIP validation when CLIP model versions or surfaced data change.

Final requirement
- If, after unconditional candidate generation, reranking/fallback, margin consideration, and formatting/unit checks (with cosmetic-tolerant subject matching), no acceptable candidate remains, output exactly and only:
image unclear","dog, catching, green  
A wet dog leaps to catch a green tennis ball in a grassy area near water.",0,1,Qwen/Qwen3-VL-8B-Instruct,0.0,,64,"{""temperature"": 0.0, ""top_p"": null, ""max_new_tokens"": 64}"
flickr30k_main_seed1_train,textgrad_clip,textgrad_clip__textgrad_b0211113d5,87,30685,flickr30k_test_030685,images/flickr30k/flickr30k_test_030685.jpg,"[""A man who looks like Andy Dick is talking to a man in a hall with a man with a splotch of primary-color red on his hair."", ""A guy with a golden hair is chatting with a guy with a red-hair on top of his head."", ""Two male college students at a social networking event."", ""Two boys in dark clothing talk to each other."", ""Two men are talking in a hallway.""]",textgrad_b0211113d5,TextGrad Step 18,"Default behavior (enforceable, but no early rejects)

Primary objective
- Maximize CLIP image–text similarity (primary). SigLIP is diagnostic only.

High-level policy
- Never return ""image unclear"" prior to generating rerankable candidates. Always produce up to 3 deterministic candidate caption proposals, then apply CLIP-based reranking/acceptance logic (or calibrated heuristic if reranker is unavailable). Only return ""image unclear"" after candidates + reranking + margin logic and formatting/unit checks fail.

Canonical vocabulary: CLIP-validated whitelist (mandatory, empirical)
- Integrator MUST run per-surface-token CLIP validation on dev and label each surface-token as keep (CLIP-preferred), neutral, or demote/remove based on average CLIP delta and stability.
- Generator SHOULD use keep tokens by default. Use neutral tokens only for candidate generation when no clear keep exists for a required slot; neutral usage must be logged per-example for later pruning.
- Do NOT hard-block candidate generation when a keep verb is absent; instead include neutral/fallback verbs in candidate set (dev-validated) before rejecting.

Tokenization-normalization (must-match CLIP tokenizer)
- Define and use the exact same normalization as the CLIP tokenizer used for reranking:
  - Unicode normalization (NFC), lowercase, collapse repeated whitespace to single space, normalize hyphens to ASCII hyphen, strip surrounding punctuation except permitted terminal period, and canonicalize diacritics consistently.
- Document and version the normalization function. Log normalized strings used for all subject-matching and whitelist checks.

Output format (strict but generation-first)
- Emit exactly one final candidate (two-line format) when accepted; otherwise return exactly and only:
image unclear
- Candidate format (for each generated candidate):
  Line 1: exactly 3 canonical tags by default, comma-separated, no trailing comma. Hyphens allowed for multiword tokens.
  Line 2: one concise sentence ending with a single period.

Line 1 (tags) — conservative defaults, validated expansion allowed
- Default: exactly 3 tags, ordered:
  1) primary object token — REQUIRED and should be supported by detector_primary_tag_threshold.
  2) action token — include only if action_detector_confidence ≥ action_inclusion_threshold AND token ∈ keep ∪ (neutral if no keep and neutral-allowed-dev-flag true).
  3) one salient attribute token — exactly one of {color OR count OR position}, chosen from keep ∪ neutral (neutral only when no keep exists).
- Allow deterministic expansion to 4 tags when BOTH:
  a) every extra tag has detector_confidence ≥ high_confidence_threshold, AND
  b) per-token CLIP benefit validated on dev (positive delta & stability).
- Scene/texture tokens are allowed only if validated (keep) for the primary id and detector_confidence ≥ scene_inclusion_threshold.
- No synonyms/repeats within a candidate; synonyms may appear across different candidates only if CLIP-validated.

Line 2 (caption) — subject-first, CLIP-validated verbs, but candidates may vary
- Must begin with the primary Line1 tag's preferred-surface-token AFTER tokenization-normalization (subject-first constraint). Normalize both sides with the CLIP tokenizer; if mismatch is purely cosmetic (hyphenation/case/Unicode), allow soft match (log the cosmetic diffs) rather than immediate rejection.
- Sentence shape: [Subject] [active-verb] [object/relationship (optional)] [single salient attribute phrase]. Use active verbs from the CLIP-validated verb-list (keep preferred). If no keep verbs available for this primary, include neutral/fallback verbs in candidates (must be dev-validated).
- Include exactly ONE salient attribute and reuse the exact attribute token from Line 1.
- Target token length: 10–13 tokens. Hard max: 15 tokens. Fewer tokens allowed only if constraints satisfied.
- No commas, no lists, no subordinate clauses, no speculative language. End with a single period and no extra punctuation.

Candidate generation (unconditional) and deterministic variation
- Always generate up to 3 deterministic candidates before any verifier rejection. Candidate variations MUST include:
  a) alternate CLIP-validated attribute tokens or attribute types (color/count/position) when available;
  b) alternate CLIP-validated verbs (keep or neutral/fallback when no keep) for the primary id;
  c) alternate CLIP-preferred synonym variants for Line1 tags when CLIP-validated.
- Permit Line2 surface-level variation across candidates (verbs, attribute words, small permissible reorderings while keeping subject-first). Do not lock Line2 identical across candidates.
- All candidate generation must be deterministic (canonical priority lists, tie-breakers documented).

Reranking and acceptance (must-run)
- If any CLIP reranker is available (external or internal), rerank all generated candidates with CLIP and choose the highest-scoring candidate.
- Internal CLIP reranker is REQUIRED if external reranker unavailable. If NO CLIP reranker exists at all, use the calibrated internal heuristic (see fallback) but log reranker_absent and proceed cautiously.
- After reranking, apply acceptance checks (formatting, subject-match, thresholds, margin logic). Only then may ""image unclear"" be returned.

Acceptance thresholds and margin-based acceptance
- Default starting clip_threshold = 0.20 (integrator must sweep [0.20,0.24] on dev and set final value).
- If top_CLIP ≥ clip_threshold → accept (subject to format/unit tests).
- If top_CLIP < clip_threshold: allow margin-based acceptance when BOTH:
  a) top_vs_next_margin ≥ margin_accept_threshold (tunable on dev), AND
  b) TagPrecisionScore (per-token grounding) is high (tuned threshold).
  Require dev evidence to enable margin_accept_path for production. Log per-example reasoning.
- Only after reranking + margin logic fails should the verifier return ""image unclear"".

No-reranker heuristic (calibrated fallback; used only when reranker absent)
- Score = w1 * TagPrecisionScore + w2 * RerankMarginProxy - w3 * LengthPenalty - w4 * SubjectMismatchPenalty
  - Default weight hints (integrator must retune on dev): increase TagPrecision and RerankMarginProxy importance; increase SubjectMismatchPenalty for substantive mismatches but ignore cosmetic tokenization diffs.
  - LengthPenalty = max(0, token_count - 13).
  - SubjectMismatchPenalty = 0 if normalized(Line2 subject) == normalized(Line1 primary) or only cosmetic diffs; else 1.
  - RerankMarginProxy = normalized difference between best and second-best TagPrecisionScore.
- Tune weights on dev to maximize correlation with CLIP ranking; log calibration results.

Verifier / ""image unclear"" (conservative, enforced but post-generation)
- After candidate generation and reranking/fallback, return exactly and only:
image unclear
  if ANY of these apply:
  1) No primary object detected above detector_primary_tag_threshold AND no high-confidence alternative primary candidate exists in generated candidates.
  2) After CLIP reranking: top candidate CLIP score < clip_threshold AND (top_vs_next_margin < margin_accept_threshold OR TagPrecisionScore insufficient). (If reranker absent: analogous check using tuned heuristic and heuristic_accept_threshold.)
  3) Any strict formatting/unit test fails after normalization and cosmetic-tolerant subject match rules are applied (Line1 tags not all in keep ∪ allowed-neutral per dev policy, Line1 tag count ≠ required unless validated expansion allowed, Line2 contains commas/multiple attributes, Line2 token_count > 15, or Line2 verb is disallowed by dev policy).
  4) Active-verb unavailability: no verb (keep or neutral/fallback validated) included in any candidate and no dev-approved fallback exists.
- When returning ""image unclear"", output exactly that string and nothing else.

Formatting and automated checks (programmatic)
- Unit tests (must-run after reranking/fallback):
  1) Whitelist/CLIP-preference check: every Line1 tag ∈ keep ∪ allowed-neutral-for-this-id (as documented for dev); otherwise candidate may still be allowed if neutral was explicitly used by generation policy, but must be logged.
  2) Tag count and composition: default exactly 3 tags; expansions only allowed per validated expansion rule.
  3) Subject reuse check: normalized(Line2 subject) must match normalized Line1 primary. If mismatch is cosmetic (hyphens/case/Unicode), allow and log; if substantive, fail.
  4) Length check: token_count(Line2) ≤ 15; prefer 10–13.
  5) No commas; no trailing commas; Line2 ends with single period.
  6) Active-verb check: at least one candidate must contain a verb that is keep or neutral/fallback per dev validation; final chosen candidate verb must be permitted under dev policy.
  7) Grounding check: detector confidences for included tags must meet thresholds (unless neutral tokens were used per dev fallback rules).
  8) Tokenization-normalization check: ensure normalization identical to CLIP tokenizer; log mismatches. Cosmetic mismatches should not cause immediate failure.
- If automated checks fail after full candidate generation + reranking + margin path, return ""image unclear"". Do not auto-repair formatting beyond canonical normalization.

Thresholds, calibration, and dev validation (must-run before deployment)
- Required dev sweeps:
  - Sweep clip_threshold in [0.20, 0.24] and set value that optimizes mean_CLIP vs coverage.
  - Sweep action_inclusion_threshold, scene_inclusion_threshold, detector_primary_tag_threshold; choose conservative defaults balancing coverage.
  - Set margin_accept_threshold and require dev evidence for its use.
  - Build per-primary-id keep/neutral/demote verb and attribute lists via per-surface-token CLIP ablation; lock keep tokens only when deltas are positive and stable.
  - Tune no-reranker heuristic weights to correlate with CLIP rankings.
  - Validate expansion rules (4th tag) with per-token CLIP delta checks.

Telemetry and diagnostics (mandatory logging)
- For every captioning decision log:
  - All generated candidates (Line1+Line2), normalized forms, and which tokens were keep vs neutral.
  - Candidate-level CLIP scores and margins; final chosen candidate and score.
  - Per-token average CLIP contribution (from dev) and per-example per-token CLIP deltas (if reranker used).
  - Detector confidences for all candidate tags.
  - Final decision and single failure reason if returning ""image unclear"" (detector_low_confidence, clip_threshold_fail, margin_reject, formatting_check_fail, verb_unavailable, subject_mismatch_substantive, etc.).
  - Flag reranker_absent when applicable and store heuristic scores used.
  - Aggregate metrics: frequency of ""image unclear"" and breakdown by failure reason; per-token pruning suggestions.

Operational notes and rationale
- Deterministic generation must be preserved (canonical priority lists, tie-breakers) while allowing CLIP-validated lexical variation to surface for reranking.
- Prefer higher-precision validated tokens but permit neutral/fallback candidates when keep tokens do not exist for common primaries.
- Regularly re-run per-token CLIP validation when CLIP model versions or surfaced data change.

Final requirement
- If, after unconditional candidate generation, reranking/fallback, margin consideration, and formatting/unit checks (with cosmetic-tolerant subject matching), no acceptable candidate remains, output exactly and only:
image unclear",man holding cup talking to another man in hallway,0,1,Qwen/Qwen3-VL-8B-Instruct,0.0,,64,"{""temperature"": 0.0, ""top_p"": null, ""max_new_tokens"": 64}"
flickr30k_main_seed1_train,textgrad_clip,textgrad_clip__textgrad_b0211113d5,92,6220,flickr30k_test_006220,images/flickr30k/flickr30k_test_006220.jpg,"[""A crowded and active city street in Asia, with stores and billboards lining the street."", ""A busy street during the daytime in an asian city."", ""A crowd of people walking on a sidewalk in a city."", ""City in japan with crowded streets of people"", ""This asian city is very busy.""]",textgrad_b0211113d5,TextGrad Step 18,"Default behavior (enforceable, but no early rejects)

Primary objective
- Maximize CLIP image–text similarity (primary). SigLIP is diagnostic only.

High-level policy
- Never return ""image unclear"" prior to generating rerankable candidates. Always produce up to 3 deterministic candidate caption proposals, then apply CLIP-based reranking/acceptance logic (or calibrated heuristic if reranker is unavailable). Only return ""image unclear"" after candidates + reranking + margin logic and formatting/unit checks fail.

Canonical vocabulary: CLIP-validated whitelist (mandatory, empirical)
- Integrator MUST run per-surface-token CLIP validation on dev and label each surface-token as keep (CLIP-preferred), neutral, or demote/remove based on average CLIP delta and stability.
- Generator SHOULD use keep tokens by default. Use neutral tokens only for candidate generation when no clear keep exists for a required slot; neutral usage must be logged per-example for later pruning.
- Do NOT hard-block candidate generation when a keep verb is absent; instead include neutral/fallback verbs in candidate set (dev-validated) before rejecting.

Tokenization-normalization (must-match CLIP tokenizer)
- Define and use the exact same normalization as the CLIP tokenizer used for reranking:
  - Unicode normalization (NFC), lowercase, collapse repeated whitespace to single space, normalize hyphens to ASCII hyphen, strip surrounding punctuation except permitted terminal period, and canonicalize diacritics consistently.
- Document and version the normalization function. Log normalized strings used for all subject-matching and whitelist checks.

Output format (strict but generation-first)
- Emit exactly one final candidate (two-line format) when accepted; otherwise return exactly and only:
image unclear
- Candidate format (for each generated candidate):
  Line 1: exactly 3 canonical tags by default, comma-separated, no trailing comma. Hyphens allowed for multiword tokens.
  Line 2: one concise sentence ending with a single period.

Line 1 (tags) — conservative defaults, validated expansion allowed
- Default: exactly 3 tags, ordered:
  1) primary object token — REQUIRED and should be supported by detector_primary_tag_threshold.
  2) action token — include only if action_detector_confidence ≥ action_inclusion_threshold AND token ∈ keep ∪ (neutral if no keep and neutral-allowed-dev-flag true).
  3) one salient attribute token — exactly one of {color OR count OR position}, chosen from keep ∪ neutral (neutral only when no keep exists).
- Allow deterministic expansion to 4 tags when BOTH:
  a) every extra tag has detector_confidence ≥ high_confidence_threshold, AND
  b) per-token CLIP benefit validated on dev (positive delta & stability).
- Scene/texture tokens are allowed only if validated (keep) for the primary id and detector_confidence ≥ scene_inclusion_threshold.
- No synonyms/repeats within a candidate; synonyms may appear across different candidates only if CLIP-validated.

Line 2 (caption) — subject-first, CLIP-validated verbs, but candidates may vary
- Must begin with the primary Line1 tag's preferred-surface-token AFTER tokenization-normalization (subject-first constraint). Normalize both sides with the CLIP tokenizer; if mismatch is purely cosmetic (hyphenation/case/Unicode), allow soft match (log the cosmetic diffs) rather than immediate rejection.
- Sentence shape: [Subject] [active-verb] [object/relationship (optional)] [single salient attribute phrase]. Use active verbs from the CLIP-validated verb-list (keep preferred). If no keep verbs available for this primary, include neutral/fallback verbs in candidates (must be dev-validated).
- Include exactly ONE salient attribute and reuse the exact attribute token from Line 1.
- Target token length: 10–13 tokens. Hard max: 15 tokens. Fewer tokens allowed only if constraints satisfied.
- No commas, no lists, no subordinate clauses, no speculative language. End with a single period and no extra punctuation.

Candidate generation (unconditional) and deterministic variation
- Always generate up to 3 deterministic candidates before any verifier rejection. Candidate variations MUST include:
  a) alternate CLIP-validated attribute tokens or attribute types (color/count/position) when available;
  b) alternate CLIP-validated verbs (keep or neutral/fallback when no keep) for the primary id;
  c) alternate CLIP-preferred synonym variants for Line1 tags when CLIP-validated.
- Permit Line2 surface-level variation across candidates (verbs, attribute words, small permissible reorderings while keeping subject-first). Do not lock Line2 identical across candidates.
- All candidate generation must be deterministic (canonical priority lists, tie-breakers documented).

Reranking and acceptance (must-run)
- If any CLIP reranker is available (external or internal), rerank all generated candidates with CLIP and choose the highest-scoring candidate.
- Internal CLIP reranker is REQUIRED if external reranker unavailable. If NO CLIP reranker exists at all, use the calibrated internal heuristic (see fallback) but log reranker_absent and proceed cautiously.
- After reranking, apply acceptance checks (formatting, subject-match, thresholds, margin logic). Only then may ""image unclear"" be returned.

Acceptance thresholds and margin-based acceptance
- Default starting clip_threshold = 0.20 (integrator must sweep [0.20,0.24] on dev and set final value).
- If top_CLIP ≥ clip_threshold → accept (subject to format/unit tests).
- If top_CLIP < clip_threshold: allow margin-based acceptance when BOTH:
  a) top_vs_next_margin ≥ margin_accept_threshold (tunable on dev), AND
  b) TagPrecisionScore (per-token grounding) is high (tuned threshold).
  Require dev evidence to enable margin_accept_path for production. Log per-example reasoning.
- Only after reranking + margin logic fails should the verifier return ""image unclear"".

No-reranker heuristic (calibrated fallback; used only when reranker absent)
- Score = w1 * TagPrecisionScore + w2 * RerankMarginProxy - w3 * LengthPenalty - w4 * SubjectMismatchPenalty
  - Default weight hints (integrator must retune on dev): increase TagPrecision and RerankMarginProxy importance; increase SubjectMismatchPenalty for substantive mismatches but ignore cosmetic tokenization diffs.
  - LengthPenalty = max(0, token_count - 13).
  - SubjectMismatchPenalty = 0 if normalized(Line2 subject) == normalized(Line1 primary) or only cosmetic diffs; else 1.
  - RerankMarginProxy = normalized difference between best and second-best TagPrecisionScore.
- Tune weights on dev to maximize correlation with CLIP ranking; log calibration results.

Verifier / ""image unclear"" (conservative, enforced but post-generation)
- After candidate generation and reranking/fallback, return exactly and only:
image unclear
  if ANY of these apply:
  1) No primary object detected above detector_primary_tag_threshold AND no high-confidence alternative primary candidate exists in generated candidates.
  2) After CLIP reranking: top candidate CLIP score < clip_threshold AND (top_vs_next_margin < margin_accept_threshold OR TagPrecisionScore insufficient). (If reranker absent: analogous check using tuned heuristic and heuristic_accept_threshold.)
  3) Any strict formatting/unit test fails after normalization and cosmetic-tolerant subject match rules are applied (Line1 tags not all in keep ∪ allowed-neutral per dev policy, Line1 tag count ≠ required unless validated expansion allowed, Line2 contains commas/multiple attributes, Line2 token_count > 15, or Line2 verb is disallowed by dev policy).
  4) Active-verb unavailability: no verb (keep or neutral/fallback validated) included in any candidate and no dev-approved fallback exists.
- When returning ""image unclear"", output exactly that string and nothing else.

Formatting and automated checks (programmatic)
- Unit tests (must-run after reranking/fallback):
  1) Whitelist/CLIP-preference check: every Line1 tag ∈ keep ∪ allowed-neutral-for-this-id (as documented for dev); otherwise candidate may still be allowed if neutral was explicitly used by generation policy, but must be logged.
  2) Tag count and composition: default exactly 3 tags; expansions only allowed per validated expansion rule.
  3) Subject reuse check: normalized(Line2 subject) must match normalized Line1 primary. If mismatch is cosmetic (hyphens/case/Unicode), allow and log; if substantive, fail.
  4) Length check: token_count(Line2) ≤ 15; prefer 10–13.
  5) No commas; no trailing commas; Line2 ends with single period.
  6) Active-verb check: at least one candidate must contain a verb that is keep or neutral/fallback per dev validation; final chosen candidate verb must be permitted under dev policy.
  7) Grounding check: detector confidences for included tags must meet thresholds (unless neutral tokens were used per dev fallback rules).
  8) Tokenization-normalization check: ensure normalization identical to CLIP tokenizer; log mismatches. Cosmetic mismatches should not cause immediate failure.
- If automated checks fail after full candidate generation + reranking + margin path, return ""image unclear"". Do not auto-repair formatting beyond canonical normalization.

Thresholds, calibration, and dev validation (must-run before deployment)
- Required dev sweeps:
  - Sweep clip_threshold in [0.20, 0.24] and set value that optimizes mean_CLIP vs coverage.
  - Sweep action_inclusion_threshold, scene_inclusion_threshold, detector_primary_tag_threshold; choose conservative defaults balancing coverage.
  - Set margin_accept_threshold and require dev evidence for its use.
  - Build per-primary-id keep/neutral/demote verb and attribute lists via per-surface-token CLIP ablation; lock keep tokens only when deltas are positive and stable.
  - Tune no-reranker heuristic weights to correlate with CLIP rankings.
  - Validate expansion rules (4th tag) with per-token CLIP delta checks.

Telemetry and diagnostics (mandatory logging)
- For every captioning decision log:
  - All generated candidates (Line1+Line2), normalized forms, and which tokens were keep vs neutral.
  - Candidate-level CLIP scores and margins; final chosen candidate and score.
  - Per-token average CLIP contribution (from dev) and per-example per-token CLIP deltas (if reranker used).
  - Detector confidences for all candidate tags.
  - Final decision and single failure reason if returning ""image unclear"" (detector_low_confidence, clip_threshold_fail, margin_reject, formatting_check_fail, verb_unavailable, subject_mismatch_substantive, etc.).
  - Flag reranker_absent when applicable and store heuristic scores used.
  - Aggregate metrics: frequency of ""image unclear"" and breakdown by failure reason; per-token pruning suggestions.

Operational notes and rationale
- Deterministic generation must be preserved (canonical priority lists, tie-breakers) while allowing CLIP-validated lexical variation to surface for reranking.
- Prefer higher-precision validated tokens but permit neutral/fallback candidates when keep tokens do not exist for common primaries.
- Regularly re-run per-token CLIP validation when CLIP model versions or surfaced data change.

Final requirement
- If, after unconditional candidate generation, reranking/fallback, margin consideration, and formatting/unit checks (with cosmetic-tolerant subject matching), no acceptable candidate remains, output exactly and only:
image unclear",image unclear,0,1,Qwen/Qwen3-VL-8B-Instruct,0.0,,64,"{""temperature"": 0.0, ""top_p"": null, ""max_new_tokens"": 64}"
flickr30k_main_seed1_train,textgrad_clip,textgrad_clip__textgrad_b0211113d5,102,19300,flickr30k_test_019300,images/flickr30k/flickr30k_test_019300.jpg,"[""A man dangles from the room of an incompletely built building in the middle of a field."", ""A man laying on the roof attempting to rebuild it."", ""A man hanging off a partially framed roof."", ""Man laying on a partially built house."", ""A man is installing a roof.""]",textgrad_b0211113d5,TextGrad Step 18,"Default behavior (enforceable, but no early rejects)

Primary objective
- Maximize CLIP image–text similarity (primary). SigLIP is diagnostic only.

High-level policy
- Never return ""image unclear"" prior to generating rerankable candidates. Always produce up to 3 deterministic candidate caption proposals, then apply CLIP-based reranking/acceptance logic (or calibrated heuristic if reranker is unavailable). Only return ""image unclear"" after candidates + reranking + margin logic and formatting/unit checks fail.

Canonical vocabulary: CLIP-validated whitelist (mandatory, empirical)
- Integrator MUST run per-surface-token CLIP validation on dev and label each surface-token as keep (CLIP-preferred), neutral, or demote/remove based on average CLIP delta and stability.
- Generator SHOULD use keep tokens by default. Use neutral tokens only for candidate generation when no clear keep exists for a required slot; neutral usage must be logged per-example for later pruning.
- Do NOT hard-block candidate generation when a keep verb is absent; instead include neutral/fallback verbs in candidate set (dev-validated) before rejecting.

Tokenization-normalization (must-match CLIP tokenizer)
- Define and use the exact same normalization as the CLIP tokenizer used for reranking:
  - Unicode normalization (NFC), lowercase, collapse repeated whitespace to single space, normalize hyphens to ASCII hyphen, strip surrounding punctuation except permitted terminal period, and canonicalize diacritics consistently.
- Document and version the normalization function. Log normalized strings used for all subject-matching and whitelist checks.

Output format (strict but generation-first)
- Emit exactly one final candidate (two-line format) when accepted; otherwise return exactly and only:
image unclear
- Candidate format (for each generated candidate):
  Line 1: exactly 3 canonical tags by default, comma-separated, no trailing comma. Hyphens allowed for multiword tokens.
  Line 2: one concise sentence ending with a single period.

Line 1 (tags) — conservative defaults, validated expansion allowed
- Default: exactly 3 tags, ordered:
  1) primary object token — REQUIRED and should be supported by detector_primary_tag_threshold.
  2) action token — include only if action_detector_confidence ≥ action_inclusion_threshold AND token ∈ keep ∪ (neutral if no keep and neutral-allowed-dev-flag true).
  3) one salient attribute token — exactly one of {color OR count OR position}, chosen from keep ∪ neutral (neutral only when no keep exists).
- Allow deterministic expansion to 4 tags when BOTH:
  a) every extra tag has detector_confidence ≥ high_confidence_threshold, AND
  b) per-token CLIP benefit validated on dev (positive delta & stability).
- Scene/texture tokens are allowed only if validated (keep) for the primary id and detector_confidence ≥ scene_inclusion_threshold.
- No synonyms/repeats within a candidate; synonyms may appear across different candidates only if CLIP-validated.

Line 2 (caption) — subject-first, CLIP-validated verbs, but candidates may vary
- Must begin with the primary Line1 tag's preferred-surface-token AFTER tokenization-normalization (subject-first constraint). Normalize both sides with the CLIP tokenizer; if mismatch is purely cosmetic (hyphenation/case/Unicode), allow soft match (log the cosmetic diffs) rather than immediate rejection.
- Sentence shape: [Subject] [active-verb] [object/relationship (optional)] [single salient attribute phrase]. Use active verbs from the CLIP-validated verb-list (keep preferred). If no keep verbs available for this primary, include neutral/fallback verbs in candidates (must be dev-validated).
- Include exactly ONE salient attribute and reuse the exact attribute token from Line 1.
- Target token length: 10–13 tokens. Hard max: 15 tokens. Fewer tokens allowed only if constraints satisfied.
- No commas, no lists, no subordinate clauses, no speculative language. End with a single period and no extra punctuation.

Candidate generation (unconditional) and deterministic variation
- Always generate up to 3 deterministic candidates before any verifier rejection. Candidate variations MUST include:
  a) alternate CLIP-validated attribute tokens or attribute types (color/count/position) when available;
  b) alternate CLIP-validated verbs (keep or neutral/fallback when no keep) for the primary id;
  c) alternate CLIP-preferred synonym variants for Line1 tags when CLIP-validated.
- Permit Line2 surface-level variation across candidates (verbs, attribute words, small permissible reorderings while keeping subject-first). Do not lock Line2 identical across candidates.
- All candidate generation must be deterministic (canonical priority lists, tie-breakers documented).

Reranking and acceptance (must-run)
- If any CLIP reranker is available (external or internal), rerank all generated candidates with CLIP and choose the highest-scoring candidate.
- Internal CLIP reranker is REQUIRED if external reranker unavailable. If NO CLIP reranker exists at all, use the calibrated internal heuristic (see fallback) but log reranker_absent and proceed cautiously.
- After reranking, apply acceptance checks (formatting, subject-match, thresholds, margin logic). Only then may ""image unclear"" be returned.

Acceptance thresholds and margin-based acceptance
- Default starting clip_threshold = 0.20 (integrator must sweep [0.20,0.24] on dev and set final value).
- If top_CLIP ≥ clip_threshold → accept (subject to format/unit tests).
- If top_CLIP < clip_threshold: allow margin-based acceptance when BOTH:
  a) top_vs_next_margin ≥ margin_accept_threshold (tunable on dev), AND
  b) TagPrecisionScore (per-token grounding) is high (tuned threshold).
  Require dev evidence to enable margin_accept_path for production. Log per-example reasoning.
- Only after reranking + margin logic fails should the verifier return ""image unclear"".

No-reranker heuristic (calibrated fallback; used only when reranker absent)
- Score = w1 * TagPrecisionScore + w2 * RerankMarginProxy - w3 * LengthPenalty - w4 * SubjectMismatchPenalty
  - Default weight hints (integrator must retune on dev): increase TagPrecision and RerankMarginProxy importance; increase SubjectMismatchPenalty for substantive mismatches but ignore cosmetic tokenization diffs.
  - LengthPenalty = max(0, token_count - 13).
  - SubjectMismatchPenalty = 0 if normalized(Line2 subject) == normalized(Line1 primary) or only cosmetic diffs; else 1.
  - RerankMarginProxy = normalized difference between best and second-best TagPrecisionScore.
- Tune weights on dev to maximize correlation with CLIP ranking; log calibration results.

Verifier / ""image unclear"" (conservative, enforced but post-generation)
- After candidate generation and reranking/fallback, return exactly and only:
image unclear
  if ANY of these apply:
  1) No primary object detected above detector_primary_tag_threshold AND no high-confidence alternative primary candidate exists in generated candidates.
  2) After CLIP reranking: top candidate CLIP score < clip_threshold AND (top_vs_next_margin < margin_accept_threshold OR TagPrecisionScore insufficient). (If reranker absent: analogous check using tuned heuristic and heuristic_accept_threshold.)
  3) Any strict formatting/unit test fails after normalization and cosmetic-tolerant subject match rules are applied (Line1 tags not all in keep ∪ allowed-neutral per dev policy, Line1 tag count ≠ required unless validated expansion allowed, Line2 contains commas/multiple attributes, Line2 token_count > 15, or Line2 verb is disallowed by dev policy).
  4) Active-verb unavailability: no verb (keep or neutral/fallback validated) included in any candidate and no dev-approved fallback exists.
- When returning ""image unclear"", output exactly that string and nothing else.

Formatting and automated checks (programmatic)
- Unit tests (must-run after reranking/fallback):
  1) Whitelist/CLIP-preference check: every Line1 tag ∈ keep ∪ allowed-neutral-for-this-id (as documented for dev); otherwise candidate may still be allowed if neutral was explicitly used by generation policy, but must be logged.
  2) Tag count and composition: default exactly 3 tags; expansions only allowed per validated expansion rule.
  3) Subject reuse check: normalized(Line2 subject) must match normalized Line1 primary. If mismatch is cosmetic (hyphens/case/Unicode), allow and log; if substantive, fail.
  4) Length check: token_count(Line2) ≤ 15; prefer 10–13.
  5) No commas; no trailing commas; Line2 ends with single period.
  6) Active-verb check: at least one candidate must contain a verb that is keep or neutral/fallback per dev validation; final chosen candidate verb must be permitted under dev policy.
  7) Grounding check: detector confidences for included tags must meet thresholds (unless neutral tokens were used per dev fallback rules).
  8) Tokenization-normalization check: ensure normalization identical to CLIP tokenizer; log mismatches. Cosmetic mismatches should not cause immediate failure.
- If automated checks fail after full candidate generation + reranking + margin path, return ""image unclear"". Do not auto-repair formatting beyond canonical normalization.

Thresholds, calibration, and dev validation (must-run before deployment)
- Required dev sweeps:
  - Sweep clip_threshold in [0.20, 0.24] and set value that optimizes mean_CLIP vs coverage.
  - Sweep action_inclusion_threshold, scene_inclusion_threshold, detector_primary_tag_threshold; choose conservative defaults balancing coverage.
  - Set margin_accept_threshold and require dev evidence for its use.
  - Build per-primary-id keep/neutral/demote verb and attribute lists via per-surface-token CLIP ablation; lock keep tokens only when deltas are positive and stable.
  - Tune no-reranker heuristic weights to correlate with CLIP rankings.
  - Validate expansion rules (4th tag) with per-token CLIP delta checks.

Telemetry and diagnostics (mandatory logging)
- For every captioning decision log:
  - All generated candidates (Line1+Line2), normalized forms, and which tokens were keep vs neutral.
  - Candidate-level CLIP scores and margins; final chosen candidate and score.
  - Per-token average CLIP contribution (from dev) and per-example per-token CLIP deltas (if reranker used).
  - Detector confidences for all candidate tags.
  - Final decision and single failure reason if returning ""image unclear"" (detector_low_confidence, clip_threshold_fail, margin_reject, formatting_check_fail, verb_unavailable, subject_mismatch_substantive, etc.).
  - Flag reranker_absent when applicable and store heuristic scores used.
  - Aggregate metrics: frequency of ""image unclear"" and breakdown by failure reason; per-token pruning suggestions.

Operational notes and rationale
- Deterministic generation must be preserved (canonical priority lists, tie-breakers) while allowing CLIP-validated lexical variation to surface for reranking.
- Prefer higher-precision validated tokens but permit neutral/fallback candidates when keep tokens do not exist for common primaries.
- Regularly re-run per-token CLIP validation when CLIP model versions or surfaced data change.

Final requirement
- If, after unconditional candidate generation, reranking/fallback, margin consideration, and formatting/unit checks (with cosmetic-tolerant subject matching), no acceptable candidate remains, output exactly and only:
image unclear","man climbing wooden roof frame, construction site, blue sky",0,1,Qwen/Qwen3-VL-8B-Instruct,0.0,,64,"{""temperature"": 0.0, ""top_p"": null, ""max_new_tokens"": 64}"
flickr30k_main_seed1_train,textgrad_clip,textgrad_clip__textgrad_b0211113d5,105,15736,flickr30k_test_015736,images/flickr30k/flickr30k_test_015736.jpg,"[""A brown and white dog trots across shallow water with his mouth open."", ""A greyhound walks in the rain through a large puddle."", ""A white and brown dog is walking through the water."", ""A brown spotted dog walks in shallow water."", ""The dog walks through the water.""]",textgrad_b0211113d5,TextGrad Step 18,"Default behavior (enforceable, but no early rejects)

Primary objective
- Maximize CLIP image–text similarity (primary). SigLIP is diagnostic only.

High-level policy
- Never return ""image unclear"" prior to generating rerankable candidates. Always produce up to 3 deterministic candidate caption proposals, then apply CLIP-based reranking/acceptance logic (or calibrated heuristic if reranker is unavailable). Only return ""image unclear"" after candidates + reranking + margin logic and formatting/unit checks fail.

Canonical vocabulary: CLIP-validated whitelist (mandatory, empirical)
- Integrator MUST run per-surface-token CLIP validation on dev and label each surface-token as keep (CLIP-preferred), neutral, or demote/remove based on average CLIP delta and stability.
- Generator SHOULD use keep tokens by default. Use neutral tokens only for candidate generation when no clear keep exists for a required slot; neutral usage must be logged per-example for later pruning.
- Do NOT hard-block candidate generation when a keep verb is absent; instead include neutral/fallback verbs in candidate set (dev-validated) before rejecting.

Tokenization-normalization (must-match CLIP tokenizer)
- Define and use the exact same normalization as the CLIP tokenizer used for reranking:
  - Unicode normalization (NFC), lowercase, collapse repeated whitespace to single space, normalize hyphens to ASCII hyphen, strip surrounding punctuation except permitted terminal period, and canonicalize diacritics consistently.
- Document and version the normalization function. Log normalized strings used for all subject-matching and whitelist checks.

Output format (strict but generation-first)
- Emit exactly one final candidate (two-line format) when accepted; otherwise return exactly and only:
image unclear
- Candidate format (for each generated candidate):
  Line 1: exactly 3 canonical tags by default, comma-separated, no trailing comma. Hyphens allowed for multiword tokens.
  Line 2: one concise sentence ending with a single period.

Line 1 (tags) — conservative defaults, validated expansion allowed
- Default: exactly 3 tags, ordered:
  1) primary object token — REQUIRED and should be supported by detector_primary_tag_threshold.
  2) action token — include only if action_detector_confidence ≥ action_inclusion_threshold AND token ∈ keep ∪ (neutral if no keep and neutral-allowed-dev-flag true).
  3) one salient attribute token — exactly one of {color OR count OR position}, chosen from keep ∪ neutral (neutral only when no keep exists).
- Allow deterministic expansion to 4 tags when BOTH:
  a) every extra tag has detector_confidence ≥ high_confidence_threshold, AND
  b) per-token CLIP benefit validated on dev (positive delta & stability).
- Scene/texture tokens are allowed only if validated (keep) for the primary id and detector_confidence ≥ scene_inclusion_threshold.
- No synonyms/repeats within a candidate; synonyms may appear across different candidates only if CLIP-validated.

Line 2 (caption) — subject-first, CLIP-validated verbs, but candidates may vary
- Must begin with the primary Line1 tag's preferred-surface-token AFTER tokenization-normalization (subject-first constraint). Normalize both sides with the CLIP tokenizer; if mismatch is purely cosmetic (hyphenation/case/Unicode), allow soft match (log the cosmetic diffs) rather than immediate rejection.
- Sentence shape: [Subject] [active-verb] [object/relationship (optional)] [single salient attribute phrase]. Use active verbs from the CLIP-validated verb-list (keep preferred). If no keep verbs available for this primary, include neutral/fallback verbs in candidates (must be dev-validated).
- Include exactly ONE salient attribute and reuse the exact attribute token from Line 1.
- Target token length: 10–13 tokens. Hard max: 15 tokens. Fewer tokens allowed only if constraints satisfied.
- No commas, no lists, no subordinate clauses, no speculative language. End with a single period and no extra punctuation.

Candidate generation (unconditional) and deterministic variation
- Always generate up to 3 deterministic candidates before any verifier rejection. Candidate variations MUST include:
  a) alternate CLIP-validated attribute tokens or attribute types (color/count/position) when available;
  b) alternate CLIP-validated verbs (keep or neutral/fallback when no keep) for the primary id;
  c) alternate CLIP-preferred synonym variants for Line1 tags when CLIP-validated.
- Permit Line2 surface-level variation across candidates (verbs, attribute words, small permissible reorderings while keeping subject-first). Do not lock Line2 identical across candidates.
- All candidate generation must be deterministic (canonical priority lists, tie-breakers documented).

Reranking and acceptance (must-run)
- If any CLIP reranker is available (external or internal), rerank all generated candidates with CLIP and choose the highest-scoring candidate.
- Internal CLIP reranker is REQUIRED if external reranker unavailable. If NO CLIP reranker exists at all, use the calibrated internal heuristic (see fallback) but log reranker_absent and proceed cautiously.
- After reranking, apply acceptance checks (formatting, subject-match, thresholds, margin logic). Only then may ""image unclear"" be returned.

Acceptance thresholds and margin-based acceptance
- Default starting clip_threshold = 0.20 (integrator must sweep [0.20,0.24] on dev and set final value).
- If top_CLIP ≥ clip_threshold → accept (subject to format/unit tests).
- If top_CLIP < clip_threshold: allow margin-based acceptance when BOTH:
  a) top_vs_next_margin ≥ margin_accept_threshold (tunable on dev), AND
  b) TagPrecisionScore (per-token grounding) is high (tuned threshold).
  Require dev evidence to enable margin_accept_path for production. Log per-example reasoning.
- Only after reranking + margin logic fails should the verifier return ""image unclear"".

No-reranker heuristic (calibrated fallback; used only when reranker absent)
- Score = w1 * TagPrecisionScore + w2 * RerankMarginProxy - w3 * LengthPenalty - w4 * SubjectMismatchPenalty
  - Default weight hints (integrator must retune on dev): increase TagPrecision and RerankMarginProxy importance; increase SubjectMismatchPenalty for substantive mismatches but ignore cosmetic tokenization diffs.
  - LengthPenalty = max(0, token_count - 13).
  - SubjectMismatchPenalty = 0 if normalized(Line2 subject) == normalized(Line1 primary) or only cosmetic diffs; else 1.
  - RerankMarginProxy = normalized difference between best and second-best TagPrecisionScore.
- Tune weights on dev to maximize correlation with CLIP ranking; log calibration results.

Verifier / ""image unclear"" (conservative, enforced but post-generation)
- After candidate generation and reranking/fallback, return exactly and only:
image unclear
  if ANY of these apply:
  1) No primary object detected above detector_primary_tag_threshold AND no high-confidence alternative primary candidate exists in generated candidates.
  2) After CLIP reranking: top candidate CLIP score < clip_threshold AND (top_vs_next_margin < margin_accept_threshold OR TagPrecisionScore insufficient). (If reranker absent: analogous check using tuned heuristic and heuristic_accept_threshold.)
  3) Any strict formatting/unit test fails after normalization and cosmetic-tolerant subject match rules are applied (Line1 tags not all in keep ∪ allowed-neutral per dev policy, Line1 tag count ≠ required unless validated expansion allowed, Line2 contains commas/multiple attributes, Line2 token_count > 15, or Line2 verb is disallowed by dev policy).
  4) Active-verb unavailability: no verb (keep or neutral/fallback validated) included in any candidate and no dev-approved fallback exists.
- When returning ""image unclear"", output exactly that string and nothing else.

Formatting and automated checks (programmatic)
- Unit tests (must-run after reranking/fallback):
  1) Whitelist/CLIP-preference check: every Line1 tag ∈ keep ∪ allowed-neutral-for-this-id (as documented for dev); otherwise candidate may still be allowed if neutral was explicitly used by generation policy, but must be logged.
  2) Tag count and composition: default exactly 3 tags; expansions only allowed per validated expansion rule.
  3) Subject reuse check: normalized(Line2 subject) must match normalized Line1 primary. If mismatch is cosmetic (hyphens/case/Unicode), allow and log; if substantive, fail.
  4) Length check: token_count(Line2) ≤ 15; prefer 10–13.
  5) No commas; no trailing commas; Line2 ends with single period.
  6) Active-verb check: at least one candidate must contain a verb that is keep or neutral/fallback per dev validation; final chosen candidate verb must be permitted under dev policy.
  7) Grounding check: detector confidences for included tags must meet thresholds (unless neutral tokens were used per dev fallback rules).
  8) Tokenization-normalization check: ensure normalization identical to CLIP tokenizer; log mismatches. Cosmetic mismatches should not cause immediate failure.
- If automated checks fail after full candidate generation + reranking + margin path, return ""image unclear"". Do not auto-repair formatting beyond canonical normalization.

Thresholds, calibration, and dev validation (must-run before deployment)
- Required dev sweeps:
  - Sweep clip_threshold in [0.20, 0.24] and set value that optimizes mean_CLIP vs coverage.
  - Sweep action_inclusion_threshold, scene_inclusion_threshold, detector_primary_tag_threshold; choose conservative defaults balancing coverage.
  - Set margin_accept_threshold and require dev evidence for its use.
  - Build per-primary-id keep/neutral/demote verb and attribute lists via per-surface-token CLIP ablation; lock keep tokens only when deltas are positive and stable.
  - Tune no-reranker heuristic weights to correlate with CLIP rankings.
  - Validate expansion rules (4th tag) with per-token CLIP delta checks.

Telemetry and diagnostics (mandatory logging)
- For every captioning decision log:
  - All generated candidates (Line1+Line2), normalized forms, and which tokens were keep vs neutral.
  - Candidate-level CLIP scores and margins; final chosen candidate and score.
  - Per-token average CLIP contribution (from dev) and per-example per-token CLIP deltas (if reranker used).
  - Detector confidences for all candidate tags.
  - Final decision and single failure reason if returning ""image unclear"" (detector_low_confidence, clip_threshold_fail, margin_reject, formatting_check_fail, verb_unavailable, subject_mismatch_substantive, etc.).
  - Flag reranker_absent when applicable and store heuristic scores used.
  - Aggregate metrics: frequency of ""image unclear"" and breakdown by failure reason; per-token pruning suggestions.

Operational notes and rationale
- Deterministic generation must be preserved (canonical priority lists, tie-breakers) while allowing CLIP-validated lexical variation to surface for reranking.
- Prefer higher-precision validated tokens but permit neutral/fallback candidates when keep tokens do not exist for common primaries.
- Regularly re-run per-token CLIP validation when CLIP model versions or surfaced data change.

Final requirement
- If, after unconditional candidate generation, reranking/fallback, margin consideration, and formatting/unit checks (with cosmetic-tolerant subject matching), no acceptable candidate remains, output exactly and only:
image unclear","dog, walking, wet

A white and brown dog walks through shallow water.",0,1,Qwen/Qwen3-VL-8B-Instruct,0.0,,64,"{""temperature"": 0.0, ""top_p"": null, ""max_new_tokens"": 64}"
flickr30k_main_seed1_train,textgrad_clip,textgrad_clip__textgrad_b0211113d5,109,13247,flickr30k_test_013247,images/flickr30k/flickr30k_test_013247.jpg,"[""Several men walk in front of a building marked 'Bass Pro Shops Outdoor World'."", ""People are walking outside the entrance to Bass Pro Shops Outdoor World."", ""People walking in front of the Outdoor World store."", ""A white-haired man is walking out of a store."", ""People outside of an Outdoor World shop.""]",textgrad_b0211113d5,TextGrad Step 18,"Default behavior (enforceable, but no early rejects)

Primary objective
- Maximize CLIP image–text similarity (primary). SigLIP is diagnostic only.

High-level policy
- Never return ""image unclear"" prior to generating rerankable candidates. Always produce up to 3 deterministic candidate caption proposals, then apply CLIP-based reranking/acceptance logic (or calibrated heuristic if reranker is unavailable). Only return ""image unclear"" after candidates + reranking + margin logic and formatting/unit checks fail.

Canonical vocabulary: CLIP-validated whitelist (mandatory, empirical)
- Integrator MUST run per-surface-token CLIP validation on dev and label each surface-token as keep (CLIP-preferred), neutral, or demote/remove based on average CLIP delta and stability.
- Generator SHOULD use keep tokens by default. Use neutral tokens only for candidate generation when no clear keep exists for a required slot; neutral usage must be logged per-example for later pruning.
- Do NOT hard-block candidate generation when a keep verb is absent; instead include neutral/fallback verbs in candidate set (dev-validated) before rejecting.

Tokenization-normalization (must-match CLIP tokenizer)
- Define and use the exact same normalization as the CLIP tokenizer used for reranking:
  - Unicode normalization (NFC), lowercase, collapse repeated whitespace to single space, normalize hyphens to ASCII hyphen, strip surrounding punctuation except permitted terminal period, and canonicalize diacritics consistently.
- Document and version the normalization function. Log normalized strings used for all subject-matching and whitelist checks.

Output format (strict but generation-first)
- Emit exactly one final candidate (two-line format) when accepted; otherwise return exactly and only:
image unclear
- Candidate format (for each generated candidate):
  Line 1: exactly 3 canonical tags by default, comma-separated, no trailing comma. Hyphens allowed for multiword tokens.
  Line 2: one concise sentence ending with a single period.

Line 1 (tags) — conservative defaults, validated expansion allowed
- Default: exactly 3 tags, ordered:
  1) primary object token — REQUIRED and should be supported by detector_primary_tag_threshold.
  2) action token — include only if action_detector_confidence ≥ action_inclusion_threshold AND token ∈ keep ∪ (neutral if no keep and neutral-allowed-dev-flag true).
  3) one salient attribute token — exactly one of {color OR count OR position}, chosen from keep ∪ neutral (neutral only when no keep exists).
- Allow deterministic expansion to 4 tags when BOTH:
  a) every extra tag has detector_confidence ≥ high_confidence_threshold, AND
  b) per-token CLIP benefit validated on dev (positive delta & stability).
- Scene/texture tokens are allowed only if validated (keep) for the primary id and detector_confidence ≥ scene_inclusion_threshold.
- No synonyms/repeats within a candidate; synonyms may appear across different candidates only if CLIP-validated.

Line 2 (caption) — subject-first, CLIP-validated verbs, but candidates may vary
- Must begin with the primary Line1 tag's preferred-surface-token AFTER tokenization-normalization (subject-first constraint). Normalize both sides with the CLIP tokenizer; if mismatch is purely cosmetic (hyphenation/case/Unicode), allow soft match (log the cosmetic diffs) rather than immediate rejection.
- Sentence shape: [Subject] [active-verb] [object/relationship (optional)] [single salient attribute phrase]. Use active verbs from the CLIP-validated verb-list (keep preferred). If no keep verbs available for this primary, include neutral/fallback verbs in candidates (must be dev-validated).
- Include exactly ONE salient attribute and reuse the exact attribute token from Line 1.
- Target token length: 10–13 tokens. Hard max: 15 tokens. Fewer tokens allowed only if constraints satisfied.
- No commas, no lists, no subordinate clauses, no speculative language. End with a single period and no extra punctuation.

Candidate generation (unconditional) and deterministic variation
- Always generate up to 3 deterministic candidates before any verifier rejection. Candidate variations MUST include:
  a) alternate CLIP-validated attribute tokens or attribute types (color/count/position) when available;
  b) alternate CLIP-validated verbs (keep or neutral/fallback when no keep) for the primary id;
  c) alternate CLIP-preferred synonym variants for Line1 tags when CLIP-validated.
- Permit Line2 surface-level variation across candidates (verbs, attribute words, small permissible reorderings while keeping subject-first). Do not lock Line2 identical across candidates.
- All candidate generation must be deterministic (canonical priority lists, tie-breakers documented).

Reranking and acceptance (must-run)
- If any CLIP reranker is available (external or internal), rerank all generated candidates with CLIP and choose the highest-scoring candidate.
- Internal CLIP reranker is REQUIRED if external reranker unavailable. If NO CLIP reranker exists at all, use the calibrated internal heuristic (see fallback) but log reranker_absent and proceed cautiously.
- After reranking, apply acceptance checks (formatting, subject-match, thresholds, margin logic). Only then may ""image unclear"" be returned.

Acceptance thresholds and margin-based acceptance
- Default starting clip_threshold = 0.20 (integrator must sweep [0.20,0.24] on dev and set final value).
- If top_CLIP ≥ clip_threshold → accept (subject to format/unit tests).
- If top_CLIP < clip_threshold: allow margin-based acceptance when BOTH:
  a) top_vs_next_margin ≥ margin_accept_threshold (tunable on dev), AND
  b) TagPrecisionScore (per-token grounding) is high (tuned threshold).
  Require dev evidence to enable margin_accept_path for production. Log per-example reasoning.
- Only after reranking + margin logic fails should the verifier return ""image unclear"".

No-reranker heuristic (calibrated fallback; used only when reranker absent)
- Score = w1 * TagPrecisionScore + w2 * RerankMarginProxy - w3 * LengthPenalty - w4 * SubjectMismatchPenalty
  - Default weight hints (integrator must retune on dev): increase TagPrecision and RerankMarginProxy importance; increase SubjectMismatchPenalty for substantive mismatches but ignore cosmetic tokenization diffs.
  - LengthPenalty = max(0, token_count - 13).
  - SubjectMismatchPenalty = 0 if normalized(Line2 subject) == normalized(Line1 primary) or only cosmetic diffs; else 1.
  - RerankMarginProxy = normalized difference between best and second-best TagPrecisionScore.
- Tune weights on dev to maximize correlation with CLIP ranking; log calibration results.

Verifier / ""image unclear"" (conservative, enforced but post-generation)
- After candidate generation and reranking/fallback, return exactly and only:
image unclear
  if ANY of these apply:
  1) No primary object detected above detector_primary_tag_threshold AND no high-confidence alternative primary candidate exists in generated candidates.
  2) After CLIP reranking: top candidate CLIP score < clip_threshold AND (top_vs_next_margin < margin_accept_threshold OR TagPrecisionScore insufficient). (If reranker absent: analogous check using tuned heuristic and heuristic_accept_threshold.)
  3) Any strict formatting/unit test fails after normalization and cosmetic-tolerant subject match rules are applied (Line1 tags not all in keep ∪ allowed-neutral per dev policy, Line1 tag count ≠ required unless validated expansion allowed, Line2 contains commas/multiple attributes, Line2 token_count > 15, or Line2 verb is disallowed by dev policy).
  4) Active-verb unavailability: no verb (keep or neutral/fallback validated) included in any candidate and no dev-approved fallback exists.
- When returning ""image unclear"", output exactly that string and nothing else.

Formatting and automated checks (programmatic)
- Unit tests (must-run after reranking/fallback):
  1) Whitelist/CLIP-preference check: every Line1 tag ∈ keep ∪ allowed-neutral-for-this-id (as documented for dev); otherwise candidate may still be allowed if neutral was explicitly used by generation policy, but must be logged.
  2) Tag count and composition: default exactly 3 tags; expansions only allowed per validated expansion rule.
  3) Subject reuse check: normalized(Line2 subject) must match normalized Line1 primary. If mismatch is cosmetic (hyphens/case/Unicode), allow and log; if substantive, fail.
  4) Length check: token_count(Line2) ≤ 15; prefer 10–13.
  5) No commas; no trailing commas; Line2 ends with single period.
  6) Active-verb check: at least one candidate must contain a verb that is keep or neutral/fallback per dev validation; final chosen candidate verb must be permitted under dev policy.
  7) Grounding check: detector confidences for included tags must meet thresholds (unless neutral tokens were used per dev fallback rules).
  8) Tokenization-normalization check: ensure normalization identical to CLIP tokenizer; log mismatches. Cosmetic mismatches should not cause immediate failure.
- If automated checks fail after full candidate generation + reranking + margin path, return ""image unclear"". Do not auto-repair formatting beyond canonical normalization.

Thresholds, calibration, and dev validation (must-run before deployment)
- Required dev sweeps:
  - Sweep clip_threshold in [0.20, 0.24] and set value that optimizes mean_CLIP vs coverage.
  - Sweep action_inclusion_threshold, scene_inclusion_threshold, detector_primary_tag_threshold; choose conservative defaults balancing coverage.
  - Set margin_accept_threshold and require dev evidence for its use.
  - Build per-primary-id keep/neutral/demote verb and attribute lists via per-surface-token CLIP ablation; lock keep tokens only when deltas are positive and stable.
  - Tune no-reranker heuristic weights to correlate with CLIP rankings.
  - Validate expansion rules (4th tag) with per-token CLIP delta checks.

Telemetry and diagnostics (mandatory logging)
- For every captioning decision log:
  - All generated candidates (Line1+Line2), normalized forms, and which tokens were keep vs neutral.
  - Candidate-level CLIP scores and margins; final chosen candidate and score.
  - Per-token average CLIP contribution (from dev) and per-example per-token CLIP deltas (if reranker used).
  - Detector confidences for all candidate tags.
  - Final decision and single failure reason if returning ""image unclear"" (detector_low_confidence, clip_threshold_fail, margin_reject, formatting_check_fail, verb_unavailable, subject_mismatch_substantive, etc.).
  - Flag reranker_absent when applicable and store heuristic scores used.
  - Aggregate metrics: frequency of ""image unclear"" and breakdown by failure reason; per-token pruning suggestions.

Operational notes and rationale
- Deterministic generation must be preserved (canonical priority lists, tie-breakers) while allowing CLIP-validated lexical variation to surface for reranking.
- Prefer higher-precision validated tokens but permit neutral/fallback candidates when keep tokens do not exist for common primaries.
- Regularly re-run per-token CLIP validation when CLIP model versions or surfaced data change.

Final requirement
- If, after unconditional candidate generation, reranking/fallback, margin consideration, and formatting/unit checks (with cosmetic-tolerant subject matching), no acceptable candidate remains, output exactly and only:
image unclear","outdoor world, people walking, building
People walk in front of the Outdoor World building.",0,1,Qwen/Qwen3-VL-8B-Instruct,0.0,,64,"{""temperature"": 0.0, ""top_p"": null, ""max_new_tokens"": 64}"
flickr30k_main_seed1_train,textgrad_clip,textgrad_clip__textgrad_b0211113d5,123,21750,flickr30k_test_021750,images/flickr30k/flickr30k_test_021750.jpg,"[""Two women who just had lunch hugging and saying goodbye."", ""Two women holding takeout boxes hugging on the street."", ""Two women are embracing while holding to go packages."", ""Two women, holding food carryout containers, hug."", ""Two blond women are hugging one another.""]",textgrad_b0211113d5,TextGrad Step 18,"Default behavior (enforceable, but no early rejects)

Primary objective
- Maximize CLIP image–text similarity (primary). SigLIP is diagnostic only.

High-level policy
- Never return ""image unclear"" prior to generating rerankable candidates. Always produce up to 3 deterministic candidate caption proposals, then apply CLIP-based reranking/acceptance logic (or calibrated heuristic if reranker is unavailable). Only return ""image unclear"" after candidates + reranking + margin logic and formatting/unit checks fail.

Canonical vocabulary: CLIP-validated whitelist (mandatory, empirical)
- Integrator MUST run per-surface-token CLIP validation on dev and label each surface-token as keep (CLIP-preferred), neutral, or demote/remove based on average CLIP delta and stability.
- Generator SHOULD use keep tokens by default. Use neutral tokens only for candidate generation when no clear keep exists for a required slot; neutral usage must be logged per-example for later pruning.
- Do NOT hard-block candidate generation when a keep verb is absent; instead include neutral/fallback verbs in candidate set (dev-validated) before rejecting.

Tokenization-normalization (must-match CLIP tokenizer)
- Define and use the exact same normalization as the CLIP tokenizer used for reranking:
  - Unicode normalization (NFC), lowercase, collapse repeated whitespace to single space, normalize hyphens to ASCII hyphen, strip surrounding punctuation except permitted terminal period, and canonicalize diacritics consistently.
- Document and version the normalization function. Log normalized strings used for all subject-matching and whitelist checks.

Output format (strict but generation-first)
- Emit exactly one final candidate (two-line format) when accepted; otherwise return exactly and only:
image unclear
- Candidate format (for each generated candidate):
  Line 1: exactly 3 canonical tags by default, comma-separated, no trailing comma. Hyphens allowed for multiword tokens.
  Line 2: one concise sentence ending with a single period.

Line 1 (tags) — conservative defaults, validated expansion allowed
- Default: exactly 3 tags, ordered:
  1) primary object token — REQUIRED and should be supported by detector_primary_tag_threshold.
  2) action token — include only if action_detector_confidence ≥ action_inclusion_threshold AND token ∈ keep ∪ (neutral if no keep and neutral-allowed-dev-flag true).
  3) one salient attribute token — exactly one of {color OR count OR position}, chosen from keep ∪ neutral (neutral only when no keep exists).
- Allow deterministic expansion to 4 tags when BOTH:
  a) every extra tag has detector_confidence ≥ high_confidence_threshold, AND
  b) per-token CLIP benefit validated on dev (positive delta & stability).
- Scene/texture tokens are allowed only if validated (keep) for the primary id and detector_confidence ≥ scene_inclusion_threshold.
- No synonyms/repeats within a candidate; synonyms may appear across different candidates only if CLIP-validated.

Line 2 (caption) — subject-first, CLIP-validated verbs, but candidates may vary
- Must begin with the primary Line1 tag's preferred-surface-token AFTER tokenization-normalization (subject-first constraint). Normalize both sides with the CLIP tokenizer; if mismatch is purely cosmetic (hyphenation/case/Unicode), allow soft match (log the cosmetic diffs) rather than immediate rejection.
- Sentence shape: [Subject] [active-verb] [object/relationship (optional)] [single salient attribute phrase]. Use active verbs from the CLIP-validated verb-list (keep preferred). If no keep verbs available for this primary, include neutral/fallback verbs in candidates (must be dev-validated).
- Include exactly ONE salient attribute and reuse the exact attribute token from Line 1.
- Target token length: 10–13 tokens. Hard max: 15 tokens. Fewer tokens allowed only if constraints satisfied.
- No commas, no lists, no subordinate clauses, no speculative language. End with a single period and no extra punctuation.

Candidate generation (unconditional) and deterministic variation
- Always generate up to 3 deterministic candidates before any verifier rejection. Candidate variations MUST include:
  a) alternate CLIP-validated attribute tokens or attribute types (color/count/position) when available;
  b) alternate CLIP-validated verbs (keep or neutral/fallback when no keep) for the primary id;
  c) alternate CLIP-preferred synonym variants for Line1 tags when CLIP-validated.
- Permit Line2 surface-level variation across candidates (verbs, attribute words, small permissible reorderings while keeping subject-first). Do not lock Line2 identical across candidates.
- All candidate generation must be deterministic (canonical priority lists, tie-breakers documented).

Reranking and acceptance (must-run)
- If any CLIP reranker is available (external or internal), rerank all generated candidates with CLIP and choose the highest-scoring candidate.
- Internal CLIP reranker is REQUIRED if external reranker unavailable. If NO CLIP reranker exists at all, use the calibrated internal heuristic (see fallback) but log reranker_absent and proceed cautiously.
- After reranking, apply acceptance checks (formatting, subject-match, thresholds, margin logic). Only then may ""image unclear"" be returned.

Acceptance thresholds and margin-based acceptance
- Default starting clip_threshold = 0.20 (integrator must sweep [0.20,0.24] on dev and set final value).
- If top_CLIP ≥ clip_threshold → accept (subject to format/unit tests).
- If top_CLIP < clip_threshold: allow margin-based acceptance when BOTH:
  a) top_vs_next_margin ≥ margin_accept_threshold (tunable on dev), AND
  b) TagPrecisionScore (per-token grounding) is high (tuned threshold).
  Require dev evidence to enable margin_accept_path for production. Log per-example reasoning.
- Only after reranking + margin logic fails should the verifier return ""image unclear"".

No-reranker heuristic (calibrated fallback; used only when reranker absent)
- Score = w1 * TagPrecisionScore + w2 * RerankMarginProxy - w3 * LengthPenalty - w4 * SubjectMismatchPenalty
  - Default weight hints (integrator must retune on dev): increase TagPrecision and RerankMarginProxy importance; increase SubjectMismatchPenalty for substantive mismatches but ignore cosmetic tokenization diffs.
  - LengthPenalty = max(0, token_count - 13).
  - SubjectMismatchPenalty = 0 if normalized(Line2 subject) == normalized(Line1 primary) or only cosmetic diffs; else 1.
  - RerankMarginProxy = normalized difference between best and second-best TagPrecisionScore.
- Tune weights on dev to maximize correlation with CLIP ranking; log calibration results.

Verifier / ""image unclear"" (conservative, enforced but post-generation)
- After candidate generation and reranking/fallback, return exactly and only:
image unclear
  if ANY of these apply:
  1) No primary object detected above detector_primary_tag_threshold AND no high-confidence alternative primary candidate exists in generated candidates.
  2) After CLIP reranking: top candidate CLIP score < clip_threshold AND (top_vs_next_margin < margin_accept_threshold OR TagPrecisionScore insufficient). (If reranker absent: analogous check using tuned heuristic and heuristic_accept_threshold.)
  3) Any strict formatting/unit test fails after normalization and cosmetic-tolerant subject match rules are applied (Line1 tags not all in keep ∪ allowed-neutral per dev policy, Line1 tag count ≠ required unless validated expansion allowed, Line2 contains commas/multiple attributes, Line2 token_count > 15, or Line2 verb is disallowed by dev policy).
  4) Active-verb unavailability: no verb (keep or neutral/fallback validated) included in any candidate and no dev-approved fallback exists.
- When returning ""image unclear"", output exactly that string and nothing else.

Formatting and automated checks (programmatic)
- Unit tests (must-run after reranking/fallback):
  1) Whitelist/CLIP-preference check: every Line1 tag ∈ keep ∪ allowed-neutral-for-this-id (as documented for dev); otherwise candidate may still be allowed if neutral was explicitly used by generation policy, but must be logged.
  2) Tag count and composition: default exactly 3 tags; expansions only allowed per validated expansion rule.
  3) Subject reuse check: normalized(Line2 subject) must match normalized Line1 primary. If mismatch is cosmetic (hyphens/case/Unicode), allow and log; if substantive, fail.
  4) Length check: token_count(Line2) ≤ 15; prefer 10–13.
  5) No commas; no trailing commas; Line2 ends with single period.
  6) Active-verb check: at least one candidate must contain a verb that is keep or neutral/fallback per dev validation; final chosen candidate verb must be permitted under dev policy.
  7) Grounding check: detector confidences for included tags must meet thresholds (unless neutral tokens were used per dev fallback rules).
  8) Tokenization-normalization check: ensure normalization identical to CLIP tokenizer; log mismatches. Cosmetic mismatches should not cause immediate failure.
- If automated checks fail after full candidate generation + reranking + margin path, return ""image unclear"". Do not auto-repair formatting beyond canonical normalization.

Thresholds, calibration, and dev validation (must-run before deployment)
- Required dev sweeps:
  - Sweep clip_threshold in [0.20, 0.24] and set value that optimizes mean_CLIP vs coverage.
  - Sweep action_inclusion_threshold, scene_inclusion_threshold, detector_primary_tag_threshold; choose conservative defaults balancing coverage.
  - Set margin_accept_threshold and require dev evidence for its use.
  - Build per-primary-id keep/neutral/demote verb and attribute lists via per-surface-token CLIP ablation; lock keep tokens only when deltas are positive and stable.
  - Tune no-reranker heuristic weights to correlate with CLIP rankings.
  - Validate expansion rules (4th tag) with per-token CLIP delta checks.

Telemetry and diagnostics (mandatory logging)
- For every captioning decision log:
  - All generated candidates (Line1+Line2), normalized forms, and which tokens were keep vs neutral.
  - Candidate-level CLIP scores and margins; final chosen candidate and score.
  - Per-token average CLIP contribution (from dev) and per-example per-token CLIP deltas (if reranker used).
  - Detector confidences for all candidate tags.
  - Final decision and single failure reason if returning ""image unclear"" (detector_low_confidence, clip_threshold_fail, margin_reject, formatting_check_fail, verb_unavailable, subject_mismatch_substantive, etc.).
  - Flag reranker_absent when applicable and store heuristic scores used.
  - Aggregate metrics: frequency of ""image unclear"" and breakdown by failure reason; per-token pruning suggestions.

Operational notes and rationale
- Deterministic generation must be preserved (canonical priority lists, tie-breakers) while allowing CLIP-validated lexical variation to surface for reranking.
- Prefer higher-precision validated tokens but permit neutral/fallback candidates when keep tokens do not exist for common primaries.
- Regularly re-run per-token CLIP validation when CLIP model versions or surfaced data change.

Final requirement
- If, after unconditional candidate generation, reranking/fallback, margin consideration, and formatting/unit checks (with cosmetic-tolerant subject matching), no acceptable candidate remains, output exactly and only:
image unclear",image unclear,0,1,Qwen/Qwen3-VL-8B-Instruct,0.0,,64,"{""temperature"": 0.0, ""top_p"": null, ""max_new_tokens"": 64}"
flickr30k_main_seed1_train,textgrad_clip,textgrad_clip__textgrad_b0211113d5,129,27523,flickr30k_test_027523,images/flickr30k/flickr30k_test_027523.jpg,"[""A man is sitting on a bench in the street carving wooden sculptures."", ""A man in a blue hat and an apron carving wooden figurines."", ""A man in a blue cap whittles figures out of wood."", ""A man creating woodwork outside on a city bench."", ""Whittling wood-carver in a blue hat.""]",textgrad_b0211113d5,TextGrad Step 18,"Default behavior (enforceable, but no early rejects)

Primary objective
- Maximize CLIP image–text similarity (primary). SigLIP is diagnostic only.

High-level policy
- Never return ""image unclear"" prior to generating rerankable candidates. Always produce up to 3 deterministic candidate caption proposals, then apply CLIP-based reranking/acceptance logic (or calibrated heuristic if reranker is unavailable). Only return ""image unclear"" after candidates + reranking + margin logic and formatting/unit checks fail.

Canonical vocabulary: CLIP-validated whitelist (mandatory, empirical)
- Integrator MUST run per-surface-token CLIP validation on dev and label each surface-token as keep (CLIP-preferred), neutral, or demote/remove based on average CLIP delta and stability.
- Generator SHOULD use keep tokens by default. Use neutral tokens only for candidate generation when no clear keep exists for a required slot; neutral usage must be logged per-example for later pruning.
- Do NOT hard-block candidate generation when a keep verb is absent; instead include neutral/fallback verbs in candidate set (dev-validated) before rejecting.

Tokenization-normalization (must-match CLIP tokenizer)
- Define and use the exact same normalization as the CLIP tokenizer used for reranking:
  - Unicode normalization (NFC), lowercase, collapse repeated whitespace to single space, normalize hyphens to ASCII hyphen, strip surrounding punctuation except permitted terminal period, and canonicalize diacritics consistently.
- Document and version the normalization function. Log normalized strings used for all subject-matching and whitelist checks.

Output format (strict but generation-first)
- Emit exactly one final candidate (two-line format) when accepted; otherwise return exactly and only:
image unclear
- Candidate format (for each generated candidate):
  Line 1: exactly 3 canonical tags by default, comma-separated, no trailing comma. Hyphens allowed for multiword tokens.
  Line 2: one concise sentence ending with a single period.

Line 1 (tags) — conservative defaults, validated expansion allowed
- Default: exactly 3 tags, ordered:
  1) primary object token — REQUIRED and should be supported by detector_primary_tag_threshold.
  2) action token — include only if action_detector_confidence ≥ action_inclusion_threshold AND token ∈ keep ∪ (neutral if no keep and neutral-allowed-dev-flag true).
  3) one salient attribute token — exactly one of {color OR count OR position}, chosen from keep ∪ neutral (neutral only when no keep exists).
- Allow deterministic expansion to 4 tags when BOTH:
  a) every extra tag has detector_confidence ≥ high_confidence_threshold, AND
  b) per-token CLIP benefit validated on dev (positive delta & stability).
- Scene/texture tokens are allowed only if validated (keep) for the primary id and detector_confidence ≥ scene_inclusion_threshold.
- No synonyms/repeats within a candidate; synonyms may appear across different candidates only if CLIP-validated.

Line 2 (caption) — subject-first, CLIP-validated verbs, but candidates may vary
- Must begin with the primary Line1 tag's preferred-surface-token AFTER tokenization-normalization (subject-first constraint). Normalize both sides with the CLIP tokenizer; if mismatch is purely cosmetic (hyphenation/case/Unicode), allow soft match (log the cosmetic diffs) rather than immediate rejection.
- Sentence shape: [Subject] [active-verb] [object/relationship (optional)] [single salient attribute phrase]. Use active verbs from the CLIP-validated verb-list (keep preferred). If no keep verbs available for this primary, include neutral/fallback verbs in candidates (must be dev-validated).
- Include exactly ONE salient attribute and reuse the exact attribute token from Line 1.
- Target token length: 10–13 tokens. Hard max: 15 tokens. Fewer tokens allowed only if constraints satisfied.
- No commas, no lists, no subordinate clauses, no speculative language. End with a single period and no extra punctuation.

Candidate generation (unconditional) and deterministic variation
- Always generate up to 3 deterministic candidates before any verifier rejection. Candidate variations MUST include:
  a) alternate CLIP-validated attribute tokens or attribute types (color/count/position) when available;
  b) alternate CLIP-validated verbs (keep or neutral/fallback when no keep) for the primary id;
  c) alternate CLIP-preferred synonym variants for Line1 tags when CLIP-validated.
- Permit Line2 surface-level variation across candidates (verbs, attribute words, small permissible reorderings while keeping subject-first). Do not lock Line2 identical across candidates.
- All candidate generation must be deterministic (canonical priority lists, tie-breakers documented).

Reranking and acceptance (must-run)
- If any CLIP reranker is available (external or internal), rerank all generated candidates with CLIP and choose the highest-scoring candidate.
- Internal CLIP reranker is REQUIRED if external reranker unavailable. If NO CLIP reranker exists at all, use the calibrated internal heuristic (see fallback) but log reranker_absent and proceed cautiously.
- After reranking, apply acceptance checks (formatting, subject-match, thresholds, margin logic). Only then may ""image unclear"" be returned.

Acceptance thresholds and margin-based acceptance
- Default starting clip_threshold = 0.20 (integrator must sweep [0.20,0.24] on dev and set final value).
- If top_CLIP ≥ clip_threshold → accept (subject to format/unit tests).
- If top_CLIP < clip_threshold: allow margin-based acceptance when BOTH:
  a) top_vs_next_margin ≥ margin_accept_threshold (tunable on dev), AND
  b) TagPrecisionScore (per-token grounding) is high (tuned threshold).
  Require dev evidence to enable margin_accept_path for production. Log per-example reasoning.
- Only after reranking + margin logic fails should the verifier return ""image unclear"".

No-reranker heuristic (calibrated fallback; used only when reranker absent)
- Score = w1 * TagPrecisionScore + w2 * RerankMarginProxy - w3 * LengthPenalty - w4 * SubjectMismatchPenalty
  - Default weight hints (integrator must retune on dev): increase TagPrecision and RerankMarginProxy importance; increase SubjectMismatchPenalty for substantive mismatches but ignore cosmetic tokenization diffs.
  - LengthPenalty = max(0, token_count - 13).
  - SubjectMismatchPenalty = 0 if normalized(Line2 subject) == normalized(Line1 primary) or only cosmetic diffs; else 1.
  - RerankMarginProxy = normalized difference between best and second-best TagPrecisionScore.
- Tune weights on dev to maximize correlation with CLIP ranking; log calibration results.

Verifier / ""image unclear"" (conservative, enforced but post-generation)
- After candidate generation and reranking/fallback, return exactly and only:
image unclear
  if ANY of these apply:
  1) No primary object detected above detector_primary_tag_threshold AND no high-confidence alternative primary candidate exists in generated candidates.
  2) After CLIP reranking: top candidate CLIP score < clip_threshold AND (top_vs_next_margin < margin_accept_threshold OR TagPrecisionScore insufficient). (If reranker absent: analogous check using tuned heuristic and heuristic_accept_threshold.)
  3) Any strict formatting/unit test fails after normalization and cosmetic-tolerant subject match rules are applied (Line1 tags not all in keep ∪ allowed-neutral per dev policy, Line1 tag count ≠ required unless validated expansion allowed, Line2 contains commas/multiple attributes, Line2 token_count > 15, or Line2 verb is disallowed by dev policy).
  4) Active-verb unavailability: no verb (keep or neutral/fallback validated) included in any candidate and no dev-approved fallback exists.
- When returning ""image unclear"", output exactly that string and nothing else.

Formatting and automated checks (programmatic)
- Unit tests (must-run after reranking/fallback):
  1) Whitelist/CLIP-preference check: every Line1 tag ∈ keep ∪ allowed-neutral-for-this-id (as documented for dev); otherwise candidate may still be allowed if neutral was explicitly used by generation policy, but must be logged.
  2) Tag count and composition: default exactly 3 tags; expansions only allowed per validated expansion rule.
  3) Subject reuse check: normalized(Line2 subject) must match normalized Line1 primary. If mismatch is cosmetic (hyphens/case/Unicode), allow and log; if substantive, fail.
  4) Length check: token_count(Line2) ≤ 15; prefer 10–13.
  5) No commas; no trailing commas; Line2 ends with single period.
  6) Active-verb check: at least one candidate must contain a verb that is keep or neutral/fallback per dev validation; final chosen candidate verb must be permitted under dev policy.
  7) Grounding check: detector confidences for included tags must meet thresholds (unless neutral tokens were used per dev fallback rules).
  8) Tokenization-normalization check: ensure normalization identical to CLIP tokenizer; log mismatches. Cosmetic mismatches should not cause immediate failure.
- If automated checks fail after full candidate generation + reranking + margin path, return ""image unclear"". Do not auto-repair formatting beyond canonical normalization.

Thresholds, calibration, and dev validation (must-run before deployment)
- Required dev sweeps:
  - Sweep clip_threshold in [0.20, 0.24] and set value that optimizes mean_CLIP vs coverage.
  - Sweep action_inclusion_threshold, scene_inclusion_threshold, detector_primary_tag_threshold; choose conservative defaults balancing coverage.
  - Set margin_accept_threshold and require dev evidence for its use.
  - Build per-primary-id keep/neutral/demote verb and attribute lists via per-surface-token CLIP ablation; lock keep tokens only when deltas are positive and stable.
  - Tune no-reranker heuristic weights to correlate with CLIP rankings.
  - Validate expansion rules (4th tag) with per-token CLIP delta checks.

Telemetry and diagnostics (mandatory logging)
- For every captioning decision log:
  - All generated candidates (Line1+Line2), normalized forms, and which tokens were keep vs neutral.
  - Candidate-level CLIP scores and margins; final chosen candidate and score.
  - Per-token average CLIP contribution (from dev) and per-example per-token CLIP deltas (if reranker used).
  - Detector confidences for all candidate tags.
  - Final decision and single failure reason if returning ""image unclear"" (detector_low_confidence, clip_threshold_fail, margin_reject, formatting_check_fail, verb_unavailable, subject_mismatch_substantive, etc.).
  - Flag reranker_absent when applicable and store heuristic scores used.
  - Aggregate metrics: frequency of ""image unclear"" and breakdown by failure reason; per-token pruning suggestions.

Operational notes and rationale
- Deterministic generation must be preserved (canonical priority lists, tie-breakers) while allowing CLIP-validated lexical variation to surface for reranking.
- Prefer higher-precision validated tokens but permit neutral/fallback candidates when keep tokens do not exist for common primaries.
- Regularly re-run per-token CLIP validation when CLIP model versions or surfaced data change.

Final requirement
- If, after unconditional candidate generation, reranking/fallback, margin consideration, and formatting/unit checks (with cosmetic-tolerant subject matching), no acceptable candidate remains, output exactly and only:
image unclear","woodcarver, carving, blue hat  
A woodcarver is carving a wooden figure while wearing a blue hat.",0,1,Qwen/Qwen3-VL-8B-Instruct,0.0,,64,"{""temperature"": 0.0, ""top_p"": null, ""max_new_tokens"": 64}"
flickr30k_main_seed1_train,textgrad_clip,textgrad_clip__textgrad_b0211113d5,144,21206,flickr30k_test_021206,images/flickr30k/flickr30k_test_021206.jpg,"[""A man in the suit plays a guitar while sitting on a metal chair."", ""A man in a jacket sitting at a table playing a guitar."", ""A man sits alone at a table, playing guitar."", ""An old man is playing his guitar."", ""A man playing acoustic guitar.""]",textgrad_b0211113d5,TextGrad Step 18,"Default behavior (enforceable, but no early rejects)

Primary objective
- Maximize CLIP image–text similarity (primary). SigLIP is diagnostic only.

High-level policy
- Never return ""image unclear"" prior to generating rerankable candidates. Always produce up to 3 deterministic candidate caption proposals, then apply CLIP-based reranking/acceptance logic (or calibrated heuristic if reranker is unavailable). Only return ""image unclear"" after candidates + reranking + margin logic and formatting/unit checks fail.

Canonical vocabulary: CLIP-validated whitelist (mandatory, empirical)
- Integrator MUST run per-surface-token CLIP validation on dev and label each surface-token as keep (CLIP-preferred), neutral, or demote/remove based on average CLIP delta and stability.
- Generator SHOULD use keep tokens by default. Use neutral tokens only for candidate generation when no clear keep exists for a required slot; neutral usage must be logged per-example for later pruning.
- Do NOT hard-block candidate generation when a keep verb is absent; instead include neutral/fallback verbs in candidate set (dev-validated) before rejecting.

Tokenization-normalization (must-match CLIP tokenizer)
- Define and use the exact same normalization as the CLIP tokenizer used for reranking:
  - Unicode normalization (NFC), lowercase, collapse repeated whitespace to single space, normalize hyphens to ASCII hyphen, strip surrounding punctuation except permitted terminal period, and canonicalize diacritics consistently.
- Document and version the normalization function. Log normalized strings used for all subject-matching and whitelist checks.

Output format (strict but generation-first)
- Emit exactly one final candidate (two-line format) when accepted; otherwise return exactly and only:
image unclear
- Candidate format (for each generated candidate):
  Line 1: exactly 3 canonical tags by default, comma-separated, no trailing comma. Hyphens allowed for multiword tokens.
  Line 2: one concise sentence ending with a single period.

Line 1 (tags) — conservative defaults, validated expansion allowed
- Default: exactly 3 tags, ordered:
  1) primary object token — REQUIRED and should be supported by detector_primary_tag_threshold.
  2) action token — include only if action_detector_confidence ≥ action_inclusion_threshold AND token ∈ keep ∪ (neutral if no keep and neutral-allowed-dev-flag true).
  3) one salient attribute token — exactly one of {color OR count OR position}, chosen from keep ∪ neutral (neutral only when no keep exists).
- Allow deterministic expansion to 4 tags when BOTH:
  a) every extra tag has detector_confidence ≥ high_confidence_threshold, AND
  b) per-token CLIP benefit validated on dev (positive delta & stability).
- Scene/texture tokens are allowed only if validated (keep) for the primary id and detector_confidence ≥ scene_inclusion_threshold.
- No synonyms/repeats within a candidate; synonyms may appear across different candidates only if CLIP-validated.

Line 2 (caption) — subject-first, CLIP-validated verbs, but candidates may vary
- Must begin with the primary Line1 tag's preferred-surface-token AFTER tokenization-normalization (subject-first constraint). Normalize both sides with the CLIP tokenizer; if mismatch is purely cosmetic (hyphenation/case/Unicode), allow soft match (log the cosmetic diffs) rather than immediate rejection.
- Sentence shape: [Subject] [active-verb] [object/relationship (optional)] [single salient attribute phrase]. Use active verbs from the CLIP-validated verb-list (keep preferred). If no keep verbs available for this primary, include neutral/fallback verbs in candidates (must be dev-validated).
- Include exactly ONE salient attribute and reuse the exact attribute token from Line 1.
- Target token length: 10–13 tokens. Hard max: 15 tokens. Fewer tokens allowed only if constraints satisfied.
- No commas, no lists, no subordinate clauses, no speculative language. End with a single period and no extra punctuation.

Candidate generation (unconditional) and deterministic variation
- Always generate up to 3 deterministic candidates before any verifier rejection. Candidate variations MUST include:
  a) alternate CLIP-validated attribute tokens or attribute types (color/count/position) when available;
  b) alternate CLIP-validated verbs (keep or neutral/fallback when no keep) for the primary id;
  c) alternate CLIP-preferred synonym variants for Line1 tags when CLIP-validated.
- Permit Line2 surface-level variation across candidates (verbs, attribute words, small permissible reorderings while keeping subject-first). Do not lock Line2 identical across candidates.
- All candidate generation must be deterministic (canonical priority lists, tie-breakers documented).

Reranking and acceptance (must-run)
- If any CLIP reranker is available (external or internal), rerank all generated candidates with CLIP and choose the highest-scoring candidate.
- Internal CLIP reranker is REQUIRED if external reranker unavailable. If NO CLIP reranker exists at all, use the calibrated internal heuristic (see fallback) but log reranker_absent and proceed cautiously.
- After reranking, apply acceptance checks (formatting, subject-match, thresholds, margin logic). Only then may ""image unclear"" be returned.

Acceptance thresholds and margin-based acceptance
- Default starting clip_threshold = 0.20 (integrator must sweep [0.20,0.24] on dev and set final value).
- If top_CLIP ≥ clip_threshold → accept (subject to format/unit tests).
- If top_CLIP < clip_threshold: allow margin-based acceptance when BOTH:
  a) top_vs_next_margin ≥ margin_accept_threshold (tunable on dev), AND
  b) TagPrecisionScore (per-token grounding) is high (tuned threshold).
  Require dev evidence to enable margin_accept_path for production. Log per-example reasoning.
- Only after reranking + margin logic fails should the verifier return ""image unclear"".

No-reranker heuristic (calibrated fallback; used only when reranker absent)
- Score = w1 * TagPrecisionScore + w2 * RerankMarginProxy - w3 * LengthPenalty - w4 * SubjectMismatchPenalty
  - Default weight hints (integrator must retune on dev): increase TagPrecision and RerankMarginProxy importance; increase SubjectMismatchPenalty for substantive mismatches but ignore cosmetic tokenization diffs.
  - LengthPenalty = max(0, token_count - 13).
  - SubjectMismatchPenalty = 0 if normalized(Line2 subject) == normalized(Line1 primary) or only cosmetic diffs; else 1.
  - RerankMarginProxy = normalized difference between best and second-best TagPrecisionScore.
- Tune weights on dev to maximize correlation with CLIP ranking; log calibration results.

Verifier / ""image unclear"" (conservative, enforced but post-generation)
- After candidate generation and reranking/fallback, return exactly and only:
image unclear
  if ANY of these apply:
  1) No primary object detected above detector_primary_tag_threshold AND no high-confidence alternative primary candidate exists in generated candidates.
  2) After CLIP reranking: top candidate CLIP score < clip_threshold AND (top_vs_next_margin < margin_accept_threshold OR TagPrecisionScore insufficient). (If reranker absent: analogous check using tuned heuristic and heuristic_accept_threshold.)
  3) Any strict formatting/unit test fails after normalization and cosmetic-tolerant subject match rules are applied (Line1 tags not all in keep ∪ allowed-neutral per dev policy, Line1 tag count ≠ required unless validated expansion allowed, Line2 contains commas/multiple attributes, Line2 token_count > 15, or Line2 verb is disallowed by dev policy).
  4) Active-verb unavailability: no verb (keep or neutral/fallback validated) included in any candidate and no dev-approved fallback exists.
- When returning ""image unclear"", output exactly that string and nothing else.

Formatting and automated checks (programmatic)
- Unit tests (must-run after reranking/fallback):
  1) Whitelist/CLIP-preference check: every Line1 tag ∈ keep ∪ allowed-neutral-for-this-id (as documented for dev); otherwise candidate may still be allowed if neutral was explicitly used by generation policy, but must be logged.
  2) Tag count and composition: default exactly 3 tags; expansions only allowed per validated expansion rule.
  3) Subject reuse check: normalized(Line2 subject) must match normalized Line1 primary. If mismatch is cosmetic (hyphens/case/Unicode), allow and log; if substantive, fail.
  4) Length check: token_count(Line2) ≤ 15; prefer 10–13.
  5) No commas; no trailing commas; Line2 ends with single period.
  6) Active-verb check: at least one candidate must contain a verb that is keep or neutral/fallback per dev validation; final chosen candidate verb must be permitted under dev policy.
  7) Grounding check: detector confidences for included tags must meet thresholds (unless neutral tokens were used per dev fallback rules).
  8) Tokenization-normalization check: ensure normalization identical to CLIP tokenizer; log mismatches. Cosmetic mismatches should not cause immediate failure.
- If automated checks fail after full candidate generation + reranking + margin path, return ""image unclear"". Do not auto-repair formatting beyond canonical normalization.

Thresholds, calibration, and dev validation (must-run before deployment)
- Required dev sweeps:
  - Sweep clip_threshold in [0.20, 0.24] and set value that optimizes mean_CLIP vs coverage.
  - Sweep action_inclusion_threshold, scene_inclusion_threshold, detector_primary_tag_threshold; choose conservative defaults balancing coverage.
  - Set margin_accept_threshold and require dev evidence for its use.
  - Build per-primary-id keep/neutral/demote verb and attribute lists via per-surface-token CLIP ablation; lock keep tokens only when deltas are positive and stable.
  - Tune no-reranker heuristic weights to correlate with CLIP rankings.
  - Validate expansion rules (4th tag) with per-token CLIP delta checks.

Telemetry and diagnostics (mandatory logging)
- For every captioning decision log:
  - All generated candidates (Line1+Line2), normalized forms, and which tokens were keep vs neutral.
  - Candidate-level CLIP scores and margins; final chosen candidate and score.
  - Per-token average CLIP contribution (from dev) and per-example per-token CLIP deltas (if reranker used).
  - Detector confidences for all candidate tags.
  - Final decision and single failure reason if returning ""image unclear"" (detector_low_confidence, clip_threshold_fail, margin_reject, formatting_check_fail, verb_unavailable, subject_mismatch_substantive, etc.).
  - Flag reranker_absent when applicable and store heuristic scores used.
  - Aggregate metrics: frequency of ""image unclear"" and breakdown by failure reason; per-token pruning suggestions.

Operational notes and rationale
- Deterministic generation must be preserved (canonical priority lists, tie-breakers) while allowing CLIP-validated lexical variation to surface for reranking.
- Prefer higher-precision validated tokens but permit neutral/fallback candidates when keep tokens do not exist for common primaries.
- Regularly re-run per-token CLIP validation when CLIP model versions or surfaced data change.

Final requirement
- If, after unconditional candidate generation, reranking/fallback, margin consideration, and formatting/unit checks (with cosmetic-tolerant subject matching), no acceptable candidate remains, output exactly and only:
image unclear","man playing guitar, seated, urban waterfront  
A man sits on a chair by the water, playing an acoustic guitar.",0,1,Qwen/Qwen3-VL-8B-Instruct,0.0,,64,"{""temperature"": 0.0, ""top_p"": null, ""max_new_tokens"": 64}"
flickr30k_main_seed1_train,textgrad_clip,textgrad_clip__textgrad_b0211113d5,149,403,flickr30k_test_000403,images/flickr30k/flickr30k_test_000403.jpg,"[""A man is standing with his arms folded looking at something while the person behind him is jumping onto one of the two beds in the room."", ""A man wearing a yellow shirt standing in the middle of two beds that a boy is jumping on in the background"", ""A young child jumping on the bed as a man looks the other way."", ""Man standing in the bedroom with little boy jumping into bed."", ""A child leaping from bed to bed behind the back of a man.""]",textgrad_b0211113d5,TextGrad Step 18,"Default behavior (enforceable, but no early rejects)

Primary objective
- Maximize CLIP image–text similarity (primary). SigLIP is diagnostic only.

High-level policy
- Never return ""image unclear"" prior to generating rerankable candidates. Always produce up to 3 deterministic candidate caption proposals, then apply CLIP-based reranking/acceptance logic (or calibrated heuristic if reranker is unavailable). Only return ""image unclear"" after candidates + reranking + margin logic and formatting/unit checks fail.

Canonical vocabulary: CLIP-validated whitelist (mandatory, empirical)
- Integrator MUST run per-surface-token CLIP validation on dev and label each surface-token as keep (CLIP-preferred), neutral, or demote/remove based on average CLIP delta and stability.
- Generator SHOULD use keep tokens by default. Use neutral tokens only for candidate generation when no clear keep exists for a required slot; neutral usage must be logged per-example for later pruning.
- Do NOT hard-block candidate generation when a keep verb is absent; instead include neutral/fallback verbs in candidate set (dev-validated) before rejecting.

Tokenization-normalization (must-match CLIP tokenizer)
- Define and use the exact same normalization as the CLIP tokenizer used for reranking:
  - Unicode normalization (NFC), lowercase, collapse repeated whitespace to single space, normalize hyphens to ASCII hyphen, strip surrounding punctuation except permitted terminal period, and canonicalize diacritics consistently.
- Document and version the normalization function. Log normalized strings used for all subject-matching and whitelist checks.

Output format (strict but generation-first)
- Emit exactly one final candidate (two-line format) when accepted; otherwise return exactly and only:
image unclear
- Candidate format (for each generated candidate):
  Line 1: exactly 3 canonical tags by default, comma-separated, no trailing comma. Hyphens allowed for multiword tokens.
  Line 2: one concise sentence ending with a single period.

Line 1 (tags) — conservative defaults, validated expansion allowed
- Default: exactly 3 tags, ordered:
  1) primary object token — REQUIRED and should be supported by detector_primary_tag_threshold.
  2) action token — include only if action_detector_confidence ≥ action_inclusion_threshold AND token ∈ keep ∪ (neutral if no keep and neutral-allowed-dev-flag true).
  3) one salient attribute token — exactly one of {color OR count OR position}, chosen from keep ∪ neutral (neutral only when no keep exists).
- Allow deterministic expansion to 4 tags when BOTH:
  a) every extra tag has detector_confidence ≥ high_confidence_threshold, AND
  b) per-token CLIP benefit validated on dev (positive delta & stability).
- Scene/texture tokens are allowed only if validated (keep) for the primary id and detector_confidence ≥ scene_inclusion_threshold.
- No synonyms/repeats within a candidate; synonyms may appear across different candidates only if CLIP-validated.

Line 2 (caption) — subject-first, CLIP-validated verbs, but candidates may vary
- Must begin with the primary Line1 tag's preferred-surface-token AFTER tokenization-normalization (subject-first constraint). Normalize both sides with the CLIP tokenizer; if mismatch is purely cosmetic (hyphenation/case/Unicode), allow soft match (log the cosmetic diffs) rather than immediate rejection.
- Sentence shape: [Subject] [active-verb] [object/relationship (optional)] [single salient attribute phrase]. Use active verbs from the CLIP-validated verb-list (keep preferred). If no keep verbs available for this primary, include neutral/fallback verbs in candidates (must be dev-validated).
- Include exactly ONE salient attribute and reuse the exact attribute token from Line 1.
- Target token length: 10–13 tokens. Hard max: 15 tokens. Fewer tokens allowed only if constraints satisfied.
- No commas, no lists, no subordinate clauses, no speculative language. End with a single period and no extra punctuation.

Candidate generation (unconditional) and deterministic variation
- Always generate up to 3 deterministic candidates before any verifier rejection. Candidate variations MUST include:
  a) alternate CLIP-validated attribute tokens or attribute types (color/count/position) when available;
  b) alternate CLIP-validated verbs (keep or neutral/fallback when no keep) for the primary id;
  c) alternate CLIP-preferred synonym variants for Line1 tags when CLIP-validated.
- Permit Line2 surface-level variation across candidates (verbs, attribute words, small permissible reorderings while keeping subject-first). Do not lock Line2 identical across candidates.
- All candidate generation must be deterministic (canonical priority lists, tie-breakers documented).

Reranking and acceptance (must-run)
- If any CLIP reranker is available (external or internal), rerank all generated candidates with CLIP and choose the highest-scoring candidate.
- Internal CLIP reranker is REQUIRED if external reranker unavailable. If NO CLIP reranker exists at all, use the calibrated internal heuristic (see fallback) but log reranker_absent and proceed cautiously.
- After reranking, apply acceptance checks (formatting, subject-match, thresholds, margin logic). Only then may ""image unclear"" be returned.

Acceptance thresholds and margin-based acceptance
- Default starting clip_threshold = 0.20 (integrator must sweep [0.20,0.24] on dev and set final value).
- If top_CLIP ≥ clip_threshold → accept (subject to format/unit tests).
- If top_CLIP < clip_threshold: allow margin-based acceptance when BOTH:
  a) top_vs_next_margin ≥ margin_accept_threshold (tunable on dev), AND
  b) TagPrecisionScore (per-token grounding) is high (tuned threshold).
  Require dev evidence to enable margin_accept_path for production. Log per-example reasoning.
- Only after reranking + margin logic fails should the verifier return ""image unclear"".

No-reranker heuristic (calibrated fallback; used only when reranker absent)
- Score = w1 * TagPrecisionScore + w2 * RerankMarginProxy - w3 * LengthPenalty - w4 * SubjectMismatchPenalty
  - Default weight hints (integrator must retune on dev): increase TagPrecision and RerankMarginProxy importance; increase SubjectMismatchPenalty for substantive mismatches but ignore cosmetic tokenization diffs.
  - LengthPenalty = max(0, token_count - 13).
  - SubjectMismatchPenalty = 0 if normalized(Line2 subject) == normalized(Line1 primary) or only cosmetic diffs; else 1.
  - RerankMarginProxy = normalized difference between best and second-best TagPrecisionScore.
- Tune weights on dev to maximize correlation with CLIP ranking; log calibration results.

Verifier / ""image unclear"" (conservative, enforced but post-generation)
- After candidate generation and reranking/fallback, return exactly and only:
image unclear
  if ANY of these apply:
  1) No primary object detected above detector_primary_tag_threshold AND no high-confidence alternative primary candidate exists in generated candidates.
  2) After CLIP reranking: top candidate CLIP score < clip_threshold AND (top_vs_next_margin < margin_accept_threshold OR TagPrecisionScore insufficient). (If reranker absent: analogous check using tuned heuristic and heuristic_accept_threshold.)
  3) Any strict formatting/unit test fails after normalization and cosmetic-tolerant subject match rules are applied (Line1 tags not all in keep ∪ allowed-neutral per dev policy, Line1 tag count ≠ required unless validated expansion allowed, Line2 contains commas/multiple attributes, Line2 token_count > 15, or Line2 verb is disallowed by dev policy).
  4) Active-verb unavailability: no verb (keep or neutral/fallback validated) included in any candidate and no dev-approved fallback exists.
- When returning ""image unclear"", output exactly that string and nothing else.

Formatting and automated checks (programmatic)
- Unit tests (must-run after reranking/fallback):
  1) Whitelist/CLIP-preference check: every Line1 tag ∈ keep ∪ allowed-neutral-for-this-id (as documented for dev); otherwise candidate may still be allowed if neutral was explicitly used by generation policy, but must be logged.
  2) Tag count and composition: default exactly 3 tags; expansions only allowed per validated expansion rule.
  3) Subject reuse check: normalized(Line2 subject) must match normalized Line1 primary. If mismatch is cosmetic (hyphens/case/Unicode), allow and log; if substantive, fail.
  4) Length check: token_count(Line2) ≤ 15; prefer 10–13.
  5) No commas; no trailing commas; Line2 ends with single period.
  6) Active-verb check: at least one candidate must contain a verb that is keep or neutral/fallback per dev validation; final chosen candidate verb must be permitted under dev policy.
  7) Grounding check: detector confidences for included tags must meet thresholds (unless neutral tokens were used per dev fallback rules).
  8) Tokenization-normalization check: ensure normalization identical to CLIP tokenizer; log mismatches. Cosmetic mismatches should not cause immediate failure.
- If automated checks fail after full candidate generation + reranking + margin path, return ""image unclear"". Do not auto-repair formatting beyond canonical normalization.

Thresholds, calibration, and dev validation (must-run before deployment)
- Required dev sweeps:
  - Sweep clip_threshold in [0.20, 0.24] and set value that optimizes mean_CLIP vs coverage.
  - Sweep action_inclusion_threshold, scene_inclusion_threshold, detector_primary_tag_threshold; choose conservative defaults balancing coverage.
  - Set margin_accept_threshold and require dev evidence for its use.
  - Build per-primary-id keep/neutral/demote verb and attribute lists via per-surface-token CLIP ablation; lock keep tokens only when deltas are positive and stable.
  - Tune no-reranker heuristic weights to correlate with CLIP rankings.
  - Validate expansion rules (4th tag) with per-token CLIP delta checks.

Telemetry and diagnostics (mandatory logging)
- For every captioning decision log:
  - All generated candidates (Line1+Line2), normalized forms, and which tokens were keep vs neutral.
  - Candidate-level CLIP scores and margins; final chosen candidate and score.
  - Per-token average CLIP contribution (from dev) and per-example per-token CLIP deltas (if reranker used).
  - Detector confidences for all candidate tags.
  - Final decision and single failure reason if returning ""image unclear"" (detector_low_confidence, clip_threshold_fail, margin_reject, formatting_check_fail, verb_unavailable, subject_mismatch_substantive, etc.).
  - Flag reranker_absent when applicable and store heuristic scores used.
  - Aggregate metrics: frequency of ""image unclear"" and breakdown by failure reason; per-token pruning suggestions.

Operational notes and rationale
- Deterministic generation must be preserved (canonical priority lists, tie-breakers) while allowing CLIP-validated lexical variation to surface for reranking.
- Prefer higher-precision validated tokens but permit neutral/fallback candidates when keep tokens do not exist for common primaries.
- Regularly re-run per-token CLIP validation when CLIP model versions or surfaced data change.

Final requirement
- If, after unconditional candidate generation, reranking/fallback, margin consideration, and formatting/unit checks (with cosmetic-tolerant subject matching), no acceptable candidate remains, output exactly and only:
image unclear","child jumping on bed, man watching, orange shirt
A child leaps onto a bed while a man in an orange shirt watches.",0,1,Qwen/Qwen3-VL-8B-Instruct,0.0,,64,"{""temperature"": 0.0, ""top_p"": null, ""max_new_tokens"": 64}"
