split_id,method_id,run_id,order,dataset_index,image_id,image_relpath,reference_captions,prompt_id,prompt_name,prompt_text,caption,candidate_id,selected,model,temperature,top_p,max_new_tokens,generation_config,clip_score,siglip_score,caption_len,generic_flag
flickr30k_main_seed1_train,textgrad_clip,textgrad_clip__textgrad_3e6350b67f,1,18651,flickr30k_test_018651,images/flickr30k/flickr30k_test_018651.jpg,"[""A man in light brown hat, gray coat and a blue vest with a scooter built with baskets full of oranges"", ""A farmer is taking his oranges to the market to sell."", ""A man is standing with vegetables in barrels."", ""An old foreign man selling oranges."", ""Mexican man peddling fresh fruit.""]",textgrad_3e6350b67f,TextGrad Step 8,"Output exactly one concise, information‑dense caption: a single grammatical sentence composed of comma‑separated short phrases. Produce only that one sentence (no lists, tags, JSON, logs, or extra lines). Use digits for counts only when each instance passes the Count verification below. Do not infer age, emotion, intention, or unseen attributes.

Required overall format and limits
- Produce 1–3 clearly separable subject groups in prominence order; each group is rendered as: [digit] + subject noun(s) + spatial anchor (see Spatial anchors). Target ≤24 words; allow up to +10% length (≤27 words) only to include a fully legible quoted text string or one necessary verified part‑level relation/background anchor. Aim for compact, active comma‑separated noun‑verb phrases.

Two‑pass generation (mandatory)
1) Token proposal: internally list candidate tokens for each slot — groups, micro‑action, part relation, up to three descriptors, viewpoint, lighting, background/text.
2) Verification & pruning: apply the numeric checks below to every candidate; drop any token that fails; then recompose a single grammatical comma‑separated sentence from the remaining verified tokens. If pruning removes a slot, ensure the final sentence remains grammatical.

Numeric verification rules (must be enforced)
- Count: include a digit only if each instance is ≥50% unobstructed and individually separable in the image.
- Contact (micro‑action): assert contact only if bbox overlap ≥12% of the smaller bbox OR clear segmentation adjacency/pixel overlap.
- Fine object class: assert a fine class only if classifier confidence >0.60 OR two independent visual cues (distinctive part + unique shape or part + contextual prop).
- Text transcription: transcribe quoted text only if fully legible at ≳8pt equivalent and high contrast; otherwise use a positional label (e.g., ""marquee above"").
- Background anchor: include a background noun phrase only if that anchor occupies ≥5% image area or is a distinct structure.
- If classifier/confidence metadata is unavailable, require at least two independent visual cues before asserting fine classes; otherwise use a higher‑level class.

Spatial anchors, grouping and prominence
- Centroid x rules: x < 0.33 → ""left""; 0.33 ≤ x ≤ 0.66 → ""center""; x > 0.66 → ""right"".
- If subject width >50% image width, emit ""center"".
- Append ""partially cropped at [top|bottom|left|right]"" if >5% of subject area lies outside image.
- Include depth token [foreground|midground|background] only when overlap/relative scale unambiguously indicates depth.
- Secondary group inclusion: include only if it covers ≥20% of main subject area OR passes a saliency threshold (top‑2 saliency bin). When ambiguous, prefer fewer groups.

Micro‑action and part‑level relations (strict)
- Include exactly one verbized micro‑action only if Contact verification passes. Use a strong verb (e.g., ""holding"", ""inserting"", ""walking"") and immediately follow with one part‑level relation using the exact template: ""[part] [verb] [object]"" (e.g., ""right hand holding pole""). If contact is not verified, omit both micro‑action and part relation.
- Do not use passive or vague forms; do not use ""with"" except inside the required template.

Descriptor selection and priority (up to 1–3 descriptors)
- Choose at most three verified descriptors in this strict priority order: (1) discriminative prop or part‑level prop, (2) precise object class, (3) fully legible text (quoted), (4) material/texture, (5) color, (6) reflection/surface condition. If none verify, omit descriptors.

Background, signage and reflections
- If text is fully legible per Text verification, quote exact string. Otherwise use a positional label (e.g., ""signboard above"", ""storefront window"").
- If an element appears doubled/reversed on a glass plane without 3D occlusion, label it ""reflections"". If items clearly sit behind glass with supporting occlusion, label ""on display behind glass"". If uncertain, omit both.

Pose/orientation and object state
- When unambiguous, include one brief orientation token (e.g., ""facing camera"", ""turned away"", ""leaning over"").
- When object state is clearly visible, include one object‑state descriptor (e.g., ""open instrument case"", ""wet reflective surface"").

Mandatory high‑signal inclusion
- If any discriminative prop or verified part‑level relation passes verification, the caption must include at least one such token (priority: prop > part relation > precise class).

Trimming priority (deterministic checklist)
- If over length, deterministically drop tokens in this order until within limit: color → viewpoint → lighting → reflections → material/texture → quoted text (unless necessary) → background (unless ≥5% area or necessary) → low‑priority descriptors. Always preserve discriminative prop and verified part relation when present.

Negative rules (must obey)
- Do not output multiple candidates or meta information.
- Do not invent counts, contacts, text, or fine classes that fail verification.
- Do not infer age, emotion, intentions, or unseen attributes.
- Do not use vague quantifiers (""several"") — use digits only when verified.

Use of metadata (if available)
- If bounding boxes, saliency, segmentation, or classifier confidences are available, use them to compute subject area, overlap, centroid, contact metrics, and verify fine classes. If unavailable, require multiple visual cues per the fallback rule.

Compact examples (good vs. bad)
- Good: ""1 child left foreground, right hand touching fountain, multiple arcing jets, medium, leafy park behind.""
- Good: ""2 men center foreground, facing each other, left man handing packet, brown woven basket with fruit, storefront behind.""
- Bad (avoid): ""several people near a sign"" — (vague count and sign).
- Bad (avoid): ""man holding something"" — (no verified contact or object).

Final note
- Always perform the two‑pass proposal + verification + pruning process, then emit exactly one grammatical comma‑separated sentence that preserves verified discriminative props and part relations where available and stays within the word limit.","1 man center foreground, wearing straw hat and jacket, holding basket with oranges, red bicycle partially cropped at right, brick wall background.",0,1,Qwen/Qwen3-VL-8B-Instruct,0.0,,64,"{""temperature"": 0.0, ""top_p"": null, ""max_new_tokens"": 64}",0.34081220626831055,0.17981313169002533,22,False
flickr30k_main_seed1_train,textgrad_clip,textgrad_clip__textgrad_3e6350b67f,4,25027,flickr30k_test_025027,images/flickr30k/flickr30k_test_025027.jpg,"[""A woman in turquoise dress and veil, a woman in orange print dress and blue veil, and a woman in yellow dress and violet veil, seated next to one another and viewed from behind."", ""Three women with headscarves and bright clothing take a ride in a rickshaw."", ""Women in Afghanistan who must cover themselves."", ""Three women are riding in a carriage together."", ""Three women are riding in a cart.""]",textgrad_3e6350b67f,TextGrad Step 8,"Output exactly one concise, information‑dense caption: a single grammatical sentence composed of comma‑separated short phrases. Produce only that one sentence (no lists, tags, JSON, logs, or extra lines). Use digits for counts only when each instance passes the Count verification below. Do not infer age, emotion, intention, or unseen attributes.

Required overall format and limits
- Produce 1–3 clearly separable subject groups in prominence order; each group is rendered as: [digit] + subject noun(s) + spatial anchor (see Spatial anchors). Target ≤24 words; allow up to +10% length (≤27 words) only to include a fully legible quoted text string or one necessary verified part‑level relation/background anchor. Aim for compact, active comma‑separated noun‑verb phrases.

Two‑pass generation (mandatory)
1) Token proposal: internally list candidate tokens for each slot — groups, micro‑action, part relation, up to three descriptors, viewpoint, lighting, background/text.
2) Verification & pruning: apply the numeric checks below to every candidate; drop any token that fails; then recompose a single grammatical comma‑separated sentence from the remaining verified tokens. If pruning removes a slot, ensure the final sentence remains grammatical.

Numeric verification rules (must be enforced)
- Count: include a digit only if each instance is ≥50% unobstructed and individually separable in the image.
- Contact (micro‑action): assert contact only if bbox overlap ≥12% of the smaller bbox OR clear segmentation adjacency/pixel overlap.
- Fine object class: assert a fine class only if classifier confidence >0.60 OR two independent visual cues (distinctive part + unique shape or part + contextual prop).
- Text transcription: transcribe quoted text only if fully legible at ≳8pt equivalent and high contrast; otherwise use a positional label (e.g., ""marquee above"").
- Background anchor: include a background noun phrase only if that anchor occupies ≥5% image area or is a distinct structure.
- If classifier/confidence metadata is unavailable, require at least two independent visual cues before asserting fine classes; otherwise use a higher‑level class.

Spatial anchors, grouping and prominence
- Centroid x rules: x < 0.33 → ""left""; 0.33 ≤ x ≤ 0.66 → ""center""; x > 0.66 → ""right"".
- If subject width >50% image width, emit ""center"".
- Append ""partially cropped at [top|bottom|left|right]"" if >5% of subject area lies outside image.
- Include depth token [foreground|midground|background] only when overlap/relative scale unambiguously indicates depth.
- Secondary group inclusion: include only if it covers ≥20% of main subject area OR passes a saliency threshold (top‑2 saliency bin). When ambiguous, prefer fewer groups.

Micro‑action and part‑level relations (strict)
- Include exactly one verbized micro‑action only if Contact verification passes. Use a strong verb (e.g., ""holding"", ""inserting"", ""walking"") and immediately follow with one part‑level relation using the exact template: ""[part] [verb] [object]"" (e.g., ""right hand holding pole""). If contact is not verified, omit both micro‑action and part relation.
- Do not use passive or vague forms; do not use ""with"" except inside the required template.

Descriptor selection and priority (up to 1–3 descriptors)
- Choose at most three verified descriptors in this strict priority order: (1) discriminative prop or part‑level prop, (2) precise object class, (3) fully legible text (quoted), (4) material/texture, (5) color, (6) reflection/surface condition. If none verify, omit descriptors.

Background, signage and reflections
- If text is fully legible per Text verification, quote exact string. Otherwise use a positional label (e.g., ""signboard above"", ""storefront window"").
- If an element appears doubled/reversed on a glass plane without 3D occlusion, label it ""reflections"". If items clearly sit behind glass with supporting occlusion, label ""on display behind glass"". If uncertain, omit both.

Pose/orientation and object state
- When unambiguous, include one brief orientation token (e.g., ""facing camera"", ""turned away"", ""leaning over"").
- When object state is clearly visible, include one object‑state descriptor (e.g., ""open instrument case"", ""wet reflective surface"").

Mandatory high‑signal inclusion
- If any discriminative prop or verified part‑level relation passes verification, the caption must include at least one such token (priority: prop > part relation > precise class).

Trimming priority (deterministic checklist)
- If over length, deterministically drop tokens in this order until within limit: color → viewpoint → lighting → reflections → material/texture → quoted text (unless necessary) → background (unless ≥5% area or necessary) → low‑priority descriptors. Always preserve discriminative prop and verified part relation when present.

Negative rules (must obey)
- Do not output multiple candidates or meta information.
- Do not invent counts, contacts, text, or fine classes that fail verification.
- Do not infer age, emotion, intentions, or unseen attributes.
- Do not use vague quantifiers (""several"") — use digits only when verified.

Use of metadata (if available)
- If bounding boxes, saliency, segmentation, or classifier confidences are available, use them to compute subject area, overlap, centroid, contact metrics, and verify fine classes. If unavailable, require multiple visual cues per the fallback rule.

Compact examples (good vs. bad)
- Good: ""1 child left foreground, right hand touching fountain, multiple arcing jets, medium, leafy park behind.""
- Good: ""2 men center foreground, facing each other, left man handing packet, brown woven basket with fruit, storefront behind.""
- Bad (avoid): ""several people near a sign"" — (vague count and sign).
- Bad (avoid): ""man holding something"" — (no verified contact or object).

Final note
- Always perform the two‑pass proposal + verification + pruning process, then emit exactly one grammatical comma‑separated sentence that preserves verified discriminative props and part relations where available and stays within the word limit.","Three women seated on a green bench, one in orange patterned attire, another in yellow, third in teal, partially cropped at top.",0,1,Qwen/Qwen3-VL-8B-Instruct,0.0,,64,"{""temperature"": 0.0, ""top_p"": null, ""max_new_tokens"": 64}",0.29915496706962585,0.16239187121391296,22,False
flickr30k_main_seed1_train,textgrad_clip,textgrad_clip__textgrad_3e6350b67f,23,19904,flickr30k_test_019904,images/flickr30k/flickr30k_test_019904.jpg,"[""The man in the tan jacket is taking large steps as he walks past the off white building."", ""A well-dressed, shaven-head young man strides through railings past a restaurant."", ""A man wearing a tan jacket walks into Le Mignon in the afternoon."", ""A man walking across a bridge near a steak restaurant."", ""A bald man walking on a bridge.""]",textgrad_3e6350b67f,TextGrad Step 8,"Output exactly one concise, information‑dense caption: a single grammatical sentence composed of comma‑separated short phrases. Produce only that one sentence (no lists, tags, JSON, logs, or extra lines). Use digits for counts only when each instance passes the Count verification below. Do not infer age, emotion, intention, or unseen attributes.

Required overall format and limits
- Produce 1–3 clearly separable subject groups in prominence order; each group is rendered as: [digit] + subject noun(s) + spatial anchor (see Spatial anchors). Target ≤24 words; allow up to +10% length (≤27 words) only to include a fully legible quoted text string or one necessary verified part‑level relation/background anchor. Aim for compact, active comma‑separated noun‑verb phrases.

Two‑pass generation (mandatory)
1) Token proposal: internally list candidate tokens for each slot — groups, micro‑action, part relation, up to three descriptors, viewpoint, lighting, background/text.
2) Verification & pruning: apply the numeric checks below to every candidate; drop any token that fails; then recompose a single grammatical comma‑separated sentence from the remaining verified tokens. If pruning removes a slot, ensure the final sentence remains grammatical.

Numeric verification rules (must be enforced)
- Count: include a digit only if each instance is ≥50% unobstructed and individually separable in the image.
- Contact (micro‑action): assert contact only if bbox overlap ≥12% of the smaller bbox OR clear segmentation adjacency/pixel overlap.
- Fine object class: assert a fine class only if classifier confidence >0.60 OR two independent visual cues (distinctive part + unique shape or part + contextual prop).
- Text transcription: transcribe quoted text only if fully legible at ≳8pt equivalent and high contrast; otherwise use a positional label (e.g., ""marquee above"").
- Background anchor: include a background noun phrase only if that anchor occupies ≥5% image area or is a distinct structure.
- If classifier/confidence metadata is unavailable, require at least two independent visual cues before asserting fine classes; otherwise use a higher‑level class.

Spatial anchors, grouping and prominence
- Centroid x rules: x < 0.33 → ""left""; 0.33 ≤ x ≤ 0.66 → ""center""; x > 0.66 → ""right"".
- If subject width >50% image width, emit ""center"".
- Append ""partially cropped at [top|bottom|left|right]"" if >5% of subject area lies outside image.
- Include depth token [foreground|midground|background] only when overlap/relative scale unambiguously indicates depth.
- Secondary group inclusion: include only if it covers ≥20% of main subject area OR passes a saliency threshold (top‑2 saliency bin). When ambiguous, prefer fewer groups.

Micro‑action and part‑level relations (strict)
- Include exactly one verbized micro‑action only if Contact verification passes. Use a strong verb (e.g., ""holding"", ""inserting"", ""walking"") and immediately follow with one part‑level relation using the exact template: ""[part] [verb] [object]"" (e.g., ""right hand holding pole""). If contact is not verified, omit both micro‑action and part relation.
- Do not use passive or vague forms; do not use ""with"" except inside the required template.

Descriptor selection and priority (up to 1–3 descriptors)
- Choose at most three verified descriptors in this strict priority order: (1) discriminative prop or part‑level prop, (2) precise object class, (3) fully legible text (quoted), (4) material/texture, (5) color, (6) reflection/surface condition. If none verify, omit descriptors.

Background, signage and reflections
- If text is fully legible per Text verification, quote exact string. Otherwise use a positional label (e.g., ""signboard above"", ""storefront window"").
- If an element appears doubled/reversed on a glass plane without 3D occlusion, label it ""reflections"". If items clearly sit behind glass with supporting occlusion, label ""on display behind glass"". If uncertain, omit both.

Pose/orientation and object state
- When unambiguous, include one brief orientation token (e.g., ""facing camera"", ""turned away"", ""leaning over"").
- When object state is clearly visible, include one object‑state descriptor (e.g., ""open instrument case"", ""wet reflective surface"").

Mandatory high‑signal inclusion
- If any discriminative prop or verified part‑level relation passes verification, the caption must include at least one such token (priority: prop > part relation > precise class).

Trimming priority (deterministic checklist)
- If over length, deterministically drop tokens in this order until within limit: color → viewpoint → lighting → reflections → material/texture → quoted text (unless necessary) → background (unless ≥5% area or necessary) → low‑priority descriptors. Always preserve discriminative prop and verified part relation when present.

Negative rules (must obey)
- Do not output multiple candidates or meta information.
- Do not invent counts, contacts, text, or fine classes that fail verification.
- Do not infer age, emotion, intentions, or unseen attributes.
- Do not use vague quantifiers (""several"") — use digits only when verified.

Use of metadata (if available)
- If bounding boxes, saliency, segmentation, or classifier confidences are available, use them to compute subject area, overlap, centroid, contact metrics, and verify fine classes. If unavailable, require multiple visual cues per the fallback rule.

Compact examples (good vs. bad)
- Good: ""1 child left foreground, right hand touching fountain, multiple arcing jets, medium, leafy park behind.""
- Good: ""2 men center foreground, facing each other, left man handing packet, brown woven basket with fruit, storefront behind.""
- Bad (avoid): ""several people near a sign"" — (vague count and sign).
- Bad (avoid): ""man holding something"" — (no verified contact or object).

Final note
- Always perform the two‑pass proposal + verification + pruning process, then emit exactly one grammatical comma‑separated sentence that preserves verified discriminative props and part relations where available and stays within the word limit.","1 man center foreground walking, right hand holding railing, beige jacket, brick building with two red signs reading ""Le Mignon"" behind.",0,1,Qwen/Qwen3-VL-8B-Instruct,0.0,,64,"{""temperature"": 0.0, ""top_p"": null, ""max_new_tokens"": 64}",0.27472734451293945,0.28529593348503113,21,False
flickr30k_main_seed1_train,textgrad_clip,textgrad_clip__textgrad_3e6350b67f,27,22801,flickr30k_test_022801,images/flickr30k/flickr30k_test_022801.jpg,"[""People are walking down the street with vendors on the side on a beautiful, sunny day."", ""People are gathered at some kind of shop on the side of the street."", ""A boy with a yellow shirt and yellow do-rag walking through a town."", ""Multiple people are walking down a street at a street fair"", ""People walk down a street with shops along the way.""]",textgrad_3e6350b67f,TextGrad Step 8,"Output exactly one concise, information‑dense caption: a single grammatical sentence composed of comma‑separated short phrases. Produce only that one sentence (no lists, tags, JSON, logs, or extra lines). Use digits for counts only when each instance passes the Count verification below. Do not infer age, emotion, intention, or unseen attributes.

Required overall format and limits
- Produce 1–3 clearly separable subject groups in prominence order; each group is rendered as: [digit] + subject noun(s) + spatial anchor (see Spatial anchors). Target ≤24 words; allow up to +10% length (≤27 words) only to include a fully legible quoted text string or one necessary verified part‑level relation/background anchor. Aim for compact, active comma‑separated noun‑verb phrases.

Two‑pass generation (mandatory)
1) Token proposal: internally list candidate tokens for each slot — groups, micro‑action, part relation, up to three descriptors, viewpoint, lighting, background/text.
2) Verification & pruning: apply the numeric checks below to every candidate; drop any token that fails; then recompose a single grammatical comma‑separated sentence from the remaining verified tokens. If pruning removes a slot, ensure the final sentence remains grammatical.

Numeric verification rules (must be enforced)
- Count: include a digit only if each instance is ≥50% unobstructed and individually separable in the image.
- Contact (micro‑action): assert contact only if bbox overlap ≥12% of the smaller bbox OR clear segmentation adjacency/pixel overlap.
- Fine object class: assert a fine class only if classifier confidence >0.60 OR two independent visual cues (distinctive part + unique shape or part + contextual prop).
- Text transcription: transcribe quoted text only if fully legible at ≳8pt equivalent and high contrast; otherwise use a positional label (e.g., ""marquee above"").
- Background anchor: include a background noun phrase only if that anchor occupies ≥5% image area or is a distinct structure.
- If classifier/confidence metadata is unavailable, require at least two independent visual cues before asserting fine classes; otherwise use a higher‑level class.

Spatial anchors, grouping and prominence
- Centroid x rules: x < 0.33 → ""left""; 0.33 ≤ x ≤ 0.66 → ""center""; x > 0.66 → ""right"".
- If subject width >50% image width, emit ""center"".
- Append ""partially cropped at [top|bottom|left|right]"" if >5% of subject area lies outside image.
- Include depth token [foreground|midground|background] only when overlap/relative scale unambiguously indicates depth.
- Secondary group inclusion: include only if it covers ≥20% of main subject area OR passes a saliency threshold (top‑2 saliency bin). When ambiguous, prefer fewer groups.

Micro‑action and part‑level relations (strict)
- Include exactly one verbized micro‑action only if Contact verification passes. Use a strong verb (e.g., ""holding"", ""inserting"", ""walking"") and immediately follow with one part‑level relation using the exact template: ""[part] [verb] [object]"" (e.g., ""right hand holding pole""). If contact is not verified, omit both micro‑action and part relation.
- Do not use passive or vague forms; do not use ""with"" except inside the required template.

Descriptor selection and priority (up to 1–3 descriptors)
- Choose at most three verified descriptors in this strict priority order: (1) discriminative prop or part‑level prop, (2) precise object class, (3) fully legible text (quoted), (4) material/texture, (5) color, (6) reflection/surface condition. If none verify, omit descriptors.

Background, signage and reflections
- If text is fully legible per Text verification, quote exact string. Otherwise use a positional label (e.g., ""signboard above"", ""storefront window"").
- If an element appears doubled/reversed on a glass plane without 3D occlusion, label it ""reflections"". If items clearly sit behind glass with supporting occlusion, label ""on display behind glass"". If uncertain, omit both.

Pose/orientation and object state
- When unambiguous, include one brief orientation token (e.g., ""facing camera"", ""turned away"", ""leaning over"").
- When object state is clearly visible, include one object‑state descriptor (e.g., ""open instrument case"", ""wet reflective surface"").

Mandatory high‑signal inclusion
- If any discriminative prop or verified part‑level relation passes verification, the caption must include at least one such token (priority: prop > part relation > precise class).

Trimming priority (deterministic checklist)
- If over length, deterministically drop tokens in this order until within limit: color → viewpoint → lighting → reflections → material/texture → quoted text (unless necessary) → background (unless ≥5% area or necessary) → low‑priority descriptors. Always preserve discriminative prop and verified part relation when present.

Negative rules (must obey)
- Do not output multiple candidates or meta information.
- Do not invent counts, contacts, text, or fine classes that fail verification.
- Do not infer age, emotion, intentions, or unseen attributes.
- Do not use vague quantifiers (""several"") — use digits only when verified.

Use of metadata (if available)
- If bounding boxes, saliency, segmentation, or classifier confidences are available, use them to compute subject area, overlap, centroid, contact metrics, and verify fine classes. If unavailable, require multiple visual cues per the fallback rule.

Compact examples (good vs. bad)
- Good: ""1 child left foreground, right hand touching fountain, multiple arcing jets, medium, leafy park behind.""
- Good: ""2 men center foreground, facing each other, left man handing packet, brown woven basket with fruit, storefront behind.""
- Bad (avoid): ""several people near a sign"" — (vague count and sign).
- Bad (avoid): ""man holding something"" — (no verified contact or object).

Final note
- Always perform the two‑pass proposal + verification + pruning process, then emit exactly one grammatical comma‑separated sentence that preserves verified discriminative props and part relations where available and stays within the word limit.","1 person in yellow shirt walking right foreground, 1 person under blue canopy left, potted plants on wooden stand, storefront with open sign right.",0,1,Qwen/Qwen3-VL-8B-Instruct,0.0,,64,"{""temperature"": 0.0, ""top_p"": null, ""max_new_tokens"": 64}",0.3105364739894867,0.19670093059539795,24,False
flickr30k_main_seed1_train,textgrad_clip,textgrad_clip__textgrad_3e6350b67f,29,8727,flickr30k_test_008727,images/flickr30k/flickr30k_test_008727.jpg,"[""One little toddler wearing blue pajamas and a little girl wearing red pajamas opening presents on christmas day."", ""A baby boy in blue pajamas watches while his blond sister with glasses opens a Christmas present."", ""A little girl wearing her pajamas opening a present while a little boy looks on."", ""A girl is opening a present while a young boy in blue pajamas watches."", ""A young girl and a toddler are tearing wrapping paper off a present.""]",textgrad_3e6350b67f,TextGrad Step 8,"Output exactly one concise, information‑dense caption: a single grammatical sentence composed of comma‑separated short phrases. Produce only that one sentence (no lists, tags, JSON, logs, or extra lines). Use digits for counts only when each instance passes the Count verification below. Do not infer age, emotion, intention, or unseen attributes.

Required overall format and limits
- Produce 1–3 clearly separable subject groups in prominence order; each group is rendered as: [digit] + subject noun(s) + spatial anchor (see Spatial anchors). Target ≤24 words; allow up to +10% length (≤27 words) only to include a fully legible quoted text string or one necessary verified part‑level relation/background anchor. Aim for compact, active comma‑separated noun‑verb phrases.

Two‑pass generation (mandatory)
1) Token proposal: internally list candidate tokens for each slot — groups, micro‑action, part relation, up to three descriptors, viewpoint, lighting, background/text.
2) Verification & pruning: apply the numeric checks below to every candidate; drop any token that fails; then recompose a single grammatical comma‑separated sentence from the remaining verified tokens. If pruning removes a slot, ensure the final sentence remains grammatical.

Numeric verification rules (must be enforced)
- Count: include a digit only if each instance is ≥50% unobstructed and individually separable in the image.
- Contact (micro‑action): assert contact only if bbox overlap ≥12% of the smaller bbox OR clear segmentation adjacency/pixel overlap.
- Fine object class: assert a fine class only if classifier confidence >0.60 OR two independent visual cues (distinctive part + unique shape or part + contextual prop).
- Text transcription: transcribe quoted text only if fully legible at ≳8pt equivalent and high contrast; otherwise use a positional label (e.g., ""marquee above"").
- Background anchor: include a background noun phrase only if that anchor occupies ≥5% image area or is a distinct structure.
- If classifier/confidence metadata is unavailable, require at least two independent visual cues before asserting fine classes; otherwise use a higher‑level class.

Spatial anchors, grouping and prominence
- Centroid x rules: x < 0.33 → ""left""; 0.33 ≤ x ≤ 0.66 → ""center""; x > 0.66 → ""right"".
- If subject width >50% image width, emit ""center"".
- Append ""partially cropped at [top|bottom|left|right]"" if >5% of subject area lies outside image.
- Include depth token [foreground|midground|background] only when overlap/relative scale unambiguously indicates depth.
- Secondary group inclusion: include only if it covers ≥20% of main subject area OR passes a saliency threshold (top‑2 saliency bin). When ambiguous, prefer fewer groups.

Micro‑action and part‑level relations (strict)
- Include exactly one verbized micro‑action only if Contact verification passes. Use a strong verb (e.g., ""holding"", ""inserting"", ""walking"") and immediately follow with one part‑level relation using the exact template: ""[part] [verb] [object]"" (e.g., ""right hand holding pole""). If contact is not verified, omit both micro‑action and part relation.
- Do not use passive or vague forms; do not use ""with"" except inside the required template.

Descriptor selection and priority (up to 1–3 descriptors)
- Choose at most three verified descriptors in this strict priority order: (1) discriminative prop or part‑level prop, (2) precise object class, (3) fully legible text (quoted), (4) material/texture, (5) color, (6) reflection/surface condition. If none verify, omit descriptors.

Background, signage and reflections
- If text is fully legible per Text verification, quote exact string. Otherwise use a positional label (e.g., ""signboard above"", ""storefront window"").
- If an element appears doubled/reversed on a glass plane without 3D occlusion, label it ""reflections"". If items clearly sit behind glass with supporting occlusion, label ""on display behind glass"". If uncertain, omit both.

Pose/orientation and object state
- When unambiguous, include one brief orientation token (e.g., ""facing camera"", ""turned away"", ""leaning over"").
- When object state is clearly visible, include one object‑state descriptor (e.g., ""open instrument case"", ""wet reflective surface"").

Mandatory high‑signal inclusion
- If any discriminative prop or verified part‑level relation passes verification, the caption must include at least one such token (priority: prop > part relation > precise class).

Trimming priority (deterministic checklist)
- If over length, deterministically drop tokens in this order until within limit: color → viewpoint → lighting → reflections → material/texture → quoted text (unless necessary) → background (unless ≥5% area or necessary) → low‑priority descriptors. Always preserve discriminative prop and verified part relation when present.

Negative rules (must obey)
- Do not output multiple candidates or meta information.
- Do not invent counts, contacts, text, or fine classes that fail verification.
- Do not infer age, emotion, intentions, or unseen attributes.
- Do not use vague quantifiers (""several"") — use digits only when verified.

Use of metadata (if available)
- If bounding boxes, saliency, segmentation, or classifier confidences are available, use them to compute subject area, overlap, centroid, contact metrics, and verify fine classes. If unavailable, require multiple visual cues per the fallback rule.

Compact examples (good vs. bad)
- Good: ""1 child left foreground, right hand touching fountain, multiple arcing jets, medium, leafy park behind.""
- Good: ""2 men center foreground, facing each other, left man handing packet, brown woven basket with fruit, storefront behind.""
- Bad (avoid): ""several people near a sign"" — (vague count and sign).
- Bad (avoid): ""man holding something"" — (no verified contact or object).

Final note
- Always perform the two‑pass proposal + verification + pruning process, then emit exactly one grammatical comma‑separated sentence that preserves verified discriminative props and part relations where available and stays within the word limit.","1 child left foreground holding wrapped gift, 1 child center foreground touching gift, carpeted floor, person partially visible in background.",0,1,Qwen/Qwen3-VL-8B-Instruct,0.0,,64,"{""temperature"": 0.0, ""top_p"": null, ""max_new_tokens"": 64}",0.29460105299949646,0.1644434779882431,20,False
flickr30k_main_seed1_train,textgrad_clip,textgrad_clip__textgrad_3e6350b67f,30,23643,flickr30k_test_023643,images/flickr30k/flickr30k_test_023643.jpg,"[""A little girl in a red and white shirt stands next to some caricatures of celebrities at an art fair."", ""A little girl in a red print sundress walked through an outdoor artist display."", ""A little girl wearing red is standing in front of caricature"", ""A girls stands by a caricature artist's drawings."", ""Little girl posing for a caricature.""]",textgrad_3e6350b67f,TextGrad Step 8,"Output exactly one concise, information‑dense caption: a single grammatical sentence composed of comma‑separated short phrases. Produce only that one sentence (no lists, tags, JSON, logs, or extra lines). Use digits for counts only when each instance passes the Count verification below. Do not infer age, emotion, intention, or unseen attributes.

Required overall format and limits
- Produce 1–3 clearly separable subject groups in prominence order; each group is rendered as: [digit] + subject noun(s) + spatial anchor (see Spatial anchors). Target ≤24 words; allow up to +10% length (≤27 words) only to include a fully legible quoted text string or one necessary verified part‑level relation/background anchor. Aim for compact, active comma‑separated noun‑verb phrases.

Two‑pass generation (mandatory)
1) Token proposal: internally list candidate tokens for each slot — groups, micro‑action, part relation, up to three descriptors, viewpoint, lighting, background/text.
2) Verification & pruning: apply the numeric checks below to every candidate; drop any token that fails; then recompose a single grammatical comma‑separated sentence from the remaining verified tokens. If pruning removes a slot, ensure the final sentence remains grammatical.

Numeric verification rules (must be enforced)
- Count: include a digit only if each instance is ≥50% unobstructed and individually separable in the image.
- Contact (micro‑action): assert contact only if bbox overlap ≥12% of the smaller bbox OR clear segmentation adjacency/pixel overlap.
- Fine object class: assert a fine class only if classifier confidence >0.60 OR two independent visual cues (distinctive part + unique shape or part + contextual prop).
- Text transcription: transcribe quoted text only if fully legible at ≳8pt equivalent and high contrast; otherwise use a positional label (e.g., ""marquee above"").
- Background anchor: include a background noun phrase only if that anchor occupies ≥5% image area or is a distinct structure.
- If classifier/confidence metadata is unavailable, require at least two independent visual cues before asserting fine classes; otherwise use a higher‑level class.

Spatial anchors, grouping and prominence
- Centroid x rules: x < 0.33 → ""left""; 0.33 ≤ x ≤ 0.66 → ""center""; x > 0.66 → ""right"".
- If subject width >50% image width, emit ""center"".
- Append ""partially cropped at [top|bottom|left|right]"" if >5% of subject area lies outside image.
- Include depth token [foreground|midground|background] only when overlap/relative scale unambiguously indicates depth.
- Secondary group inclusion: include only if it covers ≥20% of main subject area OR passes a saliency threshold (top‑2 saliency bin). When ambiguous, prefer fewer groups.

Micro‑action and part‑level relations (strict)
- Include exactly one verbized micro‑action only if Contact verification passes. Use a strong verb (e.g., ""holding"", ""inserting"", ""walking"") and immediately follow with one part‑level relation using the exact template: ""[part] [verb] [object]"" (e.g., ""right hand holding pole""). If contact is not verified, omit both micro‑action and part relation.
- Do not use passive or vague forms; do not use ""with"" except inside the required template.

Descriptor selection and priority (up to 1–3 descriptors)
- Choose at most three verified descriptors in this strict priority order: (1) discriminative prop or part‑level prop, (2) precise object class, (3) fully legible text (quoted), (4) material/texture, (5) color, (6) reflection/surface condition. If none verify, omit descriptors.

Background, signage and reflections
- If text is fully legible per Text verification, quote exact string. Otherwise use a positional label (e.g., ""signboard above"", ""storefront window"").
- If an element appears doubled/reversed on a glass plane without 3D occlusion, label it ""reflections"". If items clearly sit behind glass with supporting occlusion, label ""on display behind glass"". If uncertain, omit both.

Pose/orientation and object state
- When unambiguous, include one brief orientation token (e.g., ""facing camera"", ""turned away"", ""leaning over"").
- When object state is clearly visible, include one object‑state descriptor (e.g., ""open instrument case"", ""wet reflective surface"").

Mandatory high‑signal inclusion
- If any discriminative prop or verified part‑level relation passes verification, the caption must include at least one such token (priority: prop > part relation > precise class).

Trimming priority (deterministic checklist)
- If over length, deterministically drop tokens in this order until within limit: color → viewpoint → lighting → reflections → material/texture → quoted text (unless necessary) → background (unless ≥5% area or necessary) → low‑priority descriptors. Always preserve discriminative prop and verified part relation when present.

Negative rules (must obey)
- Do not output multiple candidates or meta information.
- Do not invent counts, contacts, text, or fine classes that fail verification.
- Do not infer age, emotion, intentions, or unseen attributes.
- Do not use vague quantifiers (""several"") — use digits only when verified.

Use of metadata (if available)
- If bounding boxes, saliency, segmentation, or classifier confidences are available, use them to compute subject area, overlap, centroid, contact metrics, and verify fine classes. If unavailable, require multiple visual cues per the fallback rule.

Compact examples (good vs. bad)
- Good: ""1 child left foreground, right hand touching fountain, multiple arcing jets, medium, leafy park behind.""
- Good: ""2 men center foreground, facing each other, left man handing packet, brown woven basket with fruit, storefront behind.""
- Bad (avoid): ""several people near a sign"" — (vague count and sign).
- Bad (avoid): ""man holding something"" — (no verified contact or object).

Final note
- Always perform the two‑pass proposal + verification + pruning process, then emit exactly one grammatical comma‑separated sentence that preserves verified discriminative props and part relations where available and stays within the word limit.","1 child center foreground, smiling, wearing red patterned top, under large black umbrella, two caricatures on easel right, market stalls background.",0,1,Qwen/Qwen3-VL-8B-Instruct,0.0,,64,"{""temperature"": 0.0, ""top_p"": null, ""max_new_tokens"": 64}",0.30954766273498535,0.2777177691459656,21,False
flickr30k_main_seed1_train,textgrad_clip,textgrad_clip__textgrad_3e6350b67f,34,30974,flickr30k_test_030974,images/flickr30k/flickr30k_test_030974.jpg,"[""Four construction workers, wearing neon vests, stand at a construction site along with some equipment."", ""Construction workers are standing around the back of a dump truck."", ""Men standing around a cement truck on a construction site."", ""Four construction workers standing by a concrete machine."", ""A group of men are gathered around a concrete truck.""]",textgrad_3e6350b67f,TextGrad Step 8,"Output exactly one concise, information‑dense caption: a single grammatical sentence composed of comma‑separated short phrases. Produce only that one sentence (no lists, tags, JSON, logs, or extra lines). Use digits for counts only when each instance passes the Count verification below. Do not infer age, emotion, intention, or unseen attributes.

Required overall format and limits
- Produce 1–3 clearly separable subject groups in prominence order; each group is rendered as: [digit] + subject noun(s) + spatial anchor (see Spatial anchors). Target ≤24 words; allow up to +10% length (≤27 words) only to include a fully legible quoted text string or one necessary verified part‑level relation/background anchor. Aim for compact, active comma‑separated noun‑verb phrases.

Two‑pass generation (mandatory)
1) Token proposal: internally list candidate tokens for each slot — groups, micro‑action, part relation, up to three descriptors, viewpoint, lighting, background/text.
2) Verification & pruning: apply the numeric checks below to every candidate; drop any token that fails; then recompose a single grammatical comma‑separated sentence from the remaining verified tokens. If pruning removes a slot, ensure the final sentence remains grammatical.

Numeric verification rules (must be enforced)
- Count: include a digit only if each instance is ≥50% unobstructed and individually separable in the image.
- Contact (micro‑action): assert contact only if bbox overlap ≥12% of the smaller bbox OR clear segmentation adjacency/pixel overlap.
- Fine object class: assert a fine class only if classifier confidence >0.60 OR two independent visual cues (distinctive part + unique shape or part + contextual prop).
- Text transcription: transcribe quoted text only if fully legible at ≳8pt equivalent and high contrast; otherwise use a positional label (e.g., ""marquee above"").
- Background anchor: include a background noun phrase only if that anchor occupies ≥5% image area or is a distinct structure.
- If classifier/confidence metadata is unavailable, require at least two independent visual cues before asserting fine classes; otherwise use a higher‑level class.

Spatial anchors, grouping and prominence
- Centroid x rules: x < 0.33 → ""left""; 0.33 ≤ x ≤ 0.66 → ""center""; x > 0.66 → ""right"".
- If subject width >50% image width, emit ""center"".
- Append ""partially cropped at [top|bottom|left|right]"" if >5% of subject area lies outside image.
- Include depth token [foreground|midground|background] only when overlap/relative scale unambiguously indicates depth.
- Secondary group inclusion: include only if it covers ≥20% of main subject area OR passes a saliency threshold (top‑2 saliency bin). When ambiguous, prefer fewer groups.

Micro‑action and part‑level relations (strict)
- Include exactly one verbized micro‑action only if Contact verification passes. Use a strong verb (e.g., ""holding"", ""inserting"", ""walking"") and immediately follow with one part‑level relation using the exact template: ""[part] [verb] [object]"" (e.g., ""right hand holding pole""). If contact is not verified, omit both micro‑action and part relation.
- Do not use passive or vague forms; do not use ""with"" except inside the required template.

Descriptor selection and priority (up to 1–3 descriptors)
- Choose at most three verified descriptors in this strict priority order: (1) discriminative prop or part‑level prop, (2) precise object class, (3) fully legible text (quoted), (4) material/texture, (5) color, (6) reflection/surface condition. If none verify, omit descriptors.

Background, signage and reflections
- If text is fully legible per Text verification, quote exact string. Otherwise use a positional label (e.g., ""signboard above"", ""storefront window"").
- If an element appears doubled/reversed on a glass plane without 3D occlusion, label it ""reflections"". If items clearly sit behind glass with supporting occlusion, label ""on display behind glass"". If uncertain, omit both.

Pose/orientation and object state
- When unambiguous, include one brief orientation token (e.g., ""facing camera"", ""turned away"", ""leaning over"").
- When object state is clearly visible, include one object‑state descriptor (e.g., ""open instrument case"", ""wet reflective surface"").

Mandatory high‑signal inclusion
- If any discriminative prop or verified part‑level relation passes verification, the caption must include at least one such token (priority: prop > part relation > precise class).

Trimming priority (deterministic checklist)
- If over length, deterministically drop tokens in this order until within limit: color → viewpoint → lighting → reflections → material/texture → quoted text (unless necessary) → background (unless ≥5% area or necessary) → low‑priority descriptors. Always preserve discriminative prop and verified part relation when present.

Negative rules (must obey)
- Do not output multiple candidates or meta information.
- Do not invent counts, contacts, text, or fine classes that fail verification.
- Do not infer age, emotion, intentions, or unseen attributes.
- Do not use vague quantifiers (""several"") — use digits only when verified.

Use of metadata (if available)
- If bounding boxes, saliency, segmentation, or classifier confidences are available, use them to compute subject area, overlap, centroid, contact metrics, and verify fine classes. If unavailable, require multiple visual cues per the fallback rule.

Compact examples (good vs. bad)
- Good: ""1 child left foreground, right hand touching fountain, multiple arcing jets, medium, leafy park behind.""
- Good: ""2 men center foreground, facing each other, left man handing packet, brown woven basket with fruit, storefront behind.""
- Bad (avoid): ""several people near a sign"" — (vague count and sign).
- Bad (avoid): ""man holding something"" — (no verified contact or object).

Final note
- Always perform the two‑pass proposal + verification + pruning process, then emit exactly one grammatical comma‑separated sentence that preserves verified discriminative props and part relations where available and stays within the word limit.","4 workers center foreground, one operating cement mixer, others standing nearby, construction crane left, paved lot background.",0,1,Qwen/Qwen3-VL-8B-Instruct,0.0,,64,"{""temperature"": 0.0, ""top_p"": null, ""max_new_tokens"": 64}",0.2588063180446625,0.2037079632282257,17,False
flickr30k_main_seed1_train,textgrad_clip,textgrad_clip__textgrad_3e6350b67f,50,23784,flickr30k_test_023784,images/flickr30k/flickr30k_test_023784.jpg,"[""A very aged woman wearing blue is standing in front of a pile of things, many in black trash bags."", ""Smiling woman in a blue apron standing in front of a pile of bags and boxes."", ""An elderly hispanic woman wears a blue vest in front of a pile of boxes."", ""A woman wearing a blue vest seems to be in a very messy area."", ""A woman in a blue smock in a blue smock is smiling.""]",textgrad_3e6350b67f,TextGrad Step 8,"Output exactly one concise, information‑dense caption: a single grammatical sentence composed of comma‑separated short phrases. Produce only that one sentence (no lists, tags, JSON, logs, or extra lines). Use digits for counts only when each instance passes the Count verification below. Do not infer age, emotion, intention, or unseen attributes.

Required overall format and limits
- Produce 1–3 clearly separable subject groups in prominence order; each group is rendered as: [digit] + subject noun(s) + spatial anchor (see Spatial anchors). Target ≤24 words; allow up to +10% length (≤27 words) only to include a fully legible quoted text string or one necessary verified part‑level relation/background anchor. Aim for compact, active comma‑separated noun‑verb phrases.

Two‑pass generation (mandatory)
1) Token proposal: internally list candidate tokens for each slot — groups, micro‑action, part relation, up to three descriptors, viewpoint, lighting, background/text.
2) Verification & pruning: apply the numeric checks below to every candidate; drop any token that fails; then recompose a single grammatical comma‑separated sentence from the remaining verified tokens. If pruning removes a slot, ensure the final sentence remains grammatical.

Numeric verification rules (must be enforced)
- Count: include a digit only if each instance is ≥50% unobstructed and individually separable in the image.
- Contact (micro‑action): assert contact only if bbox overlap ≥12% of the smaller bbox OR clear segmentation adjacency/pixel overlap.
- Fine object class: assert a fine class only if classifier confidence >0.60 OR two independent visual cues (distinctive part + unique shape or part + contextual prop).
- Text transcription: transcribe quoted text only if fully legible at ≳8pt equivalent and high contrast; otherwise use a positional label (e.g., ""marquee above"").
- Background anchor: include a background noun phrase only if that anchor occupies ≥5% image area or is a distinct structure.
- If classifier/confidence metadata is unavailable, require at least two independent visual cues before asserting fine classes; otherwise use a higher‑level class.

Spatial anchors, grouping and prominence
- Centroid x rules: x < 0.33 → ""left""; 0.33 ≤ x ≤ 0.66 → ""center""; x > 0.66 → ""right"".
- If subject width >50% image width, emit ""center"".
- Append ""partially cropped at [top|bottom|left|right]"" if >5% of subject area lies outside image.
- Include depth token [foreground|midground|background] only when overlap/relative scale unambiguously indicates depth.
- Secondary group inclusion: include only if it covers ≥20% of main subject area OR passes a saliency threshold (top‑2 saliency bin). When ambiguous, prefer fewer groups.

Micro‑action and part‑level relations (strict)
- Include exactly one verbized micro‑action only if Contact verification passes. Use a strong verb (e.g., ""holding"", ""inserting"", ""walking"") and immediately follow with one part‑level relation using the exact template: ""[part] [verb] [object]"" (e.g., ""right hand holding pole""). If contact is not verified, omit both micro‑action and part relation.
- Do not use passive or vague forms; do not use ""with"" except inside the required template.

Descriptor selection and priority (up to 1–3 descriptors)
- Choose at most three verified descriptors in this strict priority order: (1) discriminative prop or part‑level prop, (2) precise object class, (3) fully legible text (quoted), (4) material/texture, (5) color, (6) reflection/surface condition. If none verify, omit descriptors.

Background, signage and reflections
- If text is fully legible per Text verification, quote exact string. Otherwise use a positional label (e.g., ""signboard above"", ""storefront window"").
- If an element appears doubled/reversed on a glass plane without 3D occlusion, label it ""reflections"". If items clearly sit behind glass with supporting occlusion, label ""on display behind glass"". If uncertain, omit both.

Pose/orientation and object state
- When unambiguous, include one brief orientation token (e.g., ""facing camera"", ""turned away"", ""leaning over"").
- When object state is clearly visible, include one object‑state descriptor (e.g., ""open instrument case"", ""wet reflective surface"").

Mandatory high‑signal inclusion
- If any discriminative prop or verified part‑level relation passes verification, the caption must include at least one such token (priority: prop > part relation > precise class).

Trimming priority (deterministic checklist)
- If over length, deterministically drop tokens in this order until within limit: color → viewpoint → lighting → reflections → material/texture → quoted text (unless necessary) → background (unless ≥5% area or necessary) → low‑priority descriptors. Always preserve discriminative prop and verified part relation when present.

Negative rules (must obey)
- Do not output multiple candidates or meta information.
- Do not invent counts, contacts, text, or fine classes that fail verification.
- Do not infer age, emotion, intentions, or unseen attributes.
- Do not use vague quantifiers (""several"") — use digits only when verified.

Use of metadata (if available)
- If bounding boxes, saliency, segmentation, or classifier confidences are available, use them to compute subject area, overlap, centroid, contact metrics, and verify fine classes. If unavailable, require multiple visual cues per the fallback rule.

Compact examples (good vs. bad)
- Good: ""1 child left foreground, right hand touching fountain, multiple arcing jets, medium, leafy park behind.""
- Good: ""2 men center foreground, facing each other, left man handing packet, brown woven basket with fruit, storefront behind.""
- Bad (avoid): ""several people near a sign"" — (vague count and sign).
- Bad (avoid): ""man holding something"" — (no verified contact or object).

Final note
- Always perform the two‑pass proposal + verification + pruning process, then emit exactly one grammatical comma‑separated sentence that preserves verified discriminative props and part relations where available and stays within the word limit.","1 woman center foreground, wearing light blue vest over dark shirt, smiling, surrounded by bags and boxes, partially cropped at top.",0,1,Qwen/Qwen3-VL-8B-Instruct,0.0,,64,"{""temperature"": 0.0, ""top_p"": null, ""max_new_tokens"": 64}",0.3202899694442749,0.1784985065460205,21,False
flickr30k_main_seed1_train,textgrad_clip,textgrad_clip__textgrad_3e6350b67f,52,17289,flickr30k_test_017289,images/flickr30k/flickr30k_test_017289.jpg,"[""A man wearing a blue sweatshirt and dark baseball cap is sweeping the floor with others watching."", ""One man is using a mop, while two other men watch from the background."", ""A tall looking man wearing a hat is mopping the floor."", ""Guys cleaning the floor with sweeper."", ""A guy in a sweater cleans the floor.""]",textgrad_3e6350b67f,TextGrad Step 8,"Output exactly one concise, information‑dense caption: a single grammatical sentence composed of comma‑separated short phrases. Produce only that one sentence (no lists, tags, JSON, logs, or extra lines). Use digits for counts only when each instance passes the Count verification below. Do not infer age, emotion, intention, or unseen attributes.

Required overall format and limits
- Produce 1–3 clearly separable subject groups in prominence order; each group is rendered as: [digit] + subject noun(s) + spatial anchor (see Spatial anchors). Target ≤24 words; allow up to +10% length (≤27 words) only to include a fully legible quoted text string or one necessary verified part‑level relation/background anchor. Aim for compact, active comma‑separated noun‑verb phrases.

Two‑pass generation (mandatory)
1) Token proposal: internally list candidate tokens for each slot — groups, micro‑action, part relation, up to three descriptors, viewpoint, lighting, background/text.
2) Verification & pruning: apply the numeric checks below to every candidate; drop any token that fails; then recompose a single grammatical comma‑separated sentence from the remaining verified tokens. If pruning removes a slot, ensure the final sentence remains grammatical.

Numeric verification rules (must be enforced)
- Count: include a digit only if each instance is ≥50% unobstructed and individually separable in the image.
- Contact (micro‑action): assert contact only if bbox overlap ≥12% of the smaller bbox OR clear segmentation adjacency/pixel overlap.
- Fine object class: assert a fine class only if classifier confidence >0.60 OR two independent visual cues (distinctive part + unique shape or part + contextual prop).
- Text transcription: transcribe quoted text only if fully legible at ≳8pt equivalent and high contrast; otherwise use a positional label (e.g., ""marquee above"").
- Background anchor: include a background noun phrase only if that anchor occupies ≥5% image area or is a distinct structure.
- If classifier/confidence metadata is unavailable, require at least two independent visual cues before asserting fine classes; otherwise use a higher‑level class.

Spatial anchors, grouping and prominence
- Centroid x rules: x < 0.33 → ""left""; 0.33 ≤ x ≤ 0.66 → ""center""; x > 0.66 → ""right"".
- If subject width >50% image width, emit ""center"".
- Append ""partially cropped at [top|bottom|left|right]"" if >5% of subject area lies outside image.
- Include depth token [foreground|midground|background] only when overlap/relative scale unambiguously indicates depth.
- Secondary group inclusion: include only if it covers ≥20% of main subject area OR passes a saliency threshold (top‑2 saliency bin). When ambiguous, prefer fewer groups.

Micro‑action and part‑level relations (strict)
- Include exactly one verbized micro‑action only if Contact verification passes. Use a strong verb (e.g., ""holding"", ""inserting"", ""walking"") and immediately follow with one part‑level relation using the exact template: ""[part] [verb] [object]"" (e.g., ""right hand holding pole""). If contact is not verified, omit both micro‑action and part relation.
- Do not use passive or vague forms; do not use ""with"" except inside the required template.

Descriptor selection and priority (up to 1–3 descriptors)
- Choose at most three verified descriptors in this strict priority order: (1) discriminative prop or part‑level prop, (2) precise object class, (3) fully legible text (quoted), (4) material/texture, (5) color, (6) reflection/surface condition. If none verify, omit descriptors.

Background, signage and reflections
- If text is fully legible per Text verification, quote exact string. Otherwise use a positional label (e.g., ""signboard above"", ""storefront window"").
- If an element appears doubled/reversed on a glass plane without 3D occlusion, label it ""reflections"". If items clearly sit behind glass with supporting occlusion, label ""on display behind glass"". If uncertain, omit both.

Pose/orientation and object state
- When unambiguous, include one brief orientation token (e.g., ""facing camera"", ""turned away"", ""leaning over"").
- When object state is clearly visible, include one object‑state descriptor (e.g., ""open instrument case"", ""wet reflective surface"").

Mandatory high‑signal inclusion
- If any discriminative prop or verified part‑level relation passes verification, the caption must include at least one such token (priority: prop > part relation > precise class).

Trimming priority (deterministic checklist)
- If over length, deterministically drop tokens in this order until within limit: color → viewpoint → lighting → reflections → material/texture → quoted text (unless necessary) → background (unless ≥5% area or necessary) → low‑priority descriptors. Always preserve discriminative prop and verified part relation when present.

Negative rules (must obey)
- Do not output multiple candidates or meta information.
- Do not invent counts, contacts, text, or fine classes that fail verification.
- Do not infer age, emotion, intentions, or unseen attributes.
- Do not use vague quantifiers (""several"") — use digits only when verified.

Use of metadata (if available)
- If bounding boxes, saliency, segmentation, or classifier confidences are available, use them to compute subject area, overlap, centroid, contact metrics, and verify fine classes. If unavailable, require multiple visual cues per the fallback rule.

Compact examples (good vs. bad)
- Good: ""1 child left foreground, right hand touching fountain, multiple arcing jets, medium, leafy park behind.""
- Good: ""2 men center foreground, facing each other, left man handing packet, brown woven basket with fruit, storefront behind.""
- Bad (avoid): ""several people near a sign"" — (vague count and sign).
- Bad (avoid): ""man holding something"" — (no verified contact or object).

Final note
- Always perform the two‑pass proposal + verification + pruning process, then emit exactly one grammatical comma‑separated sentence that preserves verified discriminative props and part relations where available and stays within the word limit.","1 man center foreground, holding mop pole, wearing blue hoodie and cap, wooden floor midground, mirror reflections left.",0,1,Qwen/Qwen3-VL-8B-Instruct,0.0,,64,"{""temperature"": 0.0, ""top_p"": null, ""max_new_tokens"": 64}",0.3442232310771942,0.19472649693489075,18,False
flickr30k_main_seed1_train,textgrad_clip,textgrad_clip__textgrad_3e6350b67f,56,16246,flickr30k_test_016246,images/flickr30k/flickr30k_test_016246.jpg,"[""A child is holding a bunch of balloons in front of their face."", ""A child holding balloons that cover their face."", ""A little boy holds many inflated balloons."", ""Child carrying a bouquet of balloons."", ""A young child carrying many balloons.""]",textgrad_3e6350b67f,TextGrad Step 8,"Output exactly one concise, information‑dense caption: a single grammatical sentence composed of comma‑separated short phrases. Produce only that one sentence (no lists, tags, JSON, logs, or extra lines). Use digits for counts only when each instance passes the Count verification below. Do not infer age, emotion, intention, or unseen attributes.

Required overall format and limits
- Produce 1–3 clearly separable subject groups in prominence order; each group is rendered as: [digit] + subject noun(s) + spatial anchor (see Spatial anchors). Target ≤24 words; allow up to +10% length (≤27 words) only to include a fully legible quoted text string or one necessary verified part‑level relation/background anchor. Aim for compact, active comma‑separated noun‑verb phrases.

Two‑pass generation (mandatory)
1) Token proposal: internally list candidate tokens for each slot — groups, micro‑action, part relation, up to three descriptors, viewpoint, lighting, background/text.
2) Verification & pruning: apply the numeric checks below to every candidate; drop any token that fails; then recompose a single grammatical comma‑separated sentence from the remaining verified tokens. If pruning removes a slot, ensure the final sentence remains grammatical.

Numeric verification rules (must be enforced)
- Count: include a digit only if each instance is ≥50% unobstructed and individually separable in the image.
- Contact (micro‑action): assert contact only if bbox overlap ≥12% of the smaller bbox OR clear segmentation adjacency/pixel overlap.
- Fine object class: assert a fine class only if classifier confidence >0.60 OR two independent visual cues (distinctive part + unique shape or part + contextual prop).
- Text transcription: transcribe quoted text only if fully legible at ≳8pt equivalent and high contrast; otherwise use a positional label (e.g., ""marquee above"").
- Background anchor: include a background noun phrase only if that anchor occupies ≥5% image area or is a distinct structure.
- If classifier/confidence metadata is unavailable, require at least two independent visual cues before asserting fine classes; otherwise use a higher‑level class.

Spatial anchors, grouping and prominence
- Centroid x rules: x < 0.33 → ""left""; 0.33 ≤ x ≤ 0.66 → ""center""; x > 0.66 → ""right"".
- If subject width >50% image width, emit ""center"".
- Append ""partially cropped at [top|bottom|left|right]"" if >5% of subject area lies outside image.
- Include depth token [foreground|midground|background] only when overlap/relative scale unambiguously indicates depth.
- Secondary group inclusion: include only if it covers ≥20% of main subject area OR passes a saliency threshold (top‑2 saliency bin). When ambiguous, prefer fewer groups.

Micro‑action and part‑level relations (strict)
- Include exactly one verbized micro‑action only if Contact verification passes. Use a strong verb (e.g., ""holding"", ""inserting"", ""walking"") and immediately follow with one part‑level relation using the exact template: ""[part] [verb] [object]"" (e.g., ""right hand holding pole""). If contact is not verified, omit both micro‑action and part relation.
- Do not use passive or vague forms; do not use ""with"" except inside the required template.

Descriptor selection and priority (up to 1–3 descriptors)
- Choose at most three verified descriptors in this strict priority order: (1) discriminative prop or part‑level prop, (2) precise object class, (3) fully legible text (quoted), (4) material/texture, (5) color, (6) reflection/surface condition. If none verify, omit descriptors.

Background, signage and reflections
- If text is fully legible per Text verification, quote exact string. Otherwise use a positional label (e.g., ""signboard above"", ""storefront window"").
- If an element appears doubled/reversed on a glass plane without 3D occlusion, label it ""reflections"". If items clearly sit behind glass with supporting occlusion, label ""on display behind glass"". If uncertain, omit both.

Pose/orientation and object state
- When unambiguous, include one brief orientation token (e.g., ""facing camera"", ""turned away"", ""leaning over"").
- When object state is clearly visible, include one object‑state descriptor (e.g., ""open instrument case"", ""wet reflective surface"").

Mandatory high‑signal inclusion
- If any discriminative prop or verified part‑level relation passes verification, the caption must include at least one such token (priority: prop > part relation > precise class).

Trimming priority (deterministic checklist)
- If over length, deterministically drop tokens in this order until within limit: color → viewpoint → lighting → reflections → material/texture → quoted text (unless necessary) → background (unless ≥5% area or necessary) → low‑priority descriptors. Always preserve discriminative prop and verified part relation when present.

Negative rules (must obey)
- Do not output multiple candidates or meta information.
- Do not invent counts, contacts, text, or fine classes that fail verification.
- Do not infer age, emotion, intentions, or unseen attributes.
- Do not use vague quantifiers (""several"") — use digits only when verified.

Use of metadata (if available)
- If bounding boxes, saliency, segmentation, or classifier confidences are available, use them to compute subject area, overlap, centroid, contact metrics, and verify fine classes. If unavailable, require multiple visual cues per the fallback rule.

Compact examples (good vs. bad)
- Good: ""1 child left foreground, right hand touching fountain, multiple arcing jets, medium, leafy park behind.""
- Good: ""2 men center foreground, facing each other, left man handing packet, brown woven basket with fruit, storefront behind.""
- Bad (avoid): ""several people near a sign"" — (vague count and sign).
- Bad (avoid): ""man holding something"" — (no verified contact or object).

Final note
- Always perform the two‑pass proposal + verification + pruning process, then emit exactly one grammatical comma‑separated sentence that preserves verified discriminative props and part relations where available and stays within the word limit.","1 child center foreground, walking, holding 6 balloons, blue shorts, flip flops, motorbikes right background.",0,1,Qwen/Qwen3-VL-8B-Instruct,0.0,,64,"{""temperature"": 0.0, ""top_p"": null, ""max_new_tokens"": 64}",0.31587696075439453,0.22137659788131714,15,False
flickr30k_main_seed1_train,textgrad_clip,textgrad_clip__textgrad_3e6350b67f,65,9495,flickr30k_test_009495,images/flickr30k/flickr30k_test_009495.jpg,"[""A woman with a yellow \""Miller\"" bag has her hand on a seated man, while another woman with the same type yellow \""Miller\"" bag is standing close to them."", ""A man and two women talk while looking at his reflection in the mirror."", ""A woman with a yellow shoulder bag gives a man a massage."", ""Two girls with yellow bags hanging out at a bar."", ""A bar with 2 girls and a man sitting on a table""]",textgrad_3e6350b67f,TextGrad Step 8,"Output exactly one concise, information‑dense caption: a single grammatical sentence composed of comma‑separated short phrases. Produce only that one sentence (no lists, tags, JSON, logs, or extra lines). Use digits for counts only when each instance passes the Count verification below. Do not infer age, emotion, intention, or unseen attributes.

Required overall format and limits
- Produce 1–3 clearly separable subject groups in prominence order; each group is rendered as: [digit] + subject noun(s) + spatial anchor (see Spatial anchors). Target ≤24 words; allow up to +10% length (≤27 words) only to include a fully legible quoted text string or one necessary verified part‑level relation/background anchor. Aim for compact, active comma‑separated noun‑verb phrases.

Two‑pass generation (mandatory)
1) Token proposal: internally list candidate tokens for each slot — groups, micro‑action, part relation, up to three descriptors, viewpoint, lighting, background/text.
2) Verification & pruning: apply the numeric checks below to every candidate; drop any token that fails; then recompose a single grammatical comma‑separated sentence from the remaining verified tokens. If pruning removes a slot, ensure the final sentence remains grammatical.

Numeric verification rules (must be enforced)
- Count: include a digit only if each instance is ≥50% unobstructed and individually separable in the image.
- Contact (micro‑action): assert contact only if bbox overlap ≥12% of the smaller bbox OR clear segmentation adjacency/pixel overlap.
- Fine object class: assert a fine class only if classifier confidence >0.60 OR two independent visual cues (distinctive part + unique shape or part + contextual prop).
- Text transcription: transcribe quoted text only if fully legible at ≳8pt equivalent and high contrast; otherwise use a positional label (e.g., ""marquee above"").
- Background anchor: include a background noun phrase only if that anchor occupies ≥5% image area or is a distinct structure.
- If classifier/confidence metadata is unavailable, require at least two independent visual cues before asserting fine classes; otherwise use a higher‑level class.

Spatial anchors, grouping and prominence
- Centroid x rules: x < 0.33 → ""left""; 0.33 ≤ x ≤ 0.66 → ""center""; x > 0.66 → ""right"".
- If subject width >50% image width, emit ""center"".
- Append ""partially cropped at [top|bottom|left|right]"" if >5% of subject area lies outside image.
- Include depth token [foreground|midground|background] only when overlap/relative scale unambiguously indicates depth.
- Secondary group inclusion: include only if it covers ≥20% of main subject area OR passes a saliency threshold (top‑2 saliency bin). When ambiguous, prefer fewer groups.

Micro‑action and part‑level relations (strict)
- Include exactly one verbized micro‑action only if Contact verification passes. Use a strong verb (e.g., ""holding"", ""inserting"", ""walking"") and immediately follow with one part‑level relation using the exact template: ""[part] [verb] [object]"" (e.g., ""right hand holding pole""). If contact is not verified, omit both micro‑action and part relation.
- Do not use passive or vague forms; do not use ""with"" except inside the required template.

Descriptor selection and priority (up to 1–3 descriptors)
- Choose at most three verified descriptors in this strict priority order: (1) discriminative prop or part‑level prop, (2) precise object class, (3) fully legible text (quoted), (4) material/texture, (5) color, (6) reflection/surface condition. If none verify, omit descriptors.

Background, signage and reflections
- If text is fully legible per Text verification, quote exact string. Otherwise use a positional label (e.g., ""signboard above"", ""storefront window"").
- If an element appears doubled/reversed on a glass plane without 3D occlusion, label it ""reflections"". If items clearly sit behind glass with supporting occlusion, label ""on display behind glass"". If uncertain, omit both.

Pose/orientation and object state
- When unambiguous, include one brief orientation token (e.g., ""facing camera"", ""turned away"", ""leaning over"").
- When object state is clearly visible, include one object‑state descriptor (e.g., ""open instrument case"", ""wet reflective surface"").

Mandatory high‑signal inclusion
- If any discriminative prop or verified part‑level relation passes verification, the caption must include at least one such token (priority: prop > part relation > precise class).

Trimming priority (deterministic checklist)
- If over length, deterministically drop tokens in this order until within limit: color → viewpoint → lighting → reflections → material/texture → quoted text (unless necessary) → background (unless ≥5% area or necessary) → low‑priority descriptors. Always preserve discriminative prop and verified part relation when present.

Negative rules (must obey)
- Do not output multiple candidates or meta information.
- Do not invent counts, contacts, text, or fine classes that fail verification.
- Do not infer age, emotion, intentions, or unseen attributes.
- Do not use vague quantifiers (""several"") — use digits only when verified.

Use of metadata (if available)
- If bounding boxes, saliency, segmentation, or classifier confidences are available, use them to compute subject area, overlap, centroid, contact metrics, and verify fine classes. If unavailable, require multiple visual cues per the fallback rule.

Compact examples (good vs. bad)
- Good: ""1 child left foreground, right hand touching fountain, multiple arcing jets, medium, leafy park behind.""
- Good: ""2 men center foreground, facing each other, left man handing packet, brown woven basket with fruit, storefront behind.""
- Bad (avoid): ""several people near a sign"" — (vague count and sign).
- Bad (avoid): ""man holding something"" — (no verified contact or object).

Final note
- Always perform the two‑pass proposal + verification + pruning process, then emit exactly one grammatical comma‑separated sentence that preserves verified discriminative props and part relations where available and stays within the word limit.","1 woman left foreground, 1 woman right foreground, both carrying yellow bags, 2 men center midground, wallpapered walls behind.",0,1,Qwen/Qwen3-VL-8B-Instruct,0.0,,64,"{""temperature"": 0.0, ""top_p"": null, ""max_new_tokens"": 64}",0.2829453945159912,0.16572871804237366,19,False
flickr30k_main_seed1_train,textgrad_clip,textgrad_clip__textgrad_3e6350b67f,67,704,flickr30k_test_000704,images/flickr30k/flickr30k_test_000704.jpg,"[""Two men, one looking at a screen with a drum next to him, while the other is a man dressed in a white shirt is talking into a microphone."", ""A man in a white shirt sings into a microphone as he reads the words on a screen, while a balding man plays the drums."", ""Two guys looking at the screen of a tv while one sings, (presumably ) and the other plays a set of big wooden drums."", ""One man is playing the drums while another is singing Karaoke."", ""Two men in a club playing bongos and singing karaoke.""]",textgrad_3e6350b67f,TextGrad Step 8,"Output exactly one concise, information‑dense caption: a single grammatical sentence composed of comma‑separated short phrases. Produce only that one sentence (no lists, tags, JSON, logs, or extra lines). Use digits for counts only when each instance passes the Count verification below. Do not infer age, emotion, intention, or unseen attributes.

Required overall format and limits
- Produce 1–3 clearly separable subject groups in prominence order; each group is rendered as: [digit] + subject noun(s) + spatial anchor (see Spatial anchors). Target ≤24 words; allow up to +10% length (≤27 words) only to include a fully legible quoted text string or one necessary verified part‑level relation/background anchor. Aim for compact, active comma‑separated noun‑verb phrases.

Two‑pass generation (mandatory)
1) Token proposal: internally list candidate tokens for each slot — groups, micro‑action, part relation, up to three descriptors, viewpoint, lighting, background/text.
2) Verification & pruning: apply the numeric checks below to every candidate; drop any token that fails; then recompose a single grammatical comma‑separated sentence from the remaining verified tokens. If pruning removes a slot, ensure the final sentence remains grammatical.

Numeric verification rules (must be enforced)
- Count: include a digit only if each instance is ≥50% unobstructed and individually separable in the image.
- Contact (micro‑action): assert contact only if bbox overlap ≥12% of the smaller bbox OR clear segmentation adjacency/pixel overlap.
- Fine object class: assert a fine class only if classifier confidence >0.60 OR two independent visual cues (distinctive part + unique shape or part + contextual prop).
- Text transcription: transcribe quoted text only if fully legible at ≳8pt equivalent and high contrast; otherwise use a positional label (e.g., ""marquee above"").
- Background anchor: include a background noun phrase only if that anchor occupies ≥5% image area or is a distinct structure.
- If classifier/confidence metadata is unavailable, require at least two independent visual cues before asserting fine classes; otherwise use a higher‑level class.

Spatial anchors, grouping and prominence
- Centroid x rules: x < 0.33 → ""left""; 0.33 ≤ x ≤ 0.66 → ""center""; x > 0.66 → ""right"".
- If subject width >50% image width, emit ""center"".
- Append ""partially cropped at [top|bottom|left|right]"" if >5% of subject area lies outside image.
- Include depth token [foreground|midground|background] only when overlap/relative scale unambiguously indicates depth.
- Secondary group inclusion: include only if it covers ≥20% of main subject area OR passes a saliency threshold (top‑2 saliency bin). When ambiguous, prefer fewer groups.

Micro‑action and part‑level relations (strict)
- Include exactly one verbized micro‑action only if Contact verification passes. Use a strong verb (e.g., ""holding"", ""inserting"", ""walking"") and immediately follow with one part‑level relation using the exact template: ""[part] [verb] [object]"" (e.g., ""right hand holding pole""). If contact is not verified, omit both micro‑action and part relation.
- Do not use passive or vague forms; do not use ""with"" except inside the required template.

Descriptor selection and priority (up to 1–3 descriptors)
- Choose at most three verified descriptors in this strict priority order: (1) discriminative prop or part‑level prop, (2) precise object class, (3) fully legible text (quoted), (4) material/texture, (5) color, (6) reflection/surface condition. If none verify, omit descriptors.

Background, signage and reflections
- If text is fully legible per Text verification, quote exact string. Otherwise use a positional label (e.g., ""signboard above"", ""storefront window"").
- If an element appears doubled/reversed on a glass plane without 3D occlusion, label it ""reflections"". If items clearly sit behind glass with supporting occlusion, label ""on display behind glass"". If uncertain, omit both.

Pose/orientation and object state
- When unambiguous, include one brief orientation token (e.g., ""facing camera"", ""turned away"", ""leaning over"").
- When object state is clearly visible, include one object‑state descriptor (e.g., ""open instrument case"", ""wet reflective surface"").

Mandatory high‑signal inclusion
- If any discriminative prop or verified part‑level relation passes verification, the caption must include at least one such token (priority: prop > part relation > precise class).

Trimming priority (deterministic checklist)
- If over length, deterministically drop tokens in this order until within limit: color → viewpoint → lighting → reflections → material/texture → quoted text (unless necessary) → background (unless ≥5% area or necessary) → low‑priority descriptors. Always preserve discriminative prop and verified part relation when present.

Negative rules (must obey)
- Do not output multiple candidates or meta information.
- Do not invent counts, contacts, text, or fine classes that fail verification.
- Do not infer age, emotion, intentions, or unseen attributes.
- Do not use vague quantifiers (""several"") — use digits only when verified.

Use of metadata (if available)
- If bounding boxes, saliency, segmentation, or classifier confidences are available, use them to compute subject area, overlap, centroid, contact metrics, and verify fine classes. If unavailable, require multiple visual cues per the fallback rule.

Compact examples (good vs. bad)
- Good: ""1 child left foreground, right hand touching fountain, multiple arcing jets, medium, leafy park behind.""
- Good: ""2 men center foreground, facing each other, left man handing packet, brown woven basket with fruit, storefront behind.""
- Bad (avoid): ""several people near a sign"" — (vague count and sign).
- Bad (avoid): ""man holding something"" — (no verified contact or object).

Final note
- Always perform the two‑pass proposal + verification + pruning process, then emit exactly one grammatical comma‑separated sentence that preserves verified discriminative props and part relations where available and stays within the word limit.","1 man right foreground holding microphone, 1 man center midground seated, TV screen displaying text, red padded walls background.",0,1,Qwen/Qwen3-VL-8B-Instruct,0.0,,64,"{""temperature"": 0.0, ""top_p"": null, ""max_new_tokens"": 64}",0.26858121156692505,0.1673620045185089,19,False
flickr30k_main_seed1_train,textgrad_clip,textgrad_clip__textgrad_3e6350b67f,70,30024,flickr30k_test_030024,images/flickr30k/flickr30k_test_030024.jpg,"[""Several men are sitting around a dinner table having separate conversations."", ""A group of men are sitting at a table talking."", ""A man with gray hair is sitting at a table."", ""Four men are at a dining table."", ""Four men sitting at a table.""]",textgrad_3e6350b67f,TextGrad Step 8,"Output exactly one concise, information‑dense caption: a single grammatical sentence composed of comma‑separated short phrases. Produce only that one sentence (no lists, tags, JSON, logs, or extra lines). Use digits for counts only when each instance passes the Count verification below. Do not infer age, emotion, intention, or unseen attributes.

Required overall format and limits
- Produce 1–3 clearly separable subject groups in prominence order; each group is rendered as: [digit] + subject noun(s) + spatial anchor (see Spatial anchors). Target ≤24 words; allow up to +10% length (≤27 words) only to include a fully legible quoted text string or one necessary verified part‑level relation/background anchor. Aim for compact, active comma‑separated noun‑verb phrases.

Two‑pass generation (mandatory)
1) Token proposal: internally list candidate tokens for each slot — groups, micro‑action, part relation, up to three descriptors, viewpoint, lighting, background/text.
2) Verification & pruning: apply the numeric checks below to every candidate; drop any token that fails; then recompose a single grammatical comma‑separated sentence from the remaining verified tokens. If pruning removes a slot, ensure the final sentence remains grammatical.

Numeric verification rules (must be enforced)
- Count: include a digit only if each instance is ≥50% unobstructed and individually separable in the image.
- Contact (micro‑action): assert contact only if bbox overlap ≥12% of the smaller bbox OR clear segmentation adjacency/pixel overlap.
- Fine object class: assert a fine class only if classifier confidence >0.60 OR two independent visual cues (distinctive part + unique shape or part + contextual prop).
- Text transcription: transcribe quoted text only if fully legible at ≳8pt equivalent and high contrast; otherwise use a positional label (e.g., ""marquee above"").
- Background anchor: include a background noun phrase only if that anchor occupies ≥5% image area or is a distinct structure.
- If classifier/confidence metadata is unavailable, require at least two independent visual cues before asserting fine classes; otherwise use a higher‑level class.

Spatial anchors, grouping and prominence
- Centroid x rules: x < 0.33 → ""left""; 0.33 ≤ x ≤ 0.66 → ""center""; x > 0.66 → ""right"".
- If subject width >50% image width, emit ""center"".
- Append ""partially cropped at [top|bottom|left|right]"" if >5% of subject area lies outside image.
- Include depth token [foreground|midground|background] only when overlap/relative scale unambiguously indicates depth.
- Secondary group inclusion: include only if it covers ≥20% of main subject area OR passes a saliency threshold (top‑2 saliency bin). When ambiguous, prefer fewer groups.

Micro‑action and part‑level relations (strict)
- Include exactly one verbized micro‑action only if Contact verification passes. Use a strong verb (e.g., ""holding"", ""inserting"", ""walking"") and immediately follow with one part‑level relation using the exact template: ""[part] [verb] [object]"" (e.g., ""right hand holding pole""). If contact is not verified, omit both micro‑action and part relation.
- Do not use passive or vague forms; do not use ""with"" except inside the required template.

Descriptor selection and priority (up to 1–3 descriptors)
- Choose at most three verified descriptors in this strict priority order: (1) discriminative prop or part‑level prop, (2) precise object class, (3) fully legible text (quoted), (4) material/texture, (5) color, (6) reflection/surface condition. If none verify, omit descriptors.

Background, signage and reflections
- If text is fully legible per Text verification, quote exact string. Otherwise use a positional label (e.g., ""signboard above"", ""storefront window"").
- If an element appears doubled/reversed on a glass plane without 3D occlusion, label it ""reflections"". If items clearly sit behind glass with supporting occlusion, label ""on display behind glass"". If uncertain, omit both.

Pose/orientation and object state
- When unambiguous, include one brief orientation token (e.g., ""facing camera"", ""turned away"", ""leaning over"").
- When object state is clearly visible, include one object‑state descriptor (e.g., ""open instrument case"", ""wet reflective surface"").

Mandatory high‑signal inclusion
- If any discriminative prop or verified part‑level relation passes verification, the caption must include at least one such token (priority: prop > part relation > precise class).

Trimming priority (deterministic checklist)
- If over length, deterministically drop tokens in this order until within limit: color → viewpoint → lighting → reflections → material/texture → quoted text (unless necessary) → background (unless ≥5% area or necessary) → low‑priority descriptors. Always preserve discriminative prop and verified part relation when present.

Negative rules (must obey)
- Do not output multiple candidates or meta information.
- Do not invent counts, contacts, text, or fine classes that fail verification.
- Do not infer age, emotion, intentions, or unseen attributes.
- Do not use vague quantifiers (""several"") — use digits only when verified.

Use of metadata (if available)
- If bounding boxes, saliency, segmentation, or classifier confidences are available, use them to compute subject area, overlap, centroid, contact metrics, and verify fine classes. If unavailable, require multiple visual cues per the fallback rule.

Compact examples (good vs. bad)
- Good: ""1 child left foreground, right hand touching fountain, multiple arcing jets, medium, leafy park behind.""
- Good: ""2 men center foreground, facing each other, left man handing packet, brown woven basket with fruit, storefront behind.""
- Bad (avoid): ""several people near a sign"" — (vague count and sign).
- Bad (avoid): ""man holding something"" — (no verified contact or object).

Final note
- Always perform the two‑pass proposal + verification + pruning process, then emit exactly one grammatical comma‑separated sentence that preserves verified discriminative props and part relations where available and stays within the word limit.","Three men seated at a table, one holding a wine glass, bottles and glasses on table, white tablecloth, indoor setting.",0,1,Qwen/Qwen3-VL-8B-Instruct,0.0,,64,"{""temperature"": 0.0, ""top_p"": null, ""max_new_tokens"": 64}",0.27278274297714233,0.1945720911026001,20,False
flickr30k_main_seed1_train,textgrad_clip,textgrad_clip__textgrad_3e6350b67f,74,3276,flickr30k_test_003276,images/flickr30k/flickr30k_test_003276.jpg,"[""A group of nicely dressed people sitting at a long table with several bottles of wine on it."", ""People are sitting at long dining tables in a tent at some formal event."", ""A long dinner table with rows of people talking waiting for their food."", ""Many people sit at a long dinner table at a formal event."", ""Banquet attendees are waiting for the meal to be served.""]",textgrad_3e6350b67f,TextGrad Step 8,"Output exactly one concise, information‑dense caption: a single grammatical sentence composed of comma‑separated short phrases. Produce only that one sentence (no lists, tags, JSON, logs, or extra lines). Use digits for counts only when each instance passes the Count verification below. Do not infer age, emotion, intention, or unseen attributes.

Required overall format and limits
- Produce 1–3 clearly separable subject groups in prominence order; each group is rendered as: [digit] + subject noun(s) + spatial anchor (see Spatial anchors). Target ≤24 words; allow up to +10% length (≤27 words) only to include a fully legible quoted text string or one necessary verified part‑level relation/background anchor. Aim for compact, active comma‑separated noun‑verb phrases.

Two‑pass generation (mandatory)
1) Token proposal: internally list candidate tokens for each slot — groups, micro‑action, part relation, up to three descriptors, viewpoint, lighting, background/text.
2) Verification & pruning: apply the numeric checks below to every candidate; drop any token that fails; then recompose a single grammatical comma‑separated sentence from the remaining verified tokens. If pruning removes a slot, ensure the final sentence remains grammatical.

Numeric verification rules (must be enforced)
- Count: include a digit only if each instance is ≥50% unobstructed and individually separable in the image.
- Contact (micro‑action): assert contact only if bbox overlap ≥12% of the smaller bbox OR clear segmentation adjacency/pixel overlap.
- Fine object class: assert a fine class only if classifier confidence >0.60 OR two independent visual cues (distinctive part + unique shape or part + contextual prop).
- Text transcription: transcribe quoted text only if fully legible at ≳8pt equivalent and high contrast; otherwise use a positional label (e.g., ""marquee above"").
- Background anchor: include a background noun phrase only if that anchor occupies ≥5% image area or is a distinct structure.
- If classifier/confidence metadata is unavailable, require at least two independent visual cues before asserting fine classes; otherwise use a higher‑level class.

Spatial anchors, grouping and prominence
- Centroid x rules: x < 0.33 → ""left""; 0.33 ≤ x ≤ 0.66 → ""center""; x > 0.66 → ""right"".
- If subject width >50% image width, emit ""center"".
- Append ""partially cropped at [top|bottom|left|right]"" if >5% of subject area lies outside image.
- Include depth token [foreground|midground|background] only when overlap/relative scale unambiguously indicates depth.
- Secondary group inclusion: include only if it covers ≥20% of main subject area OR passes a saliency threshold (top‑2 saliency bin). When ambiguous, prefer fewer groups.

Micro‑action and part‑level relations (strict)
- Include exactly one verbized micro‑action only if Contact verification passes. Use a strong verb (e.g., ""holding"", ""inserting"", ""walking"") and immediately follow with one part‑level relation using the exact template: ""[part] [verb] [object]"" (e.g., ""right hand holding pole""). If contact is not verified, omit both micro‑action and part relation.
- Do not use passive or vague forms; do not use ""with"" except inside the required template.

Descriptor selection and priority (up to 1–3 descriptors)
- Choose at most three verified descriptors in this strict priority order: (1) discriminative prop or part‑level prop, (2) precise object class, (3) fully legible text (quoted), (4) material/texture, (5) color, (6) reflection/surface condition. If none verify, omit descriptors.

Background, signage and reflections
- If text is fully legible per Text verification, quote exact string. Otherwise use a positional label (e.g., ""signboard above"", ""storefront window"").
- If an element appears doubled/reversed on a glass plane without 3D occlusion, label it ""reflections"". If items clearly sit behind glass with supporting occlusion, label ""on display behind glass"". If uncertain, omit both.

Pose/orientation and object state
- When unambiguous, include one brief orientation token (e.g., ""facing camera"", ""turned away"", ""leaning over"").
- When object state is clearly visible, include one object‑state descriptor (e.g., ""open instrument case"", ""wet reflective surface"").

Mandatory high‑signal inclusion
- If any discriminative prop or verified part‑level relation passes verification, the caption must include at least one such token (priority: prop > part relation > precise class).

Trimming priority (deterministic checklist)
- If over length, deterministically drop tokens in this order until within limit: color → viewpoint → lighting → reflections → material/texture → quoted text (unless necessary) → background (unless ≥5% area or necessary) → low‑priority descriptors. Always preserve discriminative prop and verified part relation when present.

Negative rules (must obey)
- Do not output multiple candidates or meta information.
- Do not invent counts, contacts, text, or fine classes that fail verification.
- Do not infer age, emotion, intentions, or unseen attributes.
- Do not use vague quantifiers (""several"") — use digits only when verified.

Use of metadata (if available)
- If bounding boxes, saliency, segmentation, or classifier confidences are available, use them to compute subject area, overlap, centroid, contact metrics, and verify fine classes. If unavailable, require multiple visual cues per the fallback rule.

Compact examples (good vs. bad)
- Good: ""1 child left foreground, right hand touching fountain, multiple arcing jets, medium, leafy park behind.""
- Good: ""2 men center foreground, facing each other, left man handing packet, brown woven basket with fruit, storefront behind.""
- Bad (avoid): ""several people near a sign"" — (vague count and sign).
- Bad (avoid): ""man holding something"" — (no verified contact or object).

Final note
- Always perform the two‑pass proposal + verification + pruning process, then emit exactly one grammatical comma‑separated sentence that preserves verified discriminative props and part relations where available and stays within the word limit.","1 man right foreground, 2 women center, 1 man left foreground, long table with wine bottles, white tent canopy above.",0,1,Qwen/Qwen3-VL-8B-Instruct,0.0,,64,"{""temperature"": 0.0, ""top_p"": null, ""max_new_tokens"": 64}",0.2999163269996643,0.1337454915046692,20,False
flickr30k_main_seed1_train,textgrad_clip,textgrad_clip__textgrad_3e6350b67f,89,27198,flickr30k_test_027198,images/flickr30k/flickr30k_test_027198.jpg,"[""Three teenagers, two without shoes having a water gun fight with various types of guns trying to spray each other."", ""Three teenage boys blast each other with water guns in an open field."", ""Two boys getting shot by a water gun by another boy in a yard."", ""Three male teenagers are playing in a field with water guns."", ""Three boys in the middle of a squirt gun battle.""]",textgrad_3e6350b67f,TextGrad Step 8,"Output exactly one concise, information‑dense caption: a single grammatical sentence composed of comma‑separated short phrases. Produce only that one sentence (no lists, tags, JSON, logs, or extra lines). Use digits for counts only when each instance passes the Count verification below. Do not infer age, emotion, intention, or unseen attributes.

Required overall format and limits
- Produce 1–3 clearly separable subject groups in prominence order; each group is rendered as: [digit] + subject noun(s) + spatial anchor (see Spatial anchors). Target ≤24 words; allow up to +10% length (≤27 words) only to include a fully legible quoted text string or one necessary verified part‑level relation/background anchor. Aim for compact, active comma‑separated noun‑verb phrases.

Two‑pass generation (mandatory)
1) Token proposal: internally list candidate tokens for each slot — groups, micro‑action, part relation, up to three descriptors, viewpoint, lighting, background/text.
2) Verification & pruning: apply the numeric checks below to every candidate; drop any token that fails; then recompose a single grammatical comma‑separated sentence from the remaining verified tokens. If pruning removes a slot, ensure the final sentence remains grammatical.

Numeric verification rules (must be enforced)
- Count: include a digit only if each instance is ≥50% unobstructed and individually separable in the image.
- Contact (micro‑action): assert contact only if bbox overlap ≥12% of the smaller bbox OR clear segmentation adjacency/pixel overlap.
- Fine object class: assert a fine class only if classifier confidence >0.60 OR two independent visual cues (distinctive part + unique shape or part + contextual prop).
- Text transcription: transcribe quoted text only if fully legible at ≳8pt equivalent and high contrast; otherwise use a positional label (e.g., ""marquee above"").
- Background anchor: include a background noun phrase only if that anchor occupies ≥5% image area or is a distinct structure.
- If classifier/confidence metadata is unavailable, require at least two independent visual cues before asserting fine classes; otherwise use a higher‑level class.

Spatial anchors, grouping and prominence
- Centroid x rules: x < 0.33 → ""left""; 0.33 ≤ x ≤ 0.66 → ""center""; x > 0.66 → ""right"".
- If subject width >50% image width, emit ""center"".
- Append ""partially cropped at [top|bottom|left|right]"" if >5% of subject area lies outside image.
- Include depth token [foreground|midground|background] only when overlap/relative scale unambiguously indicates depth.
- Secondary group inclusion: include only if it covers ≥20% of main subject area OR passes a saliency threshold (top‑2 saliency bin). When ambiguous, prefer fewer groups.

Micro‑action and part‑level relations (strict)
- Include exactly one verbized micro‑action only if Contact verification passes. Use a strong verb (e.g., ""holding"", ""inserting"", ""walking"") and immediately follow with one part‑level relation using the exact template: ""[part] [verb] [object]"" (e.g., ""right hand holding pole""). If contact is not verified, omit both micro‑action and part relation.
- Do not use passive or vague forms; do not use ""with"" except inside the required template.

Descriptor selection and priority (up to 1–3 descriptors)
- Choose at most three verified descriptors in this strict priority order: (1) discriminative prop or part‑level prop, (2) precise object class, (3) fully legible text (quoted), (4) material/texture, (5) color, (6) reflection/surface condition. If none verify, omit descriptors.

Background, signage and reflections
- If text is fully legible per Text verification, quote exact string. Otherwise use a positional label (e.g., ""signboard above"", ""storefront window"").
- If an element appears doubled/reversed on a glass plane without 3D occlusion, label it ""reflections"". If items clearly sit behind glass with supporting occlusion, label ""on display behind glass"". If uncertain, omit both.

Pose/orientation and object state
- When unambiguous, include one brief orientation token (e.g., ""facing camera"", ""turned away"", ""leaning over"").
- When object state is clearly visible, include one object‑state descriptor (e.g., ""open instrument case"", ""wet reflective surface"").

Mandatory high‑signal inclusion
- If any discriminative prop or verified part‑level relation passes verification, the caption must include at least one such token (priority: prop > part relation > precise class).

Trimming priority (deterministic checklist)
- If over length, deterministically drop tokens in this order until within limit: color → viewpoint → lighting → reflections → material/texture → quoted text (unless necessary) → background (unless ≥5% area or necessary) → low‑priority descriptors. Always preserve discriminative prop and verified part relation when present.

Negative rules (must obey)
- Do not output multiple candidates or meta information.
- Do not invent counts, contacts, text, or fine classes that fail verification.
- Do not infer age, emotion, intentions, or unseen attributes.
- Do not use vague quantifiers (""several"") — use digits only when verified.

Use of metadata (if available)
- If bounding boxes, saliency, segmentation, or classifier confidences are available, use them to compute subject area, overlap, centroid, contact metrics, and verify fine classes. If unavailable, require multiple visual cues per the fallback rule.

Compact examples (good vs. bad)
- Good: ""1 child left foreground, right hand touching fountain, multiple arcing jets, medium, leafy park behind.""
- Good: ""2 men center foreground, facing each other, left man handing packet, brown woven basket with fruit, storefront behind.""
- Bad (avoid): ""several people near a sign"" — (vague count and sign).
- Bad (avoid): ""man holding something"" — (no verified contact or object).

Final note
- Always perform the two‑pass proposal + verification + pruning process, then emit exactly one grammatical comma‑separated sentence that preserves verified discriminative props and part relations where available and stays within the word limit.","3 people running on grass, right person holding water gun, spray visible, all partially cropped at left.",0,1,Qwen/Qwen3-VL-8B-Instruct,0.0,,64,"{""temperature"": 0.0, ""top_p"": null, ""max_new_tokens"": 64}",0.3481951057910919,0.2049422413110733,17,False
flickr30k_main_seed1_train,textgrad_clip,textgrad_clip__textgrad_3e6350b67f,106,7954,flickr30k_test_007954,images/flickr30k/flickr30k_test_007954.jpg,"[""A girl wearing a pink bathing suit top and sunglasses is playing in the sand next to a boy wearing red swim trunks."", ""A woman and her son play in the sand on a sunny day in the beach."", ""A young boy and girl in swimsuits play in the sand at the beach."", ""Two teenagers at the beach playing in the sand"", ""A boy and girl play with the sand.""]",textgrad_3e6350b67f,TextGrad Step 8,"Output exactly one concise, information‑dense caption: a single grammatical sentence composed of comma‑separated short phrases. Produce only that one sentence (no lists, tags, JSON, logs, or extra lines). Use digits for counts only when each instance passes the Count verification below. Do not infer age, emotion, intention, or unseen attributes.

Required overall format and limits
- Produce 1–3 clearly separable subject groups in prominence order; each group is rendered as: [digit] + subject noun(s) + spatial anchor (see Spatial anchors). Target ≤24 words; allow up to +10% length (≤27 words) only to include a fully legible quoted text string or one necessary verified part‑level relation/background anchor. Aim for compact, active comma‑separated noun‑verb phrases.

Two‑pass generation (mandatory)
1) Token proposal: internally list candidate tokens for each slot — groups, micro‑action, part relation, up to three descriptors, viewpoint, lighting, background/text.
2) Verification & pruning: apply the numeric checks below to every candidate; drop any token that fails; then recompose a single grammatical comma‑separated sentence from the remaining verified tokens. If pruning removes a slot, ensure the final sentence remains grammatical.

Numeric verification rules (must be enforced)
- Count: include a digit only if each instance is ≥50% unobstructed and individually separable in the image.
- Contact (micro‑action): assert contact only if bbox overlap ≥12% of the smaller bbox OR clear segmentation adjacency/pixel overlap.
- Fine object class: assert a fine class only if classifier confidence >0.60 OR two independent visual cues (distinctive part + unique shape or part + contextual prop).
- Text transcription: transcribe quoted text only if fully legible at ≳8pt equivalent and high contrast; otherwise use a positional label (e.g., ""marquee above"").
- Background anchor: include a background noun phrase only if that anchor occupies ≥5% image area or is a distinct structure.
- If classifier/confidence metadata is unavailable, require at least two independent visual cues before asserting fine classes; otherwise use a higher‑level class.

Spatial anchors, grouping and prominence
- Centroid x rules: x < 0.33 → ""left""; 0.33 ≤ x ≤ 0.66 → ""center""; x > 0.66 → ""right"".
- If subject width >50% image width, emit ""center"".
- Append ""partially cropped at [top|bottom|left|right]"" if >5% of subject area lies outside image.
- Include depth token [foreground|midground|background] only when overlap/relative scale unambiguously indicates depth.
- Secondary group inclusion: include only if it covers ≥20% of main subject area OR passes a saliency threshold (top‑2 saliency bin). When ambiguous, prefer fewer groups.

Micro‑action and part‑level relations (strict)
- Include exactly one verbized micro‑action only if Contact verification passes. Use a strong verb (e.g., ""holding"", ""inserting"", ""walking"") and immediately follow with one part‑level relation using the exact template: ""[part] [verb] [object]"" (e.g., ""right hand holding pole""). If contact is not verified, omit both micro‑action and part relation.
- Do not use passive or vague forms; do not use ""with"" except inside the required template.

Descriptor selection and priority (up to 1–3 descriptors)
- Choose at most three verified descriptors in this strict priority order: (1) discriminative prop or part‑level prop, (2) precise object class, (3) fully legible text (quoted), (4) material/texture, (5) color, (6) reflection/surface condition. If none verify, omit descriptors.

Background, signage and reflections
- If text is fully legible per Text verification, quote exact string. Otherwise use a positional label (e.g., ""signboard above"", ""storefront window"").
- If an element appears doubled/reversed on a glass plane without 3D occlusion, label it ""reflections"". If items clearly sit behind glass with supporting occlusion, label ""on display behind glass"". If uncertain, omit both.

Pose/orientation and object state
- When unambiguous, include one brief orientation token (e.g., ""facing camera"", ""turned away"", ""leaning over"").
- When object state is clearly visible, include one object‑state descriptor (e.g., ""open instrument case"", ""wet reflective surface"").

Mandatory high‑signal inclusion
- If any discriminative prop or verified part‑level relation passes verification, the caption must include at least one such token (priority: prop > part relation > precise class).

Trimming priority (deterministic checklist)
- If over length, deterministically drop tokens in this order until within limit: color → viewpoint → lighting → reflections → material/texture → quoted text (unless necessary) → background (unless ≥5% area or necessary) → low‑priority descriptors. Always preserve discriminative prop and verified part relation when present.

Negative rules (must obey)
- Do not output multiple candidates or meta information.
- Do not invent counts, contacts, text, or fine classes that fail verification.
- Do not infer age, emotion, intentions, or unseen attributes.
- Do not use vague quantifiers (""several"") — use digits only when verified.

Use of metadata (if available)
- If bounding boxes, saliency, segmentation, or classifier confidences are available, use them to compute subject area, overlap, centroid, contact metrics, and verify fine classes. If unavailable, require multiple visual cues per the fallback rule.

Compact examples (good vs. bad)
- Good: ""1 child left foreground, right hand touching fountain, multiple arcing jets, medium, leafy park behind.""
- Good: ""2 men center foreground, facing each other, left man handing packet, brown woven basket with fruit, storefront behind.""
- Bad (avoid): ""several people near a sign"" — (vague count and sign).
- Bad (avoid): ""man holding something"" — (no verified contact or object).

Final note
- Always perform the two‑pass proposal + verification + pruning process, then emit exactly one grammatical comma‑separated sentence that preserves verified discriminative props and part relations where available and stays within the word limit.","2 people center foreground, crouching on sand, one wearing patterned swimsuit, ocean water behind.",0,1,Qwen/Qwen3-VL-8B-Instruct,0.0,,64,"{""temperature"": 0.0, ""top_p"": null, ""max_new_tokens"": 64}",0.2753983736038208,0.1453041136264801,14,False
flickr30k_main_seed1_train,textgrad_clip,textgrad_clip__textgrad_3e6350b67f,119,24189,flickr30k_test_024189,images/flickr30k/flickr30k_test_024189.jpg,"[""A man and a woman are standing outside of subway with their travel luggage and sleeping bags."", ""Two people are picking up their belongings in front of a Subway."", ""A man and a woman outside subways picking up their belongings."", ""Two kids in odd clothes in front of a subway shop."", ""Man and woman are in front of Subway restaurant.""]",textgrad_3e6350b67f,TextGrad Step 8,"Output exactly one concise, information‑dense caption: a single grammatical sentence composed of comma‑separated short phrases. Produce only that one sentence (no lists, tags, JSON, logs, or extra lines). Use digits for counts only when each instance passes the Count verification below. Do not infer age, emotion, intention, or unseen attributes.

Required overall format and limits
- Produce 1–3 clearly separable subject groups in prominence order; each group is rendered as: [digit] + subject noun(s) + spatial anchor (see Spatial anchors). Target ≤24 words; allow up to +10% length (≤27 words) only to include a fully legible quoted text string or one necessary verified part‑level relation/background anchor. Aim for compact, active comma‑separated noun‑verb phrases.

Two‑pass generation (mandatory)
1) Token proposal: internally list candidate tokens for each slot — groups, micro‑action, part relation, up to three descriptors, viewpoint, lighting, background/text.
2) Verification & pruning: apply the numeric checks below to every candidate; drop any token that fails; then recompose a single grammatical comma‑separated sentence from the remaining verified tokens. If pruning removes a slot, ensure the final sentence remains grammatical.

Numeric verification rules (must be enforced)
- Count: include a digit only if each instance is ≥50% unobstructed and individually separable in the image.
- Contact (micro‑action): assert contact only if bbox overlap ≥12% of the smaller bbox OR clear segmentation adjacency/pixel overlap.
- Fine object class: assert a fine class only if classifier confidence >0.60 OR two independent visual cues (distinctive part + unique shape or part + contextual prop).
- Text transcription: transcribe quoted text only if fully legible at ≳8pt equivalent and high contrast; otherwise use a positional label (e.g., ""marquee above"").
- Background anchor: include a background noun phrase only if that anchor occupies ≥5% image area or is a distinct structure.
- If classifier/confidence metadata is unavailable, require at least two independent visual cues before asserting fine classes; otherwise use a higher‑level class.

Spatial anchors, grouping and prominence
- Centroid x rules: x < 0.33 → ""left""; 0.33 ≤ x ≤ 0.66 → ""center""; x > 0.66 → ""right"".
- If subject width >50% image width, emit ""center"".
- Append ""partially cropped at [top|bottom|left|right]"" if >5% of subject area lies outside image.
- Include depth token [foreground|midground|background] only when overlap/relative scale unambiguously indicates depth.
- Secondary group inclusion: include only if it covers ≥20% of main subject area OR passes a saliency threshold (top‑2 saliency bin). When ambiguous, prefer fewer groups.

Micro‑action and part‑level relations (strict)
- Include exactly one verbized micro‑action only if Contact verification passes. Use a strong verb (e.g., ""holding"", ""inserting"", ""walking"") and immediately follow with one part‑level relation using the exact template: ""[part] [verb] [object]"" (e.g., ""right hand holding pole""). If contact is not verified, omit both micro‑action and part relation.
- Do not use passive or vague forms; do not use ""with"" except inside the required template.

Descriptor selection and priority (up to 1–3 descriptors)
- Choose at most three verified descriptors in this strict priority order: (1) discriminative prop or part‑level prop, (2) precise object class, (3) fully legible text (quoted), (4) material/texture, (5) color, (6) reflection/surface condition. If none verify, omit descriptors.

Background, signage and reflections
- If text is fully legible per Text verification, quote exact string. Otherwise use a positional label (e.g., ""signboard above"", ""storefront window"").
- If an element appears doubled/reversed on a glass plane without 3D occlusion, label it ""reflections"". If items clearly sit behind glass with supporting occlusion, label ""on display behind glass"". If uncertain, omit both.

Pose/orientation and object state
- When unambiguous, include one brief orientation token (e.g., ""facing camera"", ""turned away"", ""leaning over"").
- When object state is clearly visible, include one object‑state descriptor (e.g., ""open instrument case"", ""wet reflective surface"").

Mandatory high‑signal inclusion
- If any discriminative prop or verified part‑level relation passes verification, the caption must include at least one such token (priority: prop > part relation > precise class).

Trimming priority (deterministic checklist)
- If over length, deterministically drop tokens in this order until within limit: color → viewpoint → lighting → reflections → material/texture → quoted text (unless necessary) → background (unless ≥5% area or necessary) → low‑priority descriptors. Always preserve discriminative prop and verified part relation when present.

Negative rules (must obey)
- Do not output multiple candidates or meta information.
- Do not invent counts, contacts, text, or fine classes that fail verification.
- Do not infer age, emotion, intentions, or unseen attributes.
- Do not use vague quantifiers (""several"") — use digits only when verified.

Use of metadata (if available)
- If bounding boxes, saliency, segmentation, or classifier confidences are available, use them to compute subject area, overlap, centroid, contact metrics, and verify fine classes. If unavailable, require multiple visual cues per the fallback rule.

Compact examples (good vs. bad)
- Good: ""1 child left foreground, right hand touching fountain, multiple arcing jets, medium, leafy park behind.""
- Good: ""2 men center foreground, facing each other, left man handing packet, brown woven basket with fruit, storefront behind.""
- Bad (avoid): ""several people near a sign"" — (vague count and sign).
- Bad (avoid): ""man holding something"" — (no verified contact or object).

Final note
- Always perform the two‑pass proposal + verification + pruning process, then emit exactly one grammatical comma‑separated sentence that preserves verified discriminative props and part relations where available and stays within the word limit.","1 man center foreground, bending over, right hand touching black bag, 1 woman right, standing near tree, ""SUBWAY OPEN"" marquee above.",0,1,Qwen/Qwen3-VL-8B-Instruct,0.0,,64,"{""temperature"": 0.0, ""top_p"": null, ""max_new_tokens"": 64}",0.282053142786026,0.22305315732955933,21,False
flickr30k_main_seed1_train,textgrad_clip,textgrad_clip__textgrad_3e6350b67f,127,5364,flickr30k_test_005364,images/flickr30k/flickr30k_test_005364.jpg,"[""A man is sitting in front of a Buddist monument."", ""A man stands in front of a statue."", ""Monk praying before buddha statue."", ""A person prays at a shrine."", ""A buddist worships buddha.""]",textgrad_3e6350b67f,TextGrad Step 8,"Output exactly one concise, information‑dense caption: a single grammatical sentence composed of comma‑separated short phrases. Produce only that one sentence (no lists, tags, JSON, logs, or extra lines). Use digits for counts only when each instance passes the Count verification below. Do not infer age, emotion, intention, or unseen attributes.

Required overall format and limits
- Produce 1–3 clearly separable subject groups in prominence order; each group is rendered as: [digit] + subject noun(s) + spatial anchor (see Spatial anchors). Target ≤24 words; allow up to +10% length (≤27 words) only to include a fully legible quoted text string or one necessary verified part‑level relation/background anchor. Aim for compact, active comma‑separated noun‑verb phrases.

Two‑pass generation (mandatory)
1) Token proposal: internally list candidate tokens for each slot — groups, micro‑action, part relation, up to three descriptors, viewpoint, lighting, background/text.
2) Verification & pruning: apply the numeric checks below to every candidate; drop any token that fails; then recompose a single grammatical comma‑separated sentence from the remaining verified tokens. If pruning removes a slot, ensure the final sentence remains grammatical.

Numeric verification rules (must be enforced)
- Count: include a digit only if each instance is ≥50% unobstructed and individually separable in the image.
- Contact (micro‑action): assert contact only if bbox overlap ≥12% of the smaller bbox OR clear segmentation adjacency/pixel overlap.
- Fine object class: assert a fine class only if classifier confidence >0.60 OR two independent visual cues (distinctive part + unique shape or part + contextual prop).
- Text transcription: transcribe quoted text only if fully legible at ≳8pt equivalent and high contrast; otherwise use a positional label (e.g., ""marquee above"").
- Background anchor: include a background noun phrase only if that anchor occupies ≥5% image area or is a distinct structure.
- If classifier/confidence metadata is unavailable, require at least two independent visual cues before asserting fine classes; otherwise use a higher‑level class.

Spatial anchors, grouping and prominence
- Centroid x rules: x < 0.33 → ""left""; 0.33 ≤ x ≤ 0.66 → ""center""; x > 0.66 → ""right"".
- If subject width >50% image width, emit ""center"".
- Append ""partially cropped at [top|bottom|left|right]"" if >5% of subject area lies outside image.
- Include depth token [foreground|midground|background] only when overlap/relative scale unambiguously indicates depth.
- Secondary group inclusion: include only if it covers ≥20% of main subject area OR passes a saliency threshold (top‑2 saliency bin). When ambiguous, prefer fewer groups.

Micro‑action and part‑level relations (strict)
- Include exactly one verbized micro‑action only if Contact verification passes. Use a strong verb (e.g., ""holding"", ""inserting"", ""walking"") and immediately follow with one part‑level relation using the exact template: ""[part] [verb] [object]"" (e.g., ""right hand holding pole""). If contact is not verified, omit both micro‑action and part relation.
- Do not use passive or vague forms; do not use ""with"" except inside the required template.

Descriptor selection and priority (up to 1–3 descriptors)
- Choose at most three verified descriptors in this strict priority order: (1) discriminative prop or part‑level prop, (2) precise object class, (3) fully legible text (quoted), (4) material/texture, (5) color, (6) reflection/surface condition. If none verify, omit descriptors.

Background, signage and reflections
- If text is fully legible per Text verification, quote exact string. Otherwise use a positional label (e.g., ""signboard above"", ""storefront window"").
- If an element appears doubled/reversed on a glass plane without 3D occlusion, label it ""reflections"". If items clearly sit behind glass with supporting occlusion, label ""on display behind glass"". If uncertain, omit both.

Pose/orientation and object state
- When unambiguous, include one brief orientation token (e.g., ""facing camera"", ""turned away"", ""leaning over"").
- When object state is clearly visible, include one object‑state descriptor (e.g., ""open instrument case"", ""wet reflective surface"").

Mandatory high‑signal inclusion
- If any discriminative prop or verified part‑level relation passes verification, the caption must include at least one such token (priority: prop > part relation > precise class).

Trimming priority (deterministic checklist)
- If over length, deterministically drop tokens in this order until within limit: color → viewpoint → lighting → reflections → material/texture → quoted text (unless necessary) → background (unless ≥5% area or necessary) → low‑priority descriptors. Always preserve discriminative prop and verified part relation when present.

Negative rules (must obey)
- Do not output multiple candidates or meta information.
- Do not invent counts, contacts, text, or fine classes that fail verification.
- Do not infer age, emotion, intentions, or unseen attributes.
- Do not use vague quantifiers (""several"") — use digits only when verified.

Use of metadata (if available)
- If bounding boxes, saliency, segmentation, or classifier confidences are available, use them to compute subject area, overlap, centroid, contact metrics, and verify fine classes. If unavailable, require multiple visual cues per the fallback rule.

Compact examples (good vs. bad)
- Good: ""1 child left foreground, right hand touching fountain, multiple arcing jets, medium, leafy park behind.""
- Good: ""2 men center foreground, facing each other, left man handing packet, brown woven basket with fruit, storefront behind.""
- Bad (avoid): ""several people near a sign"" — (vague count and sign).
- Bad (avoid): ""man holding something"" — (no verified contact or object).

Final note
- Always perform the two‑pass proposal + verification + pruning process, then emit exactly one grammatical comma‑separated sentence that preserves verified discriminative props and part relations where available and stays within the word limit.","1 Buddha statue center background, 1 person seated foreground, ornate silver incense burner, floral arrangements, wooden temple interior.",0,1,Qwen/Qwen3-VL-8B-Instruct,0.0,,64,"{""temperature"": 0.0, ""top_p"": null, ""max_new_tokens"": 64}",0.32213664054870605,0.2297525852918625,18,False
flickr30k_main_seed1_train,textgrad_clip,textgrad_clip__textgrad_3e6350b67f,129,27523,flickr30k_test_027523,images/flickr30k/flickr30k_test_027523.jpg,"[""A man is sitting on a bench in the street carving wooden sculptures."", ""A man in a blue hat and an apron carving wooden figurines."", ""A man in a blue cap whittles figures out of wood."", ""A man creating woodwork outside on a city bench."", ""Whittling wood-carver in a blue hat.""]",textgrad_3e6350b67f,TextGrad Step 8,"Output exactly one concise, information‑dense caption: a single grammatical sentence composed of comma‑separated short phrases. Produce only that one sentence (no lists, tags, JSON, logs, or extra lines). Use digits for counts only when each instance passes the Count verification below. Do not infer age, emotion, intention, or unseen attributes.

Required overall format and limits
- Produce 1–3 clearly separable subject groups in prominence order; each group is rendered as: [digit] + subject noun(s) + spatial anchor (see Spatial anchors). Target ≤24 words; allow up to +10% length (≤27 words) only to include a fully legible quoted text string or one necessary verified part‑level relation/background anchor. Aim for compact, active comma‑separated noun‑verb phrases.

Two‑pass generation (mandatory)
1) Token proposal: internally list candidate tokens for each slot — groups, micro‑action, part relation, up to three descriptors, viewpoint, lighting, background/text.
2) Verification & pruning: apply the numeric checks below to every candidate; drop any token that fails; then recompose a single grammatical comma‑separated sentence from the remaining verified tokens. If pruning removes a slot, ensure the final sentence remains grammatical.

Numeric verification rules (must be enforced)
- Count: include a digit only if each instance is ≥50% unobstructed and individually separable in the image.
- Contact (micro‑action): assert contact only if bbox overlap ≥12% of the smaller bbox OR clear segmentation adjacency/pixel overlap.
- Fine object class: assert a fine class only if classifier confidence >0.60 OR two independent visual cues (distinctive part + unique shape or part + contextual prop).
- Text transcription: transcribe quoted text only if fully legible at ≳8pt equivalent and high contrast; otherwise use a positional label (e.g., ""marquee above"").
- Background anchor: include a background noun phrase only if that anchor occupies ≥5% image area or is a distinct structure.
- If classifier/confidence metadata is unavailable, require at least two independent visual cues before asserting fine classes; otherwise use a higher‑level class.

Spatial anchors, grouping and prominence
- Centroid x rules: x < 0.33 → ""left""; 0.33 ≤ x ≤ 0.66 → ""center""; x > 0.66 → ""right"".
- If subject width >50% image width, emit ""center"".
- Append ""partially cropped at [top|bottom|left|right]"" if >5% of subject area lies outside image.
- Include depth token [foreground|midground|background] only when overlap/relative scale unambiguously indicates depth.
- Secondary group inclusion: include only if it covers ≥20% of main subject area OR passes a saliency threshold (top‑2 saliency bin). When ambiguous, prefer fewer groups.

Micro‑action and part‑level relations (strict)
- Include exactly one verbized micro‑action only if Contact verification passes. Use a strong verb (e.g., ""holding"", ""inserting"", ""walking"") and immediately follow with one part‑level relation using the exact template: ""[part] [verb] [object]"" (e.g., ""right hand holding pole""). If contact is not verified, omit both micro‑action and part relation.
- Do not use passive or vague forms; do not use ""with"" except inside the required template.

Descriptor selection and priority (up to 1–3 descriptors)
- Choose at most three verified descriptors in this strict priority order: (1) discriminative prop or part‑level prop, (2) precise object class, (3) fully legible text (quoted), (4) material/texture, (5) color, (6) reflection/surface condition. If none verify, omit descriptors.

Background, signage and reflections
- If text is fully legible per Text verification, quote exact string. Otherwise use a positional label (e.g., ""signboard above"", ""storefront window"").
- If an element appears doubled/reversed on a glass plane without 3D occlusion, label it ""reflections"". If items clearly sit behind glass with supporting occlusion, label ""on display behind glass"". If uncertain, omit both.

Pose/orientation and object state
- When unambiguous, include one brief orientation token (e.g., ""facing camera"", ""turned away"", ""leaning over"").
- When object state is clearly visible, include one object‑state descriptor (e.g., ""open instrument case"", ""wet reflective surface"").

Mandatory high‑signal inclusion
- If any discriminative prop or verified part‑level relation passes verification, the caption must include at least one such token (priority: prop > part relation > precise class).

Trimming priority (deterministic checklist)
- If over length, deterministically drop tokens in this order until within limit: color → viewpoint → lighting → reflections → material/texture → quoted text (unless necessary) → background (unless ≥5% area or necessary) → low‑priority descriptors. Always preserve discriminative prop and verified part relation when present.

Negative rules (must obey)
- Do not output multiple candidates or meta information.
- Do not invent counts, contacts, text, or fine classes that fail verification.
- Do not infer age, emotion, intentions, or unseen attributes.
- Do not use vague quantifiers (""several"") — use digits only when verified.

Use of metadata (if available)
- If bounding boxes, saliency, segmentation, or classifier confidences are available, use them to compute subject area, overlap, centroid, contact metrics, and verify fine classes. If unavailable, require multiple visual cues per the fallback rule.

Compact examples (good vs. bad)
- Good: ""1 child left foreground, right hand touching fountain, multiple arcing jets, medium, leafy park behind.""
- Good: ""2 men center foreground, facing each other, left man handing packet, brown woven basket with fruit, storefront behind.""
- Bad (avoid): ""several people near a sign"" — (vague count and sign).
- Bad (avoid): ""man holding something"" — (no verified contact or object).

Final note
- Always perform the two‑pass proposal + verification + pruning process, then emit exactly one grammatical comma‑separated sentence that preserves verified discriminative props and part relations where available and stays within the word limit.","1 man center foreground, blue cap, holding chisel, right hand carving wooden figure, wooden bench behind, brick wall background.",0,1,Qwen/Qwen3-VL-8B-Instruct,0.0,,64,"{""temperature"": 0.0, ""top_p"": null, ""max_new_tokens"": 64}",0.2985469102859497,0.20541462302207947,19,False
flickr30k_main_seed1_train,textgrad_clip,textgrad_clip__textgrad_3e6350b67f,132,16046,flickr30k_test_016046,images/flickr30k/flickr30k_test_016046.jpg,"[""A group a youths sitting outdoors watching two people with a microphone that are doing something by a table with a basin and some soap."", ""Two young women speak into a microphone n front of a crowd of other young women."", ""Two young women are speaking with a microphone to a group of young girls."", ""Two girls doing a demonstration in front of an audience outside."", ""A woman in a blue shirt is speaking to a group of children.""]",textgrad_3e6350b67f,TextGrad Step 8,"Output exactly one concise, information‑dense caption: a single grammatical sentence composed of comma‑separated short phrases. Produce only that one sentence (no lists, tags, JSON, logs, or extra lines). Use digits for counts only when each instance passes the Count verification below. Do not infer age, emotion, intention, or unseen attributes.

Required overall format and limits
- Produce 1–3 clearly separable subject groups in prominence order; each group is rendered as: [digit] + subject noun(s) + spatial anchor (see Spatial anchors). Target ≤24 words; allow up to +10% length (≤27 words) only to include a fully legible quoted text string or one necessary verified part‑level relation/background anchor. Aim for compact, active comma‑separated noun‑verb phrases.

Two‑pass generation (mandatory)
1) Token proposal: internally list candidate tokens for each slot — groups, micro‑action, part relation, up to three descriptors, viewpoint, lighting, background/text.
2) Verification & pruning: apply the numeric checks below to every candidate; drop any token that fails; then recompose a single grammatical comma‑separated sentence from the remaining verified tokens. If pruning removes a slot, ensure the final sentence remains grammatical.

Numeric verification rules (must be enforced)
- Count: include a digit only if each instance is ≥50% unobstructed and individually separable in the image.
- Contact (micro‑action): assert contact only if bbox overlap ≥12% of the smaller bbox OR clear segmentation adjacency/pixel overlap.
- Fine object class: assert a fine class only if classifier confidence >0.60 OR two independent visual cues (distinctive part + unique shape or part + contextual prop).
- Text transcription: transcribe quoted text only if fully legible at ≳8pt equivalent and high contrast; otherwise use a positional label (e.g., ""marquee above"").
- Background anchor: include a background noun phrase only if that anchor occupies ≥5% image area or is a distinct structure.
- If classifier/confidence metadata is unavailable, require at least two independent visual cues before asserting fine classes; otherwise use a higher‑level class.

Spatial anchors, grouping and prominence
- Centroid x rules: x < 0.33 → ""left""; 0.33 ≤ x ≤ 0.66 → ""center""; x > 0.66 → ""right"".
- If subject width >50% image width, emit ""center"".
- Append ""partially cropped at [top|bottom|left|right]"" if >5% of subject area lies outside image.
- Include depth token [foreground|midground|background] only when overlap/relative scale unambiguously indicates depth.
- Secondary group inclusion: include only if it covers ≥20% of main subject area OR passes a saliency threshold (top‑2 saliency bin). When ambiguous, prefer fewer groups.

Micro‑action and part‑level relations (strict)
- Include exactly one verbized micro‑action only if Contact verification passes. Use a strong verb (e.g., ""holding"", ""inserting"", ""walking"") and immediately follow with one part‑level relation using the exact template: ""[part] [verb] [object]"" (e.g., ""right hand holding pole""). If contact is not verified, omit both micro‑action and part relation.
- Do not use passive or vague forms; do not use ""with"" except inside the required template.

Descriptor selection and priority (up to 1–3 descriptors)
- Choose at most three verified descriptors in this strict priority order: (1) discriminative prop or part‑level prop, (2) precise object class, (3) fully legible text (quoted), (4) material/texture, (5) color, (6) reflection/surface condition. If none verify, omit descriptors.

Background, signage and reflections
- If text is fully legible per Text verification, quote exact string. Otherwise use a positional label (e.g., ""signboard above"", ""storefront window"").
- If an element appears doubled/reversed on a glass plane without 3D occlusion, label it ""reflections"". If items clearly sit behind glass with supporting occlusion, label ""on display behind glass"". If uncertain, omit both.

Pose/orientation and object state
- When unambiguous, include one brief orientation token (e.g., ""facing camera"", ""turned away"", ""leaning over"").
- When object state is clearly visible, include one object‑state descriptor (e.g., ""open instrument case"", ""wet reflective surface"").

Mandatory high‑signal inclusion
- If any discriminative prop or verified part‑level relation passes verification, the caption must include at least one such token (priority: prop > part relation > precise class).

Trimming priority (deterministic checklist)
- If over length, deterministically drop tokens in this order until within limit: color → viewpoint → lighting → reflections → material/texture → quoted text (unless necessary) → background (unless ≥5% area or necessary) → low‑priority descriptors. Always preserve discriminative prop and verified part relation when present.

Negative rules (must obey)
- Do not output multiple candidates or meta information.
- Do not invent counts, contacts, text, or fine classes that fail verification.
- Do not infer age, emotion, intentions, or unseen attributes.
- Do not use vague quantifiers (""several"") — use digits only when verified.

Use of metadata (if available)
- If bounding boxes, saliency, segmentation, or classifier confidences are available, use them to compute subject area, overlap, centroid, contact metrics, and verify fine classes. If unavailable, require multiple visual cues per the fallback rule.

Compact examples (good vs. bad)
- Good: ""1 child left foreground, right hand touching fountain, multiple arcing jets, medium, leafy park behind.""
- Good: ""2 men center foreground, facing each other, left man handing packet, brown woven basket with fruit, storefront behind.""
- Bad (avoid): ""several people near a sign"" — (vague count and sign).
- Bad (avoid): ""man holding something"" — (no verified contact or object).

Final note
- Always perform the two‑pass proposal + verification + pruning process, then emit exactly one grammatical comma‑separated sentence that preserves verified discriminative props and part relations where available and stays within the word limit.","2 women center foreground, one holding spray bottle, yellow basin on table, group seated right, brick wall background.",0,1,Qwen/Qwen3-VL-8B-Instruct,0.0,,64,"{""temperature"": 0.0, ""top_p"": null, ""max_new_tokens"": 64}",0.27079278230667114,0.1885414570569992,18,False
flickr30k_main_seed1_train,textgrad_clip,textgrad_clip__textgrad_3e6350b67f,137,10109,flickr30k_test_010109,images/flickr30k/flickr30k_test_010109.jpg,"[""A group of Asians with baskets of produce are squatting in a vegetable market."", ""Several people are picking through crops at an urban market."", ""Two people cleaning greens in the sunset."", ""Women are on business selling vegetables."", ""Two Asians with green leafy vegetables.""]",textgrad_3e6350b67f,TextGrad Step 8,"Output exactly one concise, information‑dense caption: a single grammatical sentence composed of comma‑separated short phrases. Produce only that one sentence (no lists, tags, JSON, logs, or extra lines). Use digits for counts only when each instance passes the Count verification below. Do not infer age, emotion, intention, or unseen attributes.

Required overall format and limits
- Produce 1–3 clearly separable subject groups in prominence order; each group is rendered as: [digit] + subject noun(s) + spatial anchor (see Spatial anchors). Target ≤24 words; allow up to +10% length (≤27 words) only to include a fully legible quoted text string or one necessary verified part‑level relation/background anchor. Aim for compact, active comma‑separated noun‑verb phrases.

Two‑pass generation (mandatory)
1) Token proposal: internally list candidate tokens for each slot — groups, micro‑action, part relation, up to three descriptors, viewpoint, lighting, background/text.
2) Verification & pruning: apply the numeric checks below to every candidate; drop any token that fails; then recompose a single grammatical comma‑separated sentence from the remaining verified tokens. If pruning removes a slot, ensure the final sentence remains grammatical.

Numeric verification rules (must be enforced)
- Count: include a digit only if each instance is ≥50% unobstructed and individually separable in the image.
- Contact (micro‑action): assert contact only if bbox overlap ≥12% of the smaller bbox OR clear segmentation adjacency/pixel overlap.
- Fine object class: assert a fine class only if classifier confidence >0.60 OR two independent visual cues (distinctive part + unique shape or part + contextual prop).
- Text transcription: transcribe quoted text only if fully legible at ≳8pt equivalent and high contrast; otherwise use a positional label (e.g., ""marquee above"").
- Background anchor: include a background noun phrase only if that anchor occupies ≥5% image area or is a distinct structure.
- If classifier/confidence metadata is unavailable, require at least two independent visual cues before asserting fine classes; otherwise use a higher‑level class.

Spatial anchors, grouping and prominence
- Centroid x rules: x < 0.33 → ""left""; 0.33 ≤ x ≤ 0.66 → ""center""; x > 0.66 → ""right"".
- If subject width >50% image width, emit ""center"".
- Append ""partially cropped at [top|bottom|left|right]"" if >5% of subject area lies outside image.
- Include depth token [foreground|midground|background] only when overlap/relative scale unambiguously indicates depth.
- Secondary group inclusion: include only if it covers ≥20% of main subject area OR passes a saliency threshold (top‑2 saliency bin). When ambiguous, prefer fewer groups.

Micro‑action and part‑level relations (strict)
- Include exactly one verbized micro‑action only if Contact verification passes. Use a strong verb (e.g., ""holding"", ""inserting"", ""walking"") and immediately follow with one part‑level relation using the exact template: ""[part] [verb] [object]"" (e.g., ""right hand holding pole""). If contact is not verified, omit both micro‑action and part relation.
- Do not use passive or vague forms; do not use ""with"" except inside the required template.

Descriptor selection and priority (up to 1–3 descriptors)
- Choose at most three verified descriptors in this strict priority order: (1) discriminative prop or part‑level prop, (2) precise object class, (3) fully legible text (quoted), (4) material/texture, (5) color, (6) reflection/surface condition. If none verify, omit descriptors.

Background, signage and reflections
- If text is fully legible per Text verification, quote exact string. Otherwise use a positional label (e.g., ""signboard above"", ""storefront window"").
- If an element appears doubled/reversed on a glass plane without 3D occlusion, label it ""reflections"". If items clearly sit behind glass with supporting occlusion, label ""on display behind glass"". If uncertain, omit both.

Pose/orientation and object state
- When unambiguous, include one brief orientation token (e.g., ""facing camera"", ""turned away"", ""leaning over"").
- When object state is clearly visible, include one object‑state descriptor (e.g., ""open instrument case"", ""wet reflective surface"").

Mandatory high‑signal inclusion
- If any discriminative prop or verified part‑level relation passes verification, the caption must include at least one such token (priority: prop > part relation > precise class).

Trimming priority (deterministic checklist)
- If over length, deterministically drop tokens in this order until within limit: color → viewpoint → lighting → reflections → material/texture → quoted text (unless necessary) → background (unless ≥5% area or necessary) → low‑priority descriptors. Always preserve discriminative prop and verified part relation when present.

Negative rules (must obey)
- Do not output multiple candidates or meta information.
- Do not invent counts, contacts, text, or fine classes that fail verification.
- Do not infer age, emotion, intentions, or unseen attributes.
- Do not use vague quantifiers (""several"") — use digits only when verified.

Use of metadata (if available)
- If bounding boxes, saliency, segmentation, or classifier confidences are available, use them to compute subject area, overlap, centroid, contact metrics, and verify fine classes. If unavailable, require multiple visual cues per the fallback rule.

Compact examples (good vs. bad)
- Good: ""1 child left foreground, right hand touching fountain, multiple arcing jets, medium, leafy park behind.""
- Good: ""2 men center foreground, facing each other, left man handing packet, brown woven basket with fruit, storefront behind.""
- Bad (avoid): ""several people near a sign"" — (vague count and sign).
- Bad (avoid): ""man holding something"" — (no verified contact or object).

Final note
- Always perform the two‑pass proposal + verification + pruning process, then emit exactly one grammatical comma‑separated sentence that preserves verified discriminative props and part relations where available and stays within the word limit.","Two women center foreground, wearing conical hats, sorting leafy greens into woven baskets, with colorful sacks and market stalls in background.",0,1,Qwen/Qwen3-VL-8B-Instruct,0.0,,64,"{""temperature"": 0.0, ""top_p"": null, ""max_new_tokens"": 64}",0.33882975578308105,0.2105448693037033,21,False
flickr30k_main_seed1_train,textgrad_clip,textgrad_clip__textgrad_3e6350b67f,141,19437,flickr30k_test_019437,images/flickr30k/flickr30k_test_019437.jpg,"[""A woman walks past a garage door that says \""no parking any time.\"""", ""A young woman in a denim skit waking in front of a garage."", ""Woman in a black dress walking passed a no parking zone."", ""A woman in a short dress standing by a No Parking sign."", ""A young woman walking by a rolling door.""]",textgrad_3e6350b67f,TextGrad Step 8,"Output exactly one concise, information‑dense caption: a single grammatical sentence composed of comma‑separated short phrases. Produce only that one sentence (no lists, tags, JSON, logs, or extra lines). Use digits for counts only when each instance passes the Count verification below. Do not infer age, emotion, intention, or unseen attributes.

Required overall format and limits
- Produce 1–3 clearly separable subject groups in prominence order; each group is rendered as: [digit] + subject noun(s) + spatial anchor (see Spatial anchors). Target ≤24 words; allow up to +10% length (≤27 words) only to include a fully legible quoted text string or one necessary verified part‑level relation/background anchor. Aim for compact, active comma‑separated noun‑verb phrases.

Two‑pass generation (mandatory)
1) Token proposal: internally list candidate tokens for each slot — groups, micro‑action, part relation, up to three descriptors, viewpoint, lighting, background/text.
2) Verification & pruning: apply the numeric checks below to every candidate; drop any token that fails; then recompose a single grammatical comma‑separated sentence from the remaining verified tokens. If pruning removes a slot, ensure the final sentence remains grammatical.

Numeric verification rules (must be enforced)
- Count: include a digit only if each instance is ≥50% unobstructed and individually separable in the image.
- Contact (micro‑action): assert contact only if bbox overlap ≥12% of the smaller bbox OR clear segmentation adjacency/pixel overlap.
- Fine object class: assert a fine class only if classifier confidence >0.60 OR two independent visual cues (distinctive part + unique shape or part + contextual prop).
- Text transcription: transcribe quoted text only if fully legible at ≳8pt equivalent and high contrast; otherwise use a positional label (e.g., ""marquee above"").
- Background anchor: include a background noun phrase only if that anchor occupies ≥5% image area or is a distinct structure.
- If classifier/confidence metadata is unavailable, require at least two independent visual cues before asserting fine classes; otherwise use a higher‑level class.

Spatial anchors, grouping and prominence
- Centroid x rules: x < 0.33 → ""left""; 0.33 ≤ x ≤ 0.66 → ""center""; x > 0.66 → ""right"".
- If subject width >50% image width, emit ""center"".
- Append ""partially cropped at [top|bottom|left|right]"" if >5% of subject area lies outside image.
- Include depth token [foreground|midground|background] only when overlap/relative scale unambiguously indicates depth.
- Secondary group inclusion: include only if it covers ≥20% of main subject area OR passes a saliency threshold (top‑2 saliency bin). When ambiguous, prefer fewer groups.

Micro‑action and part‑level relations (strict)
- Include exactly one verbized micro‑action only if Contact verification passes. Use a strong verb (e.g., ""holding"", ""inserting"", ""walking"") and immediately follow with one part‑level relation using the exact template: ""[part] [verb] [object]"" (e.g., ""right hand holding pole""). If contact is not verified, omit both micro‑action and part relation.
- Do not use passive or vague forms; do not use ""with"" except inside the required template.

Descriptor selection and priority (up to 1–3 descriptors)
- Choose at most three verified descriptors in this strict priority order: (1) discriminative prop or part‑level prop, (2) precise object class, (3) fully legible text (quoted), (4) material/texture, (5) color, (6) reflection/surface condition. If none verify, omit descriptors.

Background, signage and reflections
- If text is fully legible per Text verification, quote exact string. Otherwise use a positional label (e.g., ""signboard above"", ""storefront window"").
- If an element appears doubled/reversed on a glass plane without 3D occlusion, label it ""reflections"". If items clearly sit behind glass with supporting occlusion, label ""on display behind glass"". If uncertain, omit both.

Pose/orientation and object state
- When unambiguous, include one brief orientation token (e.g., ""facing camera"", ""turned away"", ""leaning over"").
- When object state is clearly visible, include one object‑state descriptor (e.g., ""open instrument case"", ""wet reflective surface"").

Mandatory high‑signal inclusion
- If any discriminative prop or verified part‑level relation passes verification, the caption must include at least one such token (priority: prop > part relation > precise class).

Trimming priority (deterministic checklist)
- If over length, deterministically drop tokens in this order until within limit: color → viewpoint → lighting → reflections → material/texture → quoted text (unless necessary) → background (unless ≥5% area or necessary) → low‑priority descriptors. Always preserve discriminative prop and verified part relation when present.

Negative rules (must obey)
- Do not output multiple candidates or meta information.
- Do not invent counts, contacts, text, or fine classes that fail verification.
- Do not infer age, emotion, intentions, or unseen attributes.
- Do not use vague quantifiers (""several"") — use digits only when verified.

Use of metadata (if available)
- If bounding boxes, saliency, segmentation, or classifier confidences are available, use them to compute subject area, overlap, centroid, contact metrics, and verify fine classes. If unavailable, require multiple visual cues per the fallback rule.

Compact examples (good vs. bad)
- Good: ""1 child left foreground, right hand touching fountain, multiple arcing jets, medium, leafy park behind.""
- Good: ""2 men center foreground, facing each other, left man handing packet, brown woven basket with fruit, storefront behind.""
- Bad (avoid): ""several people near a sign"" — (vague count and sign).
- Bad (avoid): ""man holding something"" — (no verified contact or object).

Final note
- Always perform the two‑pass proposal + verification + pruning process, then emit exactly one grammatical comma‑separated sentence that preserves verified discriminative props and part relations where available and stays within the word limit.","1 woman center foreground, walking, right hand holding bag, metal roll-up door behind, ""NO PARKING ANY TIME"" painted on door, ""WARNING"" signs on wall.",0,1,Qwen/Qwen3-VL-8B-Instruct,0.0,,64,"{""temperature"": 0.0, ""top_p"": null, ""max_new_tokens"": 64}",0.27148374915122986,0.21426227688789368,24,False
flickr30k_main_seed1_train,textgrad_clip,textgrad_clip__textgrad_3e6350b67f,145,5582,flickr30k_test_005582,images/flickr30k/flickr30k_test_005582.jpg,"[""A small black and white dog jumps at a woman in a white jeep while a golden dog follows beside them."", ""A dog jumps up towards a woman in a car, while another dog is outside the car."", ""An orange dog and a little white dog with black spots are next to a white car."", ""A small dog jumps by a car to reach a lady's face while another dog watches."", ""White and black dog jumps at someone through car window.""]",textgrad_3e6350b67f,TextGrad Step 8,"Output exactly one concise, information‑dense caption: a single grammatical sentence composed of comma‑separated short phrases. Produce only that one sentence (no lists, tags, JSON, logs, or extra lines). Use digits for counts only when each instance passes the Count verification below. Do not infer age, emotion, intention, or unseen attributes.

Required overall format and limits
- Produce 1–3 clearly separable subject groups in prominence order; each group is rendered as: [digit] + subject noun(s) + spatial anchor (see Spatial anchors). Target ≤24 words; allow up to +10% length (≤27 words) only to include a fully legible quoted text string or one necessary verified part‑level relation/background anchor. Aim for compact, active comma‑separated noun‑verb phrases.

Two‑pass generation (mandatory)
1) Token proposal: internally list candidate tokens for each slot — groups, micro‑action, part relation, up to three descriptors, viewpoint, lighting, background/text.
2) Verification & pruning: apply the numeric checks below to every candidate; drop any token that fails; then recompose a single grammatical comma‑separated sentence from the remaining verified tokens. If pruning removes a slot, ensure the final sentence remains grammatical.

Numeric verification rules (must be enforced)
- Count: include a digit only if each instance is ≥50% unobstructed and individually separable in the image.
- Contact (micro‑action): assert contact only if bbox overlap ≥12% of the smaller bbox OR clear segmentation adjacency/pixel overlap.
- Fine object class: assert a fine class only if classifier confidence >0.60 OR two independent visual cues (distinctive part + unique shape or part + contextual prop).
- Text transcription: transcribe quoted text only if fully legible at ≳8pt equivalent and high contrast; otherwise use a positional label (e.g., ""marquee above"").
- Background anchor: include a background noun phrase only if that anchor occupies ≥5% image area or is a distinct structure.
- If classifier/confidence metadata is unavailable, require at least two independent visual cues before asserting fine classes; otherwise use a higher‑level class.

Spatial anchors, grouping and prominence
- Centroid x rules: x < 0.33 → ""left""; 0.33 ≤ x ≤ 0.66 → ""center""; x > 0.66 → ""right"".
- If subject width >50% image width, emit ""center"".
- Append ""partially cropped at [top|bottom|left|right]"" if >5% of subject area lies outside image.
- Include depth token [foreground|midground|background] only when overlap/relative scale unambiguously indicates depth.
- Secondary group inclusion: include only if it covers ≥20% of main subject area OR passes a saliency threshold (top‑2 saliency bin). When ambiguous, prefer fewer groups.

Micro‑action and part‑level relations (strict)
- Include exactly one verbized micro‑action only if Contact verification passes. Use a strong verb (e.g., ""holding"", ""inserting"", ""walking"") and immediately follow with one part‑level relation using the exact template: ""[part] [verb] [object]"" (e.g., ""right hand holding pole""). If contact is not verified, omit both micro‑action and part relation.
- Do not use passive or vague forms; do not use ""with"" except inside the required template.

Descriptor selection and priority (up to 1–3 descriptors)
- Choose at most three verified descriptors in this strict priority order: (1) discriminative prop or part‑level prop, (2) precise object class, (3) fully legible text (quoted), (4) material/texture, (5) color, (6) reflection/surface condition. If none verify, omit descriptors.

Background, signage and reflections
- If text is fully legible per Text verification, quote exact string. Otherwise use a positional label (e.g., ""signboard above"", ""storefront window"").
- If an element appears doubled/reversed on a glass plane without 3D occlusion, label it ""reflections"". If items clearly sit behind glass with supporting occlusion, label ""on display behind glass"". If uncertain, omit both.

Pose/orientation and object state
- When unambiguous, include one brief orientation token (e.g., ""facing camera"", ""turned away"", ""leaning over"").
- When object state is clearly visible, include one object‑state descriptor (e.g., ""open instrument case"", ""wet reflective surface"").

Mandatory high‑signal inclusion
- If any discriminative prop or verified part‑level relation passes verification, the caption must include at least one such token (priority: prop > part relation > precise class).

Trimming priority (deterministic checklist)
- If over length, deterministically drop tokens in this order until within limit: color → viewpoint → lighting → reflections → material/texture → quoted text (unless necessary) → background (unless ≥5% area or necessary) → low‑priority descriptors. Always preserve discriminative prop and verified part relation when present.

Negative rules (must obey)
- Do not output multiple candidates or meta information.
- Do not invent counts, contacts, text, or fine classes that fail verification.
- Do not infer age, emotion, intentions, or unseen attributes.
- Do not use vague quantifiers (""several"") — use digits only when verified.

Use of metadata (if available)
- If bounding boxes, saliency, segmentation, or classifier confidences are available, use them to compute subject area, overlap, centroid, contact metrics, and verify fine classes. If unavailable, require multiple visual cues per the fallback rule.

Compact examples (good vs. bad)
- Good: ""1 child left foreground, right hand touching fountain, multiple arcing jets, medium, leafy park behind.""
- Good: ""2 men center foreground, facing each other, left man handing packet, brown woven basket with fruit, storefront behind.""
- Bad (avoid): ""several people near a sign"" — (vague count and sign).
- Bad (avoid): ""man holding something"" — (no verified contact or object).

Final note
- Always perform the two‑pass proposal + verification + pruning process, then emit exactly one grammatical comma‑separated sentence that preserves verified discriminative props and part relations where available and stays within the word limit.","1 dog midair leaping toward car window, 1 dog walking foreground, beige car partially cropped at right, sandy ground.",0,1,Qwen/Qwen3-VL-8B-Instruct,0.0,,64,"{""temperature"": 0.0, ""top_p"": null, ""max_new_tokens"": 64}",0.31046369671821594,0.20003338158130646,19,False
flickr30k_main_seed1_train,textgrad_clip,textgrad_clip__textgrad_3e6350b67f,146,5524,flickr30k_test_005524,images/flickr30k/flickr30k_test_005524.jpg,"[""A young, black girl in a white shirt is wearing a party hat and covering her mouth with her right hand."", ""A child is holding their hand over their mouth wearing a birthday hat."", ""A little African-American girl gets a big surprise on her birthday."", ""A young girl wearing a party hat is laughing."", ""A girl wearing a dog paw-spotted party hat.""]",textgrad_3e6350b67f,TextGrad Step 8,"Output exactly one concise, information‑dense caption: a single grammatical sentence composed of comma‑separated short phrases. Produce only that one sentence (no lists, tags, JSON, logs, or extra lines). Use digits for counts only when each instance passes the Count verification below. Do not infer age, emotion, intention, or unseen attributes.

Required overall format and limits
- Produce 1–3 clearly separable subject groups in prominence order; each group is rendered as: [digit] + subject noun(s) + spatial anchor (see Spatial anchors). Target ≤24 words; allow up to +10% length (≤27 words) only to include a fully legible quoted text string or one necessary verified part‑level relation/background anchor. Aim for compact, active comma‑separated noun‑verb phrases.

Two‑pass generation (mandatory)
1) Token proposal: internally list candidate tokens for each slot — groups, micro‑action, part relation, up to three descriptors, viewpoint, lighting, background/text.
2) Verification & pruning: apply the numeric checks below to every candidate; drop any token that fails; then recompose a single grammatical comma‑separated sentence from the remaining verified tokens. If pruning removes a slot, ensure the final sentence remains grammatical.

Numeric verification rules (must be enforced)
- Count: include a digit only if each instance is ≥50% unobstructed and individually separable in the image.
- Contact (micro‑action): assert contact only if bbox overlap ≥12% of the smaller bbox OR clear segmentation adjacency/pixel overlap.
- Fine object class: assert a fine class only if classifier confidence >0.60 OR two independent visual cues (distinctive part + unique shape or part + contextual prop).
- Text transcription: transcribe quoted text only if fully legible at ≳8pt equivalent and high contrast; otherwise use a positional label (e.g., ""marquee above"").
- Background anchor: include a background noun phrase only if that anchor occupies ≥5% image area or is a distinct structure.
- If classifier/confidence metadata is unavailable, require at least two independent visual cues before asserting fine classes; otherwise use a higher‑level class.

Spatial anchors, grouping and prominence
- Centroid x rules: x < 0.33 → ""left""; 0.33 ≤ x ≤ 0.66 → ""center""; x > 0.66 → ""right"".
- If subject width >50% image width, emit ""center"".
- Append ""partially cropped at [top|bottom|left|right]"" if >5% of subject area lies outside image.
- Include depth token [foreground|midground|background] only when overlap/relative scale unambiguously indicates depth.
- Secondary group inclusion: include only if it covers ≥20% of main subject area OR passes a saliency threshold (top‑2 saliency bin). When ambiguous, prefer fewer groups.

Micro‑action and part‑level relations (strict)
- Include exactly one verbized micro‑action only if Contact verification passes. Use a strong verb (e.g., ""holding"", ""inserting"", ""walking"") and immediately follow with one part‑level relation using the exact template: ""[part] [verb] [object]"" (e.g., ""right hand holding pole""). If contact is not verified, omit both micro‑action and part relation.
- Do not use passive or vague forms; do not use ""with"" except inside the required template.

Descriptor selection and priority (up to 1–3 descriptors)
- Choose at most three verified descriptors in this strict priority order: (1) discriminative prop or part‑level prop, (2) precise object class, (3) fully legible text (quoted), (4) material/texture, (5) color, (6) reflection/surface condition. If none verify, omit descriptors.

Background, signage and reflections
- If text is fully legible per Text verification, quote exact string. Otherwise use a positional label (e.g., ""signboard above"", ""storefront window"").
- If an element appears doubled/reversed on a glass plane without 3D occlusion, label it ""reflections"". If items clearly sit behind glass with supporting occlusion, label ""on display behind glass"". If uncertain, omit both.

Pose/orientation and object state
- When unambiguous, include one brief orientation token (e.g., ""facing camera"", ""turned away"", ""leaning over"").
- When object state is clearly visible, include one object‑state descriptor (e.g., ""open instrument case"", ""wet reflective surface"").

Mandatory high‑signal inclusion
- If any discriminative prop or verified part‑level relation passes verification, the caption must include at least one such token (priority: prop > part relation > precise class).

Trimming priority (deterministic checklist)
- If over length, deterministically drop tokens in this order until within limit: color → viewpoint → lighting → reflections → material/texture → quoted text (unless necessary) → background (unless ≥5% area or necessary) → low‑priority descriptors. Always preserve discriminative prop and verified part relation when present.

Negative rules (must obey)
- Do not output multiple candidates or meta information.
- Do not invent counts, contacts, text, or fine classes that fail verification.
- Do not infer age, emotion, intentions, or unseen attributes.
- Do not use vague quantifiers (""several"") — use digits only when verified.

Use of metadata (if available)
- If bounding boxes, saliency, segmentation, or classifier confidences are available, use them to compute subject area, overlap, centroid, contact metrics, and verify fine classes. If unavailable, require multiple visual cues per the fallback rule.

Compact examples (good vs. bad)
- Good: ""1 child left foreground, right hand touching fountain, multiple arcing jets, medium, leafy park behind.""
- Good: ""2 men center foreground, facing each other, left man handing packet, brown woven basket with fruit, storefront behind.""
- Bad (avoid): ""several people near a sign"" — (vague count and sign).
- Bad (avoid): ""man holding something"" — (no verified contact or object).

Final note
- Always perform the two‑pass proposal + verification + pruning process, then emit exactly one grammatical comma‑separated sentence that preserves verified discriminative props and part relations where available and stays within the word limit.","1 child center foreground, right hand touching balloon string, wearing patterned hat, partially cropped at top, dark background.",0,1,Qwen/Qwen3-VL-8B-Instruct,0.0,,64,"{""temperature"": 0.0, ""top_p"": null, ""max_new_tokens"": 64}",0.26687321066856384,0.1654682159423828,18,False
