split_id,method_id,run_id,order,dataset_index,image_id,image_relpath,reference_captions,prompt_id,prompt_name,prompt_text,caption,candidate_id,selected,model,temperature,top_p,max_new_tokens,generation_config,clip_score,siglip_score,caption_len,generic_flag
flickr30k_main_seed1_train,textgrad_clip,textgrad_clip__textgrad_8daf66d503,3,26288,flickr30k_test_026288,images/flickr30k/flickr30k_test_026288.jpg,"[""A local man is crouched on the ground next to some fresh fruit that his has just cut open with the knife in his hand."", ""Black male dressed like he maybe homeless hovering over food."", ""A man cutting and skinning a fruit that has green skin."", ""A man is chopping up food on the ground."", ""A man is carving a melon.""]",textgrad_8daf66d503,TextGrad Step 9,"Output exactly one concise, information‑dense caption: a single grammatical sentence composed of comma‑separated short phrases. Produce only that one sentence (no lists, tags, JSON, logs, or extra lines). Use digits for counts only when Count verification below passes. Do not infer age, emotion, intention, or unseen attributes.

Required overall format and limits
- Render 1–3 clearly separable subject groups in prominence order; each group is: [digit] + subject noun(s) + spatial anchor (see Spatial anchors). Target ≤24 words; allow up to +10% length (≤27 words) only to include a fully legible quoted text string or one necessary verified part‑level relation/background anchor. Aim for compact, active, comma‑separated noun‑verb phrases.

Two‑pass generation (mandatory)
1) Token proposal: internally list candidate tokens for each slot — subject groups, micro‑action, part relation, up to three descriptors, viewpoint/orientation, lighting, background/text.  
2) Verification & pruning: apply the numeric checks below to every candidate; drop any token that fails; then recompose a single grammatical comma‑separated sentence from the remaining verified tokens. If pruning removes a slot, ensure the final sentence remains grammatical.

Numeric verification rules (must be enforced)
- Count: include a digit only if each instance is ≥50% unobstructed and individually separable. Separability heuristic: centroids spacing ≥10% image width and distinct non‑overlapping silhouettes/contours. When uncertain, omit digits.
- Contact (micro‑action): assert contact only if overlap area / smaller bbox area ≥12% OR clear segmentation adjacency/pixel adjacency. Example pass: hand overlapping cup with 18% overlap → contact verified. Example fail: hand near cup with 3% overlap → omit micro‑action.
- Fine object class: assert a fine class only if classifier confidence >0.60 OR two independent visual cues (distinctive part + unique shape OR part + contextual prop). If metadata missing, require two visual cues.
- Text transcription: transcribe and quote exact text only if fully legible at ≳8pt equivalent and high contrast; otherwise emit a positional label (e.g., ""signboard above"", ""painted text on shutter at left"").
- Background anchor: include a background noun phrase only if that anchor occupies ≥5% image area or is a distinct structure (storefront, metal shutter, stairway).
- If classifier/confidence metadata unavailable, require two independent visual cues before asserting fine classes; do not invent fine classes otherwise.

Spatial anchors, grouping and prominence
- Centroid x rules: x < 0.33 → ""left""; 0.33 ≤ x ≤ 0.66 → ""center""; x > 0.66 → ""right"".
- If subject width >50% image width, emit ""center"".
- Append ""partially cropped at [top|bottom|left|right]"" if >5% of subject area lies outside image.
- Include depth token [foreground|midground|background] only when overlap ratio and scale unambiguously indicate depth (e.g., >25% occlusion and >2× scale difference).
- Secondary group inclusion: include only if it covers ≥20% of main subject area OR ranks top‑2 by area/saliency.

Micro‑action and part‑level relations (strict)
- Include exactly one verbized micro‑action only if Contact verification passes. Use a strong verb and immediately follow with one part‑level relation using the exact template: ""[part] [verb] [object]"" (e.g., ""right hand holding pole""). If contact not verified, omit both micro‑action and part relation.
- Do not use passive or vague forms; do not use ""with"" except inside the required template.

Descriptor selection and priority (up to 1–3 descriptors)
- Choose at most three verified descriptors in this strict priority: (1) discriminative prop (unique object, container, tool, sign text), (2) fully legible text (quoted), (3) precise fine class (if verified), (4) material/texture, (5) color, (6) reflection/surface condition. If none verify, omit descriptors.
- Mandatory: if any discriminative prop or verified part‑level relation passes verification, include at least one such token in the caption. Define ""present"" as classifier confidence >0.60 OR two independent visual cues.

Fine‑class cue examples (use these as verification patterns)
- Motorbike: engine casing + exhaust OR engine casing + attached baskets OR visible exhaust + motorbike frame.  
- Bicycle: pedals + chain OR spokes + visible pedals OR pedal + chainring.  
- Street vendor role only if vendor cues present (baskets of fruit + scale/pans + transaction posture).

Background, signage and reflections
- If text is fully legible per Text verification, quote exact string. Otherwise use a positional label (""storefront behind"", ""metal shutter with painted text at left"").  
- If an element appears doubled/reversed on a glass plane without occlusion, label ""reflections"". If items clearly sit behind glass with supporting occlusion, label ""on display behind glass"". If uncertain, omit both.

Pose/orientation and object state
- When unambiguous per measurable cues, include one brief orientation token (e.g., ""facing camera"", ""turned away"", ""leaning over"").  
- When object state is clearly visible, include one object‑state descriptor (e.g., ""open instrument case"", ""wet reflective surface"").

Trimming priority (deterministic checklist)
- If over length, deterministically drop tokens in this order until within limit: color → viewpoint/orientation → lighting → reflections → material/texture → background (unless ≥5% area or contains legible text) → low‑priority descriptors. Always preserve discriminative prop and verified part relations when present.

Count and saliency rules (concrete)
- Allow digits only when Count verification passes. For secondary groups, require ≥20% of main subject area OR top‑2 saliency by area/attention. When saliency metadata unavailable, use area thresholds.

Deterministic tie‑breakers
- If two subjects have similar prominence, choose the one with larger bbox area. Use centroid x and width rules for left/center/right deterministically.

Few focused examples (bad → good)
- Bad: ""man holding something"" → Good: ""1 man center foreground, right hand holding woven basket of oranges, storefront behind.""  
- Bad: ""man on bicycle"" (uncertain) → Good (motorbike cues present): ""1 man right foreground, standing by motorbike with woven baskets attached, sunlit doorway behind.""  
- Bad: ""sign"" (illegible) → Good: ""1 woman center foreground, walking past painted text on metal shutter at left.""  
- Bad: vague count ""several people"" → Good: ""2 children left foreground, both seated, blue pajamas, unwrapping silver gift, adult seated behind.""

Internal diagnostics (developer use only)
- Internally compute and retain which verification checks passed for each chosen token (counts, overlap %, cue pairs matched). Do not output these diagnostics in the caption.

Negative rules (must obey)
- Do not output multiple candidates, metadata, internal logs, or any extra text.  
- Do not invent counts, contacts, transcribed text, fine classes, or other tokens that fail verification.  
- Do not infer age, emotion, intentions, or unseen attributes.  
- Do not use vague quantifiers (""several""); use digits only when verified.

Final note
- Always perform the two‑pass proposal → verification → pruning process, then emit exactly one grammatical comma‑separated sentence that preserves verified discriminative props and part relations where available and stays within the word limit.","1 man center foreground, crouching, right hand holding jackfruit slice, green leaves beneath, blue bowl and red beans in background.",0,1,Qwen/Qwen3-VL-8B-Instruct,0.0,,64,"{""temperature"": 0.0, ""top_p"": null, ""max_new_tokens"": 64}",0.3017289638519287,0.16914057731628418,20,False
flickr30k_main_seed1_train,textgrad_clip,textgrad_clip__textgrad_8daf66d503,9,24935,flickr30k_test_024935,images/flickr30k/flickr30k_test_024935.jpg,"[""A group of shoppers gather at a fresh produce stand in order to make their selections."", ""A group of African Americans gather a street vendor."", ""Customers are waiting to get some food."", ""Hungry people are shopping for food."", ""A line is forming for the food cart.""]",textgrad_8daf66d503,TextGrad Step 9,"Output exactly one concise, information‑dense caption: a single grammatical sentence composed of comma‑separated short phrases. Produce only that one sentence (no lists, tags, JSON, logs, or extra lines). Use digits for counts only when Count verification below passes. Do not infer age, emotion, intention, or unseen attributes.

Required overall format and limits
- Render 1–3 clearly separable subject groups in prominence order; each group is: [digit] + subject noun(s) + spatial anchor (see Spatial anchors). Target ≤24 words; allow up to +10% length (≤27 words) only to include a fully legible quoted text string or one necessary verified part‑level relation/background anchor. Aim for compact, active, comma‑separated noun‑verb phrases.

Two‑pass generation (mandatory)
1) Token proposal: internally list candidate tokens for each slot — subject groups, micro‑action, part relation, up to three descriptors, viewpoint/orientation, lighting, background/text.  
2) Verification & pruning: apply the numeric checks below to every candidate; drop any token that fails; then recompose a single grammatical comma‑separated sentence from the remaining verified tokens. If pruning removes a slot, ensure the final sentence remains grammatical.

Numeric verification rules (must be enforced)
- Count: include a digit only if each instance is ≥50% unobstructed and individually separable. Separability heuristic: centroids spacing ≥10% image width and distinct non‑overlapping silhouettes/contours. When uncertain, omit digits.
- Contact (micro‑action): assert contact only if overlap area / smaller bbox area ≥12% OR clear segmentation adjacency/pixel adjacency. Example pass: hand overlapping cup with 18% overlap → contact verified. Example fail: hand near cup with 3% overlap → omit micro‑action.
- Fine object class: assert a fine class only if classifier confidence >0.60 OR two independent visual cues (distinctive part + unique shape OR part + contextual prop). If metadata missing, require two visual cues.
- Text transcription: transcribe and quote exact text only if fully legible at ≳8pt equivalent and high contrast; otherwise emit a positional label (e.g., ""signboard above"", ""painted text on shutter at left"").
- Background anchor: include a background noun phrase only if that anchor occupies ≥5% image area or is a distinct structure (storefront, metal shutter, stairway).
- If classifier/confidence metadata unavailable, require two independent visual cues before asserting fine classes; do not invent fine classes otherwise.

Spatial anchors, grouping and prominence
- Centroid x rules: x < 0.33 → ""left""; 0.33 ≤ x ≤ 0.66 → ""center""; x > 0.66 → ""right"".
- If subject width >50% image width, emit ""center"".
- Append ""partially cropped at [top|bottom|left|right]"" if >5% of subject area lies outside image.
- Include depth token [foreground|midground|background] only when overlap ratio and scale unambiguously indicate depth (e.g., >25% occlusion and >2× scale difference).
- Secondary group inclusion: include only if it covers ≥20% of main subject area OR ranks top‑2 by area/saliency.

Micro‑action and part‑level relations (strict)
- Include exactly one verbized micro‑action only if Contact verification passes. Use a strong verb and immediately follow with one part‑level relation using the exact template: ""[part] [verb] [object]"" (e.g., ""right hand holding pole""). If contact not verified, omit both micro‑action and part relation.
- Do not use passive or vague forms; do not use ""with"" except inside the required template.

Descriptor selection and priority (up to 1–3 descriptors)
- Choose at most three verified descriptors in this strict priority: (1) discriminative prop (unique object, container, tool, sign text), (2) fully legible text (quoted), (3) precise fine class (if verified), (4) material/texture, (5) color, (6) reflection/surface condition. If none verify, omit descriptors.
- Mandatory: if any discriminative prop or verified part‑level relation passes verification, include at least one such token in the caption. Define ""present"" as classifier confidence >0.60 OR two independent visual cues.

Fine‑class cue examples (use these as verification patterns)
- Motorbike: engine casing + exhaust OR engine casing + attached baskets OR visible exhaust + motorbike frame.  
- Bicycle: pedals + chain OR spokes + visible pedals OR pedal + chainring.  
- Street vendor role only if vendor cues present (baskets of fruit + scale/pans + transaction posture).

Background, signage and reflections
- If text is fully legible per Text verification, quote exact string. Otherwise use a positional label (""storefront behind"", ""metal shutter with painted text at left"").  
- If an element appears doubled/reversed on a glass plane without occlusion, label ""reflections"". If items clearly sit behind glass with supporting occlusion, label ""on display behind glass"". If uncertain, omit both.

Pose/orientation and object state
- When unambiguous per measurable cues, include one brief orientation token (e.g., ""facing camera"", ""turned away"", ""leaning over"").  
- When object state is clearly visible, include one object‑state descriptor (e.g., ""open instrument case"", ""wet reflective surface"").

Trimming priority (deterministic checklist)
- If over length, deterministically drop tokens in this order until within limit: color → viewpoint/orientation → lighting → reflections → material/texture → background (unless ≥5% area or contains legible text) → low‑priority descriptors. Always preserve discriminative prop and verified part relations when present.

Count and saliency rules (concrete)
- Allow digits only when Count verification passes. For secondary groups, require ≥20% of main subject area OR top‑2 saliency by area/attention. When saliency metadata unavailable, use area thresholds.

Deterministic tie‑breakers
- If two subjects have similar prominence, choose the one with larger bbox area. Use centroid x and width rules for left/center/right deterministically.

Few focused examples (bad → good)
- Bad: ""man holding something"" → Good: ""1 man center foreground, right hand holding woven basket of oranges, storefront behind.""  
- Bad: ""man on bicycle"" (uncertain) → Good (motorbike cues present): ""1 man right foreground, standing by motorbike with woven baskets attached, sunlit doorway behind.""  
- Bad: ""sign"" (illegible) → Good: ""1 woman center foreground, walking past painted text on metal shutter at left.""  
- Bad: vague count ""several people"" → Good: ""2 children left foreground, both seated, blue pajamas, unwrapping silver gift, adult seated behind.""

Internal diagnostics (developer use only)
- Internally compute and retain which verification checks passed for each chosen token (counts, overlap %, cue pairs matched). Do not output these diagnostics in the caption.

Negative rules (must obey)
- Do not output multiple candidates, metadata, internal logs, or any extra text.  
- Do not invent counts, contacts, transcribed text, fine classes, or other tokens that fail verification.  
- Do not infer age, emotion, intentions, or unseen attributes.  
- Do not use vague quantifiers (""several""); use digits only when verified.

Final note
- Always perform the two‑pass proposal → verification → pruning process, then emit exactly one grammatical comma‑separated sentence that preserves verified discriminative props and part relations where available and stays within the word limit.","1 man center foreground, right hand holding woven basket of oranges, storefront behind, 5 people midground right, 1 orange cone right foreground.",0,1,Qwen/Qwen3-VL-8B-Instruct,0.0,,64,"{""temperature"": 0.0, ""top_p"": null, ""max_new_tokens"": 64}",0.22221696376800537,0.1548072099685669,22,False
flickr30k_main_seed1_train,textgrad_clip,textgrad_clip__textgrad_8daf66d503,20,27386,flickr30k_test_027386,images/flickr30k/flickr30k_test_027386.jpg,"[""A single-file group of people wearing backpacks and other gear are hiking up the side of a green-covered mountain."", ""A group of backpackers treks across a green hill with snowcapped mountains off in the distance."", ""A line of backpackers trekking across a very green, hilly landscape."", ""A group of people are hiking along a grassy area."", ""Hiking in the mountains to have a scenic picnic.""]",textgrad_8daf66d503,TextGrad Step 9,"Output exactly one concise, information‑dense caption: a single grammatical sentence composed of comma‑separated short phrases. Produce only that one sentence (no lists, tags, JSON, logs, or extra lines). Use digits for counts only when Count verification below passes. Do not infer age, emotion, intention, or unseen attributes.

Required overall format and limits
- Render 1–3 clearly separable subject groups in prominence order; each group is: [digit] + subject noun(s) + spatial anchor (see Spatial anchors). Target ≤24 words; allow up to +10% length (≤27 words) only to include a fully legible quoted text string or one necessary verified part‑level relation/background anchor. Aim for compact, active, comma‑separated noun‑verb phrases.

Two‑pass generation (mandatory)
1) Token proposal: internally list candidate tokens for each slot — subject groups, micro‑action, part relation, up to three descriptors, viewpoint/orientation, lighting, background/text.  
2) Verification & pruning: apply the numeric checks below to every candidate; drop any token that fails; then recompose a single grammatical comma‑separated sentence from the remaining verified tokens. If pruning removes a slot, ensure the final sentence remains grammatical.

Numeric verification rules (must be enforced)
- Count: include a digit only if each instance is ≥50% unobstructed and individually separable. Separability heuristic: centroids spacing ≥10% image width and distinct non‑overlapping silhouettes/contours. When uncertain, omit digits.
- Contact (micro‑action): assert contact only if overlap area / smaller bbox area ≥12% OR clear segmentation adjacency/pixel adjacency. Example pass: hand overlapping cup with 18% overlap → contact verified. Example fail: hand near cup with 3% overlap → omit micro‑action.
- Fine object class: assert a fine class only if classifier confidence >0.60 OR two independent visual cues (distinctive part + unique shape OR part + contextual prop). If metadata missing, require two visual cues.
- Text transcription: transcribe and quote exact text only if fully legible at ≳8pt equivalent and high contrast; otherwise emit a positional label (e.g., ""signboard above"", ""painted text on shutter at left"").
- Background anchor: include a background noun phrase only if that anchor occupies ≥5% image area or is a distinct structure (storefront, metal shutter, stairway).
- If classifier/confidence metadata unavailable, require two independent visual cues before asserting fine classes; do not invent fine classes otherwise.

Spatial anchors, grouping and prominence
- Centroid x rules: x < 0.33 → ""left""; 0.33 ≤ x ≤ 0.66 → ""center""; x > 0.66 → ""right"".
- If subject width >50% image width, emit ""center"".
- Append ""partially cropped at [top|bottom|left|right]"" if >5% of subject area lies outside image.
- Include depth token [foreground|midground|background] only when overlap ratio and scale unambiguously indicate depth (e.g., >25% occlusion and >2× scale difference).
- Secondary group inclusion: include only if it covers ≥20% of main subject area OR ranks top‑2 by area/saliency.

Micro‑action and part‑level relations (strict)
- Include exactly one verbized micro‑action only if Contact verification passes. Use a strong verb and immediately follow with one part‑level relation using the exact template: ""[part] [verb] [object]"" (e.g., ""right hand holding pole""). If contact not verified, omit both micro‑action and part relation.
- Do not use passive or vague forms; do not use ""with"" except inside the required template.

Descriptor selection and priority (up to 1–3 descriptors)
- Choose at most three verified descriptors in this strict priority: (1) discriminative prop (unique object, container, tool, sign text), (2) fully legible text (quoted), (3) precise fine class (if verified), (4) material/texture, (5) color, (6) reflection/surface condition. If none verify, omit descriptors.
- Mandatory: if any discriminative prop or verified part‑level relation passes verification, include at least one such token in the caption. Define ""present"" as classifier confidence >0.60 OR two independent visual cues.

Fine‑class cue examples (use these as verification patterns)
- Motorbike: engine casing + exhaust OR engine casing + attached baskets OR visible exhaust + motorbike frame.  
- Bicycle: pedals + chain OR spokes + visible pedals OR pedal + chainring.  
- Street vendor role only if vendor cues present (baskets of fruit + scale/pans + transaction posture).

Background, signage and reflections
- If text is fully legible per Text verification, quote exact string. Otherwise use a positional label (""storefront behind"", ""metal shutter with painted text at left"").  
- If an element appears doubled/reversed on a glass plane without occlusion, label ""reflections"". If items clearly sit behind glass with supporting occlusion, label ""on display behind glass"". If uncertain, omit both.

Pose/orientation and object state
- When unambiguous per measurable cues, include one brief orientation token (e.g., ""facing camera"", ""turned away"", ""leaning over"").  
- When object state is clearly visible, include one object‑state descriptor (e.g., ""open instrument case"", ""wet reflective surface"").

Trimming priority (deterministic checklist)
- If over length, deterministically drop tokens in this order until within limit: color → viewpoint/orientation → lighting → reflections → material/texture → background (unless ≥5% area or contains legible text) → low‑priority descriptors. Always preserve discriminative prop and verified part relations when present.

Count and saliency rules (concrete)
- Allow digits only when Count verification passes. For secondary groups, require ≥20% of main subject area OR top‑2 saliency by area/attention. When saliency metadata unavailable, use area thresholds.

Deterministic tie‑breakers
- If two subjects have similar prominence, choose the one with larger bbox area. Use centroid x and width rules for left/center/right deterministically.

Few focused examples (bad → good)
- Bad: ""man holding something"" → Good: ""1 man center foreground, right hand holding woven basket of oranges, storefront behind.""  
- Bad: ""man on bicycle"" (uncertain) → Good (motorbike cues present): ""1 man right foreground, standing by motorbike with woven baskets attached, sunlit doorway behind.""  
- Bad: ""sign"" (illegible) → Good: ""1 woman center foreground, walking past painted text on metal shutter at left.""  
- Bad: vague count ""several people"" → Good: ""2 children left foreground, both seated, blue pajamas, unwrapping silver gift, adult seated behind.""

Internal diagnostics (developer use only)
- Internally compute and retain which verification checks passed for each chosen token (counts, overlap %, cue pairs matched). Do not output these diagnostics in the caption.

Negative rules (must obey)
- Do not output multiple candidates, metadata, internal logs, or any extra text.  
- Do not invent counts, contacts, transcribed text, fine classes, or other tokens that fail verification.  
- Do not infer age, emotion, intentions, or unseen attributes.  
- Do not use vague quantifiers (""several""); use digits only when verified.

Final note
- Always perform the two‑pass proposal → verification → pruning process, then emit exactly one grammatical comma‑separated sentence that preserves verified discriminative props and part relations where available and stays within the word limit.","7 hikers midground, walking single-file along grassy ridge, backpacks visible, distant snow-capped mountains and valley behind.",0,1,Qwen/Qwen3-VL-8B-Instruct,0.0,,64,"{""temperature"": 0.0, ""top_p"": null, ""max_new_tokens"": 64}",0.3032951354980469,0.18956241011619568,16,False
flickr30k_main_seed1_train,textgrad_clip,textgrad_clip__textgrad_8daf66d503,25,25138,flickr30k_test_025138,images/flickr30k/flickr30k_test_025138.jpg,"[""A woman in a black stocking hat and black leather jacket, talking to a man with a beard in a black fleece jacket."", ""A girl in a black sock hat is talking to a man wearing a blue shirt."", ""A woman and man talking to each other in front of a scenic lake."", ""People talking to one another outside near a fountain."", ""A woman in a black beanie looks up at a bearded man.""]",textgrad_8daf66d503,TextGrad Step 9,"Output exactly one concise, information‑dense caption: a single grammatical sentence composed of comma‑separated short phrases. Produce only that one sentence (no lists, tags, JSON, logs, or extra lines). Use digits for counts only when Count verification below passes. Do not infer age, emotion, intention, or unseen attributes.

Required overall format and limits
- Render 1–3 clearly separable subject groups in prominence order; each group is: [digit] + subject noun(s) + spatial anchor (see Spatial anchors). Target ≤24 words; allow up to +10% length (≤27 words) only to include a fully legible quoted text string or one necessary verified part‑level relation/background anchor. Aim for compact, active, comma‑separated noun‑verb phrases.

Two‑pass generation (mandatory)
1) Token proposal: internally list candidate tokens for each slot — subject groups, micro‑action, part relation, up to three descriptors, viewpoint/orientation, lighting, background/text.  
2) Verification & pruning: apply the numeric checks below to every candidate; drop any token that fails; then recompose a single grammatical comma‑separated sentence from the remaining verified tokens. If pruning removes a slot, ensure the final sentence remains grammatical.

Numeric verification rules (must be enforced)
- Count: include a digit only if each instance is ≥50% unobstructed and individually separable. Separability heuristic: centroids spacing ≥10% image width and distinct non‑overlapping silhouettes/contours. When uncertain, omit digits.
- Contact (micro‑action): assert contact only if overlap area / smaller bbox area ≥12% OR clear segmentation adjacency/pixel adjacency. Example pass: hand overlapping cup with 18% overlap → contact verified. Example fail: hand near cup with 3% overlap → omit micro‑action.
- Fine object class: assert a fine class only if classifier confidence >0.60 OR two independent visual cues (distinctive part + unique shape OR part + contextual prop). If metadata missing, require two visual cues.
- Text transcription: transcribe and quote exact text only if fully legible at ≳8pt equivalent and high contrast; otherwise emit a positional label (e.g., ""signboard above"", ""painted text on shutter at left"").
- Background anchor: include a background noun phrase only if that anchor occupies ≥5% image area or is a distinct structure (storefront, metal shutter, stairway).
- If classifier/confidence metadata unavailable, require two independent visual cues before asserting fine classes; do not invent fine classes otherwise.

Spatial anchors, grouping and prominence
- Centroid x rules: x < 0.33 → ""left""; 0.33 ≤ x ≤ 0.66 → ""center""; x > 0.66 → ""right"".
- If subject width >50% image width, emit ""center"".
- Append ""partially cropped at [top|bottom|left|right]"" if >5% of subject area lies outside image.
- Include depth token [foreground|midground|background] only when overlap ratio and scale unambiguously indicate depth (e.g., >25% occlusion and >2× scale difference).
- Secondary group inclusion: include only if it covers ≥20% of main subject area OR ranks top‑2 by area/saliency.

Micro‑action and part‑level relations (strict)
- Include exactly one verbized micro‑action only if Contact verification passes. Use a strong verb and immediately follow with one part‑level relation using the exact template: ""[part] [verb] [object]"" (e.g., ""right hand holding pole""). If contact not verified, omit both micro‑action and part relation.
- Do not use passive or vague forms; do not use ""with"" except inside the required template.

Descriptor selection and priority (up to 1–3 descriptors)
- Choose at most three verified descriptors in this strict priority: (1) discriminative prop (unique object, container, tool, sign text), (2) fully legible text (quoted), (3) precise fine class (if verified), (4) material/texture, (5) color, (6) reflection/surface condition. If none verify, omit descriptors.
- Mandatory: if any discriminative prop or verified part‑level relation passes verification, include at least one such token in the caption. Define ""present"" as classifier confidence >0.60 OR two independent visual cues.

Fine‑class cue examples (use these as verification patterns)
- Motorbike: engine casing + exhaust OR engine casing + attached baskets OR visible exhaust + motorbike frame.  
- Bicycle: pedals + chain OR spokes + visible pedals OR pedal + chainring.  
- Street vendor role only if vendor cues present (baskets of fruit + scale/pans + transaction posture).

Background, signage and reflections
- If text is fully legible per Text verification, quote exact string. Otherwise use a positional label (""storefront behind"", ""metal shutter with painted text at left"").  
- If an element appears doubled/reversed on a glass plane without occlusion, label ""reflections"". If items clearly sit behind glass with supporting occlusion, label ""on display behind glass"". If uncertain, omit both.

Pose/orientation and object state
- When unambiguous per measurable cues, include one brief orientation token (e.g., ""facing camera"", ""turned away"", ""leaning over"").  
- When object state is clearly visible, include one object‑state descriptor (e.g., ""open instrument case"", ""wet reflective surface"").

Trimming priority (deterministic checklist)
- If over length, deterministically drop tokens in this order until within limit: color → viewpoint/orientation → lighting → reflections → material/texture → background (unless ≥5% area or contains legible text) → low‑priority descriptors. Always preserve discriminative prop and verified part relations when present.

Count and saliency rules (concrete)
- Allow digits only when Count verification passes. For secondary groups, require ≥20% of main subject area OR top‑2 saliency by area/attention. When saliency metadata unavailable, use area thresholds.

Deterministic tie‑breakers
- If two subjects have similar prominence, choose the one with larger bbox area. Use centroid x and width rules for left/center/right deterministically.

Few focused examples (bad → good)
- Bad: ""man holding something"" → Good: ""1 man center foreground, right hand holding woven basket of oranges, storefront behind.""  
- Bad: ""man on bicycle"" (uncertain) → Good (motorbike cues present): ""1 man right foreground, standing by motorbike with woven baskets attached, sunlit doorway behind.""  
- Bad: ""sign"" (illegible) → Good: ""1 woman center foreground, walking past painted text on metal shutter at left.""  
- Bad: vague count ""several people"" → Good: ""2 children left foreground, both seated, blue pajamas, unwrapping silver gift, adult seated behind.""

Internal diagnostics (developer use only)
- Internally compute and retain which verification checks passed for each chosen token (counts, overlap %, cue pairs matched). Do not output these diagnostics in the caption.

Negative rules (must obey)
- Do not output multiple candidates, metadata, internal logs, or any extra text.  
- Do not invent counts, contacts, transcribed text, fine classes, or other tokens that fail verification.  
- Do not infer age, emotion, intentions, or unseen attributes.  
- Do not use vague quantifiers (""several""); use digits only when verified.

Final note
- Always perform the two‑pass proposal → verification → pruning process, then emit exactly one grammatical comma‑separated sentence that preserves verified discriminative props and part relations where available and stays within the word limit.","1 man left foreground, 1 woman center foreground, 1 man right foreground, all standing by railing near water, trees and buildings in background.",0,1,Qwen/Qwen3-VL-8B-Instruct,0.0,,64,"{""temperature"": 0.0, ""top_p"": null, ""max_new_tokens"": 64}",0.27190327644348145,0.18464648723602295,23,False
flickr30k_main_seed1_train,textgrad_clip,textgrad_clip__textgrad_8daf66d503,26,69,flickr30k_test_000069,images/flickr30k/flickr30k_test_000069.jpg,"[""A man in a black coat walks past a red spaceship with a parking ticket stuck to its window."", ""A man is standing in front of a small red object that looks like a plane."", ""A man wearing a black jacket is walking towards the street."", ""A man in a black jacket is moving towards a street."", ""Man in black coat examining airplane nose.""]",textgrad_8daf66d503,TextGrad Step 9,"Output exactly one concise, information‑dense caption: a single grammatical sentence composed of comma‑separated short phrases. Produce only that one sentence (no lists, tags, JSON, logs, or extra lines). Use digits for counts only when Count verification below passes. Do not infer age, emotion, intention, or unseen attributes.

Required overall format and limits
- Render 1–3 clearly separable subject groups in prominence order; each group is: [digit] + subject noun(s) + spatial anchor (see Spatial anchors). Target ≤24 words; allow up to +10% length (≤27 words) only to include a fully legible quoted text string or one necessary verified part‑level relation/background anchor. Aim for compact, active, comma‑separated noun‑verb phrases.

Two‑pass generation (mandatory)
1) Token proposal: internally list candidate tokens for each slot — subject groups, micro‑action, part relation, up to three descriptors, viewpoint/orientation, lighting, background/text.  
2) Verification & pruning: apply the numeric checks below to every candidate; drop any token that fails; then recompose a single grammatical comma‑separated sentence from the remaining verified tokens. If pruning removes a slot, ensure the final sentence remains grammatical.

Numeric verification rules (must be enforced)
- Count: include a digit only if each instance is ≥50% unobstructed and individually separable. Separability heuristic: centroids spacing ≥10% image width and distinct non‑overlapping silhouettes/contours. When uncertain, omit digits.
- Contact (micro‑action): assert contact only if overlap area / smaller bbox area ≥12% OR clear segmentation adjacency/pixel adjacency. Example pass: hand overlapping cup with 18% overlap → contact verified. Example fail: hand near cup with 3% overlap → omit micro‑action.
- Fine object class: assert a fine class only if classifier confidence >0.60 OR two independent visual cues (distinctive part + unique shape OR part + contextual prop). If metadata missing, require two visual cues.
- Text transcription: transcribe and quote exact text only if fully legible at ≳8pt equivalent and high contrast; otherwise emit a positional label (e.g., ""signboard above"", ""painted text on shutter at left"").
- Background anchor: include a background noun phrase only if that anchor occupies ≥5% image area or is a distinct structure (storefront, metal shutter, stairway).
- If classifier/confidence metadata unavailable, require two independent visual cues before asserting fine classes; do not invent fine classes otherwise.

Spatial anchors, grouping and prominence
- Centroid x rules: x < 0.33 → ""left""; 0.33 ≤ x ≤ 0.66 → ""center""; x > 0.66 → ""right"".
- If subject width >50% image width, emit ""center"".
- Append ""partially cropped at [top|bottom|left|right]"" if >5% of subject area lies outside image.
- Include depth token [foreground|midground|background] only when overlap ratio and scale unambiguously indicate depth (e.g., >25% occlusion and >2× scale difference).
- Secondary group inclusion: include only if it covers ≥20% of main subject area OR ranks top‑2 by area/saliency.

Micro‑action and part‑level relations (strict)
- Include exactly one verbized micro‑action only if Contact verification passes. Use a strong verb and immediately follow with one part‑level relation using the exact template: ""[part] [verb] [object]"" (e.g., ""right hand holding pole""). If contact not verified, omit both micro‑action and part relation.
- Do not use passive or vague forms; do not use ""with"" except inside the required template.

Descriptor selection and priority (up to 1–3 descriptors)
- Choose at most three verified descriptors in this strict priority: (1) discriminative prop (unique object, container, tool, sign text), (2) fully legible text (quoted), (3) precise fine class (if verified), (4) material/texture, (5) color, (6) reflection/surface condition. If none verify, omit descriptors.
- Mandatory: if any discriminative prop or verified part‑level relation passes verification, include at least one such token in the caption. Define ""present"" as classifier confidence >0.60 OR two independent visual cues.

Fine‑class cue examples (use these as verification patterns)
- Motorbike: engine casing + exhaust OR engine casing + attached baskets OR visible exhaust + motorbike frame.  
- Bicycle: pedals + chain OR spokes + visible pedals OR pedal + chainring.  
- Street vendor role only if vendor cues present (baskets of fruit + scale/pans + transaction posture).

Background, signage and reflections
- If text is fully legible per Text verification, quote exact string. Otherwise use a positional label (""storefront behind"", ""metal shutter with painted text at left"").  
- If an element appears doubled/reversed on a glass plane without occlusion, label ""reflections"". If items clearly sit behind glass with supporting occlusion, label ""on display behind glass"". If uncertain, omit both.

Pose/orientation and object state
- When unambiguous per measurable cues, include one brief orientation token (e.g., ""facing camera"", ""turned away"", ""leaning over"").  
- When object state is clearly visible, include one object‑state descriptor (e.g., ""open instrument case"", ""wet reflective surface"").

Trimming priority (deterministic checklist)
- If over length, deterministically drop tokens in this order until within limit: color → viewpoint/orientation → lighting → reflections → material/texture → background (unless ≥5% area or contains legible text) → low‑priority descriptors. Always preserve discriminative prop and verified part relations when present.

Count and saliency rules (concrete)
- Allow digits only when Count verification passes. For secondary groups, require ≥20% of main subject area OR top‑2 saliency by area/attention. When saliency metadata unavailable, use area thresholds.

Deterministic tie‑breakers
- If two subjects have similar prominence, choose the one with larger bbox area. Use centroid x and width rules for left/center/right deterministically.

Few focused examples (bad → good)
- Bad: ""man holding something"" → Good: ""1 man center foreground, right hand holding woven basket of oranges, storefront behind.""  
- Bad: ""man on bicycle"" (uncertain) → Good (motorbike cues present): ""1 man right foreground, standing by motorbike with woven baskets attached, sunlit doorway behind.""  
- Bad: ""sign"" (illegible) → Good: ""1 woman center foreground, walking past painted text on metal shutter at left.""  
- Bad: vague count ""several people"" → Good: ""2 children left foreground, both seated, blue pajamas, unwrapping silver gift, adult seated behind.""

Internal diagnostics (developer use only)
- Internally compute and retain which verification checks passed for each chosen token (counts, overlap %, cue pairs matched). Do not output these diagnostics in the caption.

Negative rules (must obey)
- Do not output multiple candidates, metadata, internal logs, or any extra text.  
- Do not invent counts, contacts, transcribed text, fine classes, or other tokens that fail verification.  
- Do not infer age, emotion, intentions, or unseen attributes.  
- Do not use vague quantifiers (""several""); use digits only when verified.

Final note
- Always perform the two‑pass proposal → verification → pruning process, then emit exactly one grammatical comma‑separated sentence that preserves verified discriminative props and part relations where available and stays within the word limit.","1 man center foreground, standing beside large red inflatable sculpture, streetlamp and building facade in background.",0,1,Qwen/Qwen3-VL-8B-Instruct,0.0,,64,"{""temperature"": 0.0, ""top_p"": null, ""max_new_tokens"": 64}",0.3087316155433655,0.157326340675354,16,False
flickr30k_main_seed1_train,textgrad_clip,textgrad_clip__textgrad_8daf66d503,27,22801,flickr30k_test_022801,images/flickr30k/flickr30k_test_022801.jpg,"[""People are walking down the street with vendors on the side on a beautiful, sunny day."", ""People are gathered at some kind of shop on the side of the street."", ""A boy with a yellow shirt and yellow do-rag walking through a town."", ""Multiple people are walking down a street at a street fair"", ""People walk down a street with shops along the way.""]",textgrad_8daf66d503,TextGrad Step 9,"Output exactly one concise, information‑dense caption: a single grammatical sentence composed of comma‑separated short phrases. Produce only that one sentence (no lists, tags, JSON, logs, or extra lines). Use digits for counts only when Count verification below passes. Do not infer age, emotion, intention, or unseen attributes.

Required overall format and limits
- Render 1–3 clearly separable subject groups in prominence order; each group is: [digit] + subject noun(s) + spatial anchor (see Spatial anchors). Target ≤24 words; allow up to +10% length (≤27 words) only to include a fully legible quoted text string or one necessary verified part‑level relation/background anchor. Aim for compact, active, comma‑separated noun‑verb phrases.

Two‑pass generation (mandatory)
1) Token proposal: internally list candidate tokens for each slot — subject groups, micro‑action, part relation, up to three descriptors, viewpoint/orientation, lighting, background/text.  
2) Verification & pruning: apply the numeric checks below to every candidate; drop any token that fails; then recompose a single grammatical comma‑separated sentence from the remaining verified tokens. If pruning removes a slot, ensure the final sentence remains grammatical.

Numeric verification rules (must be enforced)
- Count: include a digit only if each instance is ≥50% unobstructed and individually separable. Separability heuristic: centroids spacing ≥10% image width and distinct non‑overlapping silhouettes/contours. When uncertain, omit digits.
- Contact (micro‑action): assert contact only if overlap area / smaller bbox area ≥12% OR clear segmentation adjacency/pixel adjacency. Example pass: hand overlapping cup with 18% overlap → contact verified. Example fail: hand near cup with 3% overlap → omit micro‑action.
- Fine object class: assert a fine class only if classifier confidence >0.60 OR two independent visual cues (distinctive part + unique shape OR part + contextual prop). If metadata missing, require two visual cues.
- Text transcription: transcribe and quote exact text only if fully legible at ≳8pt equivalent and high contrast; otherwise emit a positional label (e.g., ""signboard above"", ""painted text on shutter at left"").
- Background anchor: include a background noun phrase only if that anchor occupies ≥5% image area or is a distinct structure (storefront, metal shutter, stairway).
- If classifier/confidence metadata unavailable, require two independent visual cues before asserting fine classes; do not invent fine classes otherwise.

Spatial anchors, grouping and prominence
- Centroid x rules: x < 0.33 → ""left""; 0.33 ≤ x ≤ 0.66 → ""center""; x > 0.66 → ""right"".
- If subject width >50% image width, emit ""center"".
- Append ""partially cropped at [top|bottom|left|right]"" if >5% of subject area lies outside image.
- Include depth token [foreground|midground|background] only when overlap ratio and scale unambiguously indicate depth (e.g., >25% occlusion and >2× scale difference).
- Secondary group inclusion: include only if it covers ≥20% of main subject area OR ranks top‑2 by area/saliency.

Micro‑action and part‑level relations (strict)
- Include exactly one verbized micro‑action only if Contact verification passes. Use a strong verb and immediately follow with one part‑level relation using the exact template: ""[part] [verb] [object]"" (e.g., ""right hand holding pole""). If contact not verified, omit both micro‑action and part relation.
- Do not use passive or vague forms; do not use ""with"" except inside the required template.

Descriptor selection and priority (up to 1–3 descriptors)
- Choose at most three verified descriptors in this strict priority: (1) discriminative prop (unique object, container, tool, sign text), (2) fully legible text (quoted), (3) precise fine class (if verified), (4) material/texture, (5) color, (6) reflection/surface condition. If none verify, omit descriptors.
- Mandatory: if any discriminative prop or verified part‑level relation passes verification, include at least one such token in the caption. Define ""present"" as classifier confidence >0.60 OR two independent visual cues.

Fine‑class cue examples (use these as verification patterns)
- Motorbike: engine casing + exhaust OR engine casing + attached baskets OR visible exhaust + motorbike frame.  
- Bicycle: pedals + chain OR spokes + visible pedals OR pedal + chainring.  
- Street vendor role only if vendor cues present (baskets of fruit + scale/pans + transaction posture).

Background, signage and reflections
- If text is fully legible per Text verification, quote exact string. Otherwise use a positional label (""storefront behind"", ""metal shutter with painted text at left"").  
- If an element appears doubled/reversed on a glass plane without occlusion, label ""reflections"". If items clearly sit behind glass with supporting occlusion, label ""on display behind glass"". If uncertain, omit both.

Pose/orientation and object state
- When unambiguous per measurable cues, include one brief orientation token (e.g., ""facing camera"", ""turned away"", ""leaning over"").  
- When object state is clearly visible, include one object‑state descriptor (e.g., ""open instrument case"", ""wet reflective surface"").

Trimming priority (deterministic checklist)
- If over length, deterministically drop tokens in this order until within limit: color → viewpoint/orientation → lighting → reflections → material/texture → background (unless ≥5% area or contains legible text) → low‑priority descriptors. Always preserve discriminative prop and verified part relations when present.

Count and saliency rules (concrete)
- Allow digits only when Count verification passes. For secondary groups, require ≥20% of main subject area OR top‑2 saliency by area/attention. When saliency metadata unavailable, use area thresholds.

Deterministic tie‑breakers
- If two subjects have similar prominence, choose the one with larger bbox area. Use centroid x and width rules for left/center/right deterministically.

Few focused examples (bad → good)
- Bad: ""man holding something"" → Good: ""1 man center foreground, right hand holding woven basket of oranges, storefront behind.""  
- Bad: ""man on bicycle"" (uncertain) → Good (motorbike cues present): ""1 man right foreground, standing by motorbike with woven baskets attached, sunlit doorway behind.""  
- Bad: ""sign"" (illegible) → Good: ""1 woman center foreground, walking past painted text on metal shutter at left.""  
- Bad: vague count ""several people"" → Good: ""2 children left foreground, both seated, blue pajamas, unwrapping silver gift, adult seated behind.""

Internal diagnostics (developer use only)
- Internally compute and retain which verification checks passed for each chosen token (counts, overlap %, cue pairs matched). Do not output these diagnostics in the caption.

Negative rules (must obey)
- Do not output multiple candidates, metadata, internal logs, or any extra text.  
- Do not invent counts, contacts, transcribed text, fine classes, or other tokens that fail verification.  
- Do not infer age, emotion, intentions, or unseen attributes.  
- Do not use vague quantifiers (""several""); use digits only when verified.

Final note
- Always perform the two‑pass proposal → verification → pruning process, then emit exactly one grammatical comma‑separated sentence that preserves verified discriminative props and part relations where available and stays within the word limit.","1 woman left foreground, holding patterned tote bag, walking past blue canopy stall with green tablecloth, storefront behind.",0,1,Qwen/Qwen3-VL-8B-Instruct,0.0,,64,"{""temperature"": 0.0, ""top_p"": null, ""max_new_tokens"": 64}",0.28562411665916443,0.1728944033384323,18,False
flickr30k_main_seed1_train,textgrad_clip,textgrad_clip__textgrad_8daf66d503,28,14594,flickr30k_test_014594,images/flickr30k/flickr30k_test_014594.jpg,"[""A person aquestrian horse jumping over a wooden fence."", ""A horse and rider jumping a small fence."", ""A horse and rider jump over a fence."", ""A horse jumps over a wooden fence."", ""A jockey on a horse jumps a fence.""]",textgrad_8daf66d503,TextGrad Step 9,"Output exactly one concise, information‑dense caption: a single grammatical sentence composed of comma‑separated short phrases. Produce only that one sentence (no lists, tags, JSON, logs, or extra lines). Use digits for counts only when Count verification below passes. Do not infer age, emotion, intention, or unseen attributes.

Required overall format and limits
- Render 1–3 clearly separable subject groups in prominence order; each group is: [digit] + subject noun(s) + spatial anchor (see Spatial anchors). Target ≤24 words; allow up to +10% length (≤27 words) only to include a fully legible quoted text string or one necessary verified part‑level relation/background anchor. Aim for compact, active, comma‑separated noun‑verb phrases.

Two‑pass generation (mandatory)
1) Token proposal: internally list candidate tokens for each slot — subject groups, micro‑action, part relation, up to three descriptors, viewpoint/orientation, lighting, background/text.  
2) Verification & pruning: apply the numeric checks below to every candidate; drop any token that fails; then recompose a single grammatical comma‑separated sentence from the remaining verified tokens. If pruning removes a slot, ensure the final sentence remains grammatical.

Numeric verification rules (must be enforced)
- Count: include a digit only if each instance is ≥50% unobstructed and individually separable. Separability heuristic: centroids spacing ≥10% image width and distinct non‑overlapping silhouettes/contours. When uncertain, omit digits.
- Contact (micro‑action): assert contact only if overlap area / smaller bbox area ≥12% OR clear segmentation adjacency/pixel adjacency. Example pass: hand overlapping cup with 18% overlap → contact verified. Example fail: hand near cup with 3% overlap → omit micro‑action.
- Fine object class: assert a fine class only if classifier confidence >0.60 OR two independent visual cues (distinctive part + unique shape OR part + contextual prop). If metadata missing, require two visual cues.
- Text transcription: transcribe and quote exact text only if fully legible at ≳8pt equivalent and high contrast; otherwise emit a positional label (e.g., ""signboard above"", ""painted text on shutter at left"").
- Background anchor: include a background noun phrase only if that anchor occupies ≥5% image area or is a distinct structure (storefront, metal shutter, stairway).
- If classifier/confidence metadata unavailable, require two independent visual cues before asserting fine classes; do not invent fine classes otherwise.

Spatial anchors, grouping and prominence
- Centroid x rules: x < 0.33 → ""left""; 0.33 ≤ x ≤ 0.66 → ""center""; x > 0.66 → ""right"".
- If subject width >50% image width, emit ""center"".
- Append ""partially cropped at [top|bottom|left|right]"" if >5% of subject area lies outside image.
- Include depth token [foreground|midground|background] only when overlap ratio and scale unambiguously indicate depth (e.g., >25% occlusion and >2× scale difference).
- Secondary group inclusion: include only if it covers ≥20% of main subject area OR ranks top‑2 by area/saliency.

Micro‑action and part‑level relations (strict)
- Include exactly one verbized micro‑action only if Contact verification passes. Use a strong verb and immediately follow with one part‑level relation using the exact template: ""[part] [verb] [object]"" (e.g., ""right hand holding pole""). If contact not verified, omit both micro‑action and part relation.
- Do not use passive or vague forms; do not use ""with"" except inside the required template.

Descriptor selection and priority (up to 1–3 descriptors)
- Choose at most three verified descriptors in this strict priority: (1) discriminative prop (unique object, container, tool, sign text), (2) fully legible text (quoted), (3) precise fine class (if verified), (4) material/texture, (5) color, (6) reflection/surface condition. If none verify, omit descriptors.
- Mandatory: if any discriminative prop or verified part‑level relation passes verification, include at least one such token in the caption. Define ""present"" as classifier confidence >0.60 OR two independent visual cues.

Fine‑class cue examples (use these as verification patterns)
- Motorbike: engine casing + exhaust OR engine casing + attached baskets OR visible exhaust + motorbike frame.  
- Bicycle: pedals + chain OR spokes + visible pedals OR pedal + chainring.  
- Street vendor role only if vendor cues present (baskets of fruit + scale/pans + transaction posture).

Background, signage and reflections
- If text is fully legible per Text verification, quote exact string. Otherwise use a positional label (""storefront behind"", ""metal shutter with painted text at left"").  
- If an element appears doubled/reversed on a glass plane without occlusion, label ""reflections"". If items clearly sit behind glass with supporting occlusion, label ""on display behind glass"". If uncertain, omit both.

Pose/orientation and object state
- When unambiguous per measurable cues, include one brief orientation token (e.g., ""facing camera"", ""turned away"", ""leaning over"").  
- When object state is clearly visible, include one object‑state descriptor (e.g., ""open instrument case"", ""wet reflective surface"").

Trimming priority (deterministic checklist)
- If over length, deterministically drop tokens in this order until within limit: color → viewpoint/orientation → lighting → reflections → material/texture → background (unless ≥5% area or contains legible text) → low‑priority descriptors. Always preserve discriminative prop and verified part relations when present.

Count and saliency rules (concrete)
- Allow digits only when Count verification passes. For secondary groups, require ≥20% of main subject area OR top‑2 saliency by area/attention. When saliency metadata unavailable, use area thresholds.

Deterministic tie‑breakers
- If two subjects have similar prominence, choose the one with larger bbox area. Use centroid x and width rules for left/center/right deterministically.

Few focused examples (bad → good)
- Bad: ""man holding something"" → Good: ""1 man center foreground, right hand holding woven basket of oranges, storefront behind.""  
- Bad: ""man on bicycle"" (uncertain) → Good (motorbike cues present): ""1 man right foreground, standing by motorbike with woven baskets attached, sunlit doorway behind.""  
- Bad: ""sign"" (illegible) → Good: ""1 woman center foreground, walking past painted text on metal shutter at left.""  
- Bad: vague count ""several people"" → Good: ""2 children left foreground, both seated, blue pajamas, unwrapping silver gift, adult seated behind.""

Internal diagnostics (developer use only)
- Internally compute and retain which verification checks passed for each chosen token (counts, overlap %, cue pairs matched). Do not output these diagnostics in the caption.

Negative rules (must obey)
- Do not output multiple candidates, metadata, internal logs, or any extra text.  
- Do not invent counts, contacts, transcribed text, fine classes, or other tokens that fail verification.  
- Do not infer age, emotion, intentions, or unseen attributes.  
- Do not use vague quantifiers (""several""); use digits only when verified.

Final note
- Always perform the two‑pass proposal → verification → pruning process, then emit exactly one grammatical comma‑separated sentence that preserves verified discriminative props and part relations where available and stays within the word limit.","1 jockey center foreground, riding brown horse, horse leaping over wooden fence, green trees background.",0,1,Qwen/Qwen3-VL-8B-Instruct,0.0,,64,"{""temperature"": 0.0, ""top_p"": null, ""max_new_tokens"": 64}",0.30817711353302,0.19295452535152435,15,False
flickr30k_main_seed1_train,textgrad_clip,textgrad_clip__textgrad_8daf66d503,31,26274,flickr30k_test_026274,images/flickr30k/flickr30k_test_026274.jpg,"[""A man in a black hat is rearing up on his brown horse while a crowd of people look on from a distance."", ""A man in a black cowboy hat holds on as his horse rears up."", ""A man on a horse galloping onto its back two feet."", ""Cowboy holding on to the horse"", ""Man riding a bucking bronco!""]",textgrad_8daf66d503,TextGrad Step 9,"Output exactly one concise, information‑dense caption: a single grammatical sentence composed of comma‑separated short phrases. Produce only that one sentence (no lists, tags, JSON, logs, or extra lines). Use digits for counts only when Count verification below passes. Do not infer age, emotion, intention, or unseen attributes.

Required overall format and limits
- Render 1–3 clearly separable subject groups in prominence order; each group is: [digit] + subject noun(s) + spatial anchor (see Spatial anchors). Target ≤24 words; allow up to +10% length (≤27 words) only to include a fully legible quoted text string or one necessary verified part‑level relation/background anchor. Aim for compact, active, comma‑separated noun‑verb phrases.

Two‑pass generation (mandatory)
1) Token proposal: internally list candidate tokens for each slot — subject groups, micro‑action, part relation, up to three descriptors, viewpoint/orientation, lighting, background/text.  
2) Verification & pruning: apply the numeric checks below to every candidate; drop any token that fails; then recompose a single grammatical comma‑separated sentence from the remaining verified tokens. If pruning removes a slot, ensure the final sentence remains grammatical.

Numeric verification rules (must be enforced)
- Count: include a digit only if each instance is ≥50% unobstructed and individually separable. Separability heuristic: centroids spacing ≥10% image width and distinct non‑overlapping silhouettes/contours. When uncertain, omit digits.
- Contact (micro‑action): assert contact only if overlap area / smaller bbox area ≥12% OR clear segmentation adjacency/pixel adjacency. Example pass: hand overlapping cup with 18% overlap → contact verified. Example fail: hand near cup with 3% overlap → omit micro‑action.
- Fine object class: assert a fine class only if classifier confidence >0.60 OR two independent visual cues (distinctive part + unique shape OR part + contextual prop). If metadata missing, require two visual cues.
- Text transcription: transcribe and quote exact text only if fully legible at ≳8pt equivalent and high contrast; otherwise emit a positional label (e.g., ""signboard above"", ""painted text on shutter at left"").
- Background anchor: include a background noun phrase only if that anchor occupies ≥5% image area or is a distinct structure (storefront, metal shutter, stairway).
- If classifier/confidence metadata unavailable, require two independent visual cues before asserting fine classes; do not invent fine classes otherwise.

Spatial anchors, grouping and prominence
- Centroid x rules: x < 0.33 → ""left""; 0.33 ≤ x ≤ 0.66 → ""center""; x > 0.66 → ""right"".
- If subject width >50% image width, emit ""center"".
- Append ""partially cropped at [top|bottom|left|right]"" if >5% of subject area lies outside image.
- Include depth token [foreground|midground|background] only when overlap ratio and scale unambiguously indicate depth (e.g., >25% occlusion and >2× scale difference).
- Secondary group inclusion: include only if it covers ≥20% of main subject area OR ranks top‑2 by area/saliency.

Micro‑action and part‑level relations (strict)
- Include exactly one verbized micro‑action only if Contact verification passes. Use a strong verb and immediately follow with one part‑level relation using the exact template: ""[part] [verb] [object]"" (e.g., ""right hand holding pole""). If contact not verified, omit both micro‑action and part relation.
- Do not use passive or vague forms; do not use ""with"" except inside the required template.

Descriptor selection and priority (up to 1–3 descriptors)
- Choose at most three verified descriptors in this strict priority: (1) discriminative prop (unique object, container, tool, sign text), (2) fully legible text (quoted), (3) precise fine class (if verified), (4) material/texture, (5) color, (6) reflection/surface condition. If none verify, omit descriptors.
- Mandatory: if any discriminative prop or verified part‑level relation passes verification, include at least one such token in the caption. Define ""present"" as classifier confidence >0.60 OR two independent visual cues.

Fine‑class cue examples (use these as verification patterns)
- Motorbike: engine casing + exhaust OR engine casing + attached baskets OR visible exhaust + motorbike frame.  
- Bicycle: pedals + chain OR spokes + visible pedals OR pedal + chainring.  
- Street vendor role only if vendor cues present (baskets of fruit + scale/pans + transaction posture).

Background, signage and reflections
- If text is fully legible per Text verification, quote exact string. Otherwise use a positional label (""storefront behind"", ""metal shutter with painted text at left"").  
- If an element appears doubled/reversed on a glass plane without occlusion, label ""reflections"". If items clearly sit behind glass with supporting occlusion, label ""on display behind glass"". If uncertain, omit both.

Pose/orientation and object state
- When unambiguous per measurable cues, include one brief orientation token (e.g., ""facing camera"", ""turned away"", ""leaning over"").  
- When object state is clearly visible, include one object‑state descriptor (e.g., ""open instrument case"", ""wet reflective surface"").

Trimming priority (deterministic checklist)
- If over length, deterministically drop tokens in this order until within limit: color → viewpoint/orientation → lighting → reflections → material/texture → background (unless ≥5% area or contains legible text) → low‑priority descriptors. Always preserve discriminative prop and verified part relations when present.

Count and saliency rules (concrete)
- Allow digits only when Count verification passes. For secondary groups, require ≥20% of main subject area OR top‑2 saliency by area/attention. When saliency metadata unavailable, use area thresholds.

Deterministic tie‑breakers
- If two subjects have similar prominence, choose the one with larger bbox area. Use centroid x and width rules for left/center/right deterministically.

Few focused examples (bad → good)
- Bad: ""man holding something"" → Good: ""1 man center foreground, right hand holding woven basket of oranges, storefront behind.""  
- Bad: ""man on bicycle"" (uncertain) → Good (motorbike cues present): ""1 man right foreground, standing by motorbike with woven baskets attached, sunlit doorway behind.""  
- Bad: ""sign"" (illegible) → Good: ""1 woman center foreground, walking past painted text on metal shutter at left.""  
- Bad: vague count ""several people"" → Good: ""2 children left foreground, both seated, blue pajamas, unwrapping silver gift, adult seated behind.""

Internal diagnostics (developer use only)
- Internally compute and retain which verification checks passed for each chosen token (counts, overlap %, cue pairs matched). Do not output these diagnostics in the caption.

Negative rules (must obey)
- Do not output multiple candidates, metadata, internal logs, or any extra text.  
- Do not invent counts, contacts, transcribed text, fine classes, or other tokens that fail verification.  
- Do not infer age, emotion, intentions, or unseen attributes.  
- Do not use vague quantifiers (""several""); use digits only when verified.

Final note
- Always perform the two‑pass proposal → verification → pruning process, then emit exactly one grammatical comma‑separated sentence that preserves verified discriminative props and part relations where available and stays within the word limit.","1 rider center foreground, mounted horse rearing, right hand holding whip, spectators behind white fence, red umbrellas and banners in background.",0,1,Qwen/Qwen3-VL-8B-Instruct,0.0,,64,"{""temperature"": 0.0, ""top_p"": null, ""max_new_tokens"": 64}",0.2815006971359253,0.1386016607284546,21,False
flickr30k_main_seed1_train,textgrad_clip,textgrad_clip__textgrad_8daf66d503,37,10401,flickr30k_test_010401,images/flickr30k/flickr30k_test_010401.jpg,"[""A girl in a blue sweater with a white pattern is jumping into a pile of leaves."", ""A young girl is diving into a pile of brown leaves in the yard."", ""A girl in a sweater diving into a pile of leaves."", ""A girl is jumping into a pile of leaves."", ""A girl is jumping into a pile of leaves""]",textgrad_8daf66d503,TextGrad Step 9,"Output exactly one concise, information‑dense caption: a single grammatical sentence composed of comma‑separated short phrases. Produce only that one sentence (no lists, tags, JSON, logs, or extra lines). Use digits for counts only when Count verification below passes. Do not infer age, emotion, intention, or unseen attributes.

Required overall format and limits
- Render 1–3 clearly separable subject groups in prominence order; each group is: [digit] + subject noun(s) + spatial anchor (see Spatial anchors). Target ≤24 words; allow up to +10% length (≤27 words) only to include a fully legible quoted text string or one necessary verified part‑level relation/background anchor. Aim for compact, active, comma‑separated noun‑verb phrases.

Two‑pass generation (mandatory)
1) Token proposal: internally list candidate tokens for each slot — subject groups, micro‑action, part relation, up to three descriptors, viewpoint/orientation, lighting, background/text.  
2) Verification & pruning: apply the numeric checks below to every candidate; drop any token that fails; then recompose a single grammatical comma‑separated sentence from the remaining verified tokens. If pruning removes a slot, ensure the final sentence remains grammatical.

Numeric verification rules (must be enforced)
- Count: include a digit only if each instance is ≥50% unobstructed and individually separable. Separability heuristic: centroids spacing ≥10% image width and distinct non‑overlapping silhouettes/contours. When uncertain, omit digits.
- Contact (micro‑action): assert contact only if overlap area / smaller bbox area ≥12% OR clear segmentation adjacency/pixel adjacency. Example pass: hand overlapping cup with 18% overlap → contact verified. Example fail: hand near cup with 3% overlap → omit micro‑action.
- Fine object class: assert a fine class only if classifier confidence >0.60 OR two independent visual cues (distinctive part + unique shape OR part + contextual prop). If metadata missing, require two visual cues.
- Text transcription: transcribe and quote exact text only if fully legible at ≳8pt equivalent and high contrast; otherwise emit a positional label (e.g., ""signboard above"", ""painted text on shutter at left"").
- Background anchor: include a background noun phrase only if that anchor occupies ≥5% image area or is a distinct structure (storefront, metal shutter, stairway).
- If classifier/confidence metadata unavailable, require two independent visual cues before asserting fine classes; do not invent fine classes otherwise.

Spatial anchors, grouping and prominence
- Centroid x rules: x < 0.33 → ""left""; 0.33 ≤ x ≤ 0.66 → ""center""; x > 0.66 → ""right"".
- If subject width >50% image width, emit ""center"".
- Append ""partially cropped at [top|bottom|left|right]"" if >5% of subject area lies outside image.
- Include depth token [foreground|midground|background] only when overlap ratio and scale unambiguously indicate depth (e.g., >25% occlusion and >2× scale difference).
- Secondary group inclusion: include only if it covers ≥20% of main subject area OR ranks top‑2 by area/saliency.

Micro‑action and part‑level relations (strict)
- Include exactly one verbized micro‑action only if Contact verification passes. Use a strong verb and immediately follow with one part‑level relation using the exact template: ""[part] [verb] [object]"" (e.g., ""right hand holding pole""). If contact not verified, omit both micro‑action and part relation.
- Do not use passive or vague forms; do not use ""with"" except inside the required template.

Descriptor selection and priority (up to 1–3 descriptors)
- Choose at most three verified descriptors in this strict priority: (1) discriminative prop (unique object, container, tool, sign text), (2) fully legible text (quoted), (3) precise fine class (if verified), (4) material/texture, (5) color, (6) reflection/surface condition. If none verify, omit descriptors.
- Mandatory: if any discriminative prop or verified part‑level relation passes verification, include at least one such token in the caption. Define ""present"" as classifier confidence >0.60 OR two independent visual cues.

Fine‑class cue examples (use these as verification patterns)
- Motorbike: engine casing + exhaust OR engine casing + attached baskets OR visible exhaust + motorbike frame.  
- Bicycle: pedals + chain OR spokes + visible pedals OR pedal + chainring.  
- Street vendor role only if vendor cues present (baskets of fruit + scale/pans + transaction posture).

Background, signage and reflections
- If text is fully legible per Text verification, quote exact string. Otherwise use a positional label (""storefront behind"", ""metal shutter with painted text at left"").  
- If an element appears doubled/reversed on a glass plane without occlusion, label ""reflections"". If items clearly sit behind glass with supporting occlusion, label ""on display behind glass"". If uncertain, omit both.

Pose/orientation and object state
- When unambiguous per measurable cues, include one brief orientation token (e.g., ""facing camera"", ""turned away"", ""leaning over"").  
- When object state is clearly visible, include one object‑state descriptor (e.g., ""open instrument case"", ""wet reflective surface"").

Trimming priority (deterministic checklist)
- If over length, deterministically drop tokens in this order until within limit: color → viewpoint/orientation → lighting → reflections → material/texture → background (unless ≥5% area or contains legible text) → low‑priority descriptors. Always preserve discriminative prop and verified part relations when present.

Count and saliency rules (concrete)
- Allow digits only when Count verification passes. For secondary groups, require ≥20% of main subject area OR top‑2 saliency by area/attention. When saliency metadata unavailable, use area thresholds.

Deterministic tie‑breakers
- If two subjects have similar prominence, choose the one with larger bbox area. Use centroid x and width rules for left/center/right deterministically.

Few focused examples (bad → good)
- Bad: ""man holding something"" → Good: ""1 man center foreground, right hand holding woven basket of oranges, storefront behind.""  
- Bad: ""man on bicycle"" (uncertain) → Good (motorbike cues present): ""1 man right foreground, standing by motorbike with woven baskets attached, sunlit doorway behind.""  
- Bad: ""sign"" (illegible) → Good: ""1 woman center foreground, walking past painted text on metal shutter at left.""  
- Bad: vague count ""several people"" → Good: ""2 children left foreground, both seated, blue pajamas, unwrapping silver gift, adult seated behind.""

Internal diagnostics (developer use only)
- Internally compute and retain which verification checks passed for each chosen token (counts, overlap %, cue pairs matched). Do not output these diagnostics in the caption.

Negative rules (must obey)
- Do not output multiple candidates, metadata, internal logs, or any extra text.  
- Do not invent counts, contacts, transcribed text, fine classes, or other tokens that fail verification.  
- Do not infer age, emotion, intentions, or unseen attributes.  
- Do not use vague quantifiers (""several""); use digits only when verified.

Final note
- Always perform the two‑pass proposal → verification → pruning process, then emit exactly one grammatical comma‑separated sentence that preserves verified discriminative props and part relations where available and stays within the word limit.","1 girl center foreground, midair above leaf pile, arms outstretched, sweater with snowflake pattern, vehicle background.",0,1,Qwen/Qwen3-VL-8B-Instruct,0.0,,64,"{""temperature"": 0.0, ""top_p"": null, ""max_new_tokens"": 64}",0.2815402150154114,0.25945791602134705,16,False
flickr30k_main_seed1_train,textgrad_clip,textgrad_clip__textgrad_8daf66d503,39,731,flickr30k_test_000731,images/flickr30k/flickr30k_test_000731.jpg,"[""Three little blond girls, two in blue, one in pink, play on a sunny beach."", ""Three children are playing in sand near to the beach."", ""Three young girls dance on the beach in the sand."", ""Three children playing in sand at beach"", ""Three girls play in the sand.""]",textgrad_8daf66d503,TextGrad Step 9,"Output exactly one concise, information‑dense caption: a single grammatical sentence composed of comma‑separated short phrases. Produce only that one sentence (no lists, tags, JSON, logs, or extra lines). Use digits for counts only when Count verification below passes. Do not infer age, emotion, intention, or unseen attributes.

Required overall format and limits
- Render 1–3 clearly separable subject groups in prominence order; each group is: [digit] + subject noun(s) + spatial anchor (see Spatial anchors). Target ≤24 words; allow up to +10% length (≤27 words) only to include a fully legible quoted text string or one necessary verified part‑level relation/background anchor. Aim for compact, active, comma‑separated noun‑verb phrases.

Two‑pass generation (mandatory)
1) Token proposal: internally list candidate tokens for each slot — subject groups, micro‑action, part relation, up to three descriptors, viewpoint/orientation, lighting, background/text.  
2) Verification & pruning: apply the numeric checks below to every candidate; drop any token that fails; then recompose a single grammatical comma‑separated sentence from the remaining verified tokens. If pruning removes a slot, ensure the final sentence remains grammatical.

Numeric verification rules (must be enforced)
- Count: include a digit only if each instance is ≥50% unobstructed and individually separable. Separability heuristic: centroids spacing ≥10% image width and distinct non‑overlapping silhouettes/contours. When uncertain, omit digits.
- Contact (micro‑action): assert contact only if overlap area / smaller bbox area ≥12% OR clear segmentation adjacency/pixel adjacency. Example pass: hand overlapping cup with 18% overlap → contact verified. Example fail: hand near cup with 3% overlap → omit micro‑action.
- Fine object class: assert a fine class only if classifier confidence >0.60 OR two independent visual cues (distinctive part + unique shape OR part + contextual prop). If metadata missing, require two visual cues.
- Text transcription: transcribe and quote exact text only if fully legible at ≳8pt equivalent and high contrast; otherwise emit a positional label (e.g., ""signboard above"", ""painted text on shutter at left"").
- Background anchor: include a background noun phrase only if that anchor occupies ≥5% image area or is a distinct structure (storefront, metal shutter, stairway).
- If classifier/confidence metadata unavailable, require two independent visual cues before asserting fine classes; do not invent fine classes otherwise.

Spatial anchors, grouping and prominence
- Centroid x rules: x < 0.33 → ""left""; 0.33 ≤ x ≤ 0.66 → ""center""; x > 0.66 → ""right"".
- If subject width >50% image width, emit ""center"".
- Append ""partially cropped at [top|bottom|left|right]"" if >5% of subject area lies outside image.
- Include depth token [foreground|midground|background] only when overlap ratio and scale unambiguously indicate depth (e.g., >25% occlusion and >2× scale difference).
- Secondary group inclusion: include only if it covers ≥20% of main subject area OR ranks top‑2 by area/saliency.

Micro‑action and part‑level relations (strict)
- Include exactly one verbized micro‑action only if Contact verification passes. Use a strong verb and immediately follow with one part‑level relation using the exact template: ""[part] [verb] [object]"" (e.g., ""right hand holding pole""). If contact not verified, omit both micro‑action and part relation.
- Do not use passive or vague forms; do not use ""with"" except inside the required template.

Descriptor selection and priority (up to 1–3 descriptors)
- Choose at most three verified descriptors in this strict priority: (1) discriminative prop (unique object, container, tool, sign text), (2) fully legible text (quoted), (3) precise fine class (if verified), (4) material/texture, (5) color, (6) reflection/surface condition. If none verify, omit descriptors.
- Mandatory: if any discriminative prop or verified part‑level relation passes verification, include at least one such token in the caption. Define ""present"" as classifier confidence >0.60 OR two independent visual cues.

Fine‑class cue examples (use these as verification patterns)
- Motorbike: engine casing + exhaust OR engine casing + attached baskets OR visible exhaust + motorbike frame.  
- Bicycle: pedals + chain OR spokes + visible pedals OR pedal + chainring.  
- Street vendor role only if vendor cues present (baskets of fruit + scale/pans + transaction posture).

Background, signage and reflections
- If text is fully legible per Text verification, quote exact string. Otherwise use a positional label (""storefront behind"", ""metal shutter with painted text at left"").  
- If an element appears doubled/reversed on a glass plane without occlusion, label ""reflections"". If items clearly sit behind glass with supporting occlusion, label ""on display behind glass"". If uncertain, omit both.

Pose/orientation and object state
- When unambiguous per measurable cues, include one brief orientation token (e.g., ""facing camera"", ""turned away"", ""leaning over"").  
- When object state is clearly visible, include one object‑state descriptor (e.g., ""open instrument case"", ""wet reflective surface"").

Trimming priority (deterministic checklist)
- If over length, deterministically drop tokens in this order until within limit: color → viewpoint/orientation → lighting → reflections → material/texture → background (unless ≥5% area or contains legible text) → low‑priority descriptors. Always preserve discriminative prop and verified part relations when present.

Count and saliency rules (concrete)
- Allow digits only when Count verification passes. For secondary groups, require ≥20% of main subject area OR top‑2 saliency by area/attention. When saliency metadata unavailable, use area thresholds.

Deterministic tie‑breakers
- If two subjects have similar prominence, choose the one with larger bbox area. Use centroid x and width rules for left/center/right deterministically.

Few focused examples (bad → good)
- Bad: ""man holding something"" → Good: ""1 man center foreground, right hand holding woven basket of oranges, storefront behind.""  
- Bad: ""man on bicycle"" (uncertain) → Good (motorbike cues present): ""1 man right foreground, standing by motorbike with woven baskets attached, sunlit doorway behind.""  
- Bad: ""sign"" (illegible) → Good: ""1 woman center foreground, walking past painted text on metal shutter at left.""  
- Bad: vague count ""several people"" → Good: ""2 children left foreground, both seated, blue pajamas, unwrapping silver gift, adult seated behind.""

Internal diagnostics (developer use only)
- Internally compute and retain which verification checks passed for each chosen token (counts, overlap %, cue pairs matched). Do not output these diagnostics in the caption.

Negative rules (must obey)
- Do not output multiple candidates, metadata, internal logs, or any extra text.  
- Do not invent counts, contacts, transcribed text, fine classes, or other tokens that fail verification.  
- Do not infer age, emotion, intentions, or unseen attributes.  
- Do not use vague quantifiers (""several""); use digits only when verified.

Final note
- Always perform the two‑pass proposal → verification → pruning process, then emit exactly one grammatical comma‑separated sentence that preserves verified discriminative props and part relations where available and stays within the word limit.","Three children center foreground, one in pink hoodie holding red strap, another in blue hoodie crouching, sandy beach background.",0,1,Qwen/Qwen3-VL-8B-Instruct,0.0,,64,"{""temperature"": 0.0, ""top_p"": null, ""max_new_tokens"": 64}",0.3105321526527405,0.20605172216892242,19,False
flickr30k_main_seed1_train,textgrad_clip,textgrad_clip__textgrad_8daf66d503,47,22494,flickr30k_test_022494,images/flickr30k/flickr30k_test_022494.jpg,"[""A man in an orange shirt and gray pants with white paint on them looks at the camera while standing near an orange ladder and a gray and white brick wall."", ""A house painter in clothes covered in paint pauses to look at the camera."", ""A man in an orange shirt with an orange ladder next to a brick wall."", ""A man in an orange shirt is holding a ladder."", ""A worker grabs a ladder to move it around.""]",textgrad_8daf66d503,TextGrad Step 9,"Output exactly one concise, information‑dense caption: a single grammatical sentence composed of comma‑separated short phrases. Produce only that one sentence (no lists, tags, JSON, logs, or extra lines). Use digits for counts only when Count verification below passes. Do not infer age, emotion, intention, or unseen attributes.

Required overall format and limits
- Render 1–3 clearly separable subject groups in prominence order; each group is: [digit] + subject noun(s) + spatial anchor (see Spatial anchors). Target ≤24 words; allow up to +10% length (≤27 words) only to include a fully legible quoted text string or one necessary verified part‑level relation/background anchor. Aim for compact, active, comma‑separated noun‑verb phrases.

Two‑pass generation (mandatory)
1) Token proposal: internally list candidate tokens for each slot — subject groups, micro‑action, part relation, up to three descriptors, viewpoint/orientation, lighting, background/text.  
2) Verification & pruning: apply the numeric checks below to every candidate; drop any token that fails; then recompose a single grammatical comma‑separated sentence from the remaining verified tokens. If pruning removes a slot, ensure the final sentence remains grammatical.

Numeric verification rules (must be enforced)
- Count: include a digit only if each instance is ≥50% unobstructed and individually separable. Separability heuristic: centroids spacing ≥10% image width and distinct non‑overlapping silhouettes/contours. When uncertain, omit digits.
- Contact (micro‑action): assert contact only if overlap area / smaller bbox area ≥12% OR clear segmentation adjacency/pixel adjacency. Example pass: hand overlapping cup with 18% overlap → contact verified. Example fail: hand near cup with 3% overlap → omit micro‑action.
- Fine object class: assert a fine class only if classifier confidence >0.60 OR two independent visual cues (distinctive part + unique shape OR part + contextual prop). If metadata missing, require two visual cues.
- Text transcription: transcribe and quote exact text only if fully legible at ≳8pt equivalent and high contrast; otherwise emit a positional label (e.g., ""signboard above"", ""painted text on shutter at left"").
- Background anchor: include a background noun phrase only if that anchor occupies ≥5% image area or is a distinct structure (storefront, metal shutter, stairway).
- If classifier/confidence metadata unavailable, require two independent visual cues before asserting fine classes; do not invent fine classes otherwise.

Spatial anchors, grouping and prominence
- Centroid x rules: x < 0.33 → ""left""; 0.33 ≤ x ≤ 0.66 → ""center""; x > 0.66 → ""right"".
- If subject width >50% image width, emit ""center"".
- Append ""partially cropped at [top|bottom|left|right]"" if >5% of subject area lies outside image.
- Include depth token [foreground|midground|background] only when overlap ratio and scale unambiguously indicate depth (e.g., >25% occlusion and >2× scale difference).
- Secondary group inclusion: include only if it covers ≥20% of main subject area OR ranks top‑2 by area/saliency.

Micro‑action and part‑level relations (strict)
- Include exactly one verbized micro‑action only if Contact verification passes. Use a strong verb and immediately follow with one part‑level relation using the exact template: ""[part] [verb] [object]"" (e.g., ""right hand holding pole""). If contact not verified, omit both micro‑action and part relation.
- Do not use passive or vague forms; do not use ""with"" except inside the required template.

Descriptor selection and priority (up to 1–3 descriptors)
- Choose at most three verified descriptors in this strict priority: (1) discriminative prop (unique object, container, tool, sign text), (2) fully legible text (quoted), (3) precise fine class (if verified), (4) material/texture, (5) color, (6) reflection/surface condition. If none verify, omit descriptors.
- Mandatory: if any discriminative prop or verified part‑level relation passes verification, include at least one such token in the caption. Define ""present"" as classifier confidence >0.60 OR two independent visual cues.

Fine‑class cue examples (use these as verification patterns)
- Motorbike: engine casing + exhaust OR engine casing + attached baskets OR visible exhaust + motorbike frame.  
- Bicycle: pedals + chain OR spokes + visible pedals OR pedal + chainring.  
- Street vendor role only if vendor cues present (baskets of fruit + scale/pans + transaction posture).

Background, signage and reflections
- If text is fully legible per Text verification, quote exact string. Otherwise use a positional label (""storefront behind"", ""metal shutter with painted text at left"").  
- If an element appears doubled/reversed on a glass plane without occlusion, label ""reflections"". If items clearly sit behind glass with supporting occlusion, label ""on display behind glass"". If uncertain, omit both.

Pose/orientation and object state
- When unambiguous per measurable cues, include one brief orientation token (e.g., ""facing camera"", ""turned away"", ""leaning over"").  
- When object state is clearly visible, include one object‑state descriptor (e.g., ""open instrument case"", ""wet reflective surface"").

Trimming priority (deterministic checklist)
- If over length, deterministically drop tokens in this order until within limit: color → viewpoint/orientation → lighting → reflections → material/texture → background (unless ≥5% area or contains legible text) → low‑priority descriptors. Always preserve discriminative prop and verified part relations when present.

Count and saliency rules (concrete)
- Allow digits only when Count verification passes. For secondary groups, require ≥20% of main subject area OR top‑2 saliency by area/attention. When saliency metadata unavailable, use area thresholds.

Deterministic tie‑breakers
- If two subjects have similar prominence, choose the one with larger bbox area. Use centroid x and width rules for left/center/right deterministically.

Few focused examples (bad → good)
- Bad: ""man holding something"" → Good: ""1 man center foreground, right hand holding woven basket of oranges, storefront behind.""  
- Bad: ""man on bicycle"" (uncertain) → Good (motorbike cues present): ""1 man right foreground, standing by motorbike with woven baskets attached, sunlit doorway behind.""  
- Bad: ""sign"" (illegible) → Good: ""1 woman center foreground, walking past painted text on metal shutter at left.""  
- Bad: vague count ""several people"" → Good: ""2 children left foreground, both seated, blue pajamas, unwrapping silver gift, adult seated behind.""

Internal diagnostics (developer use only)
- Internally compute and retain which verification checks passed for each chosen token (counts, overlap %, cue pairs matched). Do not output these diagnostics in the caption.

Negative rules (must obey)
- Do not output multiple candidates, metadata, internal logs, or any extra text.  
- Do not invent counts, contacts, transcribed text, fine classes, or other tokens that fail verification.  
- Do not infer age, emotion, intentions, or unseen attributes.  
- Do not use vague quantifiers (""several""); use digits only when verified.

Final note
- Always perform the two‑pass proposal → verification → pruning process, then emit exactly one grammatical comma‑separated sentence that preserves verified discriminative props and part relations where available and stays within the word limit.","1 man center foreground, holding orange ladder, standing beside brick chimney, white cloth draped object nearby, wooden deck beneath.",0,1,Qwen/Qwen3-VL-8B-Instruct,0.0,,64,"{""temperature"": 0.0, ""top_p"": null, ""max_new_tokens"": 64}",0.2818845510482788,0.20300352573394775,19,False
flickr30k_main_seed1_train,textgrad_clip,textgrad_clip__textgrad_8daf66d503,55,14348,flickr30k_test_014348,images/flickr30k/flickr30k_test_014348.jpg,"[""A baseball player in a red shirt and white pants is swinging the bat towards a yellow ball whilst three people look on."", ""A baseball player recoils from an action involving a bat while opposing team members look on."", ""A woman swings at a softball on a playing field while other players look on."", ""A girl in a red and white uniform is swinging a bat."", ""A girl swings a bat during a softball game.""]",textgrad_8daf66d503,TextGrad Step 9,"Output exactly one concise, information‑dense caption: a single grammatical sentence composed of comma‑separated short phrases. Produce only that one sentence (no lists, tags, JSON, logs, or extra lines). Use digits for counts only when Count verification below passes. Do not infer age, emotion, intention, or unseen attributes.

Required overall format and limits
- Render 1–3 clearly separable subject groups in prominence order; each group is: [digit] + subject noun(s) + spatial anchor (see Spatial anchors). Target ≤24 words; allow up to +10% length (≤27 words) only to include a fully legible quoted text string or one necessary verified part‑level relation/background anchor. Aim for compact, active, comma‑separated noun‑verb phrases.

Two‑pass generation (mandatory)
1) Token proposal: internally list candidate tokens for each slot — subject groups, micro‑action, part relation, up to three descriptors, viewpoint/orientation, lighting, background/text.  
2) Verification & pruning: apply the numeric checks below to every candidate; drop any token that fails; then recompose a single grammatical comma‑separated sentence from the remaining verified tokens. If pruning removes a slot, ensure the final sentence remains grammatical.

Numeric verification rules (must be enforced)
- Count: include a digit only if each instance is ≥50% unobstructed and individually separable. Separability heuristic: centroids spacing ≥10% image width and distinct non‑overlapping silhouettes/contours. When uncertain, omit digits.
- Contact (micro‑action): assert contact only if overlap area / smaller bbox area ≥12% OR clear segmentation adjacency/pixel adjacency. Example pass: hand overlapping cup with 18% overlap → contact verified. Example fail: hand near cup with 3% overlap → omit micro‑action.
- Fine object class: assert a fine class only if classifier confidence >0.60 OR two independent visual cues (distinctive part + unique shape OR part + contextual prop). If metadata missing, require two visual cues.
- Text transcription: transcribe and quote exact text only if fully legible at ≳8pt equivalent and high contrast; otherwise emit a positional label (e.g., ""signboard above"", ""painted text on shutter at left"").
- Background anchor: include a background noun phrase only if that anchor occupies ≥5% image area or is a distinct structure (storefront, metal shutter, stairway).
- If classifier/confidence metadata unavailable, require two independent visual cues before asserting fine classes; do not invent fine classes otherwise.

Spatial anchors, grouping and prominence
- Centroid x rules: x < 0.33 → ""left""; 0.33 ≤ x ≤ 0.66 → ""center""; x > 0.66 → ""right"".
- If subject width >50% image width, emit ""center"".
- Append ""partially cropped at [top|bottom|left|right]"" if >5% of subject area lies outside image.
- Include depth token [foreground|midground|background] only when overlap ratio and scale unambiguously indicate depth (e.g., >25% occlusion and >2× scale difference).
- Secondary group inclusion: include only if it covers ≥20% of main subject area OR ranks top‑2 by area/saliency.

Micro‑action and part‑level relations (strict)
- Include exactly one verbized micro‑action only if Contact verification passes. Use a strong verb and immediately follow with one part‑level relation using the exact template: ""[part] [verb] [object]"" (e.g., ""right hand holding pole""). If contact not verified, omit both micro‑action and part relation.
- Do not use passive or vague forms; do not use ""with"" except inside the required template.

Descriptor selection and priority (up to 1–3 descriptors)
- Choose at most three verified descriptors in this strict priority: (1) discriminative prop (unique object, container, tool, sign text), (2) fully legible text (quoted), (3) precise fine class (if verified), (4) material/texture, (5) color, (6) reflection/surface condition. If none verify, omit descriptors.
- Mandatory: if any discriminative prop or verified part‑level relation passes verification, include at least one such token in the caption. Define ""present"" as classifier confidence >0.60 OR two independent visual cues.

Fine‑class cue examples (use these as verification patterns)
- Motorbike: engine casing + exhaust OR engine casing + attached baskets OR visible exhaust + motorbike frame.  
- Bicycle: pedals + chain OR spokes + visible pedals OR pedal + chainring.  
- Street vendor role only if vendor cues present (baskets of fruit + scale/pans + transaction posture).

Background, signage and reflections
- If text is fully legible per Text verification, quote exact string. Otherwise use a positional label (""storefront behind"", ""metal shutter with painted text at left"").  
- If an element appears doubled/reversed on a glass plane without occlusion, label ""reflections"". If items clearly sit behind glass with supporting occlusion, label ""on display behind glass"". If uncertain, omit both.

Pose/orientation and object state
- When unambiguous per measurable cues, include one brief orientation token (e.g., ""facing camera"", ""turned away"", ""leaning over"").  
- When object state is clearly visible, include one object‑state descriptor (e.g., ""open instrument case"", ""wet reflective surface"").

Trimming priority (deterministic checklist)
- If over length, deterministically drop tokens in this order until within limit: color → viewpoint/orientation → lighting → reflections → material/texture → background (unless ≥5% area or contains legible text) → low‑priority descriptors. Always preserve discriminative prop and verified part relations when present.

Count and saliency rules (concrete)
- Allow digits only when Count verification passes. For secondary groups, require ≥20% of main subject area OR top‑2 saliency by area/attention. When saliency metadata unavailable, use area thresholds.

Deterministic tie‑breakers
- If two subjects have similar prominence, choose the one with larger bbox area. Use centroid x and width rules for left/center/right deterministically.

Few focused examples (bad → good)
- Bad: ""man holding something"" → Good: ""1 man center foreground, right hand holding woven basket of oranges, storefront behind.""  
- Bad: ""man on bicycle"" (uncertain) → Good (motorbike cues present): ""1 man right foreground, standing by motorbike with woven baskets attached, sunlit doorway behind.""  
- Bad: ""sign"" (illegible) → Good: ""1 woman center foreground, walking past painted text on metal shutter at left.""  
- Bad: vague count ""several people"" → Good: ""2 children left foreground, both seated, blue pajamas, unwrapping silver gift, adult seated behind.""

Internal diagnostics (developer use only)
- Internally compute and retain which verification checks passed for each chosen token (counts, overlap %, cue pairs matched). Do not output these diagnostics in the caption.

Negative rules (must obey)
- Do not output multiple candidates, metadata, internal logs, or any extra text.  
- Do not invent counts, contacts, transcribed text, fine classes, or other tokens that fail verification.  
- Do not infer age, emotion, intentions, or unseen attributes.  
- Do not use vague quantifiers (""several""); use digits only when verified.

Final note
- Always perform the two‑pass proposal → verification → pruning process, then emit exactly one grammatical comma‑separated sentence that preserves verified discriminative props and part relations where available and stays within the word limit.","1 batter center foreground, swinging bat, black helmet, red jersey with number 10, white pants, red socks, dirt field, painted text ""OM"" and eagle logo on fence behind.",0,1,Qwen/Qwen3-VL-8B-Instruct,0.0,,64,"{""temperature"": 0.0, ""top_p"": null, ""max_new_tokens"": 64}",0.23966236412525177,0.14867691695690155,28,False
flickr30k_main_seed1_train,textgrad_clip,textgrad_clip__textgrad_8daf66d503,60,7565,flickr30k_test_007565,images/flickr30k/flickr30k_test_007565.jpg,"[""An infant is crawling on a wood floor, with a water bottle laying nearby."", ""A young baby crawls across the wood floor towards the water bottle."", ""A baby crawls on hardwood floors towards a water bottle."", ""A baby crawls on a wood floor near a bottle of water."", ""A baby on a wood floor with a water bottle""]",textgrad_8daf66d503,TextGrad Step 9,"Output exactly one concise, information‑dense caption: a single grammatical sentence composed of comma‑separated short phrases. Produce only that one sentence (no lists, tags, JSON, logs, or extra lines). Use digits for counts only when Count verification below passes. Do not infer age, emotion, intention, or unseen attributes.

Required overall format and limits
- Render 1–3 clearly separable subject groups in prominence order; each group is: [digit] + subject noun(s) + spatial anchor (see Spatial anchors). Target ≤24 words; allow up to +10% length (≤27 words) only to include a fully legible quoted text string or one necessary verified part‑level relation/background anchor. Aim for compact, active, comma‑separated noun‑verb phrases.

Two‑pass generation (mandatory)
1) Token proposal: internally list candidate tokens for each slot — subject groups, micro‑action, part relation, up to three descriptors, viewpoint/orientation, lighting, background/text.  
2) Verification & pruning: apply the numeric checks below to every candidate; drop any token that fails; then recompose a single grammatical comma‑separated sentence from the remaining verified tokens. If pruning removes a slot, ensure the final sentence remains grammatical.

Numeric verification rules (must be enforced)
- Count: include a digit only if each instance is ≥50% unobstructed and individually separable. Separability heuristic: centroids spacing ≥10% image width and distinct non‑overlapping silhouettes/contours. When uncertain, omit digits.
- Contact (micro‑action): assert contact only if overlap area / smaller bbox area ≥12% OR clear segmentation adjacency/pixel adjacency. Example pass: hand overlapping cup with 18% overlap → contact verified. Example fail: hand near cup with 3% overlap → omit micro‑action.
- Fine object class: assert a fine class only if classifier confidence >0.60 OR two independent visual cues (distinctive part + unique shape OR part + contextual prop). If metadata missing, require two visual cues.
- Text transcription: transcribe and quote exact text only if fully legible at ≳8pt equivalent and high contrast; otherwise emit a positional label (e.g., ""signboard above"", ""painted text on shutter at left"").
- Background anchor: include a background noun phrase only if that anchor occupies ≥5% image area or is a distinct structure (storefront, metal shutter, stairway).
- If classifier/confidence metadata unavailable, require two independent visual cues before asserting fine classes; do not invent fine classes otherwise.

Spatial anchors, grouping and prominence
- Centroid x rules: x < 0.33 → ""left""; 0.33 ≤ x ≤ 0.66 → ""center""; x > 0.66 → ""right"".
- If subject width >50% image width, emit ""center"".
- Append ""partially cropped at [top|bottom|left|right]"" if >5% of subject area lies outside image.
- Include depth token [foreground|midground|background] only when overlap ratio and scale unambiguously indicate depth (e.g., >25% occlusion and >2× scale difference).
- Secondary group inclusion: include only if it covers ≥20% of main subject area OR ranks top‑2 by area/saliency.

Micro‑action and part‑level relations (strict)
- Include exactly one verbized micro‑action only if Contact verification passes. Use a strong verb and immediately follow with one part‑level relation using the exact template: ""[part] [verb] [object]"" (e.g., ""right hand holding pole""). If contact not verified, omit both micro‑action and part relation.
- Do not use passive or vague forms; do not use ""with"" except inside the required template.

Descriptor selection and priority (up to 1–3 descriptors)
- Choose at most three verified descriptors in this strict priority: (1) discriminative prop (unique object, container, tool, sign text), (2) fully legible text (quoted), (3) precise fine class (if verified), (4) material/texture, (5) color, (6) reflection/surface condition. If none verify, omit descriptors.
- Mandatory: if any discriminative prop or verified part‑level relation passes verification, include at least one such token in the caption. Define ""present"" as classifier confidence >0.60 OR two independent visual cues.

Fine‑class cue examples (use these as verification patterns)
- Motorbike: engine casing + exhaust OR engine casing + attached baskets OR visible exhaust + motorbike frame.  
- Bicycle: pedals + chain OR spokes + visible pedals OR pedal + chainring.  
- Street vendor role only if vendor cues present (baskets of fruit + scale/pans + transaction posture).

Background, signage and reflections
- If text is fully legible per Text verification, quote exact string. Otherwise use a positional label (""storefront behind"", ""metal shutter with painted text at left"").  
- If an element appears doubled/reversed on a glass plane without occlusion, label ""reflections"". If items clearly sit behind glass with supporting occlusion, label ""on display behind glass"". If uncertain, omit both.

Pose/orientation and object state
- When unambiguous per measurable cues, include one brief orientation token (e.g., ""facing camera"", ""turned away"", ""leaning over"").  
- When object state is clearly visible, include one object‑state descriptor (e.g., ""open instrument case"", ""wet reflective surface"").

Trimming priority (deterministic checklist)
- If over length, deterministically drop tokens in this order until within limit: color → viewpoint/orientation → lighting → reflections → material/texture → background (unless ≥5% area or contains legible text) → low‑priority descriptors. Always preserve discriminative prop and verified part relations when present.

Count and saliency rules (concrete)
- Allow digits only when Count verification passes. For secondary groups, require ≥20% of main subject area OR top‑2 saliency by area/attention. When saliency metadata unavailable, use area thresholds.

Deterministic tie‑breakers
- If two subjects have similar prominence, choose the one with larger bbox area. Use centroid x and width rules for left/center/right deterministically.

Few focused examples (bad → good)
- Bad: ""man holding something"" → Good: ""1 man center foreground, right hand holding woven basket of oranges, storefront behind.""  
- Bad: ""man on bicycle"" (uncertain) → Good (motorbike cues present): ""1 man right foreground, standing by motorbike with woven baskets attached, sunlit doorway behind.""  
- Bad: ""sign"" (illegible) → Good: ""1 woman center foreground, walking past painted text on metal shutter at left.""  
- Bad: vague count ""several people"" → Good: ""2 children left foreground, both seated, blue pajamas, unwrapping silver gift, adult seated behind.""

Internal diagnostics (developer use only)
- Internally compute and retain which verification checks passed for each chosen token (counts, overlap %, cue pairs matched). Do not output these diagnostics in the caption.

Negative rules (must obey)
- Do not output multiple candidates, metadata, internal logs, or any extra text.  
- Do not invent counts, contacts, transcribed text, fine classes, or other tokens that fail verification.  
- Do not infer age, emotion, intentions, or unseen attributes.  
- Do not use vague quantifiers (""several""); use digits only when verified.

Final note
- Always perform the two‑pass proposal → verification → pruning process, then emit exactly one grammatical comma‑separated sentence that preserves verified discriminative props and part relations where available and stays within the word limit.","1 baby crawling on wooden floor, right hand reaching toward plastic water bottle partially cropped at right.",0,1,Qwen/Qwen3-VL-8B-Instruct,0.0,,64,"{""temperature"": 0.0, ""top_p"": null, ""max_new_tokens"": 64}",0.3640672564506531,0.24143391847610474,17,False
flickr30k_main_seed1_train,textgrad_clip,textgrad_clip__textgrad_8daf66d503,73,21046,flickr30k_test_021046,images/flickr30k/flickr30k_test_021046.jpg,"[""A man and a woman are seated, holding reading materials, while he looks into the camera and she looks down into her partly rolled-up magazine."", ""A young man and woman sit beside each other on the subway train."", ""A man and a woman are reading while riding the subway."", ""A man and woman riding on a subway car."", ""Several people sit on the subway.""]",textgrad_8daf66d503,TextGrad Step 9,"Output exactly one concise, information‑dense caption: a single grammatical sentence composed of comma‑separated short phrases. Produce only that one sentence (no lists, tags, JSON, logs, or extra lines). Use digits for counts only when Count verification below passes. Do not infer age, emotion, intention, or unseen attributes.

Required overall format and limits
- Render 1–3 clearly separable subject groups in prominence order; each group is: [digit] + subject noun(s) + spatial anchor (see Spatial anchors). Target ≤24 words; allow up to +10% length (≤27 words) only to include a fully legible quoted text string or one necessary verified part‑level relation/background anchor. Aim for compact, active, comma‑separated noun‑verb phrases.

Two‑pass generation (mandatory)
1) Token proposal: internally list candidate tokens for each slot — subject groups, micro‑action, part relation, up to three descriptors, viewpoint/orientation, lighting, background/text.  
2) Verification & pruning: apply the numeric checks below to every candidate; drop any token that fails; then recompose a single grammatical comma‑separated sentence from the remaining verified tokens. If pruning removes a slot, ensure the final sentence remains grammatical.

Numeric verification rules (must be enforced)
- Count: include a digit only if each instance is ≥50% unobstructed and individually separable. Separability heuristic: centroids spacing ≥10% image width and distinct non‑overlapping silhouettes/contours. When uncertain, omit digits.
- Contact (micro‑action): assert contact only if overlap area / smaller bbox area ≥12% OR clear segmentation adjacency/pixel adjacency. Example pass: hand overlapping cup with 18% overlap → contact verified. Example fail: hand near cup with 3% overlap → omit micro‑action.
- Fine object class: assert a fine class only if classifier confidence >0.60 OR two independent visual cues (distinctive part + unique shape OR part + contextual prop). If metadata missing, require two visual cues.
- Text transcription: transcribe and quote exact text only if fully legible at ≳8pt equivalent and high contrast; otherwise emit a positional label (e.g., ""signboard above"", ""painted text on shutter at left"").
- Background anchor: include a background noun phrase only if that anchor occupies ≥5% image area or is a distinct structure (storefront, metal shutter, stairway).
- If classifier/confidence metadata unavailable, require two independent visual cues before asserting fine classes; do not invent fine classes otherwise.

Spatial anchors, grouping and prominence
- Centroid x rules: x < 0.33 → ""left""; 0.33 ≤ x ≤ 0.66 → ""center""; x > 0.66 → ""right"".
- If subject width >50% image width, emit ""center"".
- Append ""partially cropped at [top|bottom|left|right]"" if >5% of subject area lies outside image.
- Include depth token [foreground|midground|background] only when overlap ratio and scale unambiguously indicate depth (e.g., >25% occlusion and >2× scale difference).
- Secondary group inclusion: include only if it covers ≥20% of main subject area OR ranks top‑2 by area/saliency.

Micro‑action and part‑level relations (strict)
- Include exactly one verbized micro‑action only if Contact verification passes. Use a strong verb and immediately follow with one part‑level relation using the exact template: ""[part] [verb] [object]"" (e.g., ""right hand holding pole""). If contact not verified, omit both micro‑action and part relation.
- Do not use passive or vague forms; do not use ""with"" except inside the required template.

Descriptor selection and priority (up to 1–3 descriptors)
- Choose at most three verified descriptors in this strict priority: (1) discriminative prop (unique object, container, tool, sign text), (2) fully legible text (quoted), (3) precise fine class (if verified), (4) material/texture, (5) color, (6) reflection/surface condition. If none verify, omit descriptors.
- Mandatory: if any discriminative prop or verified part‑level relation passes verification, include at least one such token in the caption. Define ""present"" as classifier confidence >0.60 OR two independent visual cues.

Fine‑class cue examples (use these as verification patterns)
- Motorbike: engine casing + exhaust OR engine casing + attached baskets OR visible exhaust + motorbike frame.  
- Bicycle: pedals + chain OR spokes + visible pedals OR pedal + chainring.  
- Street vendor role only if vendor cues present (baskets of fruit + scale/pans + transaction posture).

Background, signage and reflections
- If text is fully legible per Text verification, quote exact string. Otherwise use a positional label (""storefront behind"", ""metal shutter with painted text at left"").  
- If an element appears doubled/reversed on a glass plane without occlusion, label ""reflections"". If items clearly sit behind glass with supporting occlusion, label ""on display behind glass"". If uncertain, omit both.

Pose/orientation and object state
- When unambiguous per measurable cues, include one brief orientation token (e.g., ""facing camera"", ""turned away"", ""leaning over"").  
- When object state is clearly visible, include one object‑state descriptor (e.g., ""open instrument case"", ""wet reflective surface"").

Trimming priority (deterministic checklist)
- If over length, deterministically drop tokens in this order until within limit: color → viewpoint/orientation → lighting → reflections → material/texture → background (unless ≥5% area or contains legible text) → low‑priority descriptors. Always preserve discriminative prop and verified part relations when present.

Count and saliency rules (concrete)
- Allow digits only when Count verification passes. For secondary groups, require ≥20% of main subject area OR top‑2 saliency by area/attention. When saliency metadata unavailable, use area thresholds.

Deterministic tie‑breakers
- If two subjects have similar prominence, choose the one with larger bbox area. Use centroid x and width rules for left/center/right deterministically.

Few focused examples (bad → good)
- Bad: ""man holding something"" → Good: ""1 man center foreground, right hand holding woven basket of oranges, storefront behind.""  
- Bad: ""man on bicycle"" (uncertain) → Good (motorbike cues present): ""1 man right foreground, standing by motorbike with woven baskets attached, sunlit doorway behind.""  
- Bad: ""sign"" (illegible) → Good: ""1 woman center foreground, walking past painted text on metal shutter at left.""  
- Bad: vague count ""several people"" → Good: ""2 children left foreground, both seated, blue pajamas, unwrapping silver gift, adult seated behind.""

Internal diagnostics (developer use only)
- Internally compute and retain which verification checks passed for each chosen token (counts, overlap %, cue pairs matched). Do not output these diagnostics in the caption.

Negative rules (must obey)
- Do not output multiple candidates, metadata, internal logs, or any extra text.  
- Do not invent counts, contacts, transcribed text, fine classes, or other tokens that fail verification.  
- Do not infer age, emotion, intentions, or unseen attributes.  
- Do not use vague quantifiers (""several""); use digits only when verified.

Final note
- Always perform the two‑pass proposal → verification → pruning process, then emit exactly one grammatical comma‑separated sentence that preserves verified discriminative props and part relations where available and stays within the word limit.","1 man left foreground, holding paper, 1 woman right foreground, holding cylindrical container, both seated, interior background with signboard above.",0,1,Qwen/Qwen3-VL-8B-Instruct,0.0,,64,"{""temperature"": 0.0, ""top_p"": null, ""max_new_tokens"": 64}",0.2328215092420578,0.13696491718292236,20,False
flickr30k_main_seed1_train,textgrad_clip,textgrad_clip__textgrad_8daf66d503,75,6091,flickr30k_test_006091,images/flickr30k/flickr30k_test_006091.jpg,"[""A little girl is sitting on the counter dangling one foot in the sink whilst holding a dish jet washer."", ""A young girl wearing red sunglasses sits near a sink and holds the faucet."", ""A little girl wearing sunglasses puts her feet into the kitchen sink."", ""A young, barefoot girl in red sunglasses plays in a sink."", ""A little girl plays with a faucet.""]",textgrad_8daf66d503,TextGrad Step 9,"Output exactly one concise, information‑dense caption: a single grammatical sentence composed of comma‑separated short phrases. Produce only that one sentence (no lists, tags, JSON, logs, or extra lines). Use digits for counts only when Count verification below passes. Do not infer age, emotion, intention, or unseen attributes.

Required overall format and limits
- Render 1–3 clearly separable subject groups in prominence order; each group is: [digit] + subject noun(s) + spatial anchor (see Spatial anchors). Target ≤24 words; allow up to +10% length (≤27 words) only to include a fully legible quoted text string or one necessary verified part‑level relation/background anchor. Aim for compact, active, comma‑separated noun‑verb phrases.

Two‑pass generation (mandatory)
1) Token proposal: internally list candidate tokens for each slot — subject groups, micro‑action, part relation, up to three descriptors, viewpoint/orientation, lighting, background/text.  
2) Verification & pruning: apply the numeric checks below to every candidate; drop any token that fails; then recompose a single grammatical comma‑separated sentence from the remaining verified tokens. If pruning removes a slot, ensure the final sentence remains grammatical.

Numeric verification rules (must be enforced)
- Count: include a digit only if each instance is ≥50% unobstructed and individually separable. Separability heuristic: centroids spacing ≥10% image width and distinct non‑overlapping silhouettes/contours. When uncertain, omit digits.
- Contact (micro‑action): assert contact only if overlap area / smaller bbox area ≥12% OR clear segmentation adjacency/pixel adjacency. Example pass: hand overlapping cup with 18% overlap → contact verified. Example fail: hand near cup with 3% overlap → omit micro‑action.
- Fine object class: assert a fine class only if classifier confidence >0.60 OR two independent visual cues (distinctive part + unique shape OR part + contextual prop). If metadata missing, require two visual cues.
- Text transcription: transcribe and quote exact text only if fully legible at ≳8pt equivalent and high contrast; otherwise emit a positional label (e.g., ""signboard above"", ""painted text on shutter at left"").
- Background anchor: include a background noun phrase only if that anchor occupies ≥5% image area or is a distinct structure (storefront, metal shutter, stairway).
- If classifier/confidence metadata unavailable, require two independent visual cues before asserting fine classes; do not invent fine classes otherwise.

Spatial anchors, grouping and prominence
- Centroid x rules: x < 0.33 → ""left""; 0.33 ≤ x ≤ 0.66 → ""center""; x > 0.66 → ""right"".
- If subject width >50% image width, emit ""center"".
- Append ""partially cropped at [top|bottom|left|right]"" if >5% of subject area lies outside image.
- Include depth token [foreground|midground|background] only when overlap ratio and scale unambiguously indicate depth (e.g., >25% occlusion and >2× scale difference).
- Secondary group inclusion: include only if it covers ≥20% of main subject area OR ranks top‑2 by area/saliency.

Micro‑action and part‑level relations (strict)
- Include exactly one verbized micro‑action only if Contact verification passes. Use a strong verb and immediately follow with one part‑level relation using the exact template: ""[part] [verb] [object]"" (e.g., ""right hand holding pole""). If contact not verified, omit both micro‑action and part relation.
- Do not use passive or vague forms; do not use ""with"" except inside the required template.

Descriptor selection and priority (up to 1–3 descriptors)
- Choose at most three verified descriptors in this strict priority: (1) discriminative prop (unique object, container, tool, sign text), (2) fully legible text (quoted), (3) precise fine class (if verified), (4) material/texture, (5) color, (6) reflection/surface condition. If none verify, omit descriptors.
- Mandatory: if any discriminative prop or verified part‑level relation passes verification, include at least one such token in the caption. Define ""present"" as classifier confidence >0.60 OR two independent visual cues.

Fine‑class cue examples (use these as verification patterns)
- Motorbike: engine casing + exhaust OR engine casing + attached baskets OR visible exhaust + motorbike frame.  
- Bicycle: pedals + chain OR spokes + visible pedals OR pedal + chainring.  
- Street vendor role only if vendor cues present (baskets of fruit + scale/pans + transaction posture).

Background, signage and reflections
- If text is fully legible per Text verification, quote exact string. Otherwise use a positional label (""storefront behind"", ""metal shutter with painted text at left"").  
- If an element appears doubled/reversed on a glass plane without occlusion, label ""reflections"". If items clearly sit behind glass with supporting occlusion, label ""on display behind glass"". If uncertain, omit both.

Pose/orientation and object state
- When unambiguous per measurable cues, include one brief orientation token (e.g., ""facing camera"", ""turned away"", ""leaning over"").  
- When object state is clearly visible, include one object‑state descriptor (e.g., ""open instrument case"", ""wet reflective surface"").

Trimming priority (deterministic checklist)
- If over length, deterministically drop tokens in this order until within limit: color → viewpoint/orientation → lighting → reflections → material/texture → background (unless ≥5% area or contains legible text) → low‑priority descriptors. Always preserve discriminative prop and verified part relations when present.

Count and saliency rules (concrete)
- Allow digits only when Count verification passes. For secondary groups, require ≥20% of main subject area OR top‑2 saliency by area/attention. When saliency metadata unavailable, use area thresholds.

Deterministic tie‑breakers
- If two subjects have similar prominence, choose the one with larger bbox area. Use centroid x and width rules for left/center/right deterministically.

Few focused examples (bad → good)
- Bad: ""man holding something"" → Good: ""1 man center foreground, right hand holding woven basket of oranges, storefront behind.""  
- Bad: ""man on bicycle"" (uncertain) → Good (motorbike cues present): ""1 man right foreground, standing by motorbike with woven baskets attached, sunlit doorway behind.""  
- Bad: ""sign"" (illegible) → Good: ""1 woman center foreground, walking past painted text on metal shutter at left.""  
- Bad: vague count ""several people"" → Good: ""2 children left foreground, both seated, blue pajamas, unwrapping silver gift, adult seated behind.""

Internal diagnostics (developer use only)
- Internally compute and retain which verification checks passed for each chosen token (counts, overlap %, cue pairs matched). Do not output these diagnostics in the caption.

Negative rules (must obey)
- Do not output multiple candidates, metadata, internal logs, or any extra text.  
- Do not invent counts, contacts, transcribed text, fine classes, or other tokens that fail verification.  
- Do not infer age, emotion, intentions, or unseen attributes.  
- Do not use vague quantifiers (""several""); use digits only when verified.

Final note
- Always perform the two‑pass proposal → verification → pruning process, then emit exactly one grammatical comma‑separated sentence that preserves verified discriminative props and part relations where available and stays within the word limit.","1 child center foreground, barefoot on countertop, right hand holding faucet spout, water streaming down sink, pink shirt, blue jeans with yellow heart pattern, red sunglasses, wooden cabinets right background.",0,1,Qwen/Qwen3-VL-8B-Instruct,0.0,,64,"{""temperature"": 0.0, ""top_p"": null, ""max_new_tokens"": 64}",0.3341606855392456,0.23502686619758606,30,False
flickr30k_main_seed1_train,textgrad_clip,textgrad_clip__textgrad_8daf66d503,81,24351,flickr30k_test_024351,images/flickr30k/flickr30k_test_024351.jpg,"[""The dinosaur exhibt is next to a tree that has a balloon stuck in its branches."", ""A black dog looks up at a ball in the air and prepares to catch it."", ""A black dog waits on the grass for a falling yellow ball."", ""A dog is looking up at a ball attached to the string."", ""The animal is near the pond.""]",textgrad_8daf66d503,TextGrad Step 9,"Output exactly one concise, information‑dense caption: a single grammatical sentence composed of comma‑separated short phrases. Produce only that one sentence (no lists, tags, JSON, logs, or extra lines). Use digits for counts only when Count verification below passes. Do not infer age, emotion, intention, or unseen attributes.

Required overall format and limits
- Render 1–3 clearly separable subject groups in prominence order; each group is: [digit] + subject noun(s) + spatial anchor (see Spatial anchors). Target ≤24 words; allow up to +10% length (≤27 words) only to include a fully legible quoted text string or one necessary verified part‑level relation/background anchor. Aim for compact, active, comma‑separated noun‑verb phrases.

Two‑pass generation (mandatory)
1) Token proposal: internally list candidate tokens for each slot — subject groups, micro‑action, part relation, up to three descriptors, viewpoint/orientation, lighting, background/text.  
2) Verification & pruning: apply the numeric checks below to every candidate; drop any token that fails; then recompose a single grammatical comma‑separated sentence from the remaining verified tokens. If pruning removes a slot, ensure the final sentence remains grammatical.

Numeric verification rules (must be enforced)
- Count: include a digit only if each instance is ≥50% unobstructed and individually separable. Separability heuristic: centroids spacing ≥10% image width and distinct non‑overlapping silhouettes/contours. When uncertain, omit digits.
- Contact (micro‑action): assert contact only if overlap area / smaller bbox area ≥12% OR clear segmentation adjacency/pixel adjacency. Example pass: hand overlapping cup with 18% overlap → contact verified. Example fail: hand near cup with 3% overlap → omit micro‑action.
- Fine object class: assert a fine class only if classifier confidence >0.60 OR two independent visual cues (distinctive part + unique shape OR part + contextual prop). If metadata missing, require two visual cues.
- Text transcription: transcribe and quote exact text only if fully legible at ≳8pt equivalent and high contrast; otherwise emit a positional label (e.g., ""signboard above"", ""painted text on shutter at left"").
- Background anchor: include a background noun phrase only if that anchor occupies ≥5% image area or is a distinct structure (storefront, metal shutter, stairway).
- If classifier/confidence metadata unavailable, require two independent visual cues before asserting fine classes; do not invent fine classes otherwise.

Spatial anchors, grouping and prominence
- Centroid x rules: x < 0.33 → ""left""; 0.33 ≤ x ≤ 0.66 → ""center""; x > 0.66 → ""right"".
- If subject width >50% image width, emit ""center"".
- Append ""partially cropped at [top|bottom|left|right]"" if >5% of subject area lies outside image.
- Include depth token [foreground|midground|background] only when overlap ratio and scale unambiguously indicate depth (e.g., >25% occlusion and >2× scale difference).
- Secondary group inclusion: include only if it covers ≥20% of main subject area OR ranks top‑2 by area/saliency.

Micro‑action and part‑level relations (strict)
- Include exactly one verbized micro‑action only if Contact verification passes. Use a strong verb and immediately follow with one part‑level relation using the exact template: ""[part] [verb] [object]"" (e.g., ""right hand holding pole""). If contact not verified, omit both micro‑action and part relation.
- Do not use passive or vague forms; do not use ""with"" except inside the required template.

Descriptor selection and priority (up to 1–3 descriptors)
- Choose at most three verified descriptors in this strict priority: (1) discriminative prop (unique object, container, tool, sign text), (2) fully legible text (quoted), (3) precise fine class (if verified), (4) material/texture, (5) color, (6) reflection/surface condition. If none verify, omit descriptors.
- Mandatory: if any discriminative prop or verified part‑level relation passes verification, include at least one such token in the caption. Define ""present"" as classifier confidence >0.60 OR two independent visual cues.

Fine‑class cue examples (use these as verification patterns)
- Motorbike: engine casing + exhaust OR engine casing + attached baskets OR visible exhaust + motorbike frame.  
- Bicycle: pedals + chain OR spokes + visible pedals OR pedal + chainring.  
- Street vendor role only if vendor cues present (baskets of fruit + scale/pans + transaction posture).

Background, signage and reflections
- If text is fully legible per Text verification, quote exact string. Otherwise use a positional label (""storefront behind"", ""metal shutter with painted text at left"").  
- If an element appears doubled/reversed on a glass plane without occlusion, label ""reflections"". If items clearly sit behind glass with supporting occlusion, label ""on display behind glass"". If uncertain, omit both.

Pose/orientation and object state
- When unambiguous per measurable cues, include one brief orientation token (e.g., ""facing camera"", ""turned away"", ""leaning over"").  
- When object state is clearly visible, include one object‑state descriptor (e.g., ""open instrument case"", ""wet reflective surface"").

Trimming priority (deterministic checklist)
- If over length, deterministically drop tokens in this order until within limit: color → viewpoint/orientation → lighting → reflections → material/texture → background (unless ≥5% area or contains legible text) → low‑priority descriptors. Always preserve discriminative prop and verified part relations when present.

Count and saliency rules (concrete)
- Allow digits only when Count verification passes. For secondary groups, require ≥20% of main subject area OR top‑2 saliency by area/attention. When saliency metadata unavailable, use area thresholds.

Deterministic tie‑breakers
- If two subjects have similar prominence, choose the one with larger bbox area. Use centroid x and width rules for left/center/right deterministically.

Few focused examples (bad → good)
- Bad: ""man holding something"" → Good: ""1 man center foreground, right hand holding woven basket of oranges, storefront behind.""  
- Bad: ""man on bicycle"" (uncertain) → Good (motorbike cues present): ""1 man right foreground, standing by motorbike with woven baskets attached, sunlit doorway behind.""  
- Bad: ""sign"" (illegible) → Good: ""1 woman center foreground, walking past painted text on metal shutter at left.""  
- Bad: vague count ""several people"" → Good: ""2 children left foreground, both seated, blue pajamas, unwrapping silver gift, adult seated behind.""

Internal diagnostics (developer use only)
- Internally compute and retain which verification checks passed for each chosen token (counts, overlap %, cue pairs matched). Do not output these diagnostics in the caption.

Negative rules (must obey)
- Do not output multiple candidates, metadata, internal logs, or any extra text.  
- Do not invent counts, contacts, transcribed text, fine classes, or other tokens that fail verification.  
- Do not infer age, emotion, intentions, or unseen attributes.  
- Do not use vague quantifiers (""several""); use digits only when verified.

Final note
- Always perform the two‑pass proposal → verification → pruning process, then emit exactly one grammatical comma‑separated sentence that preserves verified discriminative props and part relations where available and stays within the word limit.","1 dog center foreground, front paws on ground, head raised toward green tennis ball, trees and pond background.",0,1,Qwen/Qwen3-VL-8B-Instruct,0.0,,64,"{""temperature"": 0.0, ""top_p"": null, ""max_new_tokens"": 64}",0.311105877161026,0.17836138606071472,18,False
flickr30k_main_seed1_train,textgrad_clip,textgrad_clip__textgrad_8daf66d503,90,29824,flickr30k_test_029824,images/flickr30k/flickr30k_test_029824.jpg,"[""A woman stands behind a display table advertising the London 2012 Olympics in front of a sign reading, \""Bienvenus Welcome.\"""", ""A female worker is standing behind a table that says London 2012 above the Olympic rings."", ""A young woman is standing behind an information stall at the 2012 London Olympic Games."", ""Woman posing in her booth during the London 2012 olympics"", ""The olympic official is smiling for the camera""]",textgrad_8daf66d503,TextGrad Step 9,"Output exactly one concise, information‑dense caption: a single grammatical sentence composed of comma‑separated short phrases. Produce only that one sentence (no lists, tags, JSON, logs, or extra lines). Use digits for counts only when Count verification below passes. Do not infer age, emotion, intention, or unseen attributes.

Required overall format and limits
- Render 1–3 clearly separable subject groups in prominence order; each group is: [digit] + subject noun(s) + spatial anchor (see Spatial anchors). Target ≤24 words; allow up to +10% length (≤27 words) only to include a fully legible quoted text string or one necessary verified part‑level relation/background anchor. Aim for compact, active, comma‑separated noun‑verb phrases.

Two‑pass generation (mandatory)
1) Token proposal: internally list candidate tokens for each slot — subject groups, micro‑action, part relation, up to three descriptors, viewpoint/orientation, lighting, background/text.  
2) Verification & pruning: apply the numeric checks below to every candidate; drop any token that fails; then recompose a single grammatical comma‑separated sentence from the remaining verified tokens. If pruning removes a slot, ensure the final sentence remains grammatical.

Numeric verification rules (must be enforced)
- Count: include a digit only if each instance is ≥50% unobstructed and individually separable. Separability heuristic: centroids spacing ≥10% image width and distinct non‑overlapping silhouettes/contours. When uncertain, omit digits.
- Contact (micro‑action): assert contact only if overlap area / smaller bbox area ≥12% OR clear segmentation adjacency/pixel adjacency. Example pass: hand overlapping cup with 18% overlap → contact verified. Example fail: hand near cup with 3% overlap → omit micro‑action.
- Fine object class: assert a fine class only if classifier confidence >0.60 OR two independent visual cues (distinctive part + unique shape OR part + contextual prop). If metadata missing, require two visual cues.
- Text transcription: transcribe and quote exact text only if fully legible at ≳8pt equivalent and high contrast; otherwise emit a positional label (e.g., ""signboard above"", ""painted text on shutter at left"").
- Background anchor: include a background noun phrase only if that anchor occupies ≥5% image area or is a distinct structure (storefront, metal shutter, stairway).
- If classifier/confidence metadata unavailable, require two independent visual cues before asserting fine classes; do not invent fine classes otherwise.

Spatial anchors, grouping and prominence
- Centroid x rules: x < 0.33 → ""left""; 0.33 ≤ x ≤ 0.66 → ""center""; x > 0.66 → ""right"".
- If subject width >50% image width, emit ""center"".
- Append ""partially cropped at [top|bottom|left|right]"" if >5% of subject area lies outside image.
- Include depth token [foreground|midground|background] only when overlap ratio and scale unambiguously indicate depth (e.g., >25% occlusion and >2× scale difference).
- Secondary group inclusion: include only if it covers ≥20% of main subject area OR ranks top‑2 by area/saliency.

Micro‑action and part‑level relations (strict)
- Include exactly one verbized micro‑action only if Contact verification passes. Use a strong verb and immediately follow with one part‑level relation using the exact template: ""[part] [verb] [object]"" (e.g., ""right hand holding pole""). If contact not verified, omit both micro‑action and part relation.
- Do not use passive or vague forms; do not use ""with"" except inside the required template.

Descriptor selection and priority (up to 1–3 descriptors)
- Choose at most three verified descriptors in this strict priority: (1) discriminative prop (unique object, container, tool, sign text), (2) fully legible text (quoted), (3) precise fine class (if verified), (4) material/texture, (5) color, (6) reflection/surface condition. If none verify, omit descriptors.
- Mandatory: if any discriminative prop or verified part‑level relation passes verification, include at least one such token in the caption. Define ""present"" as classifier confidence >0.60 OR two independent visual cues.

Fine‑class cue examples (use these as verification patterns)
- Motorbike: engine casing + exhaust OR engine casing + attached baskets OR visible exhaust + motorbike frame.  
- Bicycle: pedals + chain OR spokes + visible pedals OR pedal + chainring.  
- Street vendor role only if vendor cues present (baskets of fruit + scale/pans + transaction posture).

Background, signage and reflections
- If text is fully legible per Text verification, quote exact string. Otherwise use a positional label (""storefront behind"", ""metal shutter with painted text at left"").  
- If an element appears doubled/reversed on a glass plane without occlusion, label ""reflections"". If items clearly sit behind glass with supporting occlusion, label ""on display behind glass"". If uncertain, omit both.

Pose/orientation and object state
- When unambiguous per measurable cues, include one brief orientation token (e.g., ""facing camera"", ""turned away"", ""leaning over"").  
- When object state is clearly visible, include one object‑state descriptor (e.g., ""open instrument case"", ""wet reflective surface"").

Trimming priority (deterministic checklist)
- If over length, deterministically drop tokens in this order until within limit: color → viewpoint/orientation → lighting → reflections → material/texture → background (unless ≥5% area or contains legible text) → low‑priority descriptors. Always preserve discriminative prop and verified part relations when present.

Count and saliency rules (concrete)
- Allow digits only when Count verification passes. For secondary groups, require ≥20% of main subject area OR top‑2 saliency by area/attention. When saliency metadata unavailable, use area thresholds.

Deterministic tie‑breakers
- If two subjects have similar prominence, choose the one with larger bbox area. Use centroid x and width rules for left/center/right deterministically.

Few focused examples (bad → good)
- Bad: ""man holding something"" → Good: ""1 man center foreground, right hand holding woven basket of oranges, storefront behind.""  
- Bad: ""man on bicycle"" (uncertain) → Good (motorbike cues present): ""1 man right foreground, standing by motorbike with woven baskets attached, sunlit doorway behind.""  
- Bad: ""sign"" (illegible) → Good: ""1 woman center foreground, walking past painted text on metal shutter at left.""  
- Bad: vague count ""several people"" → Good: ""2 children left foreground, both seated, blue pajamas, unwrapping silver gift, adult seated behind.""

Internal diagnostics (developer use only)
- Internally compute and retain which verification checks passed for each chosen token (counts, overlap %, cue pairs matched). Do not output these diagnostics in the caption.

Negative rules (must obey)
- Do not output multiple candidates, metadata, internal logs, or any extra text.  
- Do not invent counts, contacts, transcribed text, fine classes, or other tokens that fail verification.  
- Do not infer age, emotion, intentions, or unseen attributes.  
- Do not use vague quantifiers (""several""); use digits only when verified.

Final note
- Always perform the two‑pass proposal → verification → pruning process, then emit exactly one grammatical comma‑separated sentence that preserves verified discriminative props and part relations where available and stays within the word limit.","1 woman center foreground, standing behind desk with London 2012 Olympics logo, wearing lanyard with badge, smiling at camera, red-orange backdrop with ""Bienvenue Welcome"" text.",0,1,Qwen/Qwen3-VL-8B-Instruct,0.0,,64,"{""temperature"": 0.0, ""top_p"": null, ""max_new_tokens"": 64}",0.35306277871131897,0.26731109619140625,25,False
flickr30k_main_seed1_train,textgrad_clip,textgrad_clip__textgrad_8daf66d503,94,9311,flickr30k_test_009311,images/flickr30k/flickr30k_test_009311.jpg,"[""A toddler plays in a water fountain with his mouth open and ready for a drink."", ""A baby sticking out his tonge while looking at a spraying water fountain."", ""A baby trying to catch water from a fountain in his mouth"", ""A small boy is playing at a water fountain"", ""A baby reaching into a water fountain.""]",textgrad_8daf66d503,TextGrad Step 9,"Output exactly one concise, information‑dense caption: a single grammatical sentence composed of comma‑separated short phrases. Produce only that one sentence (no lists, tags, JSON, logs, or extra lines). Use digits for counts only when Count verification below passes. Do not infer age, emotion, intention, or unseen attributes.

Required overall format and limits
- Render 1–3 clearly separable subject groups in prominence order; each group is: [digit] + subject noun(s) + spatial anchor (see Spatial anchors). Target ≤24 words; allow up to +10% length (≤27 words) only to include a fully legible quoted text string or one necessary verified part‑level relation/background anchor. Aim for compact, active, comma‑separated noun‑verb phrases.

Two‑pass generation (mandatory)
1) Token proposal: internally list candidate tokens for each slot — subject groups, micro‑action, part relation, up to three descriptors, viewpoint/orientation, lighting, background/text.  
2) Verification & pruning: apply the numeric checks below to every candidate; drop any token that fails; then recompose a single grammatical comma‑separated sentence from the remaining verified tokens. If pruning removes a slot, ensure the final sentence remains grammatical.

Numeric verification rules (must be enforced)
- Count: include a digit only if each instance is ≥50% unobstructed and individually separable. Separability heuristic: centroids spacing ≥10% image width and distinct non‑overlapping silhouettes/contours. When uncertain, omit digits.
- Contact (micro‑action): assert contact only if overlap area / smaller bbox area ≥12% OR clear segmentation adjacency/pixel adjacency. Example pass: hand overlapping cup with 18% overlap → contact verified. Example fail: hand near cup with 3% overlap → omit micro‑action.
- Fine object class: assert a fine class only if classifier confidence >0.60 OR two independent visual cues (distinctive part + unique shape OR part + contextual prop). If metadata missing, require two visual cues.
- Text transcription: transcribe and quote exact text only if fully legible at ≳8pt equivalent and high contrast; otherwise emit a positional label (e.g., ""signboard above"", ""painted text on shutter at left"").
- Background anchor: include a background noun phrase only if that anchor occupies ≥5% image area or is a distinct structure (storefront, metal shutter, stairway).
- If classifier/confidence metadata unavailable, require two independent visual cues before asserting fine classes; do not invent fine classes otherwise.

Spatial anchors, grouping and prominence
- Centroid x rules: x < 0.33 → ""left""; 0.33 ≤ x ≤ 0.66 → ""center""; x > 0.66 → ""right"".
- If subject width >50% image width, emit ""center"".
- Append ""partially cropped at [top|bottom|left|right]"" if >5% of subject area lies outside image.
- Include depth token [foreground|midground|background] only when overlap ratio and scale unambiguously indicate depth (e.g., >25% occlusion and >2× scale difference).
- Secondary group inclusion: include only if it covers ≥20% of main subject area OR ranks top‑2 by area/saliency.

Micro‑action and part‑level relations (strict)
- Include exactly one verbized micro‑action only if Contact verification passes. Use a strong verb and immediately follow with one part‑level relation using the exact template: ""[part] [verb] [object]"" (e.g., ""right hand holding pole""). If contact not verified, omit both micro‑action and part relation.
- Do not use passive or vague forms; do not use ""with"" except inside the required template.

Descriptor selection and priority (up to 1–3 descriptors)
- Choose at most three verified descriptors in this strict priority: (1) discriminative prop (unique object, container, tool, sign text), (2) fully legible text (quoted), (3) precise fine class (if verified), (4) material/texture, (5) color, (6) reflection/surface condition. If none verify, omit descriptors.
- Mandatory: if any discriminative prop or verified part‑level relation passes verification, include at least one such token in the caption. Define ""present"" as classifier confidence >0.60 OR two independent visual cues.

Fine‑class cue examples (use these as verification patterns)
- Motorbike: engine casing + exhaust OR engine casing + attached baskets OR visible exhaust + motorbike frame.  
- Bicycle: pedals + chain OR spokes + visible pedals OR pedal + chainring.  
- Street vendor role only if vendor cues present (baskets of fruit + scale/pans + transaction posture).

Background, signage and reflections
- If text is fully legible per Text verification, quote exact string. Otherwise use a positional label (""storefront behind"", ""metal shutter with painted text at left"").  
- If an element appears doubled/reversed on a glass plane without occlusion, label ""reflections"". If items clearly sit behind glass with supporting occlusion, label ""on display behind glass"". If uncertain, omit both.

Pose/orientation and object state
- When unambiguous per measurable cues, include one brief orientation token (e.g., ""facing camera"", ""turned away"", ""leaning over"").  
- When object state is clearly visible, include one object‑state descriptor (e.g., ""open instrument case"", ""wet reflective surface"").

Trimming priority (deterministic checklist)
- If over length, deterministically drop tokens in this order until within limit: color → viewpoint/orientation → lighting → reflections → material/texture → background (unless ≥5% area or contains legible text) → low‑priority descriptors. Always preserve discriminative prop and verified part relations when present.

Count and saliency rules (concrete)
- Allow digits only when Count verification passes. For secondary groups, require ≥20% of main subject area OR top‑2 saliency by area/attention. When saliency metadata unavailable, use area thresholds.

Deterministic tie‑breakers
- If two subjects have similar prominence, choose the one with larger bbox area. Use centroid x and width rules for left/center/right deterministically.

Few focused examples (bad → good)
- Bad: ""man holding something"" → Good: ""1 man center foreground, right hand holding woven basket of oranges, storefront behind.""  
- Bad: ""man on bicycle"" (uncertain) → Good (motorbike cues present): ""1 man right foreground, standing by motorbike with woven baskets attached, sunlit doorway behind.""  
- Bad: ""sign"" (illegible) → Good: ""1 woman center foreground, walking past painted text on metal shutter at left.""  
- Bad: vague count ""several people"" → Good: ""2 children left foreground, both seated, blue pajamas, unwrapping silver gift, adult seated behind.""

Internal diagnostics (developer use only)
- Internally compute and retain which verification checks passed for each chosen token (counts, overlap %, cue pairs matched). Do not output these diagnostics in the caption.

Negative rules (must obey)
- Do not output multiple candidates, metadata, internal logs, or any extra text.  
- Do not invent counts, contacts, transcribed text, fine classes, or other tokens that fail verification.  
- Do not infer age, emotion, intentions, or unseen attributes.  
- Do not use vague quantifiers (""several""); use digits only when verified.

Final note
- Always perform the two‑pass proposal → verification → pruning process, then emit exactly one grammatical comma‑separated sentence that preserves verified discriminative props and part relations where available and stays within the word limit.","1 child center foreground, partially cropped at right, leaning over fountain edge, water spraying past face, green background behind.",0,1,Qwen/Qwen3-VL-8B-Instruct,0.0,,64,"{""temperature"": 0.0, ""top_p"": null, ""max_new_tokens"": 64}",0.2739449739456177,0.17844095826148987,19,False
flickr30k_main_seed1_train,textgrad_clip,textgrad_clip__textgrad_8daf66d503,98,27728,flickr30k_test_027728,images/flickr30k/flickr30k_test_027728.jpg,"[""A person wearing deep sea scuba diving gear standing in front of a body of water that is surrounded by hills."", ""There is a guy in a scuba outfit and he is in front of water and mountains."", ""A man on a boat is wearing a diving outfit and looking at the camera."", ""A person in SCUBA gear poses in front of a vast expanse of water."", ""Someone dressed in scuba gear has a body of water behind him.""]",textgrad_8daf66d503,TextGrad Step 9,"Output exactly one concise, information‑dense caption: a single grammatical sentence composed of comma‑separated short phrases. Produce only that one sentence (no lists, tags, JSON, logs, or extra lines). Use digits for counts only when Count verification below passes. Do not infer age, emotion, intention, or unseen attributes.

Required overall format and limits
- Render 1–3 clearly separable subject groups in prominence order; each group is: [digit] + subject noun(s) + spatial anchor (see Spatial anchors). Target ≤24 words; allow up to +10% length (≤27 words) only to include a fully legible quoted text string or one necessary verified part‑level relation/background anchor. Aim for compact, active, comma‑separated noun‑verb phrases.

Two‑pass generation (mandatory)
1) Token proposal: internally list candidate tokens for each slot — subject groups, micro‑action, part relation, up to three descriptors, viewpoint/orientation, lighting, background/text.  
2) Verification & pruning: apply the numeric checks below to every candidate; drop any token that fails; then recompose a single grammatical comma‑separated sentence from the remaining verified tokens. If pruning removes a slot, ensure the final sentence remains grammatical.

Numeric verification rules (must be enforced)
- Count: include a digit only if each instance is ≥50% unobstructed and individually separable. Separability heuristic: centroids spacing ≥10% image width and distinct non‑overlapping silhouettes/contours. When uncertain, omit digits.
- Contact (micro‑action): assert contact only if overlap area / smaller bbox area ≥12% OR clear segmentation adjacency/pixel adjacency. Example pass: hand overlapping cup with 18% overlap → contact verified. Example fail: hand near cup with 3% overlap → omit micro‑action.
- Fine object class: assert a fine class only if classifier confidence >0.60 OR two independent visual cues (distinctive part + unique shape OR part + contextual prop). If metadata missing, require two visual cues.
- Text transcription: transcribe and quote exact text only if fully legible at ≳8pt equivalent and high contrast; otherwise emit a positional label (e.g., ""signboard above"", ""painted text on shutter at left"").
- Background anchor: include a background noun phrase only if that anchor occupies ≥5% image area or is a distinct structure (storefront, metal shutter, stairway).
- If classifier/confidence metadata unavailable, require two independent visual cues before asserting fine classes; do not invent fine classes otherwise.

Spatial anchors, grouping and prominence
- Centroid x rules: x < 0.33 → ""left""; 0.33 ≤ x ≤ 0.66 → ""center""; x > 0.66 → ""right"".
- If subject width >50% image width, emit ""center"".
- Append ""partially cropped at [top|bottom|left|right]"" if >5% of subject area lies outside image.
- Include depth token [foreground|midground|background] only when overlap ratio and scale unambiguously indicate depth (e.g., >25% occlusion and >2× scale difference).
- Secondary group inclusion: include only if it covers ≥20% of main subject area OR ranks top‑2 by area/saliency.

Micro‑action and part‑level relations (strict)
- Include exactly one verbized micro‑action only if Contact verification passes. Use a strong verb and immediately follow with one part‑level relation using the exact template: ""[part] [verb] [object]"" (e.g., ""right hand holding pole""). If contact not verified, omit both micro‑action and part relation.
- Do not use passive or vague forms; do not use ""with"" except inside the required template.

Descriptor selection and priority (up to 1–3 descriptors)
- Choose at most three verified descriptors in this strict priority: (1) discriminative prop (unique object, container, tool, sign text), (2) fully legible text (quoted), (3) precise fine class (if verified), (4) material/texture, (5) color, (6) reflection/surface condition. If none verify, omit descriptors.
- Mandatory: if any discriminative prop or verified part‑level relation passes verification, include at least one such token in the caption. Define ""present"" as classifier confidence >0.60 OR two independent visual cues.

Fine‑class cue examples (use these as verification patterns)
- Motorbike: engine casing + exhaust OR engine casing + attached baskets OR visible exhaust + motorbike frame.  
- Bicycle: pedals + chain OR spokes + visible pedals OR pedal + chainring.  
- Street vendor role only if vendor cues present (baskets of fruit + scale/pans + transaction posture).

Background, signage and reflections
- If text is fully legible per Text verification, quote exact string. Otherwise use a positional label (""storefront behind"", ""metal shutter with painted text at left"").  
- If an element appears doubled/reversed on a glass plane without occlusion, label ""reflections"". If items clearly sit behind glass with supporting occlusion, label ""on display behind glass"". If uncertain, omit both.

Pose/orientation and object state
- When unambiguous per measurable cues, include one brief orientation token (e.g., ""facing camera"", ""turned away"", ""leaning over"").  
- When object state is clearly visible, include one object‑state descriptor (e.g., ""open instrument case"", ""wet reflective surface"").

Trimming priority (deterministic checklist)
- If over length, deterministically drop tokens in this order until within limit: color → viewpoint/orientation → lighting → reflections → material/texture → background (unless ≥5% area or contains legible text) → low‑priority descriptors. Always preserve discriminative prop and verified part relations when present.

Count and saliency rules (concrete)
- Allow digits only when Count verification passes. For secondary groups, require ≥20% of main subject area OR top‑2 saliency by area/attention. When saliency metadata unavailable, use area thresholds.

Deterministic tie‑breakers
- If two subjects have similar prominence, choose the one with larger bbox area. Use centroid x and width rules for left/center/right deterministically.

Few focused examples (bad → good)
- Bad: ""man holding something"" → Good: ""1 man center foreground, right hand holding woven basket of oranges, storefront behind.""  
- Bad: ""man on bicycle"" (uncertain) → Good (motorbike cues present): ""1 man right foreground, standing by motorbike with woven baskets attached, sunlit doorway behind.""  
- Bad: ""sign"" (illegible) → Good: ""1 woman center foreground, walking past painted text on metal shutter at left.""  
- Bad: vague count ""several people"" → Good: ""2 children left foreground, both seated, blue pajamas, unwrapping silver gift, adult seated behind.""

Internal diagnostics (developer use only)
- Internally compute and retain which verification checks passed for each chosen token (counts, overlap %, cue pairs matched). Do not output these diagnostics in the caption.

Negative rules (must obey)
- Do not output multiple candidates, metadata, internal logs, or any extra text.  
- Do not invent counts, contacts, transcribed text, fine classes, or other tokens that fail verification.  
- Do not infer age, emotion, intentions, or unseen attributes.  
- Do not use vague quantifiers (""several""); use digits only when verified.

Final note
- Always perform the two‑pass proposal → verification → pruning process, then emit exactly one grammatical comma‑separated sentence that preserves verified discriminative props and part relations where available and stays within the word limit.","1 diver center foreground, wearing Suacqua wetsuit, hands on hips, yellow hose connected to gear, ocean background with distant land.",0,1,Qwen/Qwen3-VL-8B-Instruct,0.0,,64,"{""temperature"": 0.0, ""top_p"": null, ""max_new_tokens"": 64}",0.30152666568756104,0.1590525209903717,20,False
flickr30k_main_seed1_train,textgrad_clip,textgrad_clip__textgrad_8daf66d503,101,12889,flickr30k_test_012889,images/flickr30k/flickr30k_test_012889.jpg,"[""A cyclist is performing a jumping stunt in front of a city skyline."", ""A person doing a bicycle jump, a skyline in the background."", ""A boy wearing a white helmet jumping on his bike."", ""A biker gets high in the air against a skyline."", ""A man is in the air on his bicycle.""]",textgrad_8daf66d503,TextGrad Step 9,"Output exactly one concise, information‑dense caption: a single grammatical sentence composed of comma‑separated short phrases. Produce only that one sentence (no lists, tags, JSON, logs, or extra lines). Use digits for counts only when Count verification below passes. Do not infer age, emotion, intention, or unseen attributes.

Required overall format and limits
- Render 1–3 clearly separable subject groups in prominence order; each group is: [digit] + subject noun(s) + spatial anchor (see Spatial anchors). Target ≤24 words; allow up to +10% length (≤27 words) only to include a fully legible quoted text string or one necessary verified part‑level relation/background anchor. Aim for compact, active, comma‑separated noun‑verb phrases.

Two‑pass generation (mandatory)
1) Token proposal: internally list candidate tokens for each slot — subject groups, micro‑action, part relation, up to three descriptors, viewpoint/orientation, lighting, background/text.  
2) Verification & pruning: apply the numeric checks below to every candidate; drop any token that fails; then recompose a single grammatical comma‑separated sentence from the remaining verified tokens. If pruning removes a slot, ensure the final sentence remains grammatical.

Numeric verification rules (must be enforced)
- Count: include a digit only if each instance is ≥50% unobstructed and individually separable. Separability heuristic: centroids spacing ≥10% image width and distinct non‑overlapping silhouettes/contours. When uncertain, omit digits.
- Contact (micro‑action): assert contact only if overlap area / smaller bbox area ≥12% OR clear segmentation adjacency/pixel adjacency. Example pass: hand overlapping cup with 18% overlap → contact verified. Example fail: hand near cup with 3% overlap → omit micro‑action.
- Fine object class: assert a fine class only if classifier confidence >0.60 OR two independent visual cues (distinctive part + unique shape OR part + contextual prop). If metadata missing, require two visual cues.
- Text transcription: transcribe and quote exact text only if fully legible at ≳8pt equivalent and high contrast; otherwise emit a positional label (e.g., ""signboard above"", ""painted text on shutter at left"").
- Background anchor: include a background noun phrase only if that anchor occupies ≥5% image area or is a distinct structure (storefront, metal shutter, stairway).
- If classifier/confidence metadata unavailable, require two independent visual cues before asserting fine classes; do not invent fine classes otherwise.

Spatial anchors, grouping and prominence
- Centroid x rules: x < 0.33 → ""left""; 0.33 ≤ x ≤ 0.66 → ""center""; x > 0.66 → ""right"".
- If subject width >50% image width, emit ""center"".
- Append ""partially cropped at [top|bottom|left|right]"" if >5% of subject area lies outside image.
- Include depth token [foreground|midground|background] only when overlap ratio and scale unambiguously indicate depth (e.g., >25% occlusion and >2× scale difference).
- Secondary group inclusion: include only if it covers ≥20% of main subject area OR ranks top‑2 by area/saliency.

Micro‑action and part‑level relations (strict)
- Include exactly one verbized micro‑action only if Contact verification passes. Use a strong verb and immediately follow with one part‑level relation using the exact template: ""[part] [verb] [object]"" (e.g., ""right hand holding pole""). If contact not verified, omit both micro‑action and part relation.
- Do not use passive or vague forms; do not use ""with"" except inside the required template.

Descriptor selection and priority (up to 1–3 descriptors)
- Choose at most three verified descriptors in this strict priority: (1) discriminative prop (unique object, container, tool, sign text), (2) fully legible text (quoted), (3) precise fine class (if verified), (4) material/texture, (5) color, (6) reflection/surface condition. If none verify, omit descriptors.
- Mandatory: if any discriminative prop or verified part‑level relation passes verification, include at least one such token in the caption. Define ""present"" as classifier confidence >0.60 OR two independent visual cues.

Fine‑class cue examples (use these as verification patterns)
- Motorbike: engine casing + exhaust OR engine casing + attached baskets OR visible exhaust + motorbike frame.  
- Bicycle: pedals + chain OR spokes + visible pedals OR pedal + chainring.  
- Street vendor role only if vendor cues present (baskets of fruit + scale/pans + transaction posture).

Background, signage and reflections
- If text is fully legible per Text verification, quote exact string. Otherwise use a positional label (""storefront behind"", ""metal shutter with painted text at left"").  
- If an element appears doubled/reversed on a glass plane without occlusion, label ""reflections"". If items clearly sit behind glass with supporting occlusion, label ""on display behind glass"". If uncertain, omit both.

Pose/orientation and object state
- When unambiguous per measurable cues, include one brief orientation token (e.g., ""facing camera"", ""turned away"", ""leaning over"").  
- When object state is clearly visible, include one object‑state descriptor (e.g., ""open instrument case"", ""wet reflective surface"").

Trimming priority (deterministic checklist)
- If over length, deterministically drop tokens in this order until within limit: color → viewpoint/orientation → lighting → reflections → material/texture → background (unless ≥5% area or contains legible text) → low‑priority descriptors. Always preserve discriminative prop and verified part relations when present.

Count and saliency rules (concrete)
- Allow digits only when Count verification passes. For secondary groups, require ≥20% of main subject area OR top‑2 saliency by area/attention. When saliency metadata unavailable, use area thresholds.

Deterministic tie‑breakers
- If two subjects have similar prominence, choose the one with larger bbox area. Use centroid x and width rules for left/center/right deterministically.

Few focused examples (bad → good)
- Bad: ""man holding something"" → Good: ""1 man center foreground, right hand holding woven basket of oranges, storefront behind.""  
- Bad: ""man on bicycle"" (uncertain) → Good (motorbike cues present): ""1 man right foreground, standing by motorbike with woven baskets attached, sunlit doorway behind.""  
- Bad: ""sign"" (illegible) → Good: ""1 woman center foreground, walking past painted text on metal shutter at left.""  
- Bad: vague count ""several people"" → Good: ""2 children left foreground, both seated, blue pajamas, unwrapping silver gift, adult seated behind.""

Internal diagnostics (developer use only)
- Internally compute and retain which verification checks passed for each chosen token (counts, overlap %, cue pairs matched). Do not output these diagnostics in the caption.

Negative rules (must obey)
- Do not output multiple candidates, metadata, internal logs, or any extra text.  
- Do not invent counts, contacts, transcribed text, fine classes, or other tokens that fail verification.  
- Do not infer age, emotion, intentions, or unseen attributes.  
- Do not use vague quantifiers (""several""); use digits only when verified.

Final note
- Always perform the two‑pass proposal → verification → pruning process, then emit exactly one grammatical comma‑separated sentence that preserves verified discriminative props and part relations where available and stays within the word limit.","1 person center foreground, airborne on wheelchair bike, helmet worn, cityscape background.",0,1,Qwen/Qwen3-VL-8B-Instruct,0.0,,64,"{""temperature"": 0.0, ""top_p"": null, ""max_new_tokens"": 64}",0.27233457565307617,0.1836422234773636,12,False
flickr30k_main_seed1_train,textgrad_clip,textgrad_clip__textgrad_8daf66d503,111,21782,flickr30k_test_021782,images/flickr30k/flickr30k_test_021782.jpg,"[""An oriental man in a blue shirt is leaning against a chain."", ""Some men stand near a sign written in English and Chinese."", ""Street vendors talk to each other while others walk by."", ""Two Asian men rest by a sign on an urban street."", ""A man is watching what to get in the shops.""]",textgrad_8daf66d503,TextGrad Step 9,"Output exactly one concise, information‑dense caption: a single grammatical sentence composed of comma‑separated short phrases. Produce only that one sentence (no lists, tags, JSON, logs, or extra lines). Use digits for counts only when Count verification below passes. Do not infer age, emotion, intention, or unseen attributes.

Required overall format and limits
- Render 1–3 clearly separable subject groups in prominence order; each group is: [digit] + subject noun(s) + spatial anchor (see Spatial anchors). Target ≤24 words; allow up to +10% length (≤27 words) only to include a fully legible quoted text string or one necessary verified part‑level relation/background anchor. Aim for compact, active, comma‑separated noun‑verb phrases.

Two‑pass generation (mandatory)
1) Token proposal: internally list candidate tokens for each slot — subject groups, micro‑action, part relation, up to three descriptors, viewpoint/orientation, lighting, background/text.  
2) Verification & pruning: apply the numeric checks below to every candidate; drop any token that fails; then recompose a single grammatical comma‑separated sentence from the remaining verified tokens. If pruning removes a slot, ensure the final sentence remains grammatical.

Numeric verification rules (must be enforced)
- Count: include a digit only if each instance is ≥50% unobstructed and individually separable. Separability heuristic: centroids spacing ≥10% image width and distinct non‑overlapping silhouettes/contours. When uncertain, omit digits.
- Contact (micro‑action): assert contact only if overlap area / smaller bbox area ≥12% OR clear segmentation adjacency/pixel adjacency. Example pass: hand overlapping cup with 18% overlap → contact verified. Example fail: hand near cup with 3% overlap → omit micro‑action.
- Fine object class: assert a fine class only if classifier confidence >0.60 OR two independent visual cues (distinctive part + unique shape OR part + contextual prop). If metadata missing, require two visual cues.
- Text transcription: transcribe and quote exact text only if fully legible at ≳8pt equivalent and high contrast; otherwise emit a positional label (e.g., ""signboard above"", ""painted text on shutter at left"").
- Background anchor: include a background noun phrase only if that anchor occupies ≥5% image area or is a distinct structure (storefront, metal shutter, stairway).
- If classifier/confidence metadata unavailable, require two independent visual cues before asserting fine classes; do not invent fine classes otherwise.

Spatial anchors, grouping and prominence
- Centroid x rules: x < 0.33 → ""left""; 0.33 ≤ x ≤ 0.66 → ""center""; x > 0.66 → ""right"".
- If subject width >50% image width, emit ""center"".
- Append ""partially cropped at [top|bottom|left|right]"" if >5% of subject area lies outside image.
- Include depth token [foreground|midground|background] only when overlap ratio and scale unambiguously indicate depth (e.g., >25% occlusion and >2× scale difference).
- Secondary group inclusion: include only if it covers ≥20% of main subject area OR ranks top‑2 by area/saliency.

Micro‑action and part‑level relations (strict)
- Include exactly one verbized micro‑action only if Contact verification passes. Use a strong verb and immediately follow with one part‑level relation using the exact template: ""[part] [verb] [object]"" (e.g., ""right hand holding pole""). If contact not verified, omit both micro‑action and part relation.
- Do not use passive or vague forms; do not use ""with"" except inside the required template.

Descriptor selection and priority (up to 1–3 descriptors)
- Choose at most three verified descriptors in this strict priority: (1) discriminative prop (unique object, container, tool, sign text), (2) fully legible text (quoted), (3) precise fine class (if verified), (4) material/texture, (5) color, (6) reflection/surface condition. If none verify, omit descriptors.
- Mandatory: if any discriminative prop or verified part‑level relation passes verification, include at least one such token in the caption. Define ""present"" as classifier confidence >0.60 OR two independent visual cues.

Fine‑class cue examples (use these as verification patterns)
- Motorbike: engine casing + exhaust OR engine casing + attached baskets OR visible exhaust + motorbike frame.  
- Bicycle: pedals + chain OR spokes + visible pedals OR pedal + chainring.  
- Street vendor role only if vendor cues present (baskets of fruit + scale/pans + transaction posture).

Background, signage and reflections
- If text is fully legible per Text verification, quote exact string. Otherwise use a positional label (""storefront behind"", ""metal shutter with painted text at left"").  
- If an element appears doubled/reversed on a glass plane without occlusion, label ""reflections"". If items clearly sit behind glass with supporting occlusion, label ""on display behind glass"". If uncertain, omit both.

Pose/orientation and object state
- When unambiguous per measurable cues, include one brief orientation token (e.g., ""facing camera"", ""turned away"", ""leaning over"").  
- When object state is clearly visible, include one object‑state descriptor (e.g., ""open instrument case"", ""wet reflective surface"").

Trimming priority (deterministic checklist)
- If over length, deterministically drop tokens in this order until within limit: color → viewpoint/orientation → lighting → reflections → material/texture → background (unless ≥5% area or contains legible text) → low‑priority descriptors. Always preserve discriminative prop and verified part relations when present.

Count and saliency rules (concrete)
- Allow digits only when Count verification passes. For secondary groups, require ≥20% of main subject area OR top‑2 saliency by area/attention. When saliency metadata unavailable, use area thresholds.

Deterministic tie‑breakers
- If two subjects have similar prominence, choose the one with larger bbox area. Use centroid x and width rules for left/center/right deterministically.

Few focused examples (bad → good)
- Bad: ""man holding something"" → Good: ""1 man center foreground, right hand holding woven basket of oranges, storefront behind.""  
- Bad: ""man on bicycle"" (uncertain) → Good (motorbike cues present): ""1 man right foreground, standing by motorbike with woven baskets attached, sunlit doorway behind.""  
- Bad: ""sign"" (illegible) → Good: ""1 woman center foreground, walking past painted text on metal shutter at left.""  
- Bad: vague count ""several people"" → Good: ""2 children left foreground, both seated, blue pajamas, unwrapping silver gift, adult seated behind.""

Internal diagnostics (developer use only)
- Internally compute and retain which verification checks passed for each chosen token (counts, overlap %, cue pairs matched). Do not output these diagnostics in the caption.

Negative rules (must obey)
- Do not output multiple candidates, metadata, internal logs, or any extra text.  
- Do not invent counts, contacts, transcribed text, fine classes, or other tokens that fail verification.  
- Do not infer age, emotion, intentions, or unseen attributes.  
- Do not use vague quantifiers (""several""); use digits only when verified.

Final note
- Always perform the two‑pass proposal → verification → pruning process, then emit exactly one grammatical comma‑separated sentence that preserves verified discriminative props and part relations where available and stays within the word limit.","1 man center foreground, right hand holding chain attached to signboard, signboard with painted text “(212)625-9212” partially cropped at bottom, storefront behind.",0,1,Qwen/Qwen3-VL-8B-Instruct,0.0,,64,"{""temperature"": 0.0, ""top_p"": null, ""max_new_tokens"": 64}",0.2523730397224426,0.2101176381111145,22,False
flickr30k_main_seed1_train,textgrad_clip,textgrad_clip__textgrad_8daf66d503,135,15378,flickr30k_test_015378,images/flickr30k/flickr30k_test_015378.jpg,"[""The man in the red shirt and the woman with the white bag are conversing."", ""A man in a red shirt is interacting with a woman holding a shopping bag."", ""A woman is purchasing items from the man in the red shirt's yard sale."", ""An older man in a black hat and red shirt is talking with a woman."", ""A woman in a black shirt is holding a plastic bag.""]",textgrad_8daf66d503,TextGrad Step 9,"Output exactly one concise, information‑dense caption: a single grammatical sentence composed of comma‑separated short phrases. Produce only that one sentence (no lists, tags, JSON, logs, or extra lines). Use digits for counts only when Count verification below passes. Do not infer age, emotion, intention, or unseen attributes.

Required overall format and limits
- Render 1–3 clearly separable subject groups in prominence order; each group is: [digit] + subject noun(s) + spatial anchor (see Spatial anchors). Target ≤24 words; allow up to +10% length (≤27 words) only to include a fully legible quoted text string or one necessary verified part‑level relation/background anchor. Aim for compact, active, comma‑separated noun‑verb phrases.

Two‑pass generation (mandatory)
1) Token proposal: internally list candidate tokens for each slot — subject groups, micro‑action, part relation, up to three descriptors, viewpoint/orientation, lighting, background/text.  
2) Verification & pruning: apply the numeric checks below to every candidate; drop any token that fails; then recompose a single grammatical comma‑separated sentence from the remaining verified tokens. If pruning removes a slot, ensure the final sentence remains grammatical.

Numeric verification rules (must be enforced)
- Count: include a digit only if each instance is ≥50% unobstructed and individually separable. Separability heuristic: centroids spacing ≥10% image width and distinct non‑overlapping silhouettes/contours. When uncertain, omit digits.
- Contact (micro‑action): assert contact only if overlap area / smaller bbox area ≥12% OR clear segmentation adjacency/pixel adjacency. Example pass: hand overlapping cup with 18% overlap → contact verified. Example fail: hand near cup with 3% overlap → omit micro‑action.
- Fine object class: assert a fine class only if classifier confidence >0.60 OR two independent visual cues (distinctive part + unique shape OR part + contextual prop). If metadata missing, require two visual cues.
- Text transcription: transcribe and quote exact text only if fully legible at ≳8pt equivalent and high contrast; otherwise emit a positional label (e.g., ""signboard above"", ""painted text on shutter at left"").
- Background anchor: include a background noun phrase only if that anchor occupies ≥5% image area or is a distinct structure (storefront, metal shutter, stairway).
- If classifier/confidence metadata unavailable, require two independent visual cues before asserting fine classes; do not invent fine classes otherwise.

Spatial anchors, grouping and prominence
- Centroid x rules: x < 0.33 → ""left""; 0.33 ≤ x ≤ 0.66 → ""center""; x > 0.66 → ""right"".
- If subject width >50% image width, emit ""center"".
- Append ""partially cropped at [top|bottom|left|right]"" if >5% of subject area lies outside image.
- Include depth token [foreground|midground|background] only when overlap ratio and scale unambiguously indicate depth (e.g., >25% occlusion and >2× scale difference).
- Secondary group inclusion: include only if it covers ≥20% of main subject area OR ranks top‑2 by area/saliency.

Micro‑action and part‑level relations (strict)
- Include exactly one verbized micro‑action only if Contact verification passes. Use a strong verb and immediately follow with one part‑level relation using the exact template: ""[part] [verb] [object]"" (e.g., ""right hand holding pole""). If contact not verified, omit both micro‑action and part relation.
- Do not use passive or vague forms; do not use ""with"" except inside the required template.

Descriptor selection and priority (up to 1–3 descriptors)
- Choose at most three verified descriptors in this strict priority: (1) discriminative prop (unique object, container, tool, sign text), (2) fully legible text (quoted), (3) precise fine class (if verified), (4) material/texture, (5) color, (6) reflection/surface condition. If none verify, omit descriptors.
- Mandatory: if any discriminative prop or verified part‑level relation passes verification, include at least one such token in the caption. Define ""present"" as classifier confidence >0.60 OR two independent visual cues.

Fine‑class cue examples (use these as verification patterns)
- Motorbike: engine casing + exhaust OR engine casing + attached baskets OR visible exhaust + motorbike frame.  
- Bicycle: pedals + chain OR spokes + visible pedals OR pedal + chainring.  
- Street vendor role only if vendor cues present (baskets of fruit + scale/pans + transaction posture).

Background, signage and reflections
- If text is fully legible per Text verification, quote exact string. Otherwise use a positional label (""storefront behind"", ""metal shutter with painted text at left"").  
- If an element appears doubled/reversed on a glass plane without occlusion, label ""reflections"". If items clearly sit behind glass with supporting occlusion, label ""on display behind glass"". If uncertain, omit both.

Pose/orientation and object state
- When unambiguous per measurable cues, include one brief orientation token (e.g., ""facing camera"", ""turned away"", ""leaning over"").  
- When object state is clearly visible, include one object‑state descriptor (e.g., ""open instrument case"", ""wet reflective surface"").

Trimming priority (deterministic checklist)
- If over length, deterministically drop tokens in this order until within limit: color → viewpoint/orientation → lighting → reflections → material/texture → background (unless ≥5% area or contains legible text) → low‑priority descriptors. Always preserve discriminative prop and verified part relations when present.

Count and saliency rules (concrete)
- Allow digits only when Count verification passes. For secondary groups, require ≥20% of main subject area OR top‑2 saliency by area/attention. When saliency metadata unavailable, use area thresholds.

Deterministic tie‑breakers
- If two subjects have similar prominence, choose the one with larger bbox area. Use centroid x and width rules for left/center/right deterministically.

Few focused examples (bad → good)
- Bad: ""man holding something"" → Good: ""1 man center foreground, right hand holding woven basket of oranges, storefront behind.""  
- Bad: ""man on bicycle"" (uncertain) → Good (motorbike cues present): ""1 man right foreground, standing by motorbike with woven baskets attached, sunlit doorway behind.""  
- Bad: ""sign"" (illegible) → Good: ""1 woman center foreground, walking past painted text on metal shutter at left.""  
- Bad: vague count ""several people"" → Good: ""2 children left foreground, both seated, blue pajamas, unwrapping silver gift, adult seated behind.""

Internal diagnostics (developer use only)
- Internally compute and retain which verification checks passed for each chosen token (counts, overlap %, cue pairs matched). Do not output these diagnostics in the caption.

Negative rules (must obey)
- Do not output multiple candidates, metadata, internal logs, or any extra text.  
- Do not invent counts, contacts, transcribed text, fine classes, or other tokens that fail verification.  
- Do not infer age, emotion, intentions, or unseen attributes.  
- Do not use vague quantifiers (""several""); use digits only when verified.

Final note
- Always perform the two‑pass proposal → verification → pruning process, then emit exactly one grammatical comma‑separated sentence that preserves verified discriminative props and part relations where available and stays within the word limit.","1 man center foreground, wearing red shirt and black hat, facing away, right hand holding plastic bag, woman right foreground holding phone, concrete wall background.",0,1,Qwen/Qwen3-VL-8B-Instruct,0.0,,64,"{""temperature"": 0.0, ""top_p"": null, ""max_new_tokens"": 64}",0.28894397616386414,0.256230890750885,25,False
flickr30k_main_seed1_train,textgrad_clip,textgrad_clip__textgrad_8daf66d503,145,5582,flickr30k_test_005582,images/flickr30k/flickr30k_test_005582.jpg,"[""A small black and white dog jumps at a woman in a white jeep while a golden dog follows beside them."", ""A dog jumps up towards a woman in a car, while another dog is outside the car."", ""An orange dog and a little white dog with black spots are next to a white car."", ""A small dog jumps by a car to reach a lady's face while another dog watches."", ""White and black dog jumps at someone through car window.""]",textgrad_8daf66d503,TextGrad Step 9,"Output exactly one concise, information‑dense caption: a single grammatical sentence composed of comma‑separated short phrases. Produce only that one sentence (no lists, tags, JSON, logs, or extra lines). Use digits for counts only when Count verification below passes. Do not infer age, emotion, intention, or unseen attributes.

Required overall format and limits
- Render 1–3 clearly separable subject groups in prominence order; each group is: [digit] + subject noun(s) + spatial anchor (see Spatial anchors). Target ≤24 words; allow up to +10% length (≤27 words) only to include a fully legible quoted text string or one necessary verified part‑level relation/background anchor. Aim for compact, active, comma‑separated noun‑verb phrases.

Two‑pass generation (mandatory)
1) Token proposal: internally list candidate tokens for each slot — subject groups, micro‑action, part relation, up to three descriptors, viewpoint/orientation, lighting, background/text.  
2) Verification & pruning: apply the numeric checks below to every candidate; drop any token that fails; then recompose a single grammatical comma‑separated sentence from the remaining verified tokens. If pruning removes a slot, ensure the final sentence remains grammatical.

Numeric verification rules (must be enforced)
- Count: include a digit only if each instance is ≥50% unobstructed and individually separable. Separability heuristic: centroids spacing ≥10% image width and distinct non‑overlapping silhouettes/contours. When uncertain, omit digits.
- Contact (micro‑action): assert contact only if overlap area / smaller bbox area ≥12% OR clear segmentation adjacency/pixel adjacency. Example pass: hand overlapping cup with 18% overlap → contact verified. Example fail: hand near cup with 3% overlap → omit micro‑action.
- Fine object class: assert a fine class only if classifier confidence >0.60 OR two independent visual cues (distinctive part + unique shape OR part + contextual prop). If metadata missing, require two visual cues.
- Text transcription: transcribe and quote exact text only if fully legible at ≳8pt equivalent and high contrast; otherwise emit a positional label (e.g., ""signboard above"", ""painted text on shutter at left"").
- Background anchor: include a background noun phrase only if that anchor occupies ≥5% image area or is a distinct structure (storefront, metal shutter, stairway).
- If classifier/confidence metadata unavailable, require two independent visual cues before asserting fine classes; do not invent fine classes otherwise.

Spatial anchors, grouping and prominence
- Centroid x rules: x < 0.33 → ""left""; 0.33 ≤ x ≤ 0.66 → ""center""; x > 0.66 → ""right"".
- If subject width >50% image width, emit ""center"".
- Append ""partially cropped at [top|bottom|left|right]"" if >5% of subject area lies outside image.
- Include depth token [foreground|midground|background] only when overlap ratio and scale unambiguously indicate depth (e.g., >25% occlusion and >2× scale difference).
- Secondary group inclusion: include only if it covers ≥20% of main subject area OR ranks top‑2 by area/saliency.

Micro‑action and part‑level relations (strict)
- Include exactly one verbized micro‑action only if Contact verification passes. Use a strong verb and immediately follow with one part‑level relation using the exact template: ""[part] [verb] [object]"" (e.g., ""right hand holding pole""). If contact not verified, omit both micro‑action and part relation.
- Do not use passive or vague forms; do not use ""with"" except inside the required template.

Descriptor selection and priority (up to 1–3 descriptors)
- Choose at most three verified descriptors in this strict priority: (1) discriminative prop (unique object, container, tool, sign text), (2) fully legible text (quoted), (3) precise fine class (if verified), (4) material/texture, (5) color, (6) reflection/surface condition. If none verify, omit descriptors.
- Mandatory: if any discriminative prop or verified part‑level relation passes verification, include at least one such token in the caption. Define ""present"" as classifier confidence >0.60 OR two independent visual cues.

Fine‑class cue examples (use these as verification patterns)
- Motorbike: engine casing + exhaust OR engine casing + attached baskets OR visible exhaust + motorbike frame.  
- Bicycle: pedals + chain OR spokes + visible pedals OR pedal + chainring.  
- Street vendor role only if vendor cues present (baskets of fruit + scale/pans + transaction posture).

Background, signage and reflections
- If text is fully legible per Text verification, quote exact string. Otherwise use a positional label (""storefront behind"", ""metal shutter with painted text at left"").  
- If an element appears doubled/reversed on a glass plane without occlusion, label ""reflections"". If items clearly sit behind glass with supporting occlusion, label ""on display behind glass"". If uncertain, omit both.

Pose/orientation and object state
- When unambiguous per measurable cues, include one brief orientation token (e.g., ""facing camera"", ""turned away"", ""leaning over"").  
- When object state is clearly visible, include one object‑state descriptor (e.g., ""open instrument case"", ""wet reflective surface"").

Trimming priority (deterministic checklist)
- If over length, deterministically drop tokens in this order until within limit: color → viewpoint/orientation → lighting → reflections → material/texture → background (unless ≥5% area or contains legible text) → low‑priority descriptors. Always preserve discriminative prop and verified part relations when present.

Count and saliency rules (concrete)
- Allow digits only when Count verification passes. For secondary groups, require ≥20% of main subject area OR top‑2 saliency by area/attention. When saliency metadata unavailable, use area thresholds.

Deterministic tie‑breakers
- If two subjects have similar prominence, choose the one with larger bbox area. Use centroid x and width rules for left/center/right deterministically.

Few focused examples (bad → good)
- Bad: ""man holding something"" → Good: ""1 man center foreground, right hand holding woven basket of oranges, storefront behind.""  
- Bad: ""man on bicycle"" (uncertain) → Good (motorbike cues present): ""1 man right foreground, standing by motorbike with woven baskets attached, sunlit doorway behind.""  
- Bad: ""sign"" (illegible) → Good: ""1 woman center foreground, walking past painted text on metal shutter at left.""  
- Bad: vague count ""several people"" → Good: ""2 children left foreground, both seated, blue pajamas, unwrapping silver gift, adult seated behind.""

Internal diagnostics (developer use only)
- Internally compute and retain which verification checks passed for each chosen token (counts, overlap %, cue pairs matched). Do not output these diagnostics in the caption.

Negative rules (must obey)
- Do not output multiple candidates, metadata, internal logs, or any extra text.  
- Do not invent counts, contacts, transcribed text, fine classes, or other tokens that fail verification.  
- Do not infer age, emotion, intentions, or unseen attributes.  
- Do not use vague quantifiers (""several""); use digits only when verified.

Final note
- Always perform the two‑pass proposal → verification → pruning process, then emit exactly one grammatical comma‑separated sentence that preserves verified discriminative props and part relations where available and stays within the word limit.","1 dog center foreground, leaping toward car window, front paw touching glass, 1 brown dog midground walking past, beige car partially cropped at right.",0,1,Qwen/Qwen3-VL-8B-Instruct,0.0,,64,"{""temperature"": 0.0, ""top_p"": null, ""max_new_tokens"": 64}",0.2836335301399231,0.20723870396614075,24,False
flickr30k_main_seed1_train,textgrad_clip,textgrad_clip__textgrad_8daf66d503,147,16457,flickr30k_test_016457,images/flickr30k/flickr30k_test_016457.jpg,"[""A man in a black shirt painting a duplicate copy of another painting hanging in an art gallery."", ""A man is recreating a classic painting using a paintbrush and color pallet."", ""This man is looking at a painting, with a brush in his hand."", ""A male paused in thought while painting a picture."", ""A man replicating a painting.""]",textgrad_8daf66d503,TextGrad Step 9,"Output exactly one concise, information‑dense caption: a single grammatical sentence composed of comma‑separated short phrases. Produce only that one sentence (no lists, tags, JSON, logs, or extra lines). Use digits for counts only when Count verification below passes. Do not infer age, emotion, intention, or unseen attributes.

Required overall format and limits
- Render 1–3 clearly separable subject groups in prominence order; each group is: [digit] + subject noun(s) + spatial anchor (see Spatial anchors). Target ≤24 words; allow up to +10% length (≤27 words) only to include a fully legible quoted text string or one necessary verified part‑level relation/background anchor. Aim for compact, active, comma‑separated noun‑verb phrases.

Two‑pass generation (mandatory)
1) Token proposal: internally list candidate tokens for each slot — subject groups, micro‑action, part relation, up to three descriptors, viewpoint/orientation, lighting, background/text.  
2) Verification & pruning: apply the numeric checks below to every candidate; drop any token that fails; then recompose a single grammatical comma‑separated sentence from the remaining verified tokens. If pruning removes a slot, ensure the final sentence remains grammatical.

Numeric verification rules (must be enforced)
- Count: include a digit only if each instance is ≥50% unobstructed and individually separable. Separability heuristic: centroids spacing ≥10% image width and distinct non‑overlapping silhouettes/contours. When uncertain, omit digits.
- Contact (micro‑action): assert contact only if overlap area / smaller bbox area ≥12% OR clear segmentation adjacency/pixel adjacency. Example pass: hand overlapping cup with 18% overlap → contact verified. Example fail: hand near cup with 3% overlap → omit micro‑action.
- Fine object class: assert a fine class only if classifier confidence >0.60 OR two independent visual cues (distinctive part + unique shape OR part + contextual prop). If metadata missing, require two visual cues.
- Text transcription: transcribe and quote exact text only if fully legible at ≳8pt equivalent and high contrast; otherwise emit a positional label (e.g., ""signboard above"", ""painted text on shutter at left"").
- Background anchor: include a background noun phrase only if that anchor occupies ≥5% image area or is a distinct structure (storefront, metal shutter, stairway).
- If classifier/confidence metadata unavailable, require two independent visual cues before asserting fine classes; do not invent fine classes otherwise.

Spatial anchors, grouping and prominence
- Centroid x rules: x < 0.33 → ""left""; 0.33 ≤ x ≤ 0.66 → ""center""; x > 0.66 → ""right"".
- If subject width >50% image width, emit ""center"".
- Append ""partially cropped at [top|bottom|left|right]"" if >5% of subject area lies outside image.
- Include depth token [foreground|midground|background] only when overlap ratio and scale unambiguously indicate depth (e.g., >25% occlusion and >2× scale difference).
- Secondary group inclusion: include only if it covers ≥20% of main subject area OR ranks top‑2 by area/saliency.

Micro‑action and part‑level relations (strict)
- Include exactly one verbized micro‑action only if Contact verification passes. Use a strong verb and immediately follow with one part‑level relation using the exact template: ""[part] [verb] [object]"" (e.g., ""right hand holding pole""). If contact not verified, omit both micro‑action and part relation.
- Do not use passive or vague forms; do not use ""with"" except inside the required template.

Descriptor selection and priority (up to 1–3 descriptors)
- Choose at most three verified descriptors in this strict priority: (1) discriminative prop (unique object, container, tool, sign text), (2) fully legible text (quoted), (3) precise fine class (if verified), (4) material/texture, (5) color, (6) reflection/surface condition. If none verify, omit descriptors.
- Mandatory: if any discriminative prop or verified part‑level relation passes verification, include at least one such token in the caption. Define ""present"" as classifier confidence >0.60 OR two independent visual cues.

Fine‑class cue examples (use these as verification patterns)
- Motorbike: engine casing + exhaust OR engine casing + attached baskets OR visible exhaust + motorbike frame.  
- Bicycle: pedals + chain OR spokes + visible pedals OR pedal + chainring.  
- Street vendor role only if vendor cues present (baskets of fruit + scale/pans + transaction posture).

Background, signage and reflections
- If text is fully legible per Text verification, quote exact string. Otherwise use a positional label (""storefront behind"", ""metal shutter with painted text at left"").  
- If an element appears doubled/reversed on a glass plane without occlusion, label ""reflections"". If items clearly sit behind glass with supporting occlusion, label ""on display behind glass"". If uncertain, omit both.

Pose/orientation and object state
- When unambiguous per measurable cues, include one brief orientation token (e.g., ""facing camera"", ""turned away"", ""leaning over"").  
- When object state is clearly visible, include one object‑state descriptor (e.g., ""open instrument case"", ""wet reflective surface"").

Trimming priority (deterministic checklist)
- If over length, deterministically drop tokens in this order until within limit: color → viewpoint/orientation → lighting → reflections → material/texture → background (unless ≥5% area or contains legible text) → low‑priority descriptors. Always preserve discriminative prop and verified part relations when present.

Count and saliency rules (concrete)
- Allow digits only when Count verification passes. For secondary groups, require ≥20% of main subject area OR top‑2 saliency by area/attention. When saliency metadata unavailable, use area thresholds.

Deterministic tie‑breakers
- If two subjects have similar prominence, choose the one with larger bbox area. Use centroid x and width rules for left/center/right deterministically.

Few focused examples (bad → good)
- Bad: ""man holding something"" → Good: ""1 man center foreground, right hand holding woven basket of oranges, storefront behind.""  
- Bad: ""man on bicycle"" (uncertain) → Good (motorbike cues present): ""1 man right foreground, standing by motorbike with woven baskets attached, sunlit doorway behind.""  
- Bad: ""sign"" (illegible) → Good: ""1 woman center foreground, walking past painted text on metal shutter at left.""  
- Bad: vague count ""several people"" → Good: ""2 children left foreground, both seated, blue pajamas, unwrapping silver gift, adult seated behind.""

Internal diagnostics (developer use only)
- Internally compute and retain which verification checks passed for each chosen token (counts, overlap %, cue pairs matched). Do not output these diagnostics in the caption.

Negative rules (must obey)
- Do not output multiple candidates, metadata, internal logs, or any extra text.  
- Do not invent counts, contacts, transcribed text, fine classes, or other tokens that fail verification.  
- Do not infer age, emotion, intentions, or unseen attributes.  
- Do not use vague quantifiers (""several""); use digits only when verified.

Final note
- Always perform the two‑pass proposal → verification → pruning process, then emit exactly one grammatical comma‑separated sentence that preserves verified discriminative props and part relations where available and stays within the word limit.","1 man left foreground, right hand holding paintbrush, painting on easel, palette with colors, framed portrait on wall behind.",0,1,Qwen/Qwen3-VL-8B-Instruct,0.0,,64,"{""temperature"": 0.0, ""top_p"": null, ""max_new_tokens"": 64}",0.29031169414520264,0.20179401338100433,19,False
