split_id,method_id,run_id,prompt_id,prompt_name,order,gallery_index,image_id,caption
flickr30k_retrieval_2000_seed2,qwen_prompt,qwen_prompt__flickr30k_retrieval_2000_seed2,observer_specific_supported,Observer Specific Supported,0,0,flickr30k_test_028282,"A male handball player in a green and black uniform, with “Voite” on his chest, is captured mid-air in a dynamic leap, extending his right arm to throw a handball. He is being closely defended by an opponent in a black and yellow uniform, who has his left arm raised in an attempt"
flickr30k_retrieval_2000_seed2,qwen_prompt,qwen_prompt__flickr30k_retrieval_2000_seed2,observer_specific_supported,Observer Specific Supported,1,1,flickr30k_test_027821,"A female runner, identified by the name “MARY” on her race bib, is captured mid-stride during a marathon, her focused expression and forward motion conveying intense physical effort. She wears a red and white Adidas tank top, dark running shorts, and a black wristwatch, with her hair pulled back in a practical"
flickr30k_retrieval_2000_seed2,qwen_prompt,qwen_prompt__flickr30k_retrieval_2000_seed2,observer_specific_supported,Observer Specific Supported,2,2,flickr30k_test_001853,"A shirtless man in blue patterned swim trunks and a woman in a two-piece bikini stand on a sandy beach, facing each other near the water’s edge. The man holds a blue water bottle, and the woman holds a yellow and blue object, possibly a toy or beach item. Behind them, waves roll"
flickr30k_retrieval_2000_seed2,qwen_prompt,qwen_prompt__flickr30k_retrieval_2000_seed2,observer_specific_supported,Observer Specific Supported,3,3,flickr30k_test_003001,"A breakdancer in a red shirt and camouflage shorts performs a low, grounded move on a white, textured floor, balancing on one hand while extending his other leg and arm for stability; a wooden practice board rests against his hip, and a glass of orange juice sits nearby on the grass."
flickr30k_retrieval_2000_seed2,qwen_prompt,qwen_prompt__flickr30k_retrieval_2000_seed2,observer_specific_supported,Observer Specific Supported,4,4,flickr30k_test_002781,"A crowd of concertgoers, many with raised hands and phones, watches a performance on a stage bathed in green light, with one woman in a pink hat and braids prominently visible in the foreground."
flickr30k_retrieval_2000_seed2,qwen_prompt,qwen_prompt__flickr30k_retrieval_2000_seed2,observer_specific_supported,Observer Specific Supported,5,5,flickr30k_test_011831,"A group of hikers stands in silhouette atop a high mountain ridge, silhouetted against a brilliant, starburst-lit sun that dominates the clear blue sky. Below them, a vast sea of clouds stretches to the horizon, creating a dramatic contrast with the dark, rocky terrain they occupy. The scene captures a"
flickr30k_retrieval_2000_seed2,qwen_prompt,qwen_prompt__flickr30k_retrieval_2000_seed2,observer_specific_supported,Observer Specific Supported,6,6,flickr30k_test_027377,"A woman with long, light-brown hair is performing on stage, singing into a microphone while holding an acoustic guitar. She is wearing a shimmering, sequined, short-sleeved top. Behind her, two large, glowing blue spherical lights hang against a dark backdrop, illuminating the scene with a cool,"
flickr30k_retrieval_2000_seed2,qwen_prompt,qwen_prompt__flickr30k_retrieval_2000_seed2,observer_specific_supported,Observer Specific Supported,7,7,flickr30k_test_005540,"A group of people, many wearing red shirts, walk along a paved street under a partly cloudy sky; a woman in the foreground, also in a red shirt with “COALITION” printed on it, adjusts her hair while carrying a small bag, and nearby, a man in a red shirt and khaki shorts"
flickr30k_retrieval_2000_seed2,qwen_prompt,qwen_prompt__flickr30k_retrieval_2000_seed2,observer_specific_supported,Observer Specific Supported,8,8,flickr30k_test_024116,"An elderly man with white hair, wearing a white shirt and dark pants, is bent over and carefully writing or drawing on a gray stone pavement with a brush and a small container of ink. Beside him, a young girl in a colorful blue and pink patterned dress stands with her hands on her hips, observing him"
flickr30k_retrieval_2000_seed2,qwen_prompt,qwen_prompt__flickr30k_retrieval_2000_seed2,observer_specific_supported,Observer Specific Supported,9,9,flickr30k_test_026508,"A young rhythmic gymnast in a bright pink and green leotard is captured mid-air, executing a dynamic leap while gracefully wielding a long, magenta ribbon that arcs dramatically above her. She is inside a wooden-paneled gymnasium, with a basketball hoop visible in the background, and a digital scoreboard showing"
flickr30k_retrieval_2000_seed2,qwen_prompt,qwen_prompt__flickr30k_retrieval_2000_seed2,observer_specific_supported,Observer Specific Supported,10,10,flickr30k_test_021945,"A firefighter, wearing a helmet and full turnout gear, stands on a sidewalk near a street corner, looking down with a somber expression. Behind him, a black pole with a yellow directional sign and a green awning for a ""Donatos"" pizza shop are visible. A red caution tape with Cyrillic text is"
flickr30k_retrieval_2000_seed2,qwen_prompt,qwen_prompt__flickr30k_retrieval_2000_seed2,observer_specific_supported,Observer Specific Supported,11,11,flickr30k_test_027978,"A mountain biker in a pink shirt and full protective gear leans sharply into a turn on a dirt trail, kicking up dust as they navigate a forested, root-choked path."
flickr30k_retrieval_2000_seed2,qwen_prompt,qwen_prompt__flickr30k_retrieval_2000_seed2,observer_specific_supported,Observer Specific Supported,12,12,flickr30k_test_010097,"A uniformed police officer stands on a city street, holding a camera and appearing to photograph a dark gray sedan parked on the side of the road. The scene is set in an urban environment with multi-story buildings featuring ornate facades, overhead utility lines, and a blue bus visible in the background. A wooden barrier"
flickr30k_retrieval_2000_seed2,qwen_prompt,qwen_prompt__flickr30k_retrieval_2000_seed2,observer_specific_supported,Observer Specific Supported,13,13,flickr30k_test_008243,"A woman in a pink cardigan and dark skirt leans against a stone wall, holding a dark bag, while a young boy in a blue and white jacket sits on a low stone block nearby, focused on a small object in his hands. Standing beside them, a man in a blue work uniform and cap holds a bro"
flickr30k_retrieval_2000_seed2,qwen_prompt,qwen_prompt__flickr30k_retrieval_2000_seed2,observer_specific_supported,Observer Specific Supported,14,14,flickr30k_test_019855,"Two men are seated on separate, back-to-back beige armchairs in a brightly lit room with large windows. The man on the left, wearing a light-colored, patterned shirt, is holding a phone to his ear and smiling, appearing engaged in a pleasant conversation. The man on the right, dressed in a"
flickr30k_retrieval_2000_seed2,qwen_prompt,qwen_prompt__flickr30k_retrieval_2000_seed2,observer_specific_supported,Observer Specific Supported,15,15,flickr30k_test_006953,"A young girl in a pink shirt and white skirt stands on a grassy park lawn, holding the handle of a black, long-handled device that appears to be a metal detector, with its probe extended toward the ground. In the background, other people are scattered across the park, walking or standing on the grassy"
flickr30k_retrieval_2000_seed2,qwen_prompt,qwen_prompt__flickr30k_retrieval_2000_seed2,observer_specific_supported,Observer Specific Supported,16,16,flickr30k_test_019883,"A lone worker in a green raincoat and cap stands on a wet, wooden plank walkway beside a massive, rusted metal structure, possibly a ship or industrial vessel, as bright sunlight streams through an opening ahead, illuminating the scene and casting long shadows."
flickr30k_retrieval_2000_seed2,qwen_prompt,qwen_prompt__flickr30k_retrieval_2000_seed2,observer_specific_supported,Observer Specific Supported,17,17,flickr30k_test_001170,"Three young children are playing together in a large blue plastic tub outdoors, sitting in shallow water on a grassy patch beside a cinder block wall. One child, with short dark hair, is smiling and holding a green toy, while the other two, with lighter hair, are leaning close, seemingly engaged in a shared"
flickr30k_retrieval_2000_seed2,qwen_prompt,qwen_prompt__flickr30k_retrieval_2000_seed2,observer_specific_supported,Observer Specific Supported,18,18,flickr30k_test_019044,"Two young men stand on a curling rink, each holding a curling broom, positioned in front of a scoreboard displaying numbers 3 through 18. The man on the left, wearing a navy blue and white jacket, holds his broom upright with both hands. The man on the right, in"
flickr30k_retrieval_2000_seed2,qwen_prompt,qwen_prompt__flickr30k_retrieval_2000_seed2,observer_specific_supported,Observer Specific Supported,19,19,flickr30k_test_022323,"A group of emergency responders, identifiable by their orange and yellow high-visibility vests and hard hats, are gathered around a severely damaged silver car with its front end crushed. The scene appears to be an active accident response, with hoses and equipment on the ground, and the rear of a white emergency vehicle visible in the background"
flickr30k_retrieval_2000_seed2,qwen_prompt,qwen_prompt__flickr30k_retrieval_2000_seed2,observer_specific_supported,Observer Specific Supported,20,20,flickr30k_test_005189,"A man wearing a patterned bandana and a striped shirt sits relaxed in a black folding chair, holding a mug to his lips as if sipping a beverage. Behind him, a light green pop-up tent stands on a gravel lot under a clear blue sky, with a small red flag visible on its peak. To"
flickr30k_retrieval_2000_seed2,qwen_prompt,qwen_prompt__flickr30k_retrieval_2000_seed2,observer_specific_supported,Observer Specific Supported,21,21,flickr30k_test_014112,"A woman in a purple shirt and white skirt stands barefoot beside a white food cart labeled “BHETA” and “SPIRIT,” appearing to serve or prepare food while a man in a light blue shirt sits inside the cart, looking at his phone. The cart is parked on a paved street in front of a"
flickr30k_retrieval_2000_seed2,qwen_prompt,qwen_prompt__flickr30k_retrieval_2000_seed2,observer_specific_supported,Observer Specific Supported,22,22,flickr30k_test_020921,"A young man with short brown hair, wearing a gray tank top and blue jeans, sits cross-legged on a sun-dappled grassy lawn in a wooded area. He is holding a white PVC pipe and appears to be assembling or adjusting a small, white, tubular structure, possibly a model or a simple frame"
flickr30k_retrieval_2000_seed2,qwen_prompt,qwen_prompt__flickr30k_retrieval_2000_seed2,observer_specific_supported,Observer Specific Supported,23,23,flickr30k_test_012895,"Two hikers, both wearing sunglasses and carrying large backpacks, trek through a snowy forest, using trekking poles to navigate the deep snow. The hiker on the left, in a blue shirt, grips her poles with both hands, while the hiker on the right, in a light blue jacket over a gray"
flickr30k_retrieval_2000_seed2,qwen_prompt,qwen_prompt__flickr30k_retrieval_2000_seed2,observer_specific_supported,Observer Specific Supported,24,24,flickr30k_test_026334,"In a brightly lit boxing ring, two male fighters are locked in a dynamic exchange. The fighter on the right, wearing a black helmet, a black tank top with yellow trim, and blue trunks with a yellow “TITLE” waistband, is delivering a powerful right-hand punch to his opponent’s head. His facial"
flickr30k_retrieval_2000_seed2,qwen_prompt,qwen_prompt__flickr30k_retrieval_2000_seed2,observer_specific_supported,Observer Specific Supported,25,25,flickr30k_test_023691,"From an elevated perspective, two people are seated on folding chairs beside a small, silver and red trailer parked on a gravel lot. One person, wearing a red shirt, is seated upright and appears to be holding a small object, possibly a phone or a cup. The other person, also in a red shirt, is"
flickr30k_retrieval_2000_seed2,qwen_prompt,qwen_prompt__flickr30k_retrieval_2000_seed2,observer_specific_supported,Observer Specific Supported,26,26,flickr30k_test_028188,"A female volleyball player in a light blue and white uniform, wearing black shorts and knee pads, is in mid-air, reaching up with her right arm to spike a yellow and blue volleyball over the net. Her teammates, also in matching uniforms, are positioned on the court below, ready to react. Opposing players in"
flickr30k_retrieval_2000_seed2,qwen_prompt,qwen_prompt__flickr30k_retrieval_2000_seed2,observer_specific_supported,Observer Specific Supported,27,27,flickr30k_test_016681,"A woman in a brown coat and scarf walks along a sunlit sidewalk, carrying a bag and a small purse, with a red double-decker bus and a red car visible on the street behind her. A tall black metal fence lines the sidewalk next to a large tree, and a modern glass-and-brick building stands"
flickr30k_retrieval_2000_seed2,qwen_prompt,qwen_prompt__flickr30k_retrieval_2000_seed2,observer_specific_supported,Observer Specific Supported,28,28,flickr30k_test_012191,"A young girl in a pink jacket and plaid skirt walks across a paved courtyard, holding a white paper, while a boy in a dark sweater and gray pants stands nearby holding a printed sheet. Behind them, a film crew is actively setting up equipment on a wooden table, including a camera mounted on a tripod, with"
flickr30k_retrieval_2000_seed2,qwen_prompt,qwen_prompt__flickr30k_retrieval_2000_seed2,observer_specific_supported,Observer Specific Supported,29,29,flickr30k_test_017831,"A vintage, brown 1950s Ford sedan with a yellow license plate drives down a sunlit street in a city with colonial-style architecture, while pedestrians and a bright orange bus are visible nearby."
flickr30k_retrieval_2000_seed2,qwen_prompt,qwen_prompt__flickr30k_retrieval_2000_seed2,observer_specific_supported,Observer Specific Supported,30,30,flickr30k_test_030661,"A young boy in a blue shirt and patterned shorts is riding a red and black bicycle, performing a wheelie by lifting the front wheel off the ground as he rides over a low black obstacle on a paved sidewalk. A stone wall forms the background."
flickr30k_retrieval_2000_seed2,qwen_prompt,qwen_prompt__flickr30k_retrieval_2000_seed2,observer_specific_supported,Observer Specific Supported,31,31,flickr30k_test_014576,"A man in a black tank top and running shorts is mid-stride during a road race, his focused expression and forward motion indicating active participation. He wears sunglasses and a watch, and a yellow water bottle is visible in his hand. To his left, another runner in a bright green shirt with race bib #10"
flickr30k_retrieval_2000_seed2,qwen_prompt,qwen_prompt__flickr30k_retrieval_2000_seed2,observer_specific_supported,Observer Specific Supported,32,32,flickr30k_test_016451,"Inside a warmly lit, wood-beamed restaurant, a man in a dark suit stands near the center, gesturing as if addressing guests or presenting something. Around him, patrons are seated at tables covered with white tablecloths, engaged in conversation or dining. Red fabric shades hang from the ceiling, casting a soft,"
flickr30k_retrieval_2000_seed2,qwen_prompt,qwen_prompt__flickr30k_retrieval_2000_seed2,observer_specific_supported,Observer Specific Supported,33,33,flickr30k_test_008789,"Two women are sitting on a sandy beach, engaged in a quiet, intimate conversation. The woman on the left, wearing a red tank top and a denim skirt, holds a small white object in her hand, possibly a snack or a small item. The woman on the right, dressed in a turquoise tank top and a"
flickr30k_retrieval_2000_seed2,qwen_prompt,qwen_prompt__flickr30k_retrieval_2000_seed2,observer_specific_supported,Observer Specific Supported,34,34,flickr30k_test_029530,"Two graffiti artists are actively painting a large, vibrant mural on a weathered wall under a corrugated metal roof. One artist, wearing a black t-shirt and camouflage shorts, stands with his back to the camera, while the other, in a blue shirt and dark shorts, is mid-stroke with a spray can"
flickr30k_retrieval_2000_seed2,qwen_prompt,qwen_prompt__flickr30k_retrieval_2000_seed2,observer_specific_supported,Observer Specific Supported,35,35,flickr30k_test_001177,"A man wearing a black fedora and a dark blue shirt is seated outdoors, intently playing a sunburst-finish electric guitar with a black pickguard and headstock. Behind him, a red and white “SUPPORT” banner is partially visible, and the background is filled with green trees under bright daylight."
flickr30k_retrieval_2000_seed2,qwen_prompt,qwen_prompt__flickr30k_retrieval_2000_seed2,observer_specific_supported,Observer Specific Supported,36,36,flickr30k_test_028542,"Two children, a boy in an orange shirt and a girl in a blue shirt with a rainbow design, are seated at a table, focused on grinding something in a dark stone mortar and pestle. The boy is actively pressing down on the pestle, while the girl watches intently beside him. Several white paper cups"
flickr30k_retrieval_2000_seed2,qwen_prompt,qwen_prompt__flickr30k_retrieval_2000_seed2,observer_specific_supported,Observer Specific Supported,37,37,flickr30k_test_000899,"A young man performs a backflip mid-air above a calm body of water, his body arched and limbs extended as he descends toward the surface. He wears dark swim trunks with a light pattern, and his dark hair is tousled by the motion. The scene is set against a backdrop of distant, h"
flickr30k_retrieval_2000_seed2,qwen_prompt,qwen_prompt__flickr30k_retrieval_2000_seed2,observer_specific_supported,Observer Specific Supported,38,38,flickr30k_test_011928,"A young child in a blue and red outfit walks barefoot across a dusty, debris-strewn ground, while an adult in a blue and yellow shirt stands nearby holding a white helmet. The scene is set in a cluttered, makeshift outdoor area with cardboard boxes, plastic buckets, and scattered trash, under a bright"
flickr30k_retrieval_2000_seed2,qwen_prompt,qwen_prompt__flickr30k_retrieval_2000_seed2,observer_specific_supported,Observer Specific Supported,39,39,flickr30k_test_015233,"A person wearing a red cap and a blue shirt is crouched on a gravel path, appearing to work with or examine something in their hands, while a large, fallen tree branch lies across the path nearby. Behind them, a red SUV is parked in the driveway of a building with a covered entrance, and a"
flickr30k_retrieval_2000_seed2,qwen_prompt,qwen_prompt__flickr30k_retrieval_2000_seed2,observer_specific_supported,Observer Specific Supported,40,40,flickr30k_test_030534,"A man and a woman are seated closely together in a black leather chair, smiling warmly at the camera. The man, wearing a light blue button-down shirt, has his arm around the woman, who is leaning into him with a joyful expression. She wears a light blue tank top and holds a small, colorful handbag"
flickr30k_retrieval_2000_seed2,qwen_prompt,qwen_prompt__flickr30k_retrieval_2000_seed2,observer_specific_supported,Observer Specific Supported,41,41,flickr30k_test_010435,"Three people dressed in elaborate, theatrical costumes — a woman in a black velvet corset and top hat with a red band, a man in a burgundy velvet vest with a red heart-shaped brooch and a top hat, and another woman in a black velvet corset with red lacing and a choker — pose"
flickr30k_retrieval_2000_seed2,qwen_prompt,qwen_prompt__flickr30k_retrieval_2000_seed2,observer_specific_supported,Observer Specific Supported,42,42,flickr30k_test_029745,"A woman wearing yellow ear protection aims a handgun through a green-framed shooting range barrier, while a man in a gray shirt and red ear protection stands beside her, observing. A clock is visible on the wall in the background."
flickr30k_retrieval_2000_seed2,qwen_prompt,qwen_prompt__flickr30k_retrieval_2000_seed2,observer_specific_supported,Observer Specific Supported,43,43,flickr30k_test_012452,"Two Rottweilers are running together across a snowy field, with the dog in the foreground actively carrying a bright green tennis ball in its mouth. Both dogs are on leashes, and the one in the background has a slightly more visible tan marking on its muzzle and legs. The ground is lightly covered in snow,"
flickr30k_retrieval_2000_seed2,qwen_prompt,qwen_prompt__flickr30k_retrieval_2000_seed2,observer_specific_supported,Observer Specific Supported,44,44,flickr30k_test_013880,"A group of five people, likely attendees or participants at an event, pose together for a photo in a dimly lit indoor space with a stage-like background. From left to right: a man with glasses and a gray t-shirt under a black vest; a woman with red hair wearing a white t-shirt with a graphic"
flickr30k_retrieval_2000_seed2,qwen_prompt,qwen_prompt__flickr30k_retrieval_2000_seed2,observer_specific_supported,Observer Specific Supported,45,45,flickr30k_test_029222,"In a brightly lit indoor wrestling arena, a shirtless wrestler with a tattooed left arm and black boots is lying prone on the mat, raising his left hand in a gesture that may signal a pause or appeal. Above him, perched on the top rope of the red-ringed ring, another shirtless wrestler with"
flickr30k_retrieval_2000_seed2,qwen_prompt,qwen_prompt__flickr30k_retrieval_2000_seed2,observer_specific_supported,Observer Specific Supported,46,46,flickr30k_test_028969,"A lone golfer, seen from behind, walks across a grassy field carrying a golf bag over one shoulder and a club in the other hand, heading toward a line of bare, evenly spaced trees under a clear blue sky."
flickr30k_retrieval_2000_seed2,qwen_prompt,qwen_prompt__flickr30k_retrieval_2000_seed2,observer_specific_supported,Observer Specific Supported,47,47,flickr30k_test_017227,"A dimly lit, crowded nightclub scene captures a live band performing on a small stage while a diverse group of patrons dances and socializes in the foreground. The band, consisting of at least four musicians, is illuminated by colored stage lights — a red spotlight shines on the left, and a blue wash lights the ceiling."
flickr30k_retrieval_2000_seed2,qwen_prompt,qwen_prompt__flickr30k_retrieval_2000_seed2,observer_specific_supported,Observer Specific Supported,48,48,flickr30k_test_005389,"A group of protesters, many wearing white face masks and red lanyards, kneel in a line on a paved street marked with white lines, holding a large white banner that reads “PEINE DE MORT CHINE MEDAILLE” and a smaller sign that says “SI RING PÉNALIS"
flickr30k_retrieval_2000_seed2,qwen_prompt,qwen_prompt__flickr30k_retrieval_2000_seed2,observer_specific_supported,Observer Specific Supported,49,49,flickr30k_test_018366,"A black-and-white dog with tan markings, likely a Jack Russell Terrier or similar breed, is captured mid-stride running across a grassy field, its tongue lolling out as it moves with energetic purpose."
flickr30k_retrieval_2000_seed2,qwen_prompt,qwen_prompt__flickr30k_retrieval_2000_seed2,observer_specific_supported,Observer Specific Supported,50,50,flickr30k_test_005814,"A woman in a flowing white dress and red shoes, holding a large white umbrella, is captured mid-motion as she dances or twirls on a stone ledge in an urban plaza. Her blue-tinted hair is visible, and she is reaching out toward another woman standing on the sidewalk. The second woman, wearing"
flickr30k_retrieval_2000_seed2,qwen_prompt,qwen_prompt__flickr30k_retrieval_2000_seed2,observer_specific_supported,Observer Specific Supported,51,51,flickr30k_test_007737,"A man and two young boys are smiling and posing together in a swimming pool, with the man holding one of the boys while the other boy playfully covers his eyes with his hands. The pool’s clear blue water ripples around them, and the edge of the pool is lined with red brick."
flickr30k_retrieval_2000_seed2,qwen_prompt,qwen_prompt__flickr30k_retrieval_2000_seed2,observer_specific_supported,Observer Specific Supported,52,52,flickr30k_test_007556,"A climber in blue pants and a red helmet is belaying another climber who is ascending a steep, textured rock face, with the belayer’s gear and rope clearly visible against the rock."
flickr30k_retrieval_2000_seed2,qwen_prompt,qwen_prompt__flickr30k_retrieval_2000_seed2,observer_specific_supported,Observer Specific Supported,53,53,flickr30k_test_000781,"A man in athletic wear — a yellow shirt, green shorts, and a headband — is captured mid-air, jumping energetically inside a living room. He appears to be exercising or playing a game. The room contains a white refrigerator, a gray couch with patterned pillows, a standing fan, and a small"
flickr30k_retrieval_2000_seed2,qwen_prompt,qwen_prompt__flickr30k_retrieval_2000_seed2,observer_specific_supported,Observer Specific Supported,54,54,flickr30k_test_005790,"Two young soccer players in red and blue uniforms are intensely competing for a black-and-white soccer ball on a green grass field; the player on the left, wearing a red jersey, is airborne and appears to be heading the ball, while the player on the right, in a blue jersey, extends his leg in an attempt"
flickr30k_retrieval_2000_seed2,qwen_prompt,qwen_prompt__flickr30k_retrieval_2000_seed2,observer_specific_supported,Observer Specific Supported,55,55,flickr30k_test_010654,"In a sunlit, narrow urban street lined with weathered buildings, several children are playing with skateboards. One boy in a white shirt and patterned shorts walks toward the camera while holding his skateboard, while another boy in a dark tank top sits on his skateboard near the curb. A third child sits on a skateboard"
flickr30k_retrieval_2000_seed2,qwen_prompt,qwen_prompt__flickr30k_retrieval_2000_seed2,observer_specific_supported,Observer Specific Supported,56,56,flickr30k_test_005688,"A white dog with a short coat and alert posture is trotting across a dry, dusty field, its shadow stretching long behind it under the warm, low-angle light of late afternoon. In the background, another white dog stands near a red bucket and a white bucket, suggesting a training or play area. The scene con"
flickr30k_retrieval_2000_seed2,qwen_prompt,qwen_prompt__flickr30k_retrieval_2000_seed2,observer_specific_supported,Observer Specific Supported,57,57,flickr30k_test_004479,"A young boy with blond hair sits inside a green wheelbarrow, wearing a dark jacket and blue gloves, while a smiling girl in a pink and red fleece jacket and pink pants stands beside it, holding the wheelbarrow’s handle. They appear to be outdoors on a paved surface near a dark fence, posing for"
flickr30k_retrieval_2000_seed2,qwen_prompt,qwen_prompt__flickr30k_retrieval_2000_seed2,observer_specific_supported,Observer Specific Supported,58,58,flickr30k_test_016717,"An older man sits alone on a wooden chair on a sun-dappled stone patio, his back to the viewer, gazing toward a green hedge and distant hills under a bright sky. He wears a dark jacket, light-colored pants, and dark shoes, and appears to be in quiet contemplation or rest. The"
flickr30k_retrieval_2000_seed2,qwen_prompt,qwen_prompt__flickr30k_retrieval_2000_seed2,observer_specific_supported,Observer Specific Supported,59,59,flickr30k_test_016719,"A vintage steam locomotive, numbered 763, emits smoke as it sits on a set of tracks, facing a modern orange and grey diesel engine. Between them, a blue and white striped train car is partially visible. A small group of people stands near the diesel engine, observing the scene, while orange safety"
flickr30k_retrieval_2000_seed2,qwen_prompt,qwen_prompt__flickr30k_retrieval_2000_seed2,observer_specific_supported,Observer Specific Supported,60,60,flickr30k_test_011786,"A man in a camouflage jacket and blue jeans is driving a muddy, snow-covered four-wheeler across a snowy field, pulling a small child in a pink hat who is partially buried in the snow behind him."
flickr30k_retrieval_2000_seed2,qwen_prompt,qwen_prompt__flickr30k_retrieval_2000_seed2,observer_specific_supported,Observer Specific Supported,61,61,flickr30k_test_016834,"A man in a bright yellow jumpsuit stands with his hands on his hips, facing away from the camera, at what appears to be a skydiving or parachuting event. In front of him, a long line of packed parachutes and gear lies on the dry, grassy ground. Several other people are gathered"
flickr30k_retrieval_2000_seed2,qwen_prompt,qwen_prompt__flickr30k_retrieval_2000_seed2,observer_specific_supported,Observer Specific Supported,62,62,flickr30k_test_022101,"From a high-angle perspective, several people are riding separate escalators moving upward in a public space, each engaged in their own activity. A woman in a gray top walks calmly on the leftmost escalator, while a person in a striped shirt stands near the bottom of the same escalator. In the center, a"
flickr30k_retrieval_2000_seed2,qwen_prompt,qwen_prompt__flickr30k_retrieval_2000_seed2,observer_specific_supported,Observer Specific Supported,63,63,flickr30k_test_018346,"A child in a gray and red winter jacket and striped beanie is running across a snowy yard, pulling a red sled with another child seated inside. The child in the sled, wearing a green jacket and a patterned knit hat, is smiling and looking toward the camera. The scene is set on a snow-covered ground"
flickr30k_retrieval_2000_seed2,qwen_prompt,qwen_prompt__flickr30k_retrieval_2000_seed2,observer_specific_supported,Observer Specific Supported,64,64,flickr30k_test_005958,"A black-and-tan dog with a red collar stands alert, facing a shaggy, grayish-brown poodle-type dog that is lying on its side in the dirt, appearing to rest or playfully roll. The scene takes place on a dry, sandy ground, with both dogs in an open, sun"
flickr30k_retrieval_2000_seed2,qwen_prompt,qwen_prompt__flickr30k_retrieval_2000_seed2,observer_specific_supported,Observer Specific Supported,65,65,flickr30k_test_029280,"Two young male soccer players are intensely competing for control of the ball on a grassy field. The player in the foreground, wearing a red and light-blue jersey with “BRO PIPES” printed on the chest, is dribbling the ball with his right foot while looking ahead. He is being closely challenged by"
flickr30k_retrieval_2000_seed2,qwen_prompt,qwen_prompt__flickr30k_retrieval_2000_seed2,observer_specific_supported,Observer Specific Supported,66,66,flickr30k_test_014602,"A man in a black t-shirt is adjusting the tie of another man wearing a light blue dress shirt and dark trousers, standing indoors near a wall-mounted wind chime and a window with blinds."
flickr30k_retrieval_2000_seed2,qwen_prompt,qwen_prompt__flickr30k_retrieval_2000_seed2,observer_specific_supported,Observer Specific Supported,67,67,flickr30k_test_026108,"A large, dark gray dog with a green collar is nuzzling and gently biting the head of a lighter brown dog lying on its side on a carpeted floor, near a brick fireplace. The brown dog appears relaxed and is not resisting, suggesting a playful or affectionate interaction."
flickr30k_retrieval_2000_seed2,qwen_prompt,qwen_prompt__flickr30k_retrieval_2000_seed2,observer_specific_supported,Observer Specific Supported,68,68,flickr30k_test_013587,"A young child, wearing a red helmet and dark blue sweater, rides a bicycle along a paved brick path, viewed from behind. The child’s feet are on the pedals, and they are moving forward. The path is bordered by low hedges and a white wall on one side, with a railing and distant water and"
flickr30k_retrieval_2000_seed2,qwen_prompt,qwen_prompt__flickr30k_retrieval_2000_seed2,observer_specific_supported,Observer Specific Supported,69,69,flickr30k_test_024064,"A woman with blonde hair tied back, wearing a dark hoodie, light gray sweatpants, and brown shoes, walks across a paved road toward the camera. She carries a dark bag in her left hand and appears to be looking down at her phone in her right hand. Behind her, a traffic light displays two red lights"
flickr30k_retrieval_2000_seed2,qwen_prompt,qwen_prompt__flickr30k_retrieval_2000_seed2,observer_specific_supported,Observer Specific Supported,70,70,flickr30k_test_017215,"In a dimly lit, crowded indoor space, a group of young adults are engaged in lively social interaction. At the center, a man with short blond hair, wearing a white t-shirt with a colorful graphic, is being embraced from behind by a woman with dark hair, who is smiling and holding a phone up as"
flickr30k_retrieval_2000_seed2,qwen_prompt,qwen_prompt__flickr30k_retrieval_2000_seed2,observer_specific_supported,Observer Specific Supported,71,71,flickr30k_test_029707,"Two construction workers in blue uniforms and hard hats are actively engaged in metalwork on a green steel bridge structure; one is using a welding torch to cut or join metal, while the other steadies the workpiece, with sparks flying from the welding point. A large green crane with the number “20” visible on"
flickr30k_retrieval_2000_seed2,qwen_prompt,qwen_prompt__flickr30k_retrieval_2000_seed2,observer_specific_supported,Observer Specific Supported,72,72,flickr30k_test_029769,"A construction worker in an orange shirt, blue jeans, and a blue hard hat is crouched beside a concrete structure at a waterfront dock, carefully adjusting or inspecting a metal rebar framework embedded in the concrete. He wears work gloves and has a tool belt around his waist. Orange traffic cones are placed along the"
flickr30k_retrieval_2000_seed2,qwen_prompt,qwen_prompt__flickr30k_retrieval_2000_seed2,observer_specific_supported,Observer Specific Supported,73,73,flickr30k_test_024998,"A man and a woman are crouched together in front of a closed green metal shutter, intently looking at a small object held by the woman, possibly a phone or a map, as they appear to be discussing or examining it. Above them, a wooden sign reads “AI GONDOLIERI,” and"
flickr30k_retrieval_2000_seed2,qwen_prompt,qwen_prompt__flickr30k_retrieval_2000_seed2,observer_specific_supported,Observer Specific Supported,74,74,flickr30k_test_011935,"A man in a blue shirt walks away from the camera down a sunlit, dusty street, while another man stands on a balcony of a white building with blue shutters, holding a bag. A flowering tree with white blossoms stands in a planter near a parked motorcycle, casting dappled shadows on the ground"
flickr30k_retrieval_2000_seed2,qwen_prompt,qwen_prompt__flickr30k_retrieval_2000_seed2,observer_specific_supported,Observer Specific Supported,75,75,flickr30k_test_025878,"A yellow vintage funicular car ascends a steep, cobblestone street in a historic European city, with several pedestrians gathered at the station platform below, some appearing to wait or prepare to board. The narrow street is flanked by ornate, multi-story buildings with balconies and signage, including a visible “H"
flickr30k_retrieval_2000_seed2,qwen_prompt,qwen_prompt__flickr30k_retrieval_2000_seed2,observer_specific_supported,Observer Specific Supported,76,76,flickr30k_test_019447,"Two cyclists are riding road bikes on a paved road, with the rider in the foreground leaning forward in an aerodynamic position, wearing a red, white, and black cycling kit with a black and blue helmet and sunglasses. The second cyclist, further back and slightly out of focus, wears a blue and yellow kit and a"
flickr30k_retrieval_2000_seed2,qwen_prompt,qwen_prompt__flickr30k_retrieval_2000_seed2,observer_specific_supported,Observer Specific Supported,77,77,flickr30k_test_011592,"An elderly man with white hair and glasses, wearing a green jacket and light-colored pants, is crouched on a sidewalk, carefully shredding bright orange carrots with a handheld grater. He is working at a makeshift station of four white plastic bins, with shredded carrots accumulating in the central bin and some scattered on the"
flickr30k_retrieval_2000_seed2,qwen_prompt,qwen_prompt__flickr30k_retrieval_2000_seed2,observer_specific_supported,Observer Specific Supported,78,78,flickr30k_test_011858,"A Miami Hurricanes basketball player, wearing a white jersey with the number 33, dribbles the ball while being closely guarded by an opponent in a maroon and gold uniform. A referee in a black-and-white striped shirt stands nearby, observing the play. The scene takes place on a polished wooden court during an indoor"
flickr30k_retrieval_2000_seed2,qwen_prompt,qwen_prompt__flickr30k_retrieval_2000_seed2,observer_specific_supported,Observer Specific Supported,79,79,flickr30k_test_028146,"Two musicians are performing indoors: a man in a brown fedora and glasses, seated and playing an acoustic guitar while singing into a microphone, and a woman beside him wearing a blue bandana, also singing into a microphone while holding a guitar. Behind them, a red and white trailer loaded with hay is visible through an"
flickr30k_retrieval_2000_seed2,qwen_prompt,qwen_prompt__flickr30k_retrieval_2000_seed2,observer_specific_supported,Observer Specific Supported,80,80,flickr30k_test_014606,"A dark brown, short-haired dog with a red collar is captured mid-leap, reaching up to catch a white, textured ball against the brick wall of a house. The dog’s body is fully extended, front paws reaching toward the ball, while its hind legs are planted on the grassy ground. The house"
flickr30k_retrieval_2000_seed2,qwen_prompt,qwen_prompt__flickr30k_retrieval_2000_seed2,observer_specific_supported,Observer Specific Supported,81,81,flickr30k_test_005281,"Two children are running along a sandy beach toward the ocean under a clear blue sky. The child on the left, wearing an orange shirt and a red cap, is running with arms outstretched. The child on the right, wearing a white shirt and a light-colored hat, is also running with arms outstretched"
flickr30k_retrieval_2000_seed2,qwen_prompt,qwen_prompt__flickr30k_retrieval_2000_seed2,observer_specific_supported,Observer Specific Supported,82,82,flickr30k_test_024707,"A man in a red cap and blue t-shirt is grilling several pieces of meat on a black charcoal grill outdoors, using tongs to turn a steak on the grate while asparagus spears sit in a glass dish nearby."
flickr30k_retrieval_2000_seed2,qwen_prompt,qwen_prompt__flickr30k_retrieval_2000_seed2,observer_specific_supported,Observer Specific Supported,83,83,flickr30k_test_013102,"A conductor in a striped shirt stands on a podium, facing an orchestra of string players seated in rows within a grand, wood-paneled church. Behind them, a large, colorful stained-glass window illuminates the scene with vibrant light, while the musicians hold their instruments and sheet music, poised to perform."
flickr30k_retrieval_2000_seed2,qwen_prompt,qwen_prompt__flickr30k_retrieval_2000_seed2,observer_specific_supported,Observer Specific Supported,84,84,flickr30k_test_023434,"A young Japanese schoolgirl in a dark sweater, plaid skirt, and red bow stands still in a bustling shopping arcade, holding a green plastic bag and a black backpack over one shoulder, while colorful price signs for snacks and goods are visible in the background."
flickr30k_retrieval_2000_seed2,qwen_prompt,qwen_prompt__flickr30k_retrieval_2000_seed2,observer_specific_supported,Observer Specific Supported,85,85,flickr30k_test_024202,"An elderly woman in a pink hat and blue coat sits on the pavement, holding a small white packet and a wooden cane, while an elderly man in a gray coat and blue cap crouches beside her, holding a small white object and smoking a cigarette. Between them are two woven baskets—one containing a dark garment and"
flickr30k_retrieval_2000_seed2,qwen_prompt,qwen_prompt__flickr30k_retrieval_2000_seed2,observer_specific_supported,Observer Specific Supported,86,86,flickr30k_test_015119,"Two RNLI lifeboat crew members, wearing helmets and yellow life jackets, are actively maneuvering an orange rigid inflatable boat through choppy water, creating a noticeable wake as they power across the sea under an overcast sky."
flickr30k_retrieval_2000_seed2,qwen_prompt,qwen_prompt__flickr30k_retrieval_2000_seed2,observer_specific_supported,Observer Specific Supported,87,87,flickr30k_test_021460,"Two firefighters, identifiable by their yellow helmets marked “BANGKOK 65,” are actively spraying water from a hose onto a massive, smoldering pile of waste, which is visibly steaming and partially covered in white foam or snow-like residue. The scene suggests an ongoing firefighting operation at a waste disposal"
flickr30k_retrieval_2000_seed2,qwen_prompt,qwen_prompt__flickr30k_retrieval_2000_seed2,observer_specific_supported,Observer Specific Supported,88,88,flickr30k_test_017378,"Two women are seated at a covered outdoor patio table, engaged in conversation. The woman in the foreground, wearing a dark blue shirt, holds a blue cup and appears to be speaking animatedly, her mouth open mid-sentence. Behind her, another woman in a patterned bikini top looks toward her, holding a glass"
flickr30k_retrieval_2000_seed2,qwen_prompt,qwen_prompt__flickr30k_retrieval_2000_seed2,observer_specific_supported,Observer Specific Supported,89,89,flickr30k_test_008188,"A street artist, an older man in a white t-shirt, is bent over a stone pedestal in a busy urban plaza, carefully writing or painting a large calligraphic work with a brush. He is surrounded by onlookers, including a man in a plaid shirt holding up a large, sketchy charcoal drawing"
flickr30k_retrieval_2000_seed2,qwen_prompt,qwen_prompt__flickr30k_retrieval_2000_seed2,observer_specific_supported,Observer Specific Supported,90,90,flickr30k_test_016056,"A young woman in a maroon shirt leans over a wooden table to take the blood pressure of an elderly woman seated in a red chair, while another woman in a blue scrub top observes in the background. The setting appears to be a simple, indoor space with a stone or brick wall, suggesting a community health clinic or"
flickr30k_retrieval_2000_seed2,qwen_prompt,qwen_prompt__flickr30k_retrieval_2000_seed2,observer_specific_supported,Observer Specific Supported,91,91,flickr30k_test_009145,"A mountain biker, wearing a helmet and tank top, is airborne on a silver full-suspension bike, having launched off a jump in a dense, leafy forest. The bike is suspended mid-air with its wheels angled, and the rider’s body is leaning forward, gripping the handlebars as they navigate the"
flickr30k_retrieval_2000_seed2,qwen_prompt,qwen_prompt__flickr30k_retrieval_2000_seed2,observer_specific_supported,Observer Specific Supported,92,92,flickr30k_test_030304,"In a brightly lit indoor swimming pool, three female synchronized swimmers are captured mid-performance. Two swimmers are airborne, executing a synchronized leap with their bodies arched gracefully above the water; one wears a gold swimsuit and the other a blue one. Below them, a third swimmer in a blue swimsuit is"
flickr30k_retrieval_2000_seed2,qwen_prompt,qwen_prompt__flickr30k_retrieval_2000_seed2,observer_specific_supported,Observer Specific Supported,93,93,flickr30k_test_016320,"A group of young boys in blue and red historical uniforms march in a parade, holding rifles and a brass instrument, while rain falls around them; adults in similar attire and civilian clothing watch from the sidelines."
flickr30k_retrieval_2000_seed2,qwen_prompt,qwen_prompt__flickr30k_retrieval_2000_seed2,observer_specific_supported,Observer Specific Supported,94,94,flickr30k_test_016411,"A person in full winter gear, including a gray and black snowsuit, gloves, and a beanie, is lying flat on their back in a snowy field, arms spread wide in a starfish pose. Their snowshoes, with red frames, are visible beneath them, partially buried in the snow. The individual"
flickr30k_retrieval_2000_seed2,qwen_prompt,qwen_prompt__flickr30k_retrieval_2000_seed2,observer_specific_supported,Observer Specific Supported,95,95,flickr30k_test_016888,"A young girl in a pink shirt and a boy in a blue jacket stand near a wire fence, gently interacting with a brown horse that has a white blaze on its face; another horse is partially visible behind them, and the rural pasture stretches into the distance under an overcast sky."
flickr30k_retrieval_2000_seed2,qwen_prompt,qwen_prompt__flickr30k_retrieval_2000_seed2,observer_specific_supported,Observer Specific Supported,96,96,flickr30k_test_027247,"Two dogs, one with a black-and-white spotted coat and the other with a darker, brindle-like pattern, are playfully wrestling on a lush green lawn. A stone well with a wooden frame and potted pink flowers sits in the background, while a paved walkway runs along the left edge of the frame."
flickr30k_retrieval_2000_seed2,qwen_prompt,qwen_prompt__flickr30k_retrieval_2000_seed2,observer_specific_supported,Observer Specific Supported,97,97,flickr30k_test_026090,"An elderly woman, wearing a patterned shirt and a bright purple wrap skirt with a yellow headscarf, is bent over in a lush green field, using a traditional hoe to till the soil around young, leafy plants. Her focused expression and the motion of the tool suggest she is actively engaged in farming. The"
flickr30k_retrieval_2000_seed2,qwen_prompt,qwen_prompt__flickr30k_retrieval_2000_seed2,observer_specific_supported,Observer Specific Supported,98,98,flickr30k_test_011597,"A white and tan dog, likely a Jack Russell Terrier, is captured mid-leap in a snowy field, its front paws extended forward as it bounds over dry, leafless brush. The dog’s focused expression and the motion blur of its legs suggest it is actively chasing or retrieving something, possibly a stick or"
flickr30k_retrieval_2000_seed2,qwen_prompt,qwen_prompt__flickr30k_retrieval_2000_seed2,observer_specific_supported,Observer Specific Supported,99,99,flickr30k_test_021682,"A man with a bald head and a beard, wearing a dark shirt and patterned shorts, sits at a small outdoor table near a swimming pool, appearing to eat or drink while holding a red cup. The scene is set in a residential courtyard with a two-story building in the background, featuring balconies and windows."
flickr30k_retrieval_2000_seed2,qwen_prompt,qwen_prompt__flickr30k_retrieval_2000_seed2,observer_specific_supported,Observer Specific Supported,100,100,flickr30k_test_028929,"A young girl with dark, curly hair, wearing a purple long-sleeved shirt with white polka dots and a silver heart, is intently focused on assembling or testing a small electronic circuit on a wooden table. Her hands are carefully manipulating wires and components, including a small metal box with terminals and a battery holder"
flickr30k_retrieval_2000_seed2,qwen_prompt,qwen_prompt__flickr30k_retrieval_2000_seed2,observer_specific_supported,Observer Specific Supported,101,101,flickr30k_test_014899,"A toddler with curly hair is being held by an adult, who is gently wiping the child’s face with a cloth. The child is seated on the adult’s lap, partially draped over a green cushion, while the adult’s other hand supports the child’s back. Behind them, a patterned curtain with floral motifs hangs"
flickr30k_retrieval_2000_seed2,qwen_prompt,qwen_prompt__flickr30k_retrieval_2000_seed2,observer_specific_supported,Observer Specific Supported,102,102,flickr30k_test_029481,"A female soccer player in a green and blue uniform, number 13, is in mid-stride, kicking a white and blue soccer ball on a green field. She is running toward the goal, with a white netted goal and spectators in the background."
flickr30k_retrieval_2000_seed2,qwen_prompt,qwen_prompt__flickr30k_retrieval_2000_seed2,observer_specific_supported,Observer Specific Supported,103,103,flickr30k_test_029595,"A police officer in uniform is seated at a desk, intently reviewing documents while holding a pen, as a blonde woman wearing sunglasses and a black jacket with a zebra-print scarf sits nearby, her attention directed toward the officer or the papers. A large, shiny gold handbag with a circular metal ring rests on her"
flickr30k_retrieval_2000_seed2,qwen_prompt,qwen_prompt__flickr30k_retrieval_2000_seed2,observer_specific_supported,Observer Specific Supported,104,104,flickr30k_test_015106,"A cheerleading squad performs a synchronized stunt, with four cheerleaders in red and white uniforms being lifted high into the air by their teammates below. Each elevated cheerleader strikes a dynamic pose with one leg kicked high and arms extended, while the supporting cheerleaders form a stable base, holding their teammates securely. The backdrop is"
flickr30k_retrieval_2000_seed2,qwen_prompt,qwen_prompt__flickr30k_retrieval_2000_seed2,observer_specific_supported,Observer Specific Supported,105,105,flickr30k_test_011494,"A street musician in a cap and jacket stands beside a tiled subway platform, holding a small silver drum and a microphone, with a black bag and a large blue duffel bag at his feet. Behind him, commuters in winter coats and hats move briskly through the station’s fluorescent-lit corridor, their motion blurred"
flickr30k_retrieval_2000_seed2,qwen_prompt,qwen_prompt__flickr30k_retrieval_2000_seed2,observer_specific_supported,Observer Specific Supported,106,106,flickr30k_test_018602,"A young toddler with light blonde hair, wearing a white zip-up hoodie with red trim and dark pants, stands in a doorway, reaching out with their right hand to touch the handle of a metallic door. The child’s gaze is directed downward toward their hand and the door, suggesting focused curiosity or the act of exploring the"
flickr30k_retrieval_2000_seed2,qwen_prompt,qwen_prompt__flickr30k_retrieval_2000_seed2,observer_specific_supported,Observer Specific Supported,107,107,flickr30k_test_023785,"A young boy in a black shirt walks along a dusty, unpaved road, carrying a blue plastic bucket in one hand and a large blue bag slung over his shoulder. He is smiling and looking toward the camera. Behind him, several adult men in light-colored traditional clothing walk in the same direction, and in the"
flickr30k_retrieval_2000_seed2,qwen_prompt,qwen_prompt__flickr30k_retrieval_2000_seed2,observer_specific_supported,Observer Specific Supported,108,108,flickr30k_test_030157,"Under the bright stadium lights, a high school football quarterback, wearing a blue jersey with the number 11 and gold pants, is in the process of handing off the football to a teammate. He is surrounded by players from the opposing team, who are in blue jerseys with gold pants and are actively engaged in trying to"
flickr30k_retrieval_2000_seed2,qwen_prompt,qwen_prompt__flickr30k_retrieval_2000_seed2,observer_specific_supported,Observer Specific Supported,109,109,flickr30k_test_018270,"On a well-lit soccer field, a player in a maroon jersey with the number 17 is seated on the grass, appearing to be receiving medical attention from a staff member in a blue jacket and white pants. Surrounding them are several other players — including those in maroon jerseys numbered 14,"
flickr30k_retrieval_2000_seed2,qwen_prompt,qwen_prompt__flickr30k_retrieval_2000_seed2,observer_specific_supported,Observer Specific Supported,110,110,flickr30k_test_023716,"A man in a white t-shirt and camouflage shorts is suspended mid-air, gripping a red pole or structure with one hand while holding a rope or cable with the other, appearing to be performing a stunt or part of a street performance. He is positioned above a street-level storefront with a sign reading “ghi & vigan"
flickr30k_retrieval_2000_seed2,qwen_prompt,qwen_prompt__flickr30k_retrieval_2000_seed2,observer_specific_supported,Observer Specific Supported,111,111,flickr30k_test_014960,"A skateboarder in a red shirt and plaid shorts is mid-air, performing a trick above a wooden ramp, with a colorful, sunburst-patterned deck and red trucks visible. The scene is outdoors on a grassy area near a paved road, with orange traffic cones and a blurred background of houses and trees."
flickr30k_retrieval_2000_seed2,qwen_prompt,qwen_prompt__flickr30k_retrieval_2000_seed2,observer_specific_supported,Observer Specific Supported,112,112,flickr30k_test_015945,"A young child, shirtless and with wet hair, is joyfully splashing in a bright orange inflatable ring on a grassy lawn, sending water droplets flying around them as they play."
flickr30k_retrieval_2000_seed2,qwen_prompt,qwen_prompt__flickr30k_retrieval_2000_seed2,observer_specific_supported,Observer Specific Supported,113,113,flickr30k_test_021590,"Three young women walk together along a dimly lit urban sidewalk at night, their attention drawn downward toward a smartphone held by the woman in the center, who is wearing a black-and-white striped dress. The woman on the left, in a white tank top and black skirt, has her arms crossed and looks toward the phone"
flickr30k_retrieval_2000_seed2,qwen_prompt,qwen_prompt__flickr30k_retrieval_2000_seed2,observer_specific_supported,Observer Specific Supported,114,114,flickr30k_test_007268,"Five young children are playing together in a cozy living room, surrounded by toys and furniture. In the foreground, a child in a yellow shirt is kneeling beside a dark brown couch, arranging a pink stuffed animal. To the left, three other children in matching yellow shirts are engaged with toys: one is pushing a blue toy"
flickr30k_retrieval_2000_seed2,qwen_prompt,qwen_prompt__flickr30k_retrieval_2000_seed2,observer_specific_supported,Observer Specific Supported,115,115,flickr30k_test_030821,"A man in a purple shirt and cap stands on a wooden deck, surrounded by construction materials including long planks on sawhorses, a red extension cord, and power tools. He appears to be taking a break or posing for the photo, with dense green foliage visible behind a wooden railing."
flickr30k_retrieval_2000_seed2,qwen_prompt,qwen_prompt__flickr30k_retrieval_2000_seed2,observer_specific_supported,Observer Specific Supported,116,116,flickr30k_test_010638,"A surfer in a yellow competition jersey with “GOZITI” and sponsor logos (O’Neill, Honda) is riding a wave, lying prone on a white surfboard that also features Red Bull and Quiksilver branding. The surfer’s right arm is raised in a gesture, possibly signaling or celebrating"
flickr30k_retrieval_2000_seed2,qwen_prompt,qwen_prompt__flickr30k_retrieval_2000_seed2,observer_specific_supported,Observer Specific Supported,117,117,flickr30k_test_026695,"At sunset on a wide, sandy beach, a man in a red shirt rides a bicycle carrying a large white cooler, while another man in a red shirt stands nearby holding a bundle of dried reeds or sticks. The sky is filled with soft, golden clouds illuminated by the low sun, casting long shadows across the sand"
flickr30k_retrieval_2000_seed2,qwen_prompt,qwen_prompt__flickr30k_retrieval_2000_seed2,observer_specific_supported,Observer Specific Supported,118,118,flickr30k_test_022923,"A man with shoulder-length blond hair, wearing a patterned short-sleeve shirt, smiles broadly while holding a light-colored wooden instrument and singing into a microphone on stage. Behind him, another man with gray hair, also smiling, plays a stringed instrument. In the foreground, a spectator’s arm is raised,"
flickr30k_retrieval_2000_seed2,qwen_prompt,qwen_prompt__flickr30k_retrieval_2000_seed2,observer_specific_supported,Observer Specific Supported,119,119,flickr30k_test_027362,"A person in dark winter clothing is cross-country skiing across a snow-covered field under a bright, partly cloudy sky, leaving distinct tracks behind them; bare trees and distant mountains form the backdrop."
flickr30k_retrieval_2000_seed2,qwen_prompt,qwen_prompt__flickr30k_retrieval_2000_seed2,observer_specific_supported,Observer Specific Supported,120,120,flickr30k_test_005441,"A fluffy, shaggy white and gray dog runs joyfully toward the camera across a wide, sandy beach, its tongue out and paws kicking up sand. In the background, three people — a man in a cap and jacket, a woman in a blue jacket, and a child in a dark jacket — c"
flickr30k_retrieval_2000_seed2,qwen_prompt,qwen_prompt__flickr30k_retrieval_2000_seed2,observer_specific_supported,Observer Specific Supported,121,121,flickr30k_test_028727,"A male high jumper, wearing a red and blue athletic uniform and white socks with cleats, is captured mid-air as he clears a green high jump bar. His body is arched in a Fosbury Flop technique, with his head and shoulders passing over the bar while his legs trail behind. He is gripping"
flickr30k_retrieval_2000_seed2,qwen_prompt,qwen_prompt__flickr30k_retrieval_2000_seed2,observer_specific_supported,Observer Specific Supported,122,122,flickr30k_test_029751,"A small, gray inflatable boat cuts through deep blue ocean waters, leaving a frothy white wake behind it. Four people, all wearing bright orange life vests, are aboard; one at the stern appears to be steering, while others are seated or standing near the center, with one person holding a small American flag. The"
flickr30k_retrieval_2000_seed2,qwen_prompt,qwen_prompt__flickr30k_retrieval_2000_seed2,observer_specific_supported,Observer Specific Supported,123,123,flickr30k_test_020196,"A young boy in a red plaid shirt is holding up a smartphone to take a photo or video of a group of people gathered in a warmly lit indoor space, with the focus on his action and the blurred figures in front of him."
flickr30k_retrieval_2000_seed2,qwen_prompt,qwen_prompt__flickr30k_retrieval_2000_seed2,observer_specific_supported,Observer Specific Supported,124,124,flickr30k_test_008786,"Under a weathered, makeshift awning in a bustling street market, a group of people engages in quiet, everyday activities. A woman in a purple top stands near a stall, holding a phone to her ear, while a man in a white shirt sits on a stool nearby, seemingly resting or waiting. To their left"
flickr30k_retrieval_2000_seed2,qwen_prompt,qwen_prompt__flickr30k_retrieval_2000_seed2,observer_specific_supported,Observer Specific Supported,125,125,flickr30k_test_025329,"A group of seven people is seated around a long folding table in an outdoor loading zone at night, engaged in casual socializing. The subjects include a man in a black “FEDERAL” t-shirt sitting with his back to the camera, a woman in a patterned top and shorts, a man in a gray"
flickr30k_retrieval_2000_seed2,qwen_prompt,qwen_prompt__flickr30k_retrieval_2000_seed2,observer_specific_supported,Observer Specific Supported,126,126,flickr30k_test_029864,"In a judo competition at the 2012 London Olympics, two athletes are locked in a dynamic grappling exchange on a red and yellow mat. The competitor in the white gi, with “GBR” (Great Britain) visible on the back, is actively engaging with her opponent, who wears a blue gi"
flickr30k_retrieval_2000_seed2,qwen_prompt,qwen_prompt__flickr30k_retrieval_2000_seed2,observer_specific_supported,Observer Specific Supported,127,127,flickr30k_test_015720,"A young woman is washing dishes in a shallow, murky puddle of water beside a dilapidated structure, using a metal pot and a light blue basin; a large ceramic jar stands nearby, and the scene is framed by a rusted metal wall and a tree trunk."
flickr30k_retrieval_2000_seed2,qwen_prompt,qwen_prompt__flickr30k_retrieval_2000_seed2,observer_specific_supported,Observer Specific Supported,128,128,flickr30k_test_010143,"A street performer dressed in a colorful plaid outfit and a rainbow-colored hat is bending over to interact with a small child in a bright pink jacket, who is standing beside a stroller. The performer is holding a small sign that reads “CALL THE CLOWN” and appears to be engaging the child with a toy"
flickr30k_retrieval_2000_seed2,qwen_prompt,qwen_prompt__flickr30k_retrieval_2000_seed2,observer_specific_supported,Observer Specific Supported,129,129,flickr30k_test_009938,"In a tense moment during a nighttime football match, a Chelsea player in a blue jersey with “SAMSUNG” sponsorship and a Manchester United player in a red jersey are locked in a physical contest for the ball. The Chelsea player, with his left arm extended, appears to be attempting to shield or dispossess the"
flickr30k_retrieval_2000_seed2,qwen_prompt,qwen_prompt__flickr30k_retrieval_2000_seed2,observer_specific_supported,Observer Specific Supported,130,130,flickr30k_test_026190,"A woman and a young child are sitting together in the snow, both wearing winter gear; the child wears a bright red helmet and goggles, while the woman wears a dark beanie and a scarf. They are positioned near a pair of skis and ski poles, suggesting they are taking a break during a skiing outing."
flickr30k_retrieval_2000_seed2,qwen_prompt,qwen_prompt__flickr30k_retrieval_2000_seed2,observer_specific_supported,Observer Specific Supported,131,131,flickr30k_test_023140,"Two uniformed police officers are riding a white and blue motorcycle marked with the Chinese characters “公安” (Public Security) through a sunlit urban street. The officer in the front, wearing a white helmet, grips the handlebars, while the officer in the back, wearing a black cap and a red armband"
flickr30k_retrieval_2000_seed2,qwen_prompt,qwen_prompt__flickr30k_retrieval_2000_seed2,observer_specific_supported,Observer Specific Supported,132,132,flickr30k_test_027232,"A baseball infielder in a gray uniform and orange accents is crouched low on the dirt, extending his gloved hand to field a ground ball near second base. He wears a dark cap with a logo, sunglasses, and a black compression sleeve on his left arm. His body is angled toward the ball, and"
flickr30k_retrieval_2000_seed2,qwen_prompt,qwen_prompt__flickr30k_retrieval_2000_seed2,observer_specific_supported,Observer Specific Supported,133,133,flickr30k_test_016523,"A muscular man in a black T-shirt stands center stage, gripping a microphone stand with his right hand while holding a beer bottle in his left, his gaze directed upward as if singing or speaking to an audience. Behind him, partially obscured, another man in a red T-shirt with a skull graphic plays a black electric guitar"
flickr30k_retrieval_2000_seed2,qwen_prompt,qwen_prompt__flickr30k_retrieval_2000_seed2,observer_specific_supported,Observer Specific Supported,134,134,flickr30k_test_018421,"At night, a person wearing a helmet, goggles, and winter clothing is captured mid-air while snowboarding off the flat roof of a brick building, with a snow-covered ledge and a metal railing visible below."
flickr30k_retrieval_2000_seed2,qwen_prompt,qwen_prompt__flickr30k_retrieval_2000_seed2,observer_specific_supported,Observer Specific Supported,135,135,flickr30k_test_016965,"In a dimly lit indoor space, likely a studio or rehearsal room, four young adults are gathered around a keyboard. A woman with short, light-brown hair and a purple bandana stands on the right, leaning slightly forward and appearing to speak or sing, her gaze directed toward the others. To her left,"
flickr30k_retrieval_2000_seed2,qwen_prompt,qwen_prompt__flickr30k_retrieval_2000_seed2,observer_specific_supported,Observer Specific Supported,136,136,flickr30k_test_016625,"A person wearing a blue and white striped beanie and a bright blue jacket is huddled inside a dark tent, holding a light blue mug close to their face as if sipping or warming their hands. The scene suggests a moment of quiet comfort or warmth during an outdoor or camping activity."
flickr30k_retrieval_2000_seed2,qwen_prompt,qwen_prompt__flickr30k_retrieval_2000_seed2,observer_specific_supported,Observer Specific Supported,137,137,flickr30k_test_021345,"A man wearing a dark gray t-shirt with a Moscow Metro ticket graphic and a blue ""National Championship"" baseball cap smiles while walking outdoors, with a residential building and greenery in the background."
flickr30k_retrieval_2000_seed2,qwen_prompt,qwen_prompt__flickr30k_retrieval_2000_seed2,observer_specific_supported,Observer Specific Supported,138,138,flickr30k_test_020178,"A young woman with platinum blonde hair streaked with pink stands in a street scene, wearing a light gray button-up shirt over a black top, dark pants, and large dark sunglasses. She carries a black shoulder bag and has a small pink flower pinned to her gloved hand. Behind her, a bicycle is partially visible"
flickr30k_retrieval_2000_seed2,qwen_prompt,qwen_prompt__flickr30k_retrieval_2000_seed2,observer_specific_supported,Observer Specific Supported,139,139,flickr30k_test_019265,"A man in a red sweater and a white-and-gray baseball cap walks past a large, black-and-white mural of a person wearing a similar cap, their face partially obscured as they hold their hands to their cheeks. The mural is segmented into a grid of white lines, and the man’s movement creates a contrast between the"
flickr30k_retrieval_2000_seed2,qwen_prompt,qwen_prompt__flickr30k_retrieval_2000_seed2,observer_specific_supported,Observer Specific Supported,140,140,flickr30k_test_013325,"A young boy with short brown hair, wearing a red shirt, is seated in a wooden chair with a yellow-orange cushion and is leaning over a black electric guitar, his hands positioned on the neck and body as if he is playing or closely examining it. The guitar’s headstock and fretboard are visible, and the"
flickr30k_retrieval_2000_seed2,qwen_prompt,qwen_prompt__flickr30k_retrieval_2000_seed2,observer_specific_supported,Observer Specific Supported,141,141,flickr30k_test_010218,"A blonde woman in a black long-sleeved top and a red-and-black plaid skirt is energetically playing a violin on an outdoor stage, her mouth open as if singing or shouting with passion. She is surrounded by other musicians: to her left, a man in a kilt plays an electric guitar,"
flickr30k_retrieval_2000_seed2,qwen_prompt,qwen_prompt__flickr30k_retrieval_2000_seed2,observer_specific_supported,Observer Specific Supported,142,142,flickr30k_test_023951,"On a bright, sunny day, a group of pedestrians walks along a sidewalk in front of a storefront named “KuBar,” which also displays signage for “CHEESE DODO” and “BEERS & TOBACCO.” A woman in a blue polka-dot dress and backpack exits the shop, while"
flickr30k_retrieval_2000_seed2,qwen_prompt,qwen_prompt__flickr30k_retrieval_2000_seed2,observer_specific_supported,Observer Specific Supported,143,143,flickr30k_test_006809,"A red tractor with a large rear wheel and a driver in the cab is pulling a heavy, muddy trailer along a deeply rutted dirt track, kicking up a plume of brown dust and mud. Yellow numbered cones, including one marked “80,” mark the course. In the background, spectators and other vehicles,"
flickr30k_retrieval_2000_seed2,qwen_prompt,qwen_prompt__flickr30k_retrieval_2000_seed2,observer_specific_supported,Observer Specific Supported,144,144,flickr30k_test_016020,"A person wearing a red jacket, green shorts, and tall black waders stands knee-deep in a shallow, clear stream, actively fly fishing. They are holding a long, thin fishing rod with a line extending out over the water, and their focused expression suggests concentration on casting or retrieving. Behind them, a dense"
flickr30k_retrieval_2000_seed2,qwen_prompt,qwen_prompt__flickr30k_retrieval_2000_seed2,observer_specific_supported,Observer Specific Supported,145,145,flickr30k_test_016773,"At night, a street performer in a dark suit and top hat stands beside a large, ornate wooden cart, gesturing toward it as if presenting or demonstrating something. The cart, which appears to be a prop or part of a performance, is positioned on a paved sidewalk in front of a historic stone building with lit"
flickr30k_retrieval_2000_seed2,qwen_prompt,qwen_prompt__flickr30k_retrieval_2000_seed2,observer_specific_supported,Observer Specific Supported,146,146,flickr30k_test_012012,"A woman in a dark blazer stands at the head of a long conference table, gesturing as she speaks to a group of seated attendees in a well-lit meeting room. Several participants, including a man in a blue shirt and a woman with glasses, are attentively listening, while others are partially visible in the"
flickr30k_retrieval_2000_seed2,qwen_prompt,qwen_prompt__flickr30k_retrieval_2000_seed2,observer_specific_supported,Observer Specific Supported,147,147,flickr30k_test_030610,"A craftsman, wearing a dark beanie and a blue tracksuit, is seated on the floor of a concrete-walled workshop, carefully weaving a patterned mat using a traditional loom. Beside him are tools, a small bowl of dye, and a woven basket holding materials. Large sacks and a partially visible"
flickr30k_retrieval_2000_seed2,qwen_prompt,qwen_prompt__flickr30k_retrieval_2000_seed2,observer_specific_supported,Observer Specific Supported,148,148,flickr30k_test_022420,"A man in a suit walks past a large, vibrant graffiti mural on a blue wall, his hand near his face as if adjusting his glasses or shielding his eyes. The mural features bold, stylized lettering in orange, purple, and black, with dynamic blue swirls, and includes a small white tag in the"
flickr30k_retrieval_2000_seed2,qwen_prompt,qwen_prompt__flickr30k_retrieval_2000_seed2,observer_specific_supported,Observer Specific Supported,149,149,flickr30k_test_020423,"A man in a light blue shirt and gray pants walks along a sun-dappled path beside a pale yellow wall with decorative columns, his shadow and the tree’s shadow stretching across the ground."
flickr30k_retrieval_2000_seed2,qwen_prompt,qwen_prompt__flickr30k_retrieval_2000_seed2,observer_specific_supported,Observer Specific Supported,150,150,flickr30k_test_028903,"A woman with red hair and sunglasses, wearing a patterned jacket and a red scarf, is eating a cotton candy cone while standing near a pink food cart labeled “Hästgård.” Behind her, another person in a black hat holds a large, fluffy cotton candy, and a multi-story building is visible"
flickr30k_retrieval_2000_seed2,qwen_prompt,qwen_prompt__flickr30k_retrieval_2000_seed2,observer_specific_supported,Observer Specific Supported,151,151,flickr30k_test_002469,"A child in a striped shirt and cap leaps joyfully through the spray of a public water fountain, arms outstretched, barefoot on the wet pavement, with trees and other park visitors visible in the background."
flickr30k_retrieval_2000_seed2,qwen_prompt,qwen_prompt__flickr30k_retrieval_2000_seed2,observer_specific_supported,Observer Specific Supported,152,152,flickr30k_test_025699,"A young child, bundled in a pink plaid jacket and a matching pink hat with ear flaps, kneels in deep snow while holding a small, freshly made snowball in both gloved hands. The child’s face, visible above the hat, looks directly toward the camera with wide, curious eyes. Behind them"
flickr30k_retrieval_2000_seed2,qwen_prompt,qwen_prompt__flickr30k_retrieval_2000_seed2,observer_specific_supported,Observer Specific Supported,153,153,flickr30k_test_026882,"A man wearing a dark baseball cap and a red fleece jacket is intently painting a landscape on an easel outdoors. He holds a paintbrush in his right hand, carefully applying strokes to the canvas, while his left hand steadies the brush. A scarf is draped around his neck, and he wears a lany"
flickr30k_retrieval_2000_seed2,qwen_prompt,qwen_prompt__flickr30k_retrieval_2000_seed2,observer_specific_supported,Observer Specific Supported,154,154,flickr30k_test_011188,"An older woman in a red textured top sits on a brown couch, smiling gently while holding a small, fluffy black dog with a red collar. Beside her, a toddler with light brown hair, wearing a pink and white striped onesie, sits with bare feet, holding a pacifier in their mouth and looking toward"
flickr30k_retrieval_2000_seed2,qwen_prompt,qwen_prompt__flickr30k_retrieval_2000_seed2,observer_specific_supported,Observer Specific Supported,155,155,flickr30k_test_023787,"Two young boys stand side by side against a weathered brick wall, each holding an item branded with the UNICEF logo: the boy on the left grips a blue duffel bag, while the boy on the right lifts a blue plastic bucket with a metal handle. Both children are smiling at the camera, their"
flickr30k_retrieval_2000_seed2,qwen_prompt,qwen_prompt__flickr30k_retrieval_2000_seed2,observer_specific_supported,Observer Specific Supported,156,156,flickr30k_test_000275,"A young girl in a purple one-piece swimsuit stands barefoot on the wooden railing of a beach boardwalk, arms outstretched as if balancing or posing, with a bright blue sky and ocean behind her. To her left, a blue and white striped beach umbrella is set up on the sand, and the board"
flickr30k_retrieval_2000_seed2,qwen_prompt,qwen_prompt__flickr30k_retrieval_2000_seed2,observer_specific_supported,Observer Specific Supported,157,157,flickr30k_test_029741,"Two musicians are silhouetted on a stage under a hazy, blue-tinted spotlight, one playing an electric guitar and the other singing into a microphone, with a large speaker visible in the foreground."
flickr30k_retrieval_2000_seed2,qwen_prompt,qwen_prompt__flickr30k_retrieval_2000_seed2,observer_specific_supported,Observer Specific Supported,158,158,flickr30k_test_026707,"At a Walmart checkout lane, a female cashier in a dark blue shirt and beige pants is bagging groceries, including a red box and plastic bags, while a blonde woman in a gray jacket and jeans stands beside her, holding the hand of a small child in a blue shirt. Another young child with blonde hair sits in"
flickr30k_retrieval_2000_seed2,qwen_prompt,qwen_prompt__flickr30k_retrieval_2000_seed2,observer_specific_supported,Observer Specific Supported,159,159,flickr30k_test_006271,"A person dressed in a striking polka-dot outfit, including a matching hat, gloves, and fishnet stockings, carries a tray of packaged goods while walking down a city street. They are flanked by pedestrians, including a woman in a white volunteer shirt, and are near a yellow caution tape, suggesting a public event"
flickr30k_retrieval_2000_seed2,qwen_prompt,qwen_prompt__flickr30k_retrieval_2000_seed2,observer_specific_supported,Observer Specific Supported,160,160,flickr30k_test_024405,"A new mother, wearing glasses and a hospital gown, gently cradles her newborn baby in a hospital bed. The infant, wrapped in a white blanket and wearing a knitted cap, sleeps peacefully with eyes closed. The mother smiles softly, her gaze directed toward the camera, conveying a quiet moment of tenderness and"
flickr30k_retrieval_2000_seed2,qwen_prompt,qwen_prompt__flickr30k_retrieval_2000_seed2,observer_specific_supported,Observer Specific Supported,161,161,flickr30k_test_003478,"A woman with glasses and reddish-blonde hair, wearing a red turtleneck sweater, sits comfortably on a beige couch and holds a collection of packaged items, including a blue case and what appears to be a travel-sized electronic device, suggesting she is either unboxing or showing off new purchases. Behind her,"
flickr30k_retrieval_2000_seed2,qwen_prompt,qwen_prompt__flickr30k_retrieval_2000_seed2,observer_specific_supported,Observer Specific Supported,162,162,flickr30k_test_001925,"A live musical performance unfolds outdoors in front of a building labeled “Headquarters Visitor Information Center,” where a man in a patterned shirt plays a double bass while another man beside him strums an acoustic guitar. A woman in a light blue patterned top stands nearby, holding a microphone, seemingly singing or speaking to the"
flickr30k_retrieval_2000_seed2,qwen_prompt,qwen_prompt__flickr30k_retrieval_2000_seed2,observer_specific_supported,Observer Specific Supported,163,163,flickr30k_test_018822,"A construction warning sign reading “REDUCE SPEED” with an orange silhouette of a worker shoveling dirt stands on a brick sidewalk, flanked by traffic cones. A man in a dark shirt and yellow sleeves walks away from the camera toward the street, while in the background, workers in high-visibility vests are visible"
flickr30k_retrieval_2000_seed2,qwen_prompt,qwen_prompt__flickr30k_retrieval_2000_seed2,observer_specific_supported,Observer Specific Supported,164,164,flickr30k_test_021394,"A group of costumed reenactors portraying medieval knights and soldiers stands on a sunlit street, likely during a historical festival or parade. In the foreground, a man in a yellow and red tunic with a heraldic emblem on the chest and a chainmail coif looks toward the camera, holding a sword."
flickr30k_retrieval_2000_seed2,qwen_prompt,qwen_prompt__flickr30k_retrieval_2000_seed2,observer_specific_supported,Observer Specific Supported,165,165,flickr30k_test_001602,"A young girl in a black costume with white gloves and a decorative butterfly on her cheek leans forward intently over a wooden box, her hand reaching toward its contents. Beside her, a boy in a black hat and leather jacket watches with a serious expression, his hand resting on the box’s edge. A third child"
flickr30k_retrieval_2000_seed2,qwen_prompt,qwen_prompt__flickr30k_retrieval_2000_seed2,observer_specific_supported,Observer Specific Supported,166,166,flickr30k_test_008948,"A young child, wearing a blue denim cap with a “Noopy” logo and a striped shirt with orange trim, is gripping a red horizontal bar of a playground structure, looking toward the camera with a calm, slightly smiling expression. An adult’s hand is visible at the bottom left, gently holding the child’s wrist"
flickr30k_retrieval_2000_seed2,qwen_prompt,qwen_prompt__flickr30k_retrieval_2000_seed2,observer_specific_supported,Observer Specific Supported,167,167,flickr30k_test_019388,"Three young men are gathered around a microscope in what appears to be a laboratory or classroom setting. The man in the center, wearing a red jacket, is leaning over the microscope and looking through the eyepiece, actively observing a sample. To his left, another man in a gray long-sleeved shirt is seated"
flickr30k_retrieval_2000_seed2,qwen_prompt,qwen_prompt__flickr30k_retrieval_2000_seed2,observer_specific_supported,Observer Specific Supported,168,168,flickr30k_test_007425,"A black poodle with a fluffy, well-groomed coat is captured mid-stride, running energetically along the concrete edge of a swimming pool. Its mouth is open in a playful expression, tongue visible, and its tail is held high. The background consists of lush green foliage and a chain-link fence,"
flickr30k_retrieval_2000_seed2,qwen_prompt,qwen_prompt__flickr30k_retrieval_2000_seed2,observer_specific_supported,Observer Specific Supported,169,169,flickr30k_test_022363,"A woman with purple hair and a cowboy hat, wearing a blue outfit and holding a guitar, stands on a city sidewalk, surrounded by pedestrians. To her right, another woman in a denim skirt and a pink headscarf carries a patterned tote bag. A third woman in a pink tank top and black shorts walks"
flickr30k_retrieval_2000_seed2,qwen_prompt,qwen_prompt__flickr30k_retrieval_2000_seed2,observer_specific_supported,Observer Specific Supported,170,170,flickr30k_test_028688,"A group of children and two adults are gathered in a circle on the floor of a classroom, engaged in what appears to be a guided activity or game. The children, dressed in casual clothing, are lying on their stomachs or sitting cross-legged, attentively facing the center. Two adults stand at the edge of the"
flickr30k_retrieval_2000_seed2,qwen_prompt,qwen_prompt__flickr30k_retrieval_2000_seed2,observer_specific_supported,Observer Specific Supported,171,171,flickr30k_test_030010,"A group of five uniformed firefighters, including a woman with red hair and a man with a lanyard, stand in a line on a paved street during a sunny day, with flags and trees in the background and an orange emergency vehicle visible in the distance."
flickr30k_retrieval_2000_seed2,qwen_prompt,qwen_prompt__flickr30k_retrieval_2000_seed2,observer_specific_supported,Observer Specific Supported,172,172,flickr30k_test_003482,"A woman with long dark hair, wearing a black top with a white lace collar, is seated on a beige couch and gently cradling a small black-and-white cat in her lap. To her right, another person in a white shirt is partially visible, seated in a matching armchair. A brown paper shopping bag"
flickr30k_retrieval_2000_seed2,qwen_prompt,qwen_prompt__flickr30k_retrieval_2000_seed2,observer_specific_supported,Observer Specific Supported,173,173,flickr30k_test_024719,"A bride in a white gown and veil, holding a colorful bouquet, is being escorted down the aisle by her groom in a black tuxedo with a boutonniere, as guests watch from the sides."
flickr30k_retrieval_2000_seed2,qwen_prompt,qwen_prompt__flickr30k_retrieval_2000_seed2,observer_specific_supported,Observer Specific Supported,174,174,flickr30k_test_017116,"A crowd of pedestrians shelters under open umbrellas on a rainy day, gathered outside the Shiseido department store, whose entrance is illuminated by a vibrant green light display. The building’s red facade is framed by closed maroon awnings, and people in casual attire navigate the wet pavement, some carrying shopping bags, while"
flickr30k_retrieval_2000_seed2,qwen_prompt,qwen_prompt__flickr30k_retrieval_2000_seed2,observer_specific_supported,Observer Specific Supported,175,175,flickr30k_test_004472,"A group of people stands and sits on bamboo rafts floating in the turquoise waters at the base of a cascading waterfall, surrounded by lush, green jungle foliage."
flickr30k_retrieval_2000_seed2,qwen_prompt,qwen_prompt__flickr30k_retrieval_2000_seed2,observer_specific_supported,Observer Specific Supported,176,176,flickr30k_test_027982,"A mountain biker, wearing a helmet and blue jacket, is airborne above a dirt trail, having launched off a steep, sandy embankment. The bike is angled mid-air, and the rider’s body is positioned to maintain control. Behind them, a line of trees with autumnal foliage rises against a bright,"
flickr30k_retrieval_2000_seed2,qwen_prompt,qwen_prompt__flickr30k_retrieval_2000_seed2,observer_specific_supported,Observer Specific Supported,177,177,flickr30k_test_008711,"Three hikers and a white dog stand on a rocky overlook, gazing at a vast, forested mountain range under a bright, partly cloudy sky. The person in the foreground, wearing a red t-shirt and a cap, faces away from the camera. To their right, another hiker in a blue shirt holds"
flickr30k_retrieval_2000_seed2,qwen_prompt,qwen_prompt__flickr30k_retrieval_2000_seed2,observer_specific_supported,Observer Specific Supported,178,178,flickr30k_test_008022,"On a sunlit beach, a shirtless boy in dark swim trunks bends over to interact with two dogs—one black and one tan—wading in the shallow surf. Behind him, another shirtless boy stands in the water, watching. The gentle waves lap at the shore, and the wet sand reflects the figures"
flickr30k_retrieval_2000_seed2,qwen_prompt,qwen_prompt__flickr30k_retrieval_2000_seed2,observer_specific_supported,Observer Specific Supported,179,179,flickr30k_test_027025,"A woman in an orange shirt sits on a red chair, holding up two colorful, fuzzy finger puppets—one green and one purple—while looking upward with an expressive, open-mouthed face. Beside her, a small child wearing a brown and tan animal costume with a hood and ears stands, looking down with a"
flickr30k_retrieval_2000_seed2,qwen_prompt,qwen_prompt__flickr30k_retrieval_2000_seed2,observer_specific_supported,Observer Specific Supported,180,180,flickr30k_test_006896,"A woman with short dark hair, wearing a white top and a yellow patterned skirt, sits in a plush green armchair, smiling warmly as she holds a young child on her lap. The child, dressed in a white long-sleeved shirt and white socks, looks toward the woman with a calm, attentive expression"
flickr30k_retrieval_2000_seed2,qwen_prompt,qwen_prompt__flickr30k_retrieval_2000_seed2,observer_specific_supported,Observer Specific Supported,181,181,flickr30k_test_030919,"A bride and groom are seated in a classic red convertible, smiling and waving to a crowd of guests gathered on a sidewalk at night. The bride, wearing a light-colored dress and holding a bouquet, sits beside the groom, who is in a dark suit and is also holding a small bouquet. The car, a vintage"
flickr30k_retrieval_2000_seed2,qwen_prompt,qwen_prompt__flickr30k_retrieval_2000_seed2,observer_specific_supported,Observer Specific Supported,182,182,flickr30k_test_028854,"An older man and woman, both wearing white aprons with pink circular logos, stand at a table in what appears to be a community or class setting, with the man holding a blue glove and the woman gesturing toward a baking tray with crumbs and a partially eaten chocolate cake. A pink-frosted heart-shaped cake"
flickr30k_retrieval_2000_seed2,qwen_prompt,qwen_prompt__flickr30k_retrieval_2000_seed2,observer_specific_supported,Observer Specific Supported,183,183,flickr30k_test_001978,"A young child with blonde hair, wearing a maroon shirt over a pink long-sleeved shirt and jeans, is carefully wrapping a large, rectangular gift with bright green paper in a warmly lit room. The child’s hands are positioned near the top of the package, suggesting they are smoothing or adjusting the wrapping. In"
flickr30k_retrieval_2000_seed2,qwen_prompt,qwen_prompt__flickr30k_retrieval_2000_seed2,observer_specific_supported,Observer Specific Supported,184,184,flickr30k_test_013858,"A crowd of tourists walks along a paved path beside a stone wall, heading toward a modern building on the right, with a backdrop of a lush, tree-covered mountain range under a bright, hazy sky. Steam rises from the valley below, suggesting a geothermal area. People are dressed in casual, weather-appropriate"
flickr30k_retrieval_2000_seed2,qwen_prompt,qwen_prompt__flickr30k_retrieval_2000_seed2,observer_specific_supported,Observer Specific Supported,185,185,flickr30k_test_029424,"A football player wearing jersey number 58 leaps into the air with both arms raised in celebration, seemingly having just made a successful play. He is surrounded by teammates and opponents on a green turf field, with a bright orange canopy tent visible in the background. Another player in a white jersey with “HAMILTON”"
flickr30k_retrieval_2000_seed2,qwen_prompt,qwen_prompt__flickr30k_retrieval_2000_seed2,observer_specific_supported,Observer Specific Supported,186,186,flickr30k_test_023493,"An older man in a gray cap and dark jacket walks past a seated woman in a denim jacket, both under the shadowed eaves of a structure with a patterned, triangular-trimmed roof, as bright sunlight illuminates the scene from behind."
flickr30k_retrieval_2000_seed2,qwen_prompt,qwen_prompt__flickr30k_retrieval_2000_seed2,observer_specific_supported,Observer Specific Supported,187,187,flickr30k_test_024884,"A man with glasses, wearing a gray t-shirt and jeans, sits on the grass holding a young child in his lap. The child, dressed in a bright green shirt and shorts, rests their head against the man’s shoulder, appearing drowsy or asleep. The man looks upward and to the side, seemingly engaged"
flickr30k_retrieval_2000_seed2,qwen_prompt,qwen_prompt__flickr30k_retrieval_2000_seed2,observer_specific_supported,Observer Specific Supported,188,188,flickr30k_test_001044,"A child, seen from a low-angle perspective, lies back on a swing with feet in green clogs, arms raised, as sunlight filters through the trees behind them, casting bright lens flares and illuminating the forest floor."
flickr30k_retrieval_2000_seed2,qwen_prompt,qwen_prompt__flickr30k_retrieval_2000_seed2,observer_specific_supported,Observer Specific Supported,189,189,flickr30k_test_001861,"Two construction workers are actively engaged on a metal scaffolding system erected against the facade of a brick building with arched windows. The worker higher up, wearing an orange jacket and a hard hat, is positioned on a platform and appears to be handling a tool or material. The worker lower down, wearing a yellow hard hat"
flickr30k_retrieval_2000_seed2,qwen_prompt,qwen_prompt__flickr30k_retrieval_2000_seed2,observer_specific_supported,Observer Specific Supported,190,190,flickr30k_test_011873,"A young child, dressed in a black sleeveless top, black pants, and a red sash tied around the waist, performs a martial arts-inspired dance pose on a wooden stage. The child wears a black headband and is barefoot, with one arm extended forward and the other pulled back, eyes focused and mouth"
flickr30k_retrieval_2000_seed2,qwen_prompt,qwen_prompt__flickr30k_retrieval_2000_seed2,observer_specific_supported,Observer Specific Supported,191,191,flickr30k_test_011803,"A roofer, wearing a dark shirt, black pants, and an orange cap, is kneeling on a roof and using a nail gun to fasten black roofing material to the underlying structure. A green air hose runs from the tool to the ground, and rolls of roofing underlayment are visible nearby. The side"
flickr30k_retrieval_2000_seed2,qwen_prompt,qwen_prompt__flickr30k_retrieval_2000_seed2,observer_specific_supported,Observer Specific Supported,192,192,flickr30k_test_005632,"Under a bright, clear sky, a group of people are gathered around a large, white, freestanding outdoor oven, actively engaged in what appears to be a communal cooking or baking activity. A man on the right, wearing a white shirt, gloves, and a stethoscope around his neck, is leaning over"
flickr30k_retrieval_2000_seed2,qwen_prompt,qwen_prompt__flickr30k_retrieval_2000_seed2,observer_specific_supported,Observer Specific Supported,193,193,flickr30k_test_008175,"A young boy with freckles smiles gently as a large, translucent-winged green cicada perches on his nose, its delicate legs gripping his skin while he looks toward the camera with calm curiosity in a sunlit grassy outdoor setting."
flickr30k_retrieval_2000_seed2,qwen_prompt,qwen_prompt__flickr30k_retrieval_2000_seed2,observer_specific_supported,Observer Specific Supported,194,194,flickr30k_test_022045,"A man in a white shirt and suspenders sits on a stool, actively playing a drum set on a city sidewalk at night, with pedestrians and a silver SUV visible in the background."
flickr30k_retrieval_2000_seed2,qwen_prompt,qwen_prompt__flickr30k_retrieval_2000_seed2,observer_specific_supported,Observer Specific Supported,195,195,flickr30k_test_000768,"A woman with long brown hair, wearing a white tank top and blue jeans, sits on a wooden bench in a park, holding a small white object in her hands. Beside her, a white and brown spotted dog with a blue leash stands on the grass, looking toward the left. The scene is outdoors on a"
flickr30k_retrieval_2000_seed2,qwen_prompt,qwen_prompt__flickr30k_retrieval_2000_seed2,observer_specific_supported,Observer Specific Supported,196,196,flickr30k_test_002716,"A person in a white shirt and brown skirt is carefully adjusting a small, colorful component on the base of a large, intricate mechanical contraption labeled “Mega Joule,” which features a complex network of wires, gears, and metal rails enclosed in a black metal cage. The scene is set in a utilitarian room"
flickr30k_retrieval_2000_seed2,qwen_prompt,qwen_prompt__flickr30k_retrieval_2000_seed2,observer_specific_supported,Observer Specific Supported,197,197,flickr30k_test_003775,"A golden-brown dog with a fluffy tail is captured mid-stride, running energetically through a sunlit grassy field. Its mouth is open, tongue out, suggesting exertion or joy. In the background, several large tree trunks stand near a flowerbed, and two distant figures are visible walking on"
flickr30k_retrieval_2000_seed2,qwen_prompt,qwen_prompt__flickr30k_retrieval_2000_seed2,observer_specific_supported,Observer Specific Supported,198,198,flickr30k_test_002210,"A smiling woman in a vibrant, elaborate Brazilian carnival costume—featuring a towering yellow and green feathered headdress, a jeweled green and gold bikini top with a Brazilian flag motif, and matching feathered arm cuffs—poses confidently while holding a small Brazilian flag. She is surrounded by other costumed performers and a"
flickr30k_retrieval_2000_seed2,qwen_prompt,qwen_prompt__flickr30k_retrieval_2000_seed2,observer_specific_supported,Observer Specific Supported,199,199,flickr30k_test_000830,"At a lively outdoor historical reenactment, a woman in a red and blue medieval-style gown with a large, ornate headdress sits on the grass beside a small, wheeled cart filled with baskets and wooden tools, while a young child in a brown tunic stands beside her, holding a long stick."
flickr30k_retrieval_2000_seed2,qwen_prompt,qwen_prompt__flickr30k_retrieval_2000_seed2,observer_specific_supported,Observer Specific Supported,200,200,flickr30k_test_001339,"A man in a purple long-sleeved shirt and jeans is pushing a weathered, red-and-gray wheelbarrow across a brick-paved area, likely part of a residential construction or landscaping project. He is wearing work gloves and appears focused on maneuvering the heavy tool. Behind him, a chain-link fence enc"
flickr30k_retrieval_2000_seed2,qwen_prompt,qwen_prompt__flickr30k_retrieval_2000_seed2,observer_specific_supported,Observer Specific Supported,201,201,flickr30k_test_023901,"Under a concrete overpass, construction workers are actively engaged in a site where a yellow excavator is positioned near a pile of rubble and stacked bricks, indicating ongoing demolition or rebuilding work."
flickr30k_retrieval_2000_seed2,qwen_prompt,qwen_prompt__flickr30k_retrieval_2000_seed2,observer_specific_supported,Observer Specific Supported,202,202,flickr30k_test_030101,"A woman in a pink long-sleeved shirt and blue jeans, wearing a white cowboy hat and a silver belt buckle, stands atop a brown horse with a white blaze on its face. She has her right hand placed over her heart, and the horse is outfitted with a saddle and bridle. In the background"
flickr30k_retrieval_2000_seed2,qwen_prompt,qwen_prompt__flickr30k_retrieval_2000_seed2,observer_specific_supported,Observer Specific Supported,203,203,flickr30k_test_000692,"A woman with a polka-dot headband holds a young girl in a denim dress as they both gaze intently at floating soap bubbles in a sun-dappled park. A small boy in a white shirt sits nearby, also watching the bubbles. The scene is set outdoors under trees, with playground equipment visible in the"
flickr30k_retrieval_2000_seed2,qwen_prompt,qwen_prompt__flickr30k_retrieval_2000_seed2,observer_specific_supported,Observer Specific Supported,204,204,flickr30k_test_012225,"A performer inside a large, ornate yellow lion dance costume with a red and gold embroidered mouthpiece is the central focus, standing amidst a crowd of onlookers during what appears to be a street festival or parade. The lion’s head is detailed with expressive eyes and a wide, toothy grin, and the performer"
flickr30k_retrieval_2000_seed2,qwen_prompt,qwen_prompt__flickr30k_retrieval_2000_seed2,observer_specific_supported,Observer Specific Supported,205,205,flickr30k_test_008378,"Three people — two men and one woman — are posing together outdoors, smiling and looking upward with expressions of joy or amusement. The man on the left wears a red t-shirt and a black baseball cap turned backward; the man in the center wears a gray t-shirt with “SHARPS” printed on it, a"
flickr30k_retrieval_2000_seed2,qwen_prompt,qwen_prompt__flickr30k_retrieval_2000_seed2,observer_specific_supported,Observer Specific Supported,206,206,flickr30k_test_004187,"Several laborers are working on a construction site, manually cutting large stone blocks with handheld saws. One worker in a beige cap and red shirt is actively sawing a stone, while another in a green headscarf and beige shirt assists nearby. A third worker, wearing a red headscarf, is bent over"
flickr30k_retrieval_2000_seed2,qwen_prompt,qwen_prompt__flickr30k_retrieval_2000_seed2,observer_specific_supported,Observer Specific Supported,207,207,flickr30k_test_026651,"A skateboarder in mid-air performs a trick above an inverted shopping cart, with onlookers watching from a skatepark ramp under a partly cloudy sky."
flickr30k_retrieval_2000_seed2,qwen_prompt,qwen_prompt__flickr30k_retrieval_2000_seed2,observer_specific_supported,Observer Specific Supported,208,208,flickr30k_test_030669,"Two young men are seated at a dining table in a bright, communal room, eating a meal that includes rice, potatoes, and a green beverage. The man on the left, wearing a dark shirt, is mid-bite, while the man on the right, in a light blue shirt, looks toward the camera with"
flickr30k_retrieval_2000_seed2,qwen_prompt,qwen_prompt__flickr30k_retrieval_2000_seed2,observer_specific_supported,Observer Specific Supported,209,209,flickr30k_test_005148,"A live band, identified by a large pink banner as “Screaming Orphans,” performs on a dimly lit stage with a black curtain backdrop. The lead singer, a woman with dark hair wearing a dark top, stands center-right, singing into a microphone while playing a dark electric guitar. To her left,"
flickr30k_retrieval_2000_seed2,qwen_prompt,qwen_prompt__flickr30k_retrieval_2000_seed2,observer_specific_supported,Observer Specific Supported,210,210,flickr30k_test_024077,"A bride in a white satin gown with a red sash and a floral headpiece dances joyfully with a man in a dark suit, both smiling broadly as they move together at a wedding reception. A woman in a light-colored dress stands beside them, partially turned away, while another woman in a patterned dress is"
flickr30k_retrieval_2000_seed2,qwen_prompt,qwen_prompt__flickr30k_retrieval_2000_seed2,observer_specific_supported,Observer Specific Supported,211,211,flickr30k_test_006020,"A woman with her hair tied up sits relaxed in a wooden rocking chair with a cushion, positioned near an open doorway that reveals a window with shutters. She looks upward and to her left with a calm, thoughtful expression. The room has light-colored walls and a white door to the left, suggesting a quiet, domestic"
flickr30k_retrieval_2000_seed2,qwen_prompt,qwen_prompt__flickr30k_retrieval_2000_seed2,observer_specific_supported,Observer Specific Supported,212,212,flickr30k_test_017140,"Inside a dimly lit, tent-like space adorned with string lights and draped fabric, a person with short dark hair, wearing a dark jacket, is seated at a table and focused on a laptop computer. The laptop, identifiable by its Apple logo, rests on the table alongside a pair of headphones and a small, glowing"
flickr30k_retrieval_2000_seed2,qwen_prompt,qwen_prompt__flickr30k_retrieval_2000_seed2,observer_specific_supported,Observer Specific Supported,213,213,flickr30k_test_022658,"A white dog with black spots, likely a Great Pyrenees or similar breed, is intently sniffing a white ball on the sand near a weathered wooden fence with barbed wire. The dog’s body is low to the ground, its tail held high, suggesting focused attention on the object. The scene appears"
flickr30k_retrieval_2000_seed2,qwen_prompt,qwen_prompt__flickr30k_retrieval_2000_seed2,observer_specific_supported,Observer Specific Supported,214,214,flickr30k_test_000063,"In a snowy forest of birch trees, a man in a dark jacket and blue beanie is cross-country skiing, holding poles and gliding past a stationary artist. The artist, wearing a dark coat and a black hat, stands beside a wooden easel displaying several framed paintings, suggesting a winter plein air art exhibition"
flickr30k_retrieval_2000_seed2,qwen_prompt,qwen_prompt__flickr30k_retrieval_2000_seed2,observer_specific_supported,Observer Specific Supported,215,215,flickr30k_test_012634,"A mountain biker in a blue jacket and white helmet is airborne over a mossy, root-exposed mound in a misty forest, with tall, slender trees fading into the fog behind them."
flickr30k_retrieval_2000_seed2,qwen_prompt,qwen_prompt__flickr30k_retrieval_2000_seed2,observer_specific_supported,Observer Specific Supported,216,216,flickr30k_test_019315,"A row of red and white public bicycles, branded “bicing,” is parked neatly along a city sidewalk, while a small child in dark clothing runs across the street nearby, and several pedestrians walk along the pavement under the shade of tall, historic buildings."
flickr30k_retrieval_2000_seed2,qwen_prompt,qwen_prompt__flickr30k_retrieval_2000_seed2,observer_specific_supported,Observer Specific Supported,217,217,flickr30k_test_001414,"A smiling woman in a pink hoodie and cap, adorned with a bright orange flower lei, stands behind a juice stand, operating a manual citrus juicer. In front of her, a green sign reads “TIPS,” and a blue cooler with a roll of paper towels sits nearby. Stacks of clear plastic cups and"
flickr30k_retrieval_2000_seed2,qwen_prompt,qwen_prompt__flickr30k_retrieval_2000_seed2,observer_specific_supported,Observer Specific Supported,218,218,flickr30k_test_026022,"A young girl with dark hair tied back by a green bow stands indoors, holding a purple plush toy with a wide, toothy grin. She wears a pink dress over a light-colored long-sleeved shirt. Behind her, a decorated Christmas tree with spherical ornaments and paper lanterns stands near a window with sheer curtains"
flickr30k_retrieval_2000_seed2,qwen_prompt,qwen_prompt__flickr30k_retrieval_2000_seed2,observer_specific_supported,Observer Specific Supported,219,219,flickr30k_test_008120,"A man and a woman are posing together for a photo indoors, smiling at the camera. The man, wearing a dark vertically striped button-down shirt and light-colored pants, stands to the left. The woman, with short blonde hair, wears a black top with a blue panel and a black necklace; she has her right"
flickr30k_retrieval_2000_seed2,qwen_prompt,qwen_prompt__flickr30k_retrieval_2000_seed2,observer_specific_supported,Observer Specific Supported,220,220,flickr30k_test_004961,"A young woman in a white uniform and tall white boots stands at attention on a paved street, holding a ceremonial baton, as part of a marching band or parade. Behind her, other participants in similar attire, including a man in a white jacket and dark pants, walk in formation. Spectators line the sidewalks of"
flickr30k_retrieval_2000_seed2,qwen_prompt,qwen_prompt__flickr30k_retrieval_2000_seed2,observer_specific_supported,Observer Specific Supported,221,221,flickr30k_test_001188,"A man in a dark t-shirt and jeans stands beside a white truck, his right hand resting on a green utility pole while his left hand is on his hip. A yellow-and-black striped barrier pole with an orange traffic cone sits in front of him, and a parking meter is visible nearby. The scene appears to be"
flickr30k_retrieval_2000_seed2,qwen_prompt,qwen_prompt__flickr30k_retrieval_2000_seed2,observer_specific_supported,Observer Specific Supported,222,222,flickr30k_test_000137,"A construction worker in a white shirt and dark pants is standing on a blue metal scaffolding structure, actively handling large, vertical wooden planks. The scaffolding is erected against the side of a brick building, with a portion of a lighter-colored wall visible above. The worker appears to be positioning or securing the wooden panels"
flickr30k_retrieval_2000_seed2,qwen_prompt,qwen_prompt__flickr30k_retrieval_2000_seed2,observer_specific_supported,Observer Specific Supported,223,223,flickr30k_test_011278,"A marching band drumline in matching green and yellow uniforms performs on a grassy field beside a harbor, with the ocean and a distant ship visible in the background. The drummers, holding snare drums and tenor drums, are in formation, focused on their instruments, while a brass player in the foreground holds a"
flickr30k_retrieval_2000_seed2,qwen_prompt,qwen_prompt__flickr30k_retrieval_2000_seed2,observer_specific_supported,Observer Specific Supported,224,224,flickr30k_test_030751,"A man with glasses and a light blue shirt is asleep in a wooden chair, his head resting on his arm, while a small child in a striped shirt sleeps curled up against his chest, their hands gently clasped. The scene suggests a quiet, intimate moment of rest shared between them, likely in a home setting,"
flickr30k_retrieval_2000_seed2,qwen_prompt,qwen_prompt__flickr30k_retrieval_2000_seed2,observer_specific_supported,Observer Specific Supported,225,225,flickr30k_test_020160,"A police officer on a bicycle is patrolling a sunlit, tree-lined public square, with pedestrians walking in the background and a woman in a headscarf standing nearby."
flickr30k_retrieval_2000_seed2,qwen_prompt,qwen_prompt__flickr30k_retrieval_2000_seed2,observer_specific_supported,Observer Specific Supported,226,226,flickr30k_test_020570,"A young woman with short brown hair, wearing a rust-orange long-sleeved shirt with a black logo, sits in a dimly lit, colorful indoor space, resting her chin on her hand in a pensive pose. Behind her, a blurred figure of another person is visible, seated at a table near a doorway"
flickr30k_retrieval_2000_seed2,qwen_prompt,qwen_prompt__flickr30k_retrieval_2000_seed2,observer_specific_supported,Observer Specific Supported,227,227,flickr30k_test_024328,"A sunny day in a city, with three cyclists riding bicycles down a wide street lined with pedestrians and buildings. In the foreground, a man in a dark blue t-shirt and helmet rides a light green folding bike. To his left, a man in a yellow shirt and helmet rides a blue bicycle with a thin gold rim"
flickr30k_retrieval_2000_seed2,qwen_prompt,qwen_prompt__flickr30k_retrieval_2000_seed2,observer_specific_supported,Observer Specific Supported,228,228,flickr30k_test_024499,"Two young people sit side by side on a bench outdoors, each absorbed in reading a paper or booklet. The person on the left, wearing a dark top and jeans, holds a light-colored sheet, while the person on the right, in a white top and dark pants, reads from a similar item. Behind them,"
flickr30k_retrieval_2000_seed2,qwen_prompt,qwen_prompt__flickr30k_retrieval_2000_seed2,observer_specific_supported,Observer Specific Supported,229,229,flickr30k_test_003706,"At a well-lit supermarket checkout, a smiling cashier in a red and blue uniform is scanning items while a customer with a bandaged hand carefully places groceries into a green reusable bag. Behind them, a male employee in a dark jacket stands near the shelves stocked with bottled beverages, and the checkout area is equipped with a"
flickr30k_retrieval_2000_seed2,qwen_prompt,qwen_prompt__flickr30k_retrieval_2000_seed2,observer_specific_supported,Observer Specific Supported,230,230,flickr30k_test_009372,"A man in a red Chicago Bulls jersey with the number 18 sits in a wheelchair on a sidewalk, leaning forward and appearing to adjust or interact with something near his lap. He is positioned beside a large, light-colored concrete planter with small plants, and a blue, ornate lamppost stands nearby."
flickr30k_retrieval_2000_seed2,qwen_prompt,qwen_prompt__flickr30k_retrieval_2000_seed2,observer_specific_supported,Observer Specific Supported,231,231,flickr30k_test_011049,"A crowded subway platform at night, where a woman in a dark coat holds a small bouquet of flowers while standing near the edge, surrounded by commuters waiting to board or disembarking from a silver train marked with the number 2405. The scene is lit by overhead fluorescent lights, and a sign above indicates the"
flickr30k_retrieval_2000_seed2,qwen_prompt,qwen_prompt__flickr30k_retrieval_2000_seed2,observer_specific_supported,Observer Specific Supported,232,232,flickr30k_test_016015,"A young woman in a red shirt and white hat is seated in a motorized wheelchair, actively engaged in what appears to be a competitive or recreational event inside a gymnasium. She is smiling and looking forward, with her hands gripping the wheelchair’s controls. Beside her, a woman in a red shirt and blue"
flickr30k_retrieval_2000_seed2,qwen_prompt,qwen_prompt__flickr30k_retrieval_2000_seed2,observer_specific_supported,Observer Specific Supported,233,233,flickr30k_test_001009,"A woman lies on the sidewalk receiving aid from two men in a public urban setting, while a Denver Fire Department officer and other bystanders observe. One man, wearing a white t-shirt and a helmet, kneels beside her, appearing to assist with her lower body, while another man in a blue shirt leans over her"
flickr30k_retrieval_2000_seed2,qwen_prompt,qwen_prompt__flickr30k_retrieval_2000_seed2,observer_specific_supported,Observer Specific Supported,234,234,flickr30k_test_010105,"A young man stands outdoors at night, smiling at the camera while holding a paper coffee cup. He wears a white t-shirt featuring a black-and-white graphic of Barack Obama with a map of the United States superimposed over his torso, layered over a dark long-sleeved shirt and blue jeans. The background is"
flickr30k_retrieval_2000_seed2,qwen_prompt,qwen_prompt__flickr30k_retrieval_2000_seed2,observer_specific_supported,Observer Specific Supported,235,235,flickr30k_test_014701,"A young boy with light hair, wearing an orange t-shirt and patterned shorts, sits happily in a white plastic chair with a purple seat cushion, laughing broadly with his mouth open. He is outdoors on a gravel surface, with green foliage and a dark hanging fabric visible in the background."
flickr30k_retrieval_2000_seed2,qwen_prompt,qwen_prompt__flickr30k_retrieval_2000_seed2,observer_specific_supported,Observer Specific Supported,236,236,flickr30k_test_018071,"Two men are working on a residential roof, actively repairing or constructing a brick chimney. One man, wearing a gray sweatshirt and jeans, is leaning into the chimney structure, appearing to adjust or lay bricks. The other, in a green jacket and jeans, stands beside him, holding a brick and seemingly preparing to place"
flickr30k_retrieval_2000_seed2,qwen_prompt,qwen_prompt__flickr30k_retrieval_2000_seed2,observer_specific_supported,Observer Specific Supported,237,237,flickr30k_test_025099,"A turquoise mini excavator is actively digging a trench in a construction zone, with a large, stylized mural of a reclining figure painted on the adjacent wall. A worker in dark clothing is visible near a white truck on the right, and a blue air compressor sits in the foreground. The scene is set against a"
flickr30k_retrieval_2000_seed2,qwen_prompt,qwen_prompt__flickr30k_retrieval_2000_seed2,observer_specific_supported,Observer Specific Supported,238,238,flickr30k_test_019829,"An older man with white hair, wearing a vest and holding a camera, stands beside a woman in a green jacket, both intently observing a large, weathered bronze statue of a nude male figure. The statue, positioned on a sidewalk near a black metal fence and greenery, appears to be the focus of their"
flickr30k_retrieval_2000_seed2,qwen_prompt,qwen_prompt__flickr30k_retrieval_2000_seed2,observer_specific_supported,Observer Specific Supported,239,239,flickr30k_test_024246,"From an elevated perspective, a rectangular swimming pool with clear blue water is the central focus, surrounded by a light-colored tiled deck. Several people are visible in the pool, swimming or floating. Along the pool’s edges, rows of white lounge chairs are arranged, many with matching white umbrellas, though some are folded or"
flickr30k_retrieval_2000_seed2,qwen_prompt,qwen_prompt__flickr30k_retrieval_2000_seed2,observer_specific_supported,Observer Specific Supported,240,240,flickr30k_test_001499,"A young child with dark hair, wearing a red puffer jacket, is perched on the shoulders of a man with a short beard and mustache, who is looking toward the camera. The child’s hand rests gently on the man’s head, suggesting a moment of closeness or playfulness during an outdoor setting."
flickr30k_retrieval_2000_seed2,qwen_prompt,qwen_prompt__flickr30k_retrieval_2000_seed2,observer_specific_supported,Observer Specific Supported,241,241,flickr30k_test_029557,"A young girl in a white school uniform, smiling brightly at the camera, stands in the foreground of a sunlit outdoor scene, while several other children in similar uniforms are visible behind her, some looking toward the camera and others away."
flickr30k_retrieval_2000_seed2,qwen_prompt,qwen_prompt__flickr30k_retrieval_2000_seed2,observer_specific_supported,Observer Specific Supported,242,242,flickr30k_test_008648,"A person in a yellow shirt holds a heavily decorated acoustic guitar, their hands positioned on the neck and body, suggesting they are playing or about to play. The guitar’s surface is covered with colorful stickers and images, including religious figures, landscapes, and cartoonish scenes, and features red and teal plastic knobs. The person"
flickr30k_retrieval_2000_seed2,qwen_prompt,qwen_prompt__flickr30k_retrieval_2000_seed2,observer_specific_supported,Observer Specific Supported,243,243,flickr30k_test_024761,"Two young men are standing at a promotional booth in a public indoor space, likely a mall or campus center, interacting with materials for a Penn State Basketball event. The man on the left, wearing a black t-shirt with a white graphic and carrying a backpack, is leaning over a blue table, appearing to examine or fill"
flickr30k_retrieval_2000_seed2,qwen_prompt,qwen_prompt__flickr30k_retrieval_2000_seed2,observer_specific_supported,Observer Specific Supported,244,244,flickr30k_test_013167,"Two snowboarders are airborne over a snow-covered slope, having launched off a blue netted ramp structure, with a forested hillside and overcast sky forming the backdrop."
flickr30k_retrieval_2000_seed2,qwen_prompt,qwen_prompt__flickr30k_retrieval_2000_seed2,observer_specific_supported,Observer Specific Supported,245,245,flickr30k_test_028260,"A woman in a paint-splattered blue jumpsuit stands outside a shop window, holding a white cup and looking at a cartoonish drawing of a person on the glass. The drawing, which appears to be a thought bubble or reflection, shows a figure in a purple shirt and blue pants, with a red car and"
flickr30k_retrieval_2000_seed2,qwen_prompt,qwen_prompt__flickr30k_retrieval_2000_seed2,observer_specific_supported,Observer Specific Supported,246,246,flickr30k_test_020368,"A dense crowd of people fills a narrow, historic European street, many wearing orange clothing and accessories, suggesting participation in a festive public event, likely a parade or celebration. In the foreground, a man with gray hair and glasses looks toward the right, while beside him, a person in a bright orange hoodie with a black"
flickr30k_retrieval_2000_seed2,qwen_prompt,qwen_prompt__flickr30k_retrieval_2000_seed2,observer_specific_supported,Observer Specific Supported,247,247,flickr30k_test_023112,"A smiling East Asian woman and man sit side-by-side at a blue table in a brightly lit cafeteria, both wearing lanyards with ID badges. In front of them are white takeout containers and a plastic water bottle. Behind them, a staff member in a yellow shirt is visible near a service counter under a red"
flickr30k_retrieval_2000_seed2,qwen_prompt,qwen_prompt__flickr30k_retrieval_2000_seed2,observer_specific_supported,Observer Specific Supported,248,248,flickr30k_test_005028,"A young boy in a white cap and orange shorts sits cross-legged on white stone steps, holding a teal cloth or towel against his face and upper body, possibly wiping sweat or shielding himself from the sun. Behind him is a large, vibrant blue wooden door, and the scene is framed by a plain white wall to his"
flickr30k_retrieval_2000_seed2,qwen_prompt,qwen_prompt__flickr30k_retrieval_2000_seed2,observer_specific_supported,Observer Specific Supported,249,249,flickr30k_test_015492,"A brass band, dressed in dark uniforms with insignia, performs indoors for an audience of children seated in wooden chairs; visible instruments include trumpets and a large tuba, with sheet music on stands, suggesting a formal school or community music presentation."
flickr30k_retrieval_2000_seed2,qwen_prompt,qwen_prompt__flickr30k_retrieval_2000_seed2,observer_specific_supported,Observer Specific Supported,250,250,flickr30k_test_007390,"An orchestra is performing on a dimly lit stage, with musicians seated in rows, each focused on their instrument and sheet music. The ensemble includes string players, woodwinds, brass, and percussion, with a conductor standing at the front, leading the performance. The stage is bathed in warm spotlights, highlighting"
flickr30k_retrieval_2000_seed2,qwen_prompt,qwen_prompt__flickr30k_retrieval_2000_seed2,observer_specific_supported,Observer Specific Supported,251,251,flickr30k_test_003062,"Three men are seated at a long wooden desk in an office, engaged in work or a meeting. The man in the foreground, wearing glasses and a light gray button-down shirt, is actively using a laptop computer. Behind him, a second man in a similar shirt also wears glasses and appears to be looking at his own"
flickr30k_retrieval_2000_seed2,qwen_prompt,qwen_prompt__flickr30k_retrieval_2000_seed2,observer_specific_supported,Observer Specific Supported,252,252,flickr30k_test_021654,"A young woman with long blonde hair, wearing a pink top and black leggings, is bent over on a red running track, adjusting a professional video camera with a large microphone attached. She holds a white cup in her other hand. The track is bordered by a blue lane and a wide green grass field, with parked cars"
flickr30k_retrieval_2000_seed2,qwen_prompt,qwen_prompt__flickr30k_retrieval_2000_seed2,observer_specific_supported,Observer Specific Supported,253,253,flickr30k_test_022524,"Inside a dimly lit bus at night, three passengers sit side by side, each absorbed in their own smartphone, their faces illuminated by the glow of the screens. The man on the right, wearing a gray t-shirt, holds his phone up to his ear, while the woman beside him, in a pink top,"
flickr30k_retrieval_2000_seed2,qwen_prompt,qwen_prompt__flickr30k_retrieval_2000_seed2,observer_specific_supported,Observer Specific Supported,254,254,flickr30k_test_010364,"A groom in a dark suit and a bride in a white dress are standing close together indoors, smiling warmly at each other. The groom holds a small bouquet of orange roses, and the bride gently touches the bouquet with her hand, her expression joyful and affectionate. The background features ornate, light-colored architectural details,"
flickr30k_retrieval_2000_seed2,qwen_prompt,qwen_prompt__flickr30k_retrieval_2000_seed2,observer_specific_supported,Observer Specific Supported,255,255,flickr30k_test_027472,"A man in a blue sweater is using a DSLR camera mounted on a tripod to take a photograph, holding the camera up to his eye with both hands. He is standing on a mountain trail with a steep, green, rocky slope behind him. In the background, two other people are visible on the trail—one in"
flickr30k_retrieval_2000_seed2,qwen_prompt,qwen_prompt__flickr30k_retrieval_2000_seed2,observer_specific_supported,Observer Specific Supported,256,256,flickr30k_test_003343,"A young child with curly hair, wearing a light blue shirt and shorts, is balancing on two pink foam pads attached to a blue and yellow plastic seesaw-like toy on a paved driveway, appearing to be in the middle of a playful activity."
flickr30k_retrieval_2000_seed2,qwen_prompt,qwen_prompt__flickr30k_retrieval_2000_seed2,observer_specific_supported,Observer Specific Supported,257,257,flickr30k_test_000793,"A woman in a black top, pink shorts, and green wellington boots bends over on a grassy field, appearing to adjust her footwear or pick something up, while people mill about in the background at what looks like an outdoor music festival or gathering."
flickr30k_retrieval_2000_seed2,qwen_prompt,qwen_prompt__flickr30k_retrieval_2000_seed2,observer_specific_supported,Observer Specific Supported,258,258,flickr30k_test_014674,"A large white swan with a long neck and orange beak is in mid-flight, wings fully spread, skimming the surface of a dark, reflective green pond, creating a splash as it takes off, with its mirrored image clearly visible in the water below."
flickr30k_retrieval_2000_seed2,qwen_prompt,qwen_prompt__flickr30k_retrieval_2000_seed2,observer_specific_supported,Observer Specific Supported,259,259,flickr30k_test_025834,"Several colorful kitesurfing kites are airborne over a wide, wet beach under a partly cloudy sky, with a few people visible on the shoreline and in the water, suggesting active kiteboarding or kitesurfing."
flickr30k_retrieval_2000_seed2,qwen_prompt,qwen_prompt__flickr30k_retrieval_2000_seed2,observer_specific_supported,Observer Specific Supported,260,260,flickr30k_test_028664,"A skateboarder wearing a blue cap and dark shirt is mid-trick, balancing on a small, yellow-tipped skateboard atop a low, rectangular stone bench in an urban plaza. A young tree with sparse branches stands nearby, casting shadows on the pavement. Behind him, a building with white stone columns and a dark blue"
flickr30k_retrieval_2000_seed2,qwen_prompt,qwen_prompt__flickr30k_retrieval_2000_seed2,observer_specific_supported,Observer Specific Supported,261,261,flickr30k_test_004179,"A young woman in a bright orange tracksuit walks past a street vendor, an older woman in a gray coat, who is standing beside a small display of handmade crafts and flower arrangements on a sidewalk in front of a plain wall with graffiti."
flickr30k_retrieval_2000_seed2,qwen_prompt,qwen_prompt__flickr30k_retrieval_2000_seed2,observer_specific_supported,Observer Specific Supported,262,262,flickr30k_test_016983,"A brown and white dog, likely a Border Collie, is captured mid-air in a backyard, leaping with its front paws extended toward a worn, round soccer ball that is suspended above it. The dog’s body is arched, and its hind legs are off the ground, indicating a dynamic, energetic jump"
flickr30k_retrieval_2000_seed2,qwen_prompt,qwen_prompt__flickr30k_retrieval_2000_seed2,observer_specific_supported,Observer Specific Supported,263,263,flickr30k_test_019167,"A group of young boys and two adult men are gathered around a soccer goal on a grassy field, with one boy in a blue shirt actively reaching into the net, while another adult in a light blue shirt leans forward, appearing to assist or guide him."
flickr30k_retrieval_2000_seed2,qwen_prompt,qwen_prompt__flickr30k_retrieval_2000_seed2,observer_specific_supported,Observer Specific Supported,264,264,flickr30k_test_025593,"In a dimly lit outdoor nighttime setting, a man with glasses and a patterned shirt is joyfully carrying another man over his shoulder in a playful piggyback-style lift. The man being carried, wearing a blue shirt and dark pants, is laughing with his arms wrapped around the carrier’s neck, his head tilted"
flickr30k_retrieval_2000_seed2,qwen_prompt,qwen_prompt__flickr30k_retrieval_2000_seed2,observer_specific_supported,Observer Specific Supported,265,265,flickr30k_test_012876,"A crowd of runners, many wearing white event shirts with race numbers, gathers beneath a large red inflatable arch marked “START” and “5K,” preparing to begin a race. In the foreground, a woman in a pink jacket and sunglasses stands prominently, while others around her—including a man in a blue shirt and a"
flickr30k_retrieval_2000_seed2,qwen_prompt,qwen_prompt__flickr30k_retrieval_2000_seed2,observer_specific_supported,Observer Specific Supported,266,266,flickr30k_test_015955,"A woman in a purple tank top and capri pants leans over to assist an older woman in a wheelchair, who is wearing a white cap and glasses and appears to be reading or writing something on a clipboard. The wheelchair has a colorful, painted wheel. In the background, other people are standing or sitting on the grass"
flickr30k_retrieval_2000_seed2,qwen_prompt,qwen_prompt__flickr30k_retrieval_2000_seed2,observer_specific_supported,Observer Specific Supported,267,267,flickr30k_test_016869,"A railway worker in a blue uniform and cap is crouched beside a train’s undercarriage, intently inspecting or adjusting a mechanical component near the wheel assembly, with the train’s tracks and gravel ballast visible in the foreground."
flickr30k_retrieval_2000_seed2,qwen_prompt,qwen_prompt__flickr30k_retrieval_2000_seed2,observer_specific_supported,Observer Specific Supported,268,268,flickr30k_test_010746,"A young student sits at a wooden desk in a rustic, wood-paneled classroom, intently writing in a notebook. The room contains rows of similar desks, some with books and backpacks, and a large blackboard at the front. A small Chinese flag hangs above the board, and natural light streams in from a"
flickr30k_retrieval_2000_seed2,qwen_prompt,qwen_prompt__flickr30k_retrieval_2000_seed2,observer_specific_supported,Observer Specific Supported,269,269,flickr30k_test_004713,"Two dogs are running through shallow water, splashing as they move. The dog on the left is a sleek, grayish-blue kelpie with a curled tail and alert posture, while the dog on the right is a shaggy, light-brown terrier-type breed with matted fur, its face partially"
flickr30k_retrieval_2000_seed2,qwen_prompt,qwen_prompt__flickr30k_retrieval_2000_seed2,observer_specific_supported,Observer Specific Supported,270,270,flickr30k_test_028653,"Five young boys stand together in the foreground of a wide, open, and recently disturbed dirt field, with a yellow construction bulldozer visible in the background. The boy in the center, wearing a light-colored pinstripe suit jacket over a collared shirt, looks directly at the camera with a neutral expression. To"
flickr30k_retrieval_2000_seed2,qwen_prompt,qwen_prompt__flickr30k_retrieval_2000_seed2,observer_specific_supported,Observer Specific Supported,271,271,flickr30k_test_011175,"A man in a green t-shirt and camouflage pants is kneeling on the floor beside a bed, carefully pulling a fitted sheet taut over the mattress. The bed has a light gray, textured mattress cover and a pink and black patterned bed frame. A dark blue headboard is visible behind the bed, and a gray"
flickr30k_retrieval_2000_seed2,qwen_prompt,qwen_prompt__flickr30k_retrieval_2000_seed2,observer_specific_supported,Observer Specific Supported,272,272,flickr30k_test_008490,"Three chefs in white uniforms and chef’s hats sit side by side on stone steps against a gray stone wall, appearing to be taking a break. The chef on the left, a young man with dark hair, looks toward the camera with his hands clasped. The middle chef, a man with a white toque,"
flickr30k_retrieval_2000_seed2,qwen_prompt,qwen_prompt__flickr30k_retrieval_2000_seed2,observer_specific_supported,Observer Specific Supported,273,273,flickr30k_test_008579,"A young girl with blonde hair, wearing a floral dress, is smiling broadly while holding onto the red bars of a green metal playground structure, her arms raised in a joyful pose. Behind her, another child with curly hair is partially visible, also on the equipment. The scene is set in an outdoor playground with a paved"
flickr30k_retrieval_2000_seed2,qwen_prompt,qwen_prompt__flickr30k_retrieval_2000_seed2,observer_specific_supported,Observer Specific Supported,274,274,flickr30k_test_019859,"Two people are descending a set of stairs under an overpass or bridge, with one person pushing a stroller. The scene is viewed from a low angle, looking up at the brightly lit stairwell, which contrasts with the dimmer foreground. In the foreground, the rear portion of a scooter or moped is visible"
flickr30k_retrieval_2000_seed2,qwen_prompt,qwen_prompt__flickr30k_retrieval_2000_seed2,observer_specific_supported,Observer Specific Supported,275,275,flickr30k_test_013754,"An elderly woman with short, light-colored hair and glasses sits at a table, intently reading a newspaper while holding a white teacup. Behind her, two framed posters are mounted on the wall: one advertises a “Forty Years Since” multi-media exhibition at the Graves Art Gallery, running from October"
flickr30k_retrieval_2000_seed2,qwen_prompt,qwen_prompt__flickr30k_retrieval_2000_seed2,observer_specific_supported,Observer Specific Supported,276,276,flickr30k_test_021407,"A young girl with blonde hair and white-framed sunglasses perched on her head, wearing a blue Superman t-shirt, is carefully feeding a colorful rainbow lorikeet perched on her hand. The bird, with its vibrant blue, green, and orange feathers, is actively eating from a small white cup held by the"
flickr30k_retrieval_2000_seed2,qwen_prompt,qwen_prompt__flickr30k_retrieval_2000_seed2,observer_specific_supported,Observer Specific Supported,277,277,flickr30k_test_000590,"Under the dappled shade of a large, leafy tree, two people are seated at a wooden picnic table, engaged in a quiet moment of rest or conversation. One person, wearing a purple hooded jacket, is leaning forward, holding a small object near their face, while the other, partially obscured, sits"
flickr30k_retrieval_2000_seed2,qwen_prompt,qwen_prompt__flickr30k_retrieval_2000_seed2,observer_specific_supported,Observer Specific Supported,278,278,flickr30k_test_022920,"A group of people are gathered outdoors on a large, crinkled plastic sheet, sharing a communal meal. In the foreground, a man with a shaved head lies on his back, looking up, while another man in a blue shirt sits beside him, reaching for food. Several hands are visible, some holding bottles and"
flickr30k_retrieval_2000_seed2,qwen_prompt,qwen_prompt__flickr30k_retrieval_2000_seed2,observer_specific_supported,Observer Specific Supported,279,279,flickr30k_test_018282,"In a dimly lit indoor space, a woman with long brown hair stands in the foreground, facing away from the camera, her silhouette highlighted by a bright light source to her right. Behind her, several people are actively engaged in setting up or operating camera equipment, including a tripod-mounted camera. To the left, a"
flickr30k_retrieval_2000_seed2,qwen_prompt,qwen_prompt__flickr30k_retrieval_2000_seed2,observer_specific_supported,Observer Specific Supported,280,280,flickr30k_test_004606,"A man with a white, foamy substance covering his face and shirt stands in a cluttered, dimly lit shop, holding a small orange canister in his right hand. He wears a black t-shirt with a white graphic, camouflage pants, and a red wristband. Behind him, racks and shelves are packed"
flickr30k_retrieval_2000_seed2,qwen_prompt,qwen_prompt__flickr30k_retrieval_2000_seed2,observer_specific_supported,Observer Specific Supported,281,281,flickr30k_test_021972,"A street crew is actively cleaning graffiti from a white pickup truck parked on a city street, with one worker using a hose and another standing nearby. The truck’s bed is covered in large, black spray-painted lettering, and a traffic cone sits on the pavement nearby. The scene takes place in front of multi-story"
flickr30k_retrieval_2000_seed2,qwen_prompt,qwen_prompt__flickr30k_retrieval_2000_seed2,observer_specific_supported,Observer Specific Supported,282,282,flickr30k_test_001860,"An older man wearing a dark hat and jacket sits on a folding chair beside a metal railing on a paved waterfront promenade, smiling as he plays a red accordion. A brown, open-top case rests on the ground beside him, and a small cart with a blue handle is nearby. In the background, boats are mo"
flickr30k_retrieval_2000_seed2,qwen_prompt,qwen_prompt__flickr30k_retrieval_2000_seed2,observer_specific_supported,Observer Specific Supported,283,283,flickr30k_test_008289,"A woman in a green shirt stands behind a large, charcoal-fired grill, tending to several whole piglets roasting on spits, while a group of people—including a man in a white shirt and a woman in a red cap—sit nearby, watching the cooking process in what appears to be an outdoor market or"
flickr30k_retrieval_2000_seed2,qwen_prompt,qwen_prompt__flickr30k_retrieval_2000_seed2,observer_specific_supported,Observer Specific Supported,284,284,flickr30k_test_001099,"An older man wearing a white cap and red vest is playing a large, brass tuba with a red, perforated bell cover outside a green-framed doorway, his mouthpiece pressed to his lips as he holds the instrument with both hands."
flickr30k_retrieval_2000_seed2,qwen_prompt,qwen_prompt__flickr30k_retrieval_2000_seed2,observer_specific_supported,Observer Specific Supported,285,285,flickr30k_test_004315,"A man sits on the ground in front of a low stone platform, carefully polishing a large brass vessel with a cloth, while two older men sit on the platform behind him, observing. Several other metal pots and jars are arranged on shelves and the ground nearby, suggesting a setting of daily work or preparation. The scene is"
flickr30k_retrieval_2000_seed2,qwen_prompt,qwen_prompt__flickr30k_retrieval_2000_seed2,observer_specific_supported,Observer Specific Supported,286,286,flickr30k_test_005593,"A joyful toddler with curly hair, wearing a white shirt, sits inside a red and yellow Little Tikes toy car, laughing with an open mouth while gripping the interior. The car is parked on grass, with a blurred background of foliage and a dark vertical structure."
flickr30k_retrieval_2000_seed2,qwen_prompt,qwen_prompt__flickr30k_retrieval_2000_seed2,observer_specific_supported,Observer Specific Supported,287,287,flickr30k_test_003141,"A person wearing a pink beanie and a dark jacket rides a bicycle along a paved path, with motion blur in the background indicating forward movement. They carry a backpack and wear a purple scarf, suggesting cool weather. The blurred greenery and stone railing behind them imply an outdoor, possibly park-like or urban setting."
flickr30k_retrieval_2000_seed2,qwen_prompt,qwen_prompt__flickr30k_retrieval_2000_seed2,observer_specific_supported,Observer Specific Supported,288,288,flickr30k_test_014856,"A young man in a dark suit is asleep with his head resting on a wooden library desk, his right arm draped over the edge. He is seated at a long, polished wooden table, surrounded by other patrons who are also studying or working. Several brass desk lamps with conical shades are lit around the room, casting"
flickr30k_retrieval_2000_seed2,qwen_prompt,qwen_prompt__flickr30k_retrieval_2000_seed2,observer_specific_supported,Observer Specific Supported,289,289,flickr30k_test_020810,"A shirtless man with a tattoo on his left shoulder sprints across a sunlit green lawn, clutching an American football, while another man in a black shirt and gray pants runs toward him, glove in hand, seemingly preparing to catch the ball. In the background, numerous people are scattered across the grass, relaxing"
flickr30k_retrieval_2000_seed2,qwen_prompt,qwen_prompt__flickr30k_retrieval_2000_seed2,observer_specific_supported,Observer Specific Supported,290,290,flickr30k_test_007590,"On a bright, sunny day at a bustling fishing harbor, a group of people—fishermen, vendors, and possibly local buyers—are gathered around crates of freshly caught fish on a wet, muddy dock. In the background, numerous fishing boats with tall masts and rigging are moored, indicating a working port."
flickr30k_retrieval_2000_seed2,qwen_prompt,qwen_prompt__flickr30k_retrieval_2000_seed2,observer_specific_supported,Observer Specific Supported,291,291,flickr30k_test_016654,"A tan Rhodesian Ridgeback dog is intently sniffing or nudging a small, dark object on the ground in a dry, gravelly yard, while a yellow tennis ball lies nearby; in the background, a person in gray pants and a red vest crouches near another dog, partially out of frame."
flickr30k_retrieval_2000_seed2,qwen_prompt,qwen_prompt__flickr30k_retrieval_2000_seed2,observer_specific_supported,Observer Specific Supported,292,292,flickr30k_test_030028,"At sunset, a lone paddleboarder glides across calm waters, their silhouette sharply defined against the shimmering surface, while a small boat with two people drifts nearby, all framed by a distant shoreline and a clear sky."
flickr30k_retrieval_2000_seed2,qwen_prompt,qwen_prompt__flickr30k_retrieval_2000_seed2,observer_specific_supported,Observer Specific Supported,293,293,flickr30k_test_023202,"An elderly man sits on a low stool in a bustling street scene, his head bowed and hands resting on his knees, while a vibrant rooster stands prominently on a wooden stand beside him. Behind him, an older woman in a light sweater walks past, and another man in a brown shirt stands nearby. A woman in"
flickr30k_retrieval_2000_seed2,qwen_prompt,qwen_prompt__flickr30k_retrieval_2000_seed2,observer_specific_supported,Observer Specific Supported,294,294,flickr30k_test_030609,"A potter, wearing a teal and gray zip-up hoodie and a black beanie, carefully shapes a gray clay vase with his hands, his fingers coated in clay. He sits at a workbench cluttered with pottery tools, unfinished pieces, and a framed photograph of a woman in the background. A small potted"
flickr30k_retrieval_2000_seed2,qwen_prompt,qwen_prompt__flickr30k_retrieval_2000_seed2,observer_specific_supported,Observer Specific Supported,295,295,flickr30k_test_001028,"A man in a red t-shirt is actively cooking in a kitchen, holding a black frying pan over a stove. On the stainless steel countertop beside him, a large silver pot sits next to a bowl of yellow liquid, likely beaten eggs, and various kitchen items including a dish rack with plates and a bottle of dish"
flickr30k_retrieval_2000_seed2,qwen_prompt,qwen_prompt__flickr30k_retrieval_2000_seed2,observer_specific_supported,Observer Specific Supported,296,296,flickr30k_test_008085,"A group of children and one adult are swimming in clear, turquoise ocean water near a rocky breakwater under a bright, cloudless sky. One child is holding a pink inflatable ring, while another child, wearing a patterned swim cap, is being supported by an adult in the water. A third child is partially submerged"
flickr30k_retrieval_2000_seed2,qwen_prompt,qwen_prompt__flickr30k_retrieval_2000_seed2,observer_specific_supported,Observer Specific Supported,297,297,flickr30k_test_007617,"Inside a spacious, arched church, a choir and congregation are gathered for a service. In the foreground, rows of dark wooden pews face the altar, where a group of people—likely a choir—sits in front of music stands, some holding sheet music. Behind them, a large, colorful religious painting"
flickr30k_retrieval_2000_seed2,qwen_prompt,qwen_prompt__flickr30k_retrieval_2000_seed2,observer_specific_supported,Observer Specific Supported,298,298,flickr30k_test_023392,"Under a steady rain, a blonde woman in a black leather jacket stands with arms crossed, smiling directly at the camera, while two other people — one with arms folded in a gray jacket, the other partially obscured — stand nearby, seemingly watching the scene unfold. Behind them, a guitarist in a denim jacket plays a red"
flickr30k_retrieval_2000_seed2,qwen_prompt,qwen_prompt__flickr30k_retrieval_2000_seed2,observer_specific_supported,Observer Specific Supported,299,299,flickr30k_test_014571,"A person in a light-colored t-shirt and dark pants is crouched on a concrete ledge in an abandoned, industrial-style space, appearing to prepare for or observe a skateboarding maneuver. Behind them, another individual in dark clothing stands near a barred window, while a third person is partially visible further back. The scene"
flickr30k_retrieval_2000_seed2,qwen_prompt,qwen_prompt__flickr30k_retrieval_2000_seed2,observer_specific_supported,Observer Specific Supported,300,300,flickr30k_test_002410,"A woman with blonde hair, wearing a light green sweater, is pouring wine from a dark bottle into a clear glass at a dimly lit bar or restaurant. In the foreground, a table holds a paper cup, a wine glass, and a woven basket with a white cloth. The background features dark wood paneling and"
flickr30k_retrieval_2000_seed2,qwen_prompt,qwen_prompt__flickr30k_retrieval_2000_seed2,observer_specific_supported,Observer Specific Supported,301,301,flickr30k_test_008217,"A man with dark, tousled hair and a light purple suit is singing into a microphone while seated in front of a glowing red, heart-shaped backdrop adorned with bright yellow neon lights. He wears a necklace and appears to be performing, with a laptop displaying an Apple logo visible on his lap. The scene suggests a live"
flickr30k_retrieval_2000_seed2,qwen_prompt,qwen_prompt__flickr30k_retrieval_2000_seed2,observer_specific_supported,Observer Specific Supported,302,302,flickr30k_test_002635,"A street vendor, wearing a black jacket and earphones, stands behind a blue “Hoy” newspaper vending machine, holding a white cup and appearing to serve a customer. The customer, a woman in a teal jacket and a hat, faces the vendor while pushing a shopping cart loaded with a large, foil-wrapped"
flickr30k_retrieval_2000_seed2,qwen_prompt,qwen_prompt__flickr30k_retrieval_2000_seed2,observer_specific_supported,Observer Specific Supported,303,303,flickr30k_test_019373,"A woman in a red jacket and black pants is actively twirling a long, multicolored ribbon in a paved public square, creating a swirling arc in the air. Behind her, a man in a green jacket and yellow pants walks away, and several other people are scattered in the background, some walking and others standing"
flickr30k_retrieval_2000_seed2,qwen_prompt,qwen_prompt__flickr30k_retrieval_2000_seed2,observer_specific_supported,Observer Specific Supported,304,304,flickr30k_test_007477,"A man in a dark shirt and jeans is working on a wooden fence in a backyard, using a tool near a partially assembled picket fence and a wooden ramp. An orange extension cord lies coiled on the ground near a pile of dry leaves, and a white fence and neighboring houses are visible in the background."
flickr30k_retrieval_2000_seed2,qwen_prompt,qwen_prompt__flickr30k_retrieval_2000_seed2,observer_specific_supported,Observer Specific Supported,305,305,flickr30k_test_020452,"A brown, wrinkled dog with large, expressive eyes is holding a bright pink, spiky ball with colorful dots in its mouth, standing on a tiled floor indoors."
flickr30k_retrieval_2000_seed2,qwen_prompt,qwen_prompt__flickr30k_retrieval_2000_seed2,observer_specific_supported,Observer Specific Supported,306,306,flickr30k_test_025938,"A group of people, including a woman in a yellow top and several men, are seated around a table outdoors at what appears to be a café or public space, engaged in conversation and work. One man is actively using a laptop, while others are looking at papers or talking. The table is cluttered with coffee m"
flickr30k_retrieval_2000_seed2,qwen_prompt,qwen_prompt__flickr30k_retrieval_2000_seed2,observer_specific_supported,Observer Specific Supported,307,307,flickr30k_test_026221,"A man with light brown hair, wearing a light blue shirt and jeans, is sweeping the ground with a broom while carrying a baby in a blue and black baby carrier strapped to his back. The baby, dressed in a white outfit, is looking forward. They are outdoors under a wooden pergola, with green bushes"
flickr30k_retrieval_2000_seed2,qwen_prompt,qwen_prompt__flickr30k_retrieval_2000_seed2,observer_specific_supported,Observer Specific Supported,308,308,flickr30k_test_020444,"A young girl in a pink dress and white tights walks across a dirt path, her gaze directed upward and to the side, as if following something out of frame. Behind her, a bicycle with a large front wheel stands in the background, its details softened by the muted, desaturated tones of the scene, which"
flickr30k_retrieval_2000_seed2,qwen_prompt,qwen_prompt__flickr30k_retrieval_2000_seed2,observer_specific_supported,Observer Specific Supported,309,309,flickr30k_test_023248,"A woman with sunglasses and a blue shopping bag labeled “BEST BUY” walks across a city street, engrossed in her phone, while pedestrians and yellow taxis move through the bustling urban scene framed by tall buildings, including the “COMMODORE CRITERION” hotel, under a bright, sunny sky."
flickr30k_retrieval_2000_seed2,qwen_prompt,qwen_prompt__flickr30k_retrieval_2000_seed2,observer_specific_supported,Observer Specific Supported,310,310,flickr30k_test_011790,"A surfer in a yellow shirt rides the face of a large, curling wave, carving a path through the water as the wave breaks behind him, sending a spray of white foam into the air. The scene is bathed in the warm, golden light of either sunrise or sunset, which highlights the texture of the"
flickr30k_retrieval_2000_seed2,qwen_prompt,qwen_prompt__flickr30k_retrieval_2000_seed2,observer_specific_supported,Observer Specific Supported,311,311,flickr30k_test_008408,"Four men are working together on a wooden frame structure outdoors, kneeling and leaning over the beams as they assemble it. One man in a gray t-shirt and jeans is focused on the frame, while another in a blue shirt and cap leans in closely beside him. A third man, wearing a brown cap and blue jeans,"
flickr30k_retrieval_2000_seed2,qwen_prompt,qwen_prompt__flickr30k_retrieval_2000_seed2,observer_specific_supported,Observer Specific Supported,312,312,flickr30k_test_022431,"A person in a dark jacket and jeans stands in a dry, grassy field, holding a small model airplane aloft in their right hand, poised to launch it. In the background, a long, low building with a dark roof sits under a partly cloudy sky, with a distant fence and sparse trees marking the horizon"
flickr30k_retrieval_2000_seed2,qwen_prompt,qwen_prompt__flickr30k_retrieval_2000_seed2,observer_specific_supported,Observer Specific Supported,313,313,flickr30k_test_013861,"Two small, shaggy dogs with light-colored fur are on a hardwood floor; one lies down near a white space heater with a black jacket draped over it, while the other stands alert near a partially open white door, appearing to be in motion or about to move."
flickr30k_retrieval_2000_seed2,qwen_prompt,qwen_prompt__flickr30k_retrieval_2000_seed2,observer_specific_supported,Observer Specific Supported,314,314,flickr30k_test_009133,"A smiling woman with dark hair, wearing a blue headband and a matching blue sleeveless top, sits casually on a large, mossy stone in a garden. She holds a small white object in her hand and has sunglasses resting on her chest. Her legs are crossed, and she wears light-colored shorts, white socks"
flickr30k_retrieval_2000_seed2,qwen_prompt,qwen_prompt__flickr30k_retrieval_2000_seed2,observer_specific_supported,Observer Specific Supported,315,315,flickr30k_test_017242,"A skateboarder in silhouette leaps mid-air in front of the California State Capitol building at sunset, with other people and parked cars visible in the background."
flickr30k_retrieval_2000_seed2,qwen_prompt,qwen_prompt__flickr30k_retrieval_2000_seed2,observer_specific_supported,Observer Specific Supported,316,316,flickr30k_test_024598,"A group of teenagers, including a boy in a white crop top and khaki shorts leaning against a pole, are gathered in a paved public square, posing casually for the camera while others stand nearby in similar casual summer attire."
flickr30k_retrieval_2000_seed2,qwen_prompt,qwen_prompt__flickr30k_retrieval_2000_seed2,observer_specific_supported,Observer Specific Supported,317,317,flickr30k_test_000158,"From the perspective of a passenger inside a vintage-style trolley, a uniformed conductor with a dark cap and vest is seen from behind, holding a handheld radio to his ear as he navigates through a bustling street lined with historic brick buildings and trees. Outside, a crowd of pedestrians in casual summer attire walks along the"
flickr30k_retrieval_2000_seed2,qwen_prompt,qwen_prompt__flickr30k_retrieval_2000_seed2,observer_specific_supported,Observer Specific Supported,318,318,flickr30k_test_004951,"A young boy, wearing a patterned shirt and light-colored pants, is crouched on a concrete floor and actively welding a metal object, with bright sparks flying from the point of contact. He holds a welding torch in his right hand and a dark, rectangular welding shield in his left, positioned to protect his face"
flickr30k_retrieval_2000_seed2,qwen_prompt,qwen_prompt__flickr30k_retrieval_2000_seed2,observer_specific_supported,Observer Specific Supported,319,319,flickr30k_test_001163,"A woman with reddish-brown hair rests her head on her hand, her eyes closed in a moment of quiet repose or fatigue, seated indoors near a wooden desk with stacked papers and a mirror in the background."
flickr30k_retrieval_2000_seed2,qwen_prompt,qwen_prompt__flickr30k_retrieval_2000_seed2,observer_specific_supported,Observer Specific Supported,320,320,flickr30k_test_012607,"A man in a dark jacket and jeans is leaning against a large blue promotional banner for “Nuits Électriques,” intently writing or drawing on a small whiteboard or clipboard he holds in his hands. The banner, which advertises a December 2006 event in the Grand-Place, features"
flickr30k_retrieval_2000_seed2,qwen_prompt,qwen_prompt__flickr30k_retrieval_2000_seed2,observer_specific_supported,Observer Specific Supported,321,321,flickr30k_test_013393,"A brown dog with a black collar is intently digging a hole in the dirt, its head buried in the earth. To the left stands a large black pot containing a green-leafed plant, and behind the dog is a wooden doghouse with a corrugated metal roof and wall, set against a backdrop of"
flickr30k_retrieval_2000_seed2,qwen_prompt,qwen_prompt__flickr30k_retrieval_2000_seed2,observer_specific_supported,Observer Specific Supported,322,322,flickr30k_test_005250,"A smiling woman in a black dress holds a bouquet of red flowers as she walks through a crowded indoor space, likely a wedding venue, with other guests and a bride in a veil visible nearby."
flickr30k_retrieval_2000_seed2,qwen_prompt,qwen_prompt__flickr30k_retrieval_2000_seed2,observer_specific_supported,Observer Specific Supported,323,323,flickr30k_test_003642,"A man in a red robe and glasses stands at a podium, holding a black folder and speaking into a microphone, while a choir in matching red robes and yellow stoles stands behind him, attentively listening."
flickr30k_retrieval_2000_seed2,qwen_prompt,qwen_prompt__flickr30k_retrieval_2000_seed2,observer_specific_supported,Observer Specific Supported,324,324,flickr30k_test_016779,"A young man in a blue-and-white striped shirt and dark shorts is running barefoot across a sandy, sparsely vegetated beach, with a small body of water visible in the background."
flickr30k_retrieval_2000_seed2,qwen_prompt,qwen_prompt__flickr30k_retrieval_2000_seed2,observer_specific_supported,Observer Specific Supported,325,325,flickr30k_test_002877,"A person in a quilted jacket and jeans stands between two dogs in a fenced, gravel-covered area, observing as a tan dog with a purple collar playfully leaps onto the back of a brindle-and-white dog, which has its mouth open in a playful expression."
flickr30k_retrieval_2000_seed2,qwen_prompt,qwen_prompt__flickr30k_retrieval_2000_seed2,observer_specific_supported,Observer Specific Supported,326,326,flickr30k_test_007892,"A man in a light blue shirt and white cowboy hat wades through a shallow fountain, holding a long blue pole, likely cleaning or maintaining the water feature. Behind him, other people walk along the paved edge of the fountain, which is fed by multiple arcing water jets shooting upward. The scene takes place outdoors on"
flickr30k_retrieval_2000_seed2,qwen_prompt,qwen_prompt__flickr30k_retrieval_2000_seed2,observer_specific_supported,Observer Specific Supported,327,327,flickr30k_test_003339,"A person in a blue jacket and jeans is captured mid-air, leaping energetically across a snow-dusted concrete walkway in front of a brick academic building labeled “PAUL.” The individual wears a backpack and brown boots, and their dynamic pose suggests playful movement. Snowbanks line the pathway, and a tall"
flickr30k_retrieval_2000_seed2,qwen_prompt,qwen_prompt__flickr30k_retrieval_2000_seed2,observer_specific_supported,Observer Specific Supported,328,328,flickr30k_test_003269,"A person with light-colored hair, wearing a blue jacket, is peeking through a natural opening in the thick, textured bark of a large tree, their face partially obscured by the branches as they look down toward the camera."
flickr30k_retrieval_2000_seed2,qwen_prompt,qwen_prompt__flickr30k_retrieval_2000_seed2,observer_specific_supported,Observer Specific Supported,329,329,flickr30k_test_000648,"At night, a crowd of spectators watches a construction site where workers operate heavy machinery, including a yellow excavator, to build a concrete retaining wall under bright artificial lights. A red pickup truck is parked nearby, and a white utility vehicle is visible on the site. The scene is framed by a fence in the foreground and"
flickr30k_retrieval_2000_seed2,qwen_prompt,qwen_prompt__flickr30k_retrieval_2000_seed2,observer_specific_supported,Observer Specific Supported,330,330,flickr30k_test_005955,"A climber in a red jacket and khaki shorts is scaling a steep, textured rock face, gripping the stone with both hands and feet, with a patch of snow visible at the base of the cliff."
flickr30k_retrieval_2000_seed2,qwen_prompt,qwen_prompt__flickr30k_retrieval_2000_seed2,observer_specific_supported,Observer Specific Supported,331,331,flickr30k_test_024595,"Three people are gathered outdoors near a dark vehicle, engaged in conversation. A woman with blonde hair and sunglasses, wearing a plaid shirt, holds a small bottle and gestures with her hand. Beside her, another blonde woman in a black tank top, with a pink bandana and a visible tattoo on her arm,"
flickr30k_retrieval_2000_seed2,qwen_prompt,qwen_prompt__flickr30k_retrieval_2000_seed2,observer_specific_supported,Observer Specific Supported,332,332,flickr30k_test_007586,"A lone hiker, equipped with poles and wearing a backpack, stands atop a snow-covered mountain ridge, silhouetted against the bright sun. Below, a vast expanse of glittering water reflects the sunlight, with distant, snow-dusted mountain ranges visible on the horizon. The foreground shows a textured, wind"
flickr30k_retrieval_2000_seed2,qwen_prompt,qwen_prompt__flickr30k_retrieval_2000_seed2,observer_specific_supported,Observer Specific Supported,333,333,flickr30k_test_003447,"A group of women, some wearing white ""HSBC"" t-shirts, are gathered around a long wooden table indoors, actively preparing and serving food. One woman in a yellow shirt is reaching toward the table, while others are handling bowls and plates. A large red bucket filled with a white substance sits prominently on the table"
flickr30k_retrieval_2000_seed2,qwen_prompt,qwen_prompt__flickr30k_retrieval_2000_seed2,observer_specific_supported,Observer Specific Supported,334,334,flickr30k_test_007122,"A woman with dark, styled hair and light blue dress sits at a dining table, her hands clasped near her chin as she looks upward and to her right with a subtle, thoughtful smile. She holds a white napkin in her hands, and a glass of water sits in front of her. Behind her, out"
flickr30k_retrieval_2000_seed2,qwen_prompt,qwen_prompt__flickr30k_retrieval_2000_seed2,observer_specific_supported,Observer Specific Supported,335,335,flickr30k_test_000800,"A group of children and adults are joyfully playing in a shallow, wet area, likely a splash pad or fountain, with water spraying up around them. Several children are raising their arms in excitement, while others cover their faces or heads, reacting to the water. A baby is being held by an adult in a green"
flickr30k_retrieval_2000_seed2,qwen_prompt,qwen_prompt__flickr30k_retrieval_2000_seed2,observer_specific_supported,Observer Specific Supported,336,336,flickr30k_test_017063,"A man in blue overalls and a light blue shirt is leaning into the front of a black steam locomotive, appearing to adjust or inspect a component near the smokebox door, as steam gently billows from the engine’s lower section. The train is stationary on a gravel-lined track, with a grassy area and"
flickr30k_retrieval_2000_seed2,qwen_prompt,qwen_prompt__flickr30k_retrieval_2000_seed2,observer_specific_supported,Observer Specific Supported,337,337,flickr30k_test_021937,"A firefighter in full gear stands near a red caution tape cordoning off a street in front of a modern brick building, while a crowd of onlookers watches from behind the tape. A red SUV is parked nearby, and another firefighter is visible to the left, also equipped with gear. The scene suggests an emergency or"
flickr30k_retrieval_2000_seed2,qwen_prompt,qwen_prompt__flickr30k_retrieval_2000_seed2,observer_specific_supported,Observer Specific Supported,338,338,flickr30k_test_015217,"Two men are standing at a stainless steel counter in what appears to be a food service area, possibly a stadium concession stand or a busy cafeteria. The man on the left, wearing a dark cap and jacket, is looking down at the counter. The man on the right, wearing a light-colored hooded jacket with the"
flickr30k_retrieval_2000_seed2,qwen_prompt,qwen_prompt__flickr30k_retrieval_2000_seed2,observer_specific_supported,Observer Specific Supported,339,339,flickr30k_test_014872,"At night in an urban setting, a young woman in a gray jacket and patterned scarf is animatedly gesturing with both hands while speaking, her expression lively and engaged. To her right, another woman wearing a red scarf and pink gloves smiles and looks toward her, seemingly listening or participating in the interaction. Behind them"
flickr30k_retrieval_2000_seed2,qwen_prompt,qwen_prompt__flickr30k_retrieval_2000_seed2,observer_specific_supported,Observer Specific Supported,340,340,flickr30k_test_010149,"A rider in full protective gear, including a helmet and motocross-style jersey, is actively maneuvering a red and white all-terrain vehicle (ATV) through a dusty, off-road course. The vehicle’s tires are kicking up a significant cloud of dirt, indicating motion and speed, while the rider leans into"
flickr30k_retrieval_2000_seed2,qwen_prompt,qwen_prompt__flickr30k_retrieval_2000_seed2,observer_specific_supported,Observer Specific Supported,341,341,flickr30k_test_017548,"A worker, seen from behind, uses a handheld torch to melt and fuse a new layer of black roofing membrane onto an existing surface, with bright orange flames visible where the torch contacts the material."
flickr30k_retrieval_2000_seed2,qwen_prompt,qwen_prompt__flickr30k_retrieval_2000_seed2,observer_specific_supported,Observer Specific Supported,342,342,flickr30k_test_021029,"In a martial arts training facility, one practitioner in a white gi and blue chest protector executes a high, airborne kick toward a partner wearing a red chest protector and a green belt, who is bracing defensively with hands raised. The scene captures a dynamic moment of sparring, with the kicker’s body fully extended mid-air"
flickr30k_retrieval_2000_seed2,qwen_prompt,qwen_prompt__flickr30k_retrieval_2000_seed2,observer_specific_supported,Observer Specific Supported,343,343,flickr30k_test_012451,"A person with long, light-brown hair, wearing a colorful rainbow-striped beanie, white sunglasses, a white t-shirt, and loose khaki cargo shorts, is captured mid-motion against a black background. They are leaning forward with an open-mouthed, joyful expression, extending their right arm toward the viewer with an"
flickr30k_retrieval_2000_seed2,qwen_prompt,qwen_prompt__flickr30k_retrieval_2000_seed2,observer_specific_supported,Observer Specific Supported,344,344,flickr30k_test_006961,"Two girls in white shirts and tan jump suits are captured mid-air during a jump rope session on a grassy area adjacent to a red and gray court, with a chain-link fence and trees forming the background."
flickr30k_retrieval_2000_seed2,qwen_prompt,qwen_prompt__flickr30k_retrieval_2000_seed2,observer_specific_supported,Observer Specific Supported,345,345,flickr30k_test_022435,"A young woman in a blue tank top and ripped jeans stands on a brick plaza, bending slightly as she watches a flock of pigeons gather around her feet, some pecking at the ground. Behind her, a man in a dark t-shirt and jeans walks away, carrying a backpack, while another person in a"
flickr30k_retrieval_2000_seed2,qwen_prompt,qwen_prompt__flickr30k_retrieval_2000_seed2,observer_specific_supported,Observer Specific Supported,346,346,flickr30k_test_029706,"A golden statue of a soldier in a military uniform, holding a raised fist, stands prominently on a busy urban sidewalk, surrounded by pedestrians walking past. In the background, a crowd of people, including a man in a striped shirt and a woman in a blue vest, navigate the street near a building with a sign for"
flickr30k_retrieval_2000_seed2,qwen_prompt,qwen_prompt__flickr30k_retrieval_2000_seed2,observer_specific_supported,Observer Specific Supported,347,347,flickr30k_test_024920,"A cheerful older man with a blue race shirt and bib number 5188 smiles broadly as he walks through a crowded race course, surrounded by other runners and spectators. A woman with short brown hair, wearing a black tank top and carrying a red bag, walks beside him, gesturing with her hand as if"
flickr30k_retrieval_2000_seed2,qwen_prompt,qwen_prompt__flickr30k_retrieval_2000_seed2,observer_specific_supported,Observer Specific Supported,348,348,flickr30k_test_006885,"A person sits in silhouette on a concrete ledge by the ocean at sunset, one hand raised to shield their eyes from the bright sun, while gentle waves roll in under a hazy, golden sky with distant mountains on the horizon."
flickr30k_retrieval_2000_seed2,qwen_prompt,qwen_prompt__flickr30k_retrieval_2000_seed2,observer_specific_supported,Observer Specific Supported,349,349,flickr30k_test_023885,"A young boy in light-colored clothing stands beside a large, freshly dug mound of dirt in a rural, sunlit yard. A green flexible hose or pipe lies on the ground, partially buried in the soil, suggesting recent or ongoing work. Behind him, a white tarp is draped over a frame, and simple buildings"
flickr30k_retrieval_2000_seed2,qwen_prompt,qwen_prompt__flickr30k_retrieval_2000_seed2,observer_specific_supported,Observer Specific Supported,350,350,flickr30k_test_026413,"A group of young children, dressed in school uniforms and casual clothes, are playfully interacting on a sunlit dirt path outside a yellow building with a metal fence. One boy in a green helmet and brown jacket stands with his hands clasped, smiling. Another boy in a white cap and green jacket is being playfully"
flickr30k_retrieval_2000_seed2,qwen_prompt,qwen_prompt__flickr30k_retrieval_2000_seed2,observer_specific_supported,Observer Specific Supported,351,351,flickr30k_test_014212,"A smiling couple is seated together on a thick, mossy tree branch in a sunlit park, with the woman leaning her head against the man’s shoulder and both looking toward the camera. The woman wears a brown vest with a fur-trimmed collar, jeans, and sandals, while the man wears a dark vest"
flickr30k_retrieval_2000_seed2,qwen_prompt,qwen_prompt__flickr30k_retrieval_2000_seed2,observer_specific_supported,Observer Specific Supported,352,352,flickr30k_test_013946,"Two dogs—a black-and-tan Australian Shepherd on the left and a solid black dog on the right—are running across a grassy, sloping field with dry, brown vegetation. The black-and-tan dog is in mid-stride with its mouth open, appearing to chase or playfully interact with a small white object"
flickr30k_retrieval_2000_seed2,qwen_prompt,qwen_prompt__flickr30k_retrieval_2000_seed2,observer_specific_supported,Observer Specific Supported,353,353,flickr30k_test_016760,"In a brightly lit hospital hallway, four healthcare workers — three women and one man — are gathered around a metal cart, intently reading from open books or tablets. The cart, positioned in the foreground, has a white sign with the bold, colorful text “MAGNET IS YOU.” Behind them, the hospital environment"
flickr30k_retrieval_2000_seed2,qwen_prompt,qwen_prompt__flickr30k_retrieval_2000_seed2,observer_specific_supported,Observer Specific Supported,354,354,flickr30k_test_000698,"In a utilitarian slaughterhouse facility, two workers are actively processing a large, suspended animal carcass. One worker, wearing a green shirt and apron, directs a high-pressure hose to spray water across the floor and the carcass, likely to clean blood and debris. A second worker, partially obscured by the carc"
flickr30k_retrieval_2000_seed2,qwen_prompt,qwen_prompt__flickr30k_retrieval_2000_seed2,observer_specific_supported,Observer Specific Supported,355,355,flickr30k_test_019040,"A woman with dark hair, wearing a red shirt and a white head covering, sings passionately into a microphone while raising her other hand, holding a white cloth, under the dim, focused lighting of a stage or tent."
flickr30k_retrieval_2000_seed2,qwen_prompt,qwen_prompt__flickr30k_retrieval_2000_seed2,observer_specific_supported,Observer Specific Supported,356,356,flickr30k_test_019377,"An elderly woman, wearing a patterned headscarf and a dark floral dress, stands outdoors on a paved plaza beside stone steps, holding a handwritten sign and a white ball. She leans on a metal cane for support and wears sturdy, dark shoes. Her expression is serious as she looks toward the viewer, suggesting she"
flickr30k_retrieval_2000_seed2,qwen_prompt,qwen_prompt__flickr30k_retrieval_2000_seed2,observer_specific_supported,Observer Specific Supported,357,357,flickr30k_test_001678,"A lone surfer, clad in a dark wetsuit, walks out of the surf carrying a light blue surfboard, stepping onto the wet sand as waves roll in under an overcast sky."
flickr30k_retrieval_2000_seed2,qwen_prompt,qwen_prompt__flickr30k_retrieval_2000_seed2,observer_specific_supported,Observer Specific Supported,358,358,flickr30k_test_028882,"An older man with gray hair, wearing a checkered shirt and jeans, is seated on a wooden stool and actively shaping a clay pot on a pottery wheel. Three women sit on chairs nearby, observing him attentively. The setting appears to be a pottery studio or workshop, with tools, a fan, and other equipment"
flickr30k_retrieval_2000_seed2,qwen_prompt,qwen_prompt__flickr30k_retrieval_2000_seed2,observer_specific_supported,Observer Specific Supported,359,359,flickr30k_test_013697,"A group of people stands in line at a small, open-air food stall with a brick wall and green canopy, waiting to be served. A man in a white shirt is behind the counter, preparing food, while customers—including a woman in a blue polka-dot dress, a woman with a black purse, and a"
flickr30k_retrieval_2000_seed2,qwen_prompt,qwen_prompt__flickr30k_retrieval_2000_seed2,observer_specific_supported,Observer Specific Supported,360,360,flickr30k_test_030437,"On a crowded, sunlit beach, two female windsurfers in matching yellow and white “Windsurf Pro” competition gear walk toward the water’s edge, each carrying a surfboard and wearing fins. The woman in the foreground carries a red cylindrical buoyancy aid and a black fin, while the woman behind her"
flickr30k_retrieval_2000_seed2,qwen_prompt,qwen_prompt__flickr30k_retrieval_2000_seed2,observer_specific_supported,Observer Specific Supported,361,361,flickr30k_test_017205,"A man with long hair and safety glasses is using a handheld angle grinder to cut a metal pipe, sending bright orange sparks flying in an arc. He is wearing a blue sleeveless shirt and khaki pants, and is standing beside a workbench with a vise, a bicycle leaning nearby, and a large tire on"
flickr30k_retrieval_2000_seed2,qwen_prompt,qwen_prompt__flickr30k_retrieval_2000_seed2,observer_specific_supported,Observer Specific Supported,362,362,flickr30k_test_019049,"A woman in a bright green tank top and white-framed sunglasses is posing energetically outdoors, her mouth open in a joyful expression and one hand raised in a peace sign, while wearing green beads and a shamrock pin. Behind her, another woman with blonde hair is partially visible, adjusting her hair while holding a"
flickr30k_retrieval_2000_seed2,qwen_prompt,qwen_prompt__flickr30k_retrieval_2000_seed2,observer_specific_supported,Observer Specific Supported,363,363,flickr30k_test_005938,"Four children are seated on wooden stools inside a brightly lit room with light blue walls and a decorative metal grille enclosing a counter area. A young girl in a pink shirt sits with her arms outstretched, smiling broadly, while another girl in a white shirt and jeans leans back with her hands behind her head, also smiling"
flickr30k_retrieval_2000_seed2,qwen_prompt,qwen_prompt__flickr30k_retrieval_2000_seed2,observer_specific_supported,Observer Specific Supported,364,364,flickr30k_test_030166,"A group of male sprinters in athletic uniforms competes intensely on a red track, with one runner in a bright orange top and black shorts leading the pack, while others in red and orange uniforms close in behind him, all focused on the finish line as spectators fill the stands in the background."
flickr30k_retrieval_2000_seed2,qwen_prompt,qwen_prompt__flickr30k_retrieval_2000_seed2,observer_specific_supported,Observer Specific Supported,365,365,flickr30k_test_003073,"A man in a light-colored shirt and jeans is holding a large metal shovel with a wooden handle, standing indoors near a glass-block window and a white door. He is looking directly at the camera with a neutral expression. Another person in a red shirt and khaki pants is partially visible to his left, and a third"
flickr30k_retrieval_2000_seed2,qwen_prompt,qwen_prompt__flickr30k_retrieval_2000_seed2,observer_specific_supported,Observer Specific Supported,366,366,flickr30k_test_021734,"A bald man in a maroon cardigan and dark pants stands with his hands clasped in front of him, looking off to the side, beside a weathered payphone mounted on a white brick wall."
flickr30k_retrieval_2000_seed2,qwen_prompt,qwen_prompt__flickr30k_retrieval_2000_seed2,observer_specific_supported,Observer Specific Supported,367,367,flickr30k_test_026301,"Two women sit at a vegetable stall in an outdoor market, surrounded by a colorful array of fresh produce including carrots, eggplants, leafy greens, and tomatoes. The woman on the left, wearing a light blue headscarf and patterned pants, holds a small object in her hand and looks toward the viewer."
flickr30k_retrieval_2000_seed2,qwen_prompt,qwen_prompt__flickr30k_retrieval_2000_seed2,observer_specific_supported,Observer Specific Supported,368,368,flickr30k_test_015722,"A young woman with dark, messy hair, wearing a red t-shirt with a yellow graphic, leans forward over a kitchen counter, laughing heartily with her mouth open. Her arms rest on the countertop, which holds a digital clock, a few magazines, and other small items. Behind her, a white door and"
flickr30k_retrieval_2000_seed2,qwen_prompt,qwen_prompt__flickr30k_retrieval_2000_seed2,observer_specific_supported,Observer Specific Supported,369,369,flickr30k_test_011999,"A black-and-white dog, likely a spaniel, is running across a grassy field while carrying a long, thick wooden stick in its mouth, suggesting it is engaged in a game of fetch or retrieving. The scene is set outdoors in natural daylight, with the dog in motion, its body angled forward as it moves"
flickr30k_retrieval_2000_seed2,qwen_prompt,qwen_prompt__flickr30k_retrieval_2000_seed2,observer_specific_supported,Observer Specific Supported,370,370,flickr30k_test_000638,"A young child in a red ""ARDU"" sweatshirt and grey pants stands in a ready fielding stance on a green artificial turf baseball field, holding a brown leather glove. Behind them, other children and adults are visible in the background, suggesting a youth baseball game or practice in progress. The child appears focused,"
flickr30k_retrieval_2000_seed2,qwen_prompt,qwen_prompt__flickr30k_retrieval_2000_seed2,observer_specific_supported,Observer Specific Supported,371,371,flickr30k_test_017013,"A young boy in a gray and yellow zip-up jacket sits cross-legged on the floor, raising his right hand with an attentive expression, seemingly participating in a classroom activity. Around him, other children and a woman in a colorful striped shirt are seated on the floor, smiling and looking toward him, suggesting an interactive or engaging"
flickr30k_retrieval_2000_seed2,qwen_prompt,qwen_prompt__flickr30k_retrieval_2000_seed2,observer_specific_supported,Observer Specific Supported,372,372,flickr30k_test_030194,"A large, packed stadium hosts a soccer match, with fans in the foreground—many wearing green and gold—watching intently as players in red and white jerseys compete on the field. Several spectators wave green and yellow flags, and the stands rise in tiers under a partly cloudy sky, with a modern roof structure overhead"
flickr30k_retrieval_2000_seed2,qwen_prompt,qwen_prompt__flickr30k_retrieval_2000_seed2,observer_specific_supported,Observer Specific Supported,373,373,flickr30k_test_003885,"An older man and woman are seated at a polished wooden table in a cozy, wood-paneled room, each holding a glass of beer. The woman, on the left, wears glasses and a patterned sleeveless top, smiling warmly at the camera. The man, on the right, wears glasses and a light-colored"
flickr30k_retrieval_2000_seed2,qwen_prompt,qwen_prompt__flickr30k_retrieval_2000_seed2,observer_specific_supported,Observer Specific Supported,374,374,flickr30k_test_020005,"A street musician, wearing a dark jacket and hat, stands on a sidewalk playing an electric guitar, with a guitar case lying open at his feet. The scene is bathed in warm, low-angle sunlight, casting long shadows across the pavement. Behind him, parked cars and a modern building with large windows and autumnal"
flickr30k_retrieval_2000_seed2,qwen_prompt,qwen_prompt__flickr30k_retrieval_2000_seed2,observer_specific_supported,Observer Specific Supported,375,375,flickr30k_test_012008,"A snowboarder is captured mid-air, performing a jump against a backdrop of snow-covered mountains and a clear blue sky, with a plume of snow kicked up from the slope below."
flickr30k_retrieval_2000_seed2,qwen_prompt,qwen_prompt__flickr30k_retrieval_2000_seed2,observer_specific_supported,Observer Specific Supported,376,376,flickr30k_test_009488,"A fluffy, light-brown poodle is captured mid-air, leaping energetically across a green lawn while holding a red frisbee in its mouth. The dog’s tail is curled and its legs are extended, conveying dynamic motion. In the background, out-of-focus green bushes and a blue car parked on"
flickr30k_retrieval_2000_seed2,qwen_prompt,qwen_prompt__flickr30k_retrieval_2000_seed2,observer_specific_supported,Observer Specific Supported,377,377,flickr30k_test_022622,"A man in a light-colored shirt stands on a moving walkway, holding a shopping cart, while two other people walk ahead of him on a parallel, adjacent walkway in a brightly lit, modern indoor space with large windows revealing greenery outside."
flickr30k_retrieval_2000_seed2,qwen_prompt,qwen_prompt__flickr30k_retrieval_2000_seed2,observer_specific_supported,Observer Specific Supported,378,378,flickr30k_test_030554,"A person in a white protective suit is pressure washing a red brick patio, leaving a clean, wet path behind them as they move along a central brick strip, with a dark, soiled area visible ahead."
flickr30k_retrieval_2000_seed2,qwen_prompt,qwen_prompt__flickr30k_retrieval_2000_seed2,observer_specific_supported,Observer Specific Supported,379,379,flickr30k_test_012197,"A black dog, wearing a purple harness and leash, is captured mid-stride in a grassy field, its mouth open in an expression of excitement or joy as it runs toward the camera."
flickr30k_retrieval_2000_seed2,qwen_prompt,qwen_prompt__flickr30k_retrieval_2000_seed2,observer_specific_supported,Observer Specific Supported,380,380,flickr30k_test_010101,"A woman sits on a folding chair beside a row of four white and blue portable toilets, with a blue bucket and a mop leaning against the units. She appears to be resting or waiting, and the scene suggests maintenance or setup for an outdoor event or construction site."
flickr30k_retrieval_2000_seed2,qwen_prompt,qwen_prompt__flickr30k_retrieval_2000_seed2,observer_specific_supported,Observer Specific Supported,381,381,flickr30k_test_000624,"A person with long dreadlocks, wearing a red vest, plaid shirt, and a black hat with a red band, is seen from behind, actively juggling two colorful clubs—one blue and one green—against a bright, partly cloudy sky. Their right arm is extended, holding the blue club, while their left"
flickr30k_retrieval_2000_seed2,qwen_prompt,qwen_prompt__flickr30k_retrieval_2000_seed2,observer_specific_supported,Observer Specific Supported,382,382,flickr30k_test_028650,"A young boy in a yellow hooded jacket and a young girl in a white shirt and pink pants are running along a sandy beach toward the water’s edge, their backs to the camera, as gentle waves lap at the shore."
flickr30k_retrieval_2000_seed2,qwen_prompt,qwen_prompt__flickr30k_retrieval_2000_seed2,observer_specific_supported,Observer Specific Supported,383,383,flickr30k_test_022456,"A group of pedestrians, including a woman with red hair in a ponytail and a man in a bright orange shirt, walk along a sunlit city sidewalk, passing parked cars and trees, while one person carries a plastic water bottle and a yellow tote bag."
flickr30k_retrieval_2000_seed2,qwen_prompt,qwen_prompt__flickr30k_retrieval_2000_seed2,observer_specific_supported,Observer Specific Supported,384,384,flickr30k_test_013508,"A person in a gray hoodie is sleeping while cradling a black-and-white dog, which is also asleep with its head resting on the person’s chest. The person’s hand rests gently on the dog’s back, and both appear to be in a state of peaceful rest on a gray couch."
flickr30k_retrieval_2000_seed2,qwen_prompt,qwen_prompt__flickr30k_retrieval_2000_seed2,observer_specific_supported,Observer Specific Supported,385,385,flickr30k_test_003314,"In a high-energy basketball game, a player in a white jersey with blue and gold trim, dribbling an orange basketball, maneuvers closely while being tightly defended by an opponent in a green jersey. The scene unfolds on a polished wooden court, with a referee in a black-and-white striped shirt standing nearby, arms outst"
flickr30k_retrieval_2000_seed2,qwen_prompt,qwen_prompt__flickr30k_retrieval_2000_seed2,observer_specific_supported,Observer Specific Supported,386,386,flickr30k_test_003441,"Six female water polo players, wearing matching dark swimsuits and bright yellow caps, are positioned in a line along the shoreline, gripping a thick rope that stretches horizontally across the frame. One player, standing upright in the shallow water, appears to be leading the group, while the others are either kneeling or crouching,"
flickr30k_retrieval_2000_seed2,qwen_prompt,qwen_prompt__flickr30k_retrieval_2000_seed2,observer_specific_supported,Observer Specific Supported,387,387,flickr30k_test_010024,"From inside a car, a black dog with a white patch on its chest is walking across the road ahead, directly in the path of a white SUV that is driving away from the viewer. The scene is set on a winding asphalt road bordered by dry, grassy terrain and dense green forested hills rising in the background"
flickr30k_retrieval_2000_seed2,qwen_prompt,qwen_prompt__flickr30k_retrieval_2000_seed2,observer_specific_supported,Observer Specific Supported,388,388,flickr30k_test_006500,"A worker in a high-visibility vest stands on a metal scaffold inside a London Underground tunnel, actively installing or adjusting a large, white sign bearing the iconic red circle and blue bar of the Kennington station roundel. The tunnel walls are unfinished concrete, marked with yellow spray-painted lines, and the ceiling shows"
flickr30k_retrieval_2000_seed2,qwen_prompt,qwen_prompt__flickr30k_retrieval_2000_seed2,observer_specific_supported,Observer Specific Supported,389,389,flickr30k_test_027545,"A group of young people are playing soccer on a dry, grassy field under a clear sky. A female player in a black and red uniform stands in the foreground, facing the action. Several other players, some wearing bright yellow vests, are scattered across the field, with one player in red near the goal. A"
flickr30k_retrieval_2000_seed2,qwen_prompt,qwen_prompt__flickr30k_retrieval_2000_seed2,observer_specific_supported,Observer Specific Supported,390,390,flickr30k_test_025406,"A fisherman in a yellow rain suit and white cap is crouched on the deck of a moving boat, sorting through a large catch of small, silvery fish. The boat’s wake churns behind it, and several seagulls are flying and diving over the water, likely drawn by the fish. The"
flickr30k_retrieval_2000_seed2,qwen_prompt,qwen_prompt__flickr30k_retrieval_2000_seed2,observer_specific_supported,Observer Specific Supported,391,391,flickr30k_test_022038,"A man in a white Denver Broncos jersey with the number 24 stands with his hands in his pockets, looking down, while a woman in a black jacket leans into the open driver’s side door of a dark car, appearing to hand him something. Another woman with curly hair sits in a red folding chair nearby,"
flickr30k_retrieval_2000_seed2,qwen_prompt,qwen_prompt__flickr30k_retrieval_2000_seed2,observer_specific_supported,Observer Specific Supported,392,392,flickr30k_test_027046,"A woman in a swimming pool, wearing a snorkel mask and a black wetsuit, is smiling broadly with her mouth open, her hands raised near her face as she floats in the water."
flickr30k_retrieval_2000_seed2,qwen_prompt,qwen_prompt__flickr30k_retrieval_2000_seed2,observer_specific_supported,Observer Specific Supported,393,393,flickr30k_test_000515,"A young man in a green shirt and khaki shorts leaps mid-air with one leg extended, performing a dynamic jump over a set of concrete steps, while a young woman in a patterned top and jeans sits calmly on the steps below, smiling and gesturing with her hands as if reacting to his energetic movement."
flickr30k_retrieval_2000_seed2,qwen_prompt,qwen_prompt__flickr30k_retrieval_2000_seed2,observer_specific_supported,Observer Specific Supported,394,394,flickr30k_test_026609,"Three people are unloading potted flowering plants from a white delivery truck parked on a city street. A woman in a white shirt, seen from behind, is holding a plant and appears to be arranging or inspecting it. A man in a black t-shirt and jeans stands near the truck, gesturing with his hands"
flickr30k_retrieval_2000_seed2,qwen_prompt,qwen_prompt__flickr30k_retrieval_2000_seed2,observer_specific_supported,Observer Specific Supported,395,395,flickr30k_test_014792,"A man and a woman are interacting with a large white quilt adorned with colorful handprints, with the man reaching out to touch one of the prints while the woman stands beside him, both appearing engaged with the artwork."
flickr30k_retrieval_2000_seed2,qwen_prompt,qwen_prompt__flickr30k_retrieval_2000_seed2,observer_specific_supported,Observer Specific Supported,396,396,flickr30k_test_001965,"A waiter in a black jacket and flat cap carries a tray across a cobblestone street outside a café, passing by a wooden chair with a woven seat and a table draped in a bright pink tablecloth, while patrons and other staff are visible in the background under awnings and near a red menu stand."
flickr30k_retrieval_2000_seed2,qwen_prompt,qwen_prompt__flickr30k_retrieval_2000_seed2,observer_specific_supported,Observer Specific Supported,397,397,flickr30k_test_013456,"A brown and white dog leaps high into the air on a grassy field, reaching for a yellow tennis ball suspended in the air above it. In the background, a person in a striped shirt walks along a path near a wooden bench and a tall, transparent plastic structure, with trees and foliage forming a natural backdrop."
flickr30k_retrieval_2000_seed2,qwen_prompt,qwen_prompt__flickr30k_retrieval_2000_seed2,observer_specific_supported,Observer Specific Supported,398,398,flickr30k_test_020882,"A young boy in a green t-shirt and blue jeans stands on a grassy field, smiling and holding up a small Egyptian flag with his right hand. Behind him, another child in a white shirt and camouflage shorts walks away, and several white plastic chairs are arranged nearby. The scene appears to be outdoors during the day"
flickr30k_retrieval_2000_seed2,qwen_prompt,qwen_prompt__flickr30k_retrieval_2000_seed2,observer_specific_supported,Observer Specific Supported,399,399,flickr30k_test_015920,"Children are seated in a colorful amusement park ride called the “Frog Hopper,” which features cartoon frog graphics and numbered seats. They are strapped into green safety harnesses and appear to be enjoying the experience, with some raising their hands in excitement. The ride is outdoors under a clear blue sky, with trees and a"
flickr30k_retrieval_2000_seed2,qwen_prompt,qwen_prompt__flickr30k_retrieval_2000_seed2,observer_specific_supported,Observer Specific Supported,400,400,flickr30k_test_015182,"In a dynamic field hockey match, three male players are intensely competing for control of the ball on a green turf field. The player in the center, wearing a white jersey with “HYUNDAI” and the German flag emblem, is dribbling the ball while being closely pressured by a player in a red and blue"
flickr30k_retrieval_2000_seed2,qwen_prompt,qwen_prompt__flickr30k_retrieval_2000_seed2,observer_specific_supported,Observer Specific Supported,401,401,flickr30k_test_006823,"Two young boys are seated indoors, each absorbed in reading a book. The boy on the left, wearing a light-colored polo shirt, is focused on a book with colorful illustrations. The boy on the right, in a bright yellow and blue striped shirt, holds his own book open, his gaze directed downward as he reads"
flickr30k_retrieval_2000_seed2,qwen_prompt,qwen_prompt__flickr30k_retrieval_2000_seed2,observer_specific_supported,Observer Specific Supported,402,402,flickr30k_test_029148,"A female tennis player, dressed in a red and light green athletic outfit with a red visor, stands on a blue hard court, holding a tennis racket with her right hand while her left hand is near her waist. A yellow tennis ball is suspended in mid-air just above the racket’s strings, indicating she is in"
flickr30k_retrieval_2000_seed2,qwen_prompt,qwen_prompt__flickr30k_retrieval_2000_seed2,observer_specific_supported,Observer Specific Supported,403,403,flickr30k_test_019291,"A man wearing a patterned fedora and a light gray denim jacket walks through a bustling urban street, his right hand resting on the strap of a beige shoulder bag. He appears to be mid-stride, looking slightly upward and to his right, with a thoughtful or engaged expression. Behind him, the background is softly"
flickr30k_retrieval_2000_seed2,qwen_prompt,qwen_prompt__flickr30k_retrieval_2000_seed2,observer_specific_supported,Observer Specific Supported,404,404,flickr30k_test_020105,"A woman with long brown hair, wearing a beige camisole, blue jeans, and sunglasses, stands in front of a gray airplane, raising her hand to adjust her sunglasses. She is wearing a delicate necklace and a gold bracelet. Behind her, partially visible, are two men in shorts and sneakers, and a green"
flickr30k_retrieval_2000_seed2,qwen_prompt,qwen_prompt__flickr30k_retrieval_2000_seed2,observer_specific_supported,Observer Specific Supported,405,405,flickr30k_test_002417,"A brindle and white dog, wearing a dark collar, is captured mid-stride running along a wet sandy beach, its body angled forward and tail curved upward as it moves toward the right side of the frame, with the ocean and its breaking waves visible in the background under an overcast sky."
flickr30k_retrieval_2000_seed2,qwen_prompt,qwen_prompt__flickr30k_retrieval_2000_seed2,observer_specific_supported,Observer Specific Supported,406,406,flickr30k_test_000174,"A person is sleeping on a public bench in an urban plaza, covered with a blue jacket and surrounded by personal belongings, including a large bag at their feet. Behind them, a white and blue bus with a yellow lightning bolt logo is stopped on the street, while several pedestrians stand near a small blue tent and a building"
flickr30k_retrieval_2000_seed2,qwen_prompt,qwen_prompt__flickr30k_retrieval_2000_seed2,observer_specific_supported,Observer Specific Supported,407,407,flickr30k_test_009317,"Two shirtless men stand in shallow water near a rocky shoreline, playing with a yellow soccer ball; one man is juggling the ball while the other watches, and a dog is partially submerged nearby, also in the water. In the background, numerous boats are moored in the harbor."
flickr30k_retrieval_2000_seed2,qwen_prompt,qwen_prompt__flickr30k_retrieval_2000_seed2,observer_specific_supported,Observer Specific Supported,408,408,flickr30k_test_000791,"A young man in a beige polo shirt and white gloves is carefully handling a pipette in a laboratory, appearing to transfer a liquid sample into a small container. He is standing at a workbench with various lab equipment and reagent bottles, including a white refrigerator unit and a white bottle with a red cap. In the"
flickr30k_retrieval_2000_seed2,qwen_prompt,qwen_prompt__flickr30k_retrieval_2000_seed2,observer_specific_supported,Observer Specific Supported,409,409,flickr30k_test_012219,"Under the dim, colorful glow of a tent’s string lights, a man in a beige coat stands in the foreground, his gaze directed off-camera, while silhouetted figures mingle in the background under a canopy of blue and green lights."
flickr30k_retrieval_2000_seed2,qwen_prompt,qwen_prompt__flickr30k_retrieval_2000_seed2,observer_specific_supported,Observer Specific Supported,410,410,flickr30k_test_010021,"A young child, seen from the side, is carefully brushing the dark hair of an adult woman who is seated with her back to the camera; the child holds a white hairbrush and gently runs it through the woman’s hair, while the woman, wearing glasses and a dark blue shirt, remains still."
flickr30k_retrieval_2000_seed2,qwen_prompt,qwen_prompt__flickr30k_retrieval_2000_seed2,observer_specific_supported,Observer Specific Supported,411,411,flickr30k_test_030646,"A construction worker, wearing a hard hat and safety harness, is carefully walking along a metal scaffolding structure attached to the side of a brick building. He is holding a tool or piece of equipment in one hand and appears to be looking down, possibly assessing his footing or the work ahead. The building behind him has large"
flickr30k_retrieval_2000_seed2,qwen_prompt,qwen_prompt__flickr30k_retrieval_2000_seed2,observer_specific_supported,Observer Specific Supported,412,412,flickr30k_test_023709,"A street performer in a vibrant red and blue costume, holding a bow and arrow, stands in front of a group of casually dressed onlookers who are seated on the pavement, watching him with interest. The scene is split into two views, showing the performer from different angles, with graffiti and urban architecture in the background"
flickr30k_retrieval_2000_seed2,qwen_prompt,qwen_prompt__flickr30k_retrieval_2000_seed2,observer_specific_supported,Observer Specific Supported,413,413,flickr30k_test_002508,"A person wearing a conical hat and a light-colored shirt walks away from the camera, balancing a long pole across their shoulders. On one end hangs a dark, cylindrical basket, and on the other, a transparent plastic bag containing a blue bucket and other items. The scene takes place on a paved street beside a plain"
flickr30k_retrieval_2000_seed2,qwen_prompt,qwen_prompt__flickr30k_retrieval_2000_seed2,observer_specific_supported,Observer Specific Supported,414,414,flickr30k_test_007181,"A young man with spiky dark hair sits at a table outdoors, smiling slightly at the camera while holding a silver flip phone in his right hand. He wears a dark gray t-shirt with a red graphic and a red bracelet on his left wrist. In front of him is a tall glass of orange juice with ice"
flickr30k_retrieval_2000_seed2,qwen_prompt,qwen_prompt__flickr30k_retrieval_2000_seed2,observer_specific_supported,Observer Specific Supported,415,415,flickr30k_test_024739,"A man in a dark plaid hoodie walks past a large, white, stepped art installation on a brick sidewalk, which prominently displays the red text “WE ARE ALL WORKERS” and is covered with small black-and-white portraits. The installation, which appears to be part of a public art exhibit, is situated near a"
flickr30k_retrieval_2000_seed2,qwen_prompt,qwen_prompt__flickr30k_retrieval_2000_seed2,observer_specific_supported,Observer Specific Supported,416,416,flickr30k_test_016070,"Under a clear blue sky at a paved drag strip, two mechanics in white t-shirts and dark pants are working together to adjust or inspect the engine of a custom-built dragster. The vehicle, painted white with red and black graphics and bearing the “K&N” logo, has its rear engine bay open, revealing"
flickr30k_retrieval_2000_seed2,qwen_prompt,qwen_prompt__flickr30k_retrieval_2000_seed2,observer_specific_supported,Observer Specific Supported,417,417,flickr30k_test_006303,"A barefoot young person with tousled hair, wearing a striped shirt and cargo pants, stands on stone steps outdoors, actively holding a long white ribbon or flagpole that extends upward and diagonally across the frame. To their right, another person in a green top and dark pants sits on the steps, also holding a"
flickr30k_retrieval_2000_seed2,qwen_prompt,qwen_prompt__flickr30k_retrieval_2000_seed2,observer_specific_supported,Observer Specific Supported,418,418,flickr30k_test_003793,"A bride and groom are kissing while standing beside their wedding cake, which is a multi-tiered white cake adorned with floral decorations and placed on a white-clothed table. The groom wears a light-colored vest and tie, and the bride wears a white wedding dress and veil. A bouquet of white and red flowers rests"
flickr30k_retrieval_2000_seed2,qwen_prompt,qwen_prompt__flickr30k_retrieval_2000_seed2,observer_specific_supported,Observer Specific Supported,419,419,flickr30k_test_018728,"Two performers, both in clown makeup, are on a dimly lit stage under red spotlights. The man on the left, wearing a plaid jacket and a bowler hat, is playing a small guitar and smiling. The woman on the right, in a black outfit and a top hat, is singing into a"
flickr30k_retrieval_2000_seed2,qwen_prompt,qwen_prompt__flickr30k_retrieval_2000_seed2,observer_specific_supported,Observer Specific Supported,420,420,flickr30k_test_012235,"A BMX rider in a red shirt and black pants is captured mid-air, performing a trick above a metal ramp, with his bike’s front wheel pointed upward and his body arched backward. He wears a helmet and gloves, and his left arm is raised. Below him, palm trees and a beachside setting with"
flickr30k_retrieval_2000_seed2,qwen_prompt,qwen_prompt__flickr30k_retrieval_2000_seed2,observer_specific_supported,Observer Specific Supported,421,421,flickr30k_test_012837,"A young child in a striped shirt stands beside a small white plastic table in a dimly lit room, one hand raised to their face. Behind them, a wooden lattice screen partially separates the space, and a second table with chairs is visible in the background near a doorway. The floor is tiled, and a patterned"
flickr30k_retrieval_2000_seed2,qwen_prompt,qwen_prompt__flickr30k_retrieval_2000_seed2,observer_specific_supported,Observer Specific Supported,422,422,flickr30k_test_023459,"A sunny day in a modern urban plaza, where pedestrians walk along a paved walkway flanked by tall, glass-and-steel office buildings. A woman in a dark coat and light-colored pants walks away from the camera toward the center of the scene, while others stroll or stand nearby. Lush green trees line the"
flickr30k_retrieval_2000_seed2,qwen_prompt,qwen_prompt__flickr30k_retrieval_2000_seed2,observer_specific_supported,Observer Specific Supported,423,423,flickr30k_test_015178,"A shirtless young boy on a sandy beach is captured mid-expression, his mouth wide open in a yell or shout as sand sprays around his torso, suggesting he has just thrown or been hit by a sand-filled object."
flickr30k_retrieval_2000_seed2,qwen_prompt,qwen_prompt__flickr30k_retrieval_2000_seed2,observer_specific_supported,Observer Specific Supported,424,424,flickr30k_test_004576,"A man in a black t-shirt stands outdoors against a backdrop of dense green foliage, holding a clear, reflective glass ball gently balanced on the palm of his outstretched hand. His gaze is directed upward and slightly to the side, focused intently on the sphere, suggesting concentration or preparation for a delicate maneuver. The"
flickr30k_retrieval_2000_seed2,qwen_prompt,qwen_prompt__flickr30k_retrieval_2000_seed2,observer_specific_supported,Observer Specific Supported,425,425,flickr30k_test_024693,"A group of tourists stands on a high observation deck, gazing out over a hazy urban landscape through a metal railing. Among them, a young boy in a blue jacket is intently using a coin-operated binocular viewer, while others—women in patterned and solid shirts, and a man in a dark"
flickr30k_retrieval_2000_seed2,qwen_prompt,qwen_prompt__flickr30k_retrieval_2000_seed2,observer_specific_supported,Observer Specific Supported,426,426,flickr30k_test_011302,"In a dimly lit casino, several patrons are seated at rows of brightly lit slot machines, intently focused on the screens before them. The machines, adorned with colorful graphics and flashing lights, dominate the foreground and midground, while other gaming machines and patrons are visible in the background. The ambient lighting is low,"
flickr30k_retrieval_2000_seed2,qwen_prompt,qwen_prompt__flickr30k_retrieval_2000_seed2,observer_specific_supported,Observer Specific Supported,427,427,flickr30k_test_012944,"A man with a beard and sunglasses sits in the driver’s seat of a colorful, graffiti-covered van, while two young girls in bright clothing stand beside him, each holding a small bag of what appears to be bread or pastries. The van’s side is covered in handwritten messages and drawings, and the vehicle’s rear"
flickr30k_retrieval_2000_seed2,qwen_prompt,qwen_prompt__flickr30k_retrieval_2000_seed2,observer_specific_supported,Observer Specific Supported,428,428,flickr30k_test_029087,"A person in a dark red coat and dark pants stands on a white-striped crosswalk, holding a large, light-colored umbrella with a plaid trim. The umbrella is open and angled slightly, shielding the individual from above. The scene is set on a wet asphalt road, with white lane markings visible, and several parked"
flickr30k_retrieval_2000_seed2,qwen_prompt,qwen_prompt__flickr30k_retrieval_2000_seed2,observer_specific_supported,Observer Specific Supported,429,429,flickr30k_test_003988,"A young girl in a pink sweater and dark pants is captured mid-air, joyfully jumping with her arms raised in a living room. Behind her, a large multi-paned window reveals a bare winter tree line outside. In the foreground, a beige sofa with brown cushions is partially visible, and a small blue item"
flickr30k_retrieval_2000_seed2,qwen_prompt,qwen_prompt__flickr30k_retrieval_2000_seed2,observer_specific_supported,Observer Specific Supported,430,430,flickr30k_test_008328,"Two women are laughing together in front of a green and black tinsel backdrop; the woman on the right, wearing a red dress and a red bow in her hair, is playfully holding a thin object near the other woman’s face."
flickr30k_retrieval_2000_seed2,qwen_prompt,qwen_prompt__flickr30k_retrieval_2000_seed2,observer_specific_supported,Observer Specific Supported,431,431,flickr30k_test_003990,"A woman with red hair, wearing a grey sweatshirt and light green gloves, is carefully pouring a clear liquid from a glass bottle into a test tube rack inside a laboratory. She is standing at a workbench with various lab equipment, including a refrigerator, shelves with bottles, and a red plastic rack. A window behind"
flickr30k_retrieval_2000_seed2,qwen_prompt,qwen_prompt__flickr30k_retrieval_2000_seed2,observer_specific_supported,Observer Specific Supported,432,432,flickr30k_test_004029,"A woman in a red jacket and dark pants is sweeping the sidewalk in front of a storefront, using a long-handled broom with a green handle and a yellow bristle head. Behind her, the shop window displays several mannequins dressed in clothing, including a red-and-black jacket, a green vest,"
flickr30k_retrieval_2000_seed2,qwen_prompt,qwen_prompt__flickr30k_retrieval_2000_seed2,observer_specific_supported,Observer Specific Supported,433,433,flickr30k_test_002638,"A man sits at a camouflage-patterned table, his hands gesturing as if explaining or playing a game, with a white die featuring a blue soldier and orange globe design in the foreground. Behind it, several green plastic toy soldiers are arranged in a line, suggesting a tabletop wargame or strategy session. Booksh"
flickr30k_retrieval_2000_seed2,qwen_prompt,qwen_prompt__flickr30k_retrieval_2000_seed2,observer_specific_supported,Observer Specific Supported,434,434,flickr30k_test_020202,"A man and a woman walk side-by-side down a busy city street, both wearing sunglasses and appearing to be in mid-stride. The woman, in a patterned yellow coat and olive scarf, carries a large brown shoulder bag and holds a phone to her ear. The man, in a dark olive cardigan over"
flickr30k_retrieval_2000_seed2,qwen_prompt,qwen_prompt__flickr30k_retrieval_2000_seed2,observer_specific_supported,Observer Specific Supported,435,435,flickr30k_test_027855,"A man in a beige jacket and striped tie is operating a large camera mounted on a wooden tripod, appearing to be a street photographer or journalist capturing images on a busy urban sidewalk. He is walking alongside two other men: one in a green t-shirt carrying a cardboard box, and another in a white t-shirt and denim"
flickr30k_retrieval_2000_seed2,qwen_prompt,qwen_prompt__flickr30k_retrieval_2000_seed2,observer_specific_supported,Observer Specific Supported,436,436,flickr30k_test_010960,"A shirtless male dancer in green and yellow pants kneels on a paved street, facing a female dancer in a vibrant, feathered headdress and a blue and green costume, as they perform a synchronized dance move during a street parade. In the background, spectators watch from the sidelines, and drummers in matching costumes"
flickr30k_retrieval_2000_seed2,qwen_prompt,qwen_prompt__flickr30k_retrieval_2000_seed2,observer_specific_supported,Observer Specific Supported,437,437,flickr30k_test_021004,"A brindle and white Boxer dog sits on a grassy lawn, holding a bright pink frisbee with the word “OZZA” printed in white lettering in its mouth. The dog’s head is tilted slightly upward, and its front paws are visible, one with a white patch. The fr"
flickr30k_retrieval_2000_seed2,qwen_prompt,qwen_prompt__flickr30k_retrieval_2000_seed2,observer_specific_supported,Observer Specific Supported,438,438,flickr30k_test_012815,"A group of people in formal attire are gathered in a warmly lit indoor hallway, engaged in conversation. A woman with long dark hair, seen from behind, stands near a man in a dark suit, while another woman with blonde hair in a patterned dress looks toward them. A man in a suit is partially visible to"
flickr30k_retrieval_2000_seed2,qwen_prompt,qwen_prompt__flickr30k_retrieval_2000_seed2,observer_specific_supported,Observer Specific Supported,439,439,flickr30k_test_006947,"Three people are walking along a paved road in a rural, tree-lined area under bright daylight. On the left, a young man in a light-colored shirt and khaki shorts carries a dark bottle. In the center, a woman wearing sunglasses, a striped shirt, and blue jeans carries a yellow plastic jug. On the"
flickr30k_retrieval_2000_seed2,qwen_prompt,qwen_prompt__flickr30k_retrieval_2000_seed2,observer_specific_supported,Observer Specific Supported,440,440,flickr30k_test_022696,"A woman in a purple jacket stands with her arms crossed, observing two red vending machines labeled “LES HALLES” in a subway station; motion blur indicates movement in the background, while a yellow safety sign below warns “Ne pas descendre sur la voie” (Do not descend onto the tracks)."
flickr30k_retrieval_2000_seed2,qwen_prompt,qwen_prompt__flickr30k_retrieval_2000_seed2,observer_specific_supported,Observer Specific Supported,441,441,flickr30k_test_003453,"A golden retriever runs energetically across a grassy riverbank, its body blurred by motion, while a large cargo ship sails calmly in the background on the wide, blue water under a hazy sky."
flickr30k_retrieval_2000_seed2,qwen_prompt,qwen_prompt__flickr30k_retrieval_2000_seed2,observer_specific_supported,Observer Specific Supported,442,442,flickr30k_test_000808,"A young woman with a thoughtful expression sits at a table, intently observing a detailed board game in progress. The game features colorful plastic miniatures—some in yellow, blue, and white uniforms—positioned on a grid with illustrated terrain. A central yellow card with text and a blue circular area labeled “Dust"
flickr30k_retrieval_2000_seed2,qwen_prompt,qwen_prompt__flickr30k_retrieval_2000_seed2,observer_specific_supported,Observer Specific Supported,443,443,flickr30k_test_020256,"A street musician in a white cap and shirt plays a marimba on a wheeled stand in a bustling urban plaza, drawing the attention of passersby who pause to watch, while pedestrians in casual attire walk by on the cobblestone pavement beneath historic buildings."
flickr30k_retrieval_2000_seed2,qwen_prompt,qwen_prompt__flickr30k_retrieval_2000_seed2,observer_specific_supported,Observer Specific Supported,444,444,flickr30k_test_021599,"A man in a dark coat walks away from the camera along a paved station platform, passing a large, framed advertisement for Dior Eau Sauvage. The ad features a black-and-white portrait of a man holding a bottle of the fragrance. In the background, a green and white train is visible on the tracks"
flickr30k_retrieval_2000_seed2,qwen_prompt,qwen_prompt__flickr30k_retrieval_2000_seed2,observer_specific_supported,Observer Specific Supported,445,445,flickr30k_test_015413,"A young woman with dark hair, wearing a light blue button-up shirt and black pants, leans casually against a weathered white wall. She holds a large, bright pink handbag with metallic hardware in her left hand, while her right hand rests near her hip. A pair of dark sunglasses hangs from the collar of her"
flickr30k_retrieval_2000_seed2,qwen_prompt,qwen_prompt__flickr30k_retrieval_2000_seed2,observer_specific_supported,Observer Specific Supported,446,446,flickr30k_test_025467,"A man in a dark polo shirt is playing a golden saxophone, his fingers positioned on the keys and his mouthpiece held to his lips, while a blurred person stands behind him in the background."
flickr30k_retrieval_2000_seed2,qwen_prompt,qwen_prompt__flickr30k_retrieval_2000_seed2,observer_specific_supported,Observer Specific Supported,447,447,flickr30k_test_023708,"A woman in a dark top and shorts rides a bright pink bicycle down a paved street, holding a white umbrella over her head. Behind her, a scooter with two riders passes by in front of a red storefront with Chinese characters and the English name “SHENG PHARMACEUTICAL.” The street is lined with various"
flickr30k_retrieval_2000_seed2,qwen_prompt,qwen_prompt__flickr30k_retrieval_2000_seed2,observer_specific_supported,Observer Specific Supported,448,448,flickr30k_test_023127,"A clown with a bright, curly wig and a red nose stands in profile, wearing a colorful, patterned shirt and a cap, while carrying a black backpack; blurred people and trees form the background, suggesting a public outdoor gathering."
flickr30k_retrieval_2000_seed2,qwen_prompt,qwen_prompt__flickr30k_retrieval_2000_seed2,observer_specific_supported,Observer Specific Supported,449,449,flickr30k_test_016316,"A marching band in white, yellow, and red uniforms performs on the concrete steps of a football stadium at night, with a large crowd of spectators filling the stands behind them. The band members, many holding brass and woodwind instruments, are arranged in a line, facing toward the field. Bright stadium lights illuminate the scene"
flickr30k_retrieval_2000_seed2,qwen_prompt,qwen_prompt__flickr30k_retrieval_2000_seed2,observer_specific_supported,Observer Specific Supported,450,450,flickr30k_test_009527,"A young man with short blond hair, wearing a black denim jacket over a blue hoodie, smiles at the camera while standing outdoors in a grassy area with trees. A small red ribbon pin is visible on his jacket. Behind him, another person in a dark beanie and glasses is partially visible, and further in the"
flickr30k_retrieval_2000_seed2,qwen_prompt,qwen_prompt__flickr30k_retrieval_2000_seed2,observer_specific_supported,Observer Specific Supported,451,451,flickr30k_test_011717,"A street vendor in a bustling urban market carries a large bundle of dried, fluffy brown feathers on a pole, walking through a crowded pedestrian lane as shoppers and passersby navigate around him. In the foreground, a woman with dark hair, wearing a white shirt, raises her hand toward her head, while a man in"
flickr30k_retrieval_2000_seed2,qwen_prompt,qwen_prompt__flickr30k_retrieval_2000_seed2,observer_specific_supported,Observer Specific Supported,452,452,flickr30k_test_014976,"A group of people, seen from a low-angle perspective, gathers in a circle with their hands reaching toward the center, collectively holding a white frisbee adorned with a red and blue maple leaf pattern. The frisbee, which bears text indicating it is from the “2017 World Ultimate and Guts"
flickr30k_retrieval_2000_seed2,qwen_prompt,qwen_prompt__flickr30k_retrieval_2000_seed2,observer_specific_supported,Observer Specific Supported,453,453,flickr30k_test_004635,"Inside a tent, an older man with a long white beard and a young boy stand on a wooden platform, looking out toward a hilly, rural landscape. The man, wearing a dark vest over a patterned shirt and loose trousers, stands beside the boy, who is dressed in a colorful striped jacket and light pants"
flickr30k_retrieval_2000_seed2,qwen_prompt,qwen_prompt__flickr30k_retrieval_2000_seed2,observer_specific_supported,Observer Specific Supported,454,454,flickr30k_test_026172,"A skateboarder in a black t-shirt and brown pants is mid-action, grinding the edge of a white concrete stair railing with his skateboard, while balancing on the top step of a terracotta-tiled staircase. Behind him, a red guitar case rests on the railing, and flowering vines cascade down a nearby wall."
flickr30k_retrieval_2000_seed2,qwen_prompt,qwen_prompt__flickr30k_retrieval_2000_seed2,observer_specific_supported,Observer Specific Supported,455,455,flickr30k_test_012285,"A man with gray hair, wearing a dark sweater and dark trousers, sits upright in the driver’s seat of a modern train cab. His hands are clasped in his lap, and he looks forward with a neutral expression. The cab features a curved, dark dashboard with illuminated controls, a central console with a small screen"
flickr30k_retrieval_2000_seed2,qwen_prompt,qwen_prompt__flickr30k_retrieval_2000_seed2,observer_specific_supported,Observer Specific Supported,456,456,flickr30k_test_008812,"A young boy in a blue shirt is kneeling on a pink carpeted floor in a living room, pushing a yellow toy dump truck. Scattered around him are colorful plastic building blocks. Behind him is a floral-patterned sofa with a blue and white checkered blanket, and to his right is a yellow upholstered arm"
flickr30k_retrieval_2000_seed2,qwen_prompt,qwen_prompt__flickr30k_retrieval_2000_seed2,observer_specific_supported,Observer Specific Supported,457,457,flickr30k_test_015866,"A diverse group of people, including adults and children, are gathered closely together on a wooden pier or railing, leaning forward and looking intently toward something out of frame to their right. In the foreground, a woman in a gray tank top and dark jeans leans with her arms on the railing, while beside her, a"
flickr30k_retrieval_2000_seed2,qwen_prompt,qwen_prompt__flickr30k_retrieval_2000_seed2,observer_specific_supported,Observer Specific Supported,458,458,flickr30k_test_017245,"A man in a blue shirt and helmet rides a motorcycle down a bustling, narrow street in a densely built urban area, passing a vendor in a striped shirt and orange scarf who is pushing a cart piled high with green fruit. Above, a large red banner stretches across the street, while multi-story buildings with balconies and"
flickr30k_retrieval_2000_seed2,qwen_prompt,qwen_prompt__flickr30k_retrieval_2000_seed2,observer_specific_supported,Observer Specific Supported,459,459,flickr30k_test_028370,"A group of young children in bright orange martial arts uniforms perform a synchronized Lion Dance routine on a street during the New England (CCBA) Chinatown Lion Dance Festival, with a large yellow banner behind them and a white van partially visible in the background."
flickr30k_retrieval_2000_seed2,qwen_prompt,qwen_prompt__flickr30k_retrieval_2000_seed2,observer_specific_supported,Observer Specific Supported,460,460,flickr30k_test_015648,"A young musician in a red ceremonial uniform and black hat with a white plume is playing a silver trumpet, his gloved hands positioned on the valves and bell. Behind him, another band member in identical attire is partially visible, also holding a trumpet, suggesting they are part of a formal parade or performance. The scene"
flickr30k_retrieval_2000_seed2,qwen_prompt,qwen_prompt__flickr30k_retrieval_2000_seed2,observer_specific_supported,Observer Specific Supported,461,461,flickr30k_test_023578,"A woman in a light tank top and jeans sits on a metal park bench, her gaze directed thoughtfully toward the right, while a person in a plaid skirt and orange backpack walks away from her down a tree-lined sidewalk, their back to the camera."
flickr30k_retrieval_2000_seed2,qwen_prompt,qwen_prompt__flickr30k_retrieval_2000_seed2,observer_specific_supported,Observer Specific Supported,462,462,flickr30k_test_023852,"A woman wearing a green hat and carrying multiple woven baskets walks alongside a child in a blue hat, both moving past a dark, vertically ribbed metal wall."
flickr30k_retrieval_2000_seed2,qwen_prompt,qwen_prompt__flickr30k_retrieval_2000_seed2,observer_specific_supported,Observer Specific Supported,463,463,flickr30k_test_026356,"A woman with a beanie and dark winter clothing is sitting on a yellow plastic sled in deep snow, smiling as she prepares to slide down a snowy slope. Her snow-covered boots are strapped into the sled’s footrests, and snowflakes are falling around her."
flickr30k_retrieval_2000_seed2,qwen_prompt,qwen_prompt__flickr30k_retrieval_2000_seed2,observer_specific_supported,Observer Specific Supported,464,464,flickr30k_test_013728,"A person in dark outdoor gear carefully wades through a shallow, flowing stream in a dense, wet forest, using trekking poles for balance as they navigate the waterlogged terrain."
flickr30k_retrieval_2000_seed2,qwen_prompt,qwen_prompt__flickr30k_retrieval_2000_seed2,observer_specific_supported,Observer Specific Supported,465,465,flickr30k_test_030541,"Three young girls in matching pink floral dresses stand barefoot on a sandy beach, facing the ocean, with the youngest holding hands with the middle girl as they all look toward the water."
flickr30k_retrieval_2000_seed2,qwen_prompt,qwen_prompt__flickr30k_retrieval_2000_seed2,observer_specific_supported,Observer Specific Supported,466,466,flickr30k_test_016125,"A solitary figure in red walks across the wide, concrete steps beneath a massive, circular architectural aperture, framed by the stark, minimalist lines of a modernist building. The aperture reveals a grid of horizontal blinds and glass panels, while adjacent cylindrical concrete columns and narrow vertical windows reinforce the structure’s geometric austerity. The person’s"
flickr30k_retrieval_2000_seed2,qwen_prompt,qwen_prompt__flickr30k_retrieval_2000_seed2,observer_specific_supported,Observer Specific Supported,467,467,flickr30k_test_027394,"A sanitation worker in a red shirt sits inside the cab of a bright blue heavy-duty truck, which is parked at a facility with a checkered blue and white wall. The truck, marked with “SANITATION” and the California license plate “CA 33706,” has a large, complex mechanical"
flickr30k_retrieval_2000_seed2,qwen_prompt,qwen_prompt__flickr30k_retrieval_2000_seed2,observer_specific_supported,Observer Specific Supported,468,468,flickr30k_test_022289,"A man in a gray jacket and dark pants walks along a sidewalk beside a weathered, multi-story building with dark-framed windows, carrying a white plastic bag with colorful graphics. He is moving from right to left across the frame, and the scene is set on a bright, clear day under a blue sky, with"
flickr30k_retrieval_2000_seed2,qwen_prompt,qwen_prompt__flickr30k_retrieval_2000_seed2,observer_specific_supported,Observer Specific Supported,469,469,flickr30k_test_009724,"Two black dogs are running toward the camera along a gravel path that cuts through a grassy field, with a modern building and trees visible in the background."
flickr30k_retrieval_2000_seed2,qwen_prompt,qwen_prompt__flickr30k_retrieval_2000_seed2,observer_specific_supported,Observer Specific Supported,470,470,flickr30k_test_012932,"Two young women are smiling and embracing in a field of bright yellow flowering plants, with one gently holding a cluster of blossoms near her face."
flickr30k_retrieval_2000_seed2,qwen_prompt,qwen_prompt__flickr30k_retrieval_2000_seed2,observer_specific_supported,Observer Specific Supported,471,471,flickr30k_test_007589,"A man in a blue shirt stands behind a vibrant blue stall labeled “CHEZ 12 FAMILIA,” arranging or tending to an array of fresh fish and seafood displayed on ice, garnished with green herbs. The stall, part of a bustling market, features handwritten signs, shelves with bottles and jars,"
flickr30k_retrieval_2000_seed2,qwen_prompt,qwen_prompt__flickr30k_retrieval_2000_seed2,observer_specific_supported,Observer Specific Supported,472,472,flickr30k_test_005124,"A bustling nighttime street scene in a city, likely Times Square, with pedestrians gathered near a police van and a barricade. A man in a dark jacket stands near a trash can, while others wait nearby. Bright neon signs for “Busters” and “Applebee’s” illuminate the background, along with a red"
flickr30k_retrieval_2000_seed2,qwen_prompt,qwen_prompt__flickr30k_retrieval_2000_seed2,observer_specific_supported,Observer Specific Supported,473,473,flickr30k_test_016016,"A group of women in vibrant, flowing attire are captured mid-motion, energetically dancing on a stage under an open-air structure. Their hair and garments are dramatically swept by movement, suggesting a lively, high-energy performance. The central figure wears a bright orange dress, while others sport colorful, patterned skirts and tops"
flickr30k_retrieval_2000_seed2,qwen_prompt,qwen_prompt__flickr30k_retrieval_2000_seed2,observer_specific_supported,Observer Specific Supported,474,474,flickr30k_test_019547,"A man in a red shirt stands in a barren, muddy field beside a leafless tree, holding a long stick or pole. In the background, another person in a blue top is visible near a green shed, seemingly engaged in some activity. A tall metal pole stands to the left, and a paved path runs behind"
flickr30k_retrieval_2000_seed2,qwen_prompt,qwen_prompt__flickr30k_retrieval_2000_seed2,observer_specific_supported,Observer Specific Supported,475,475,flickr30k_test_008500,"A child with dark hair is playfully splashing in clear, shallow water, creating a visible arc of water droplets above their head as they move energetically through the rippling surface."
flickr30k_retrieval_2000_seed2,qwen_prompt,qwen_prompt__flickr30k_retrieval_2000_seed2,observer_specific_supported,Observer Specific Supported,476,476,flickr30k_test_017975,"A woman in a yellow shirt and dark skirt stands on a glossy, reflective platform, arms outstretched in a pose that suggests she is balancing or gesturing toward the horizon. Behind her, a low rope barrier separates the viewing area from a dense treeline, beyond which a rolling, tree-covered landscape stretches under a"
flickr30k_retrieval_2000_seed2,qwen_prompt,qwen_prompt__flickr30k_retrieval_2000_seed2,observer_specific_supported,Observer Specific Supported,477,477,flickr30k_test_014013,"A man with a beard and a woman wearing a green cap are in a kitchen, with the man looking toward the camera and the woman focused on preparing food at the counter. In the foreground, a box of “Challenge Butter” is prominently displayed, partially obscuring the view. The kitchen features white cabinets, a tiled"
flickr30k_retrieval_2000_seed2,qwen_prompt,qwen_prompt__flickr30k_retrieval_2000_seed2,observer_specific_supported,Observer Specific Supported,478,478,flickr30k_test_022794,"A costumed historical reenactor in a red coat and tricorn hat stands on a grassy field holding a musket, demonstrating or posing for a group of young children who are gathered around him, some holding toy guns. In the background, the modern skyline of Toronto is visible, including the iconic CN Tower,"
flickr30k_retrieval_2000_seed2,qwen_prompt,qwen_prompt__flickr30k_retrieval_2000_seed2,observer_specific_supported,Observer Specific Supported,479,479,flickr30k_test_022254,"A group of men are participating in a protest or demonstration on a city street, holding signs that demand better pay and benefits for construction workers. One man in a red shirt and gold chain leads the front, while another in a blue shirt with “NY” on it holds a sign reading “Construction Services.” Other signs call"
flickr30k_retrieval_2000_seed2,qwen_prompt,qwen_prompt__flickr30k_retrieval_2000_seed2,observer_specific_supported,Observer Specific Supported,480,480,flickr30k_test_022911,"Four people are seated on a row of red metal benches in what appears to be a public waiting area, possibly a train or bus station, under artificial lighting. From left to right: a man in a light blue shirt and shorts leans back with his arms folded; next to him, a man in a peach shirt and"
flickr30k_retrieval_2000_seed2,qwen_prompt,qwen_prompt__flickr30k_retrieval_2000_seed2,observer_specific_supported,Observer Specific Supported,481,481,flickr30k_test_030100,"A young girl in a blue dress walks barefoot across a wide, sandy beach, carrying a dark cap in her right hand; in the background, two other figures are visible further down the shore, near a line of dense green vegetation under a partly cloudy sky."
flickr30k_retrieval_2000_seed2,qwen_prompt,qwen_prompt__flickr30k_retrieval_2000_seed2,observer_specific_supported,Observer Specific Supported,482,482,flickr30k_test_002762,"A group of volunteers, including adults and children, are actively working on the wooden frame of a new house under construction on a cloudy day. Several people are standing on the partially built structure, while others are on the ground handling lumber and tools. A man in a yellow hard hat and blue shirt stands near the frame,"
flickr30k_retrieval_2000_seed2,qwen_prompt,qwen_prompt__flickr30k_retrieval_2000_seed2,observer_specific_supported,Observer Specific Supported,483,483,flickr30k_test_019198,"A woman in a green suit stands at a wooden podium bearing the seal of the U.S. House of Representatives, addressing a crowd gathered on the steps of a grand, columned building. Behind her, a diverse group of people, including a man in a suit and a woman in a patterned dress holding a green"
flickr30k_retrieval_2000_seed2,qwen_prompt,qwen_prompt__flickr30k_retrieval_2000_seed2,observer_specific_supported,Observer Specific Supported,484,484,flickr30k_test_023848,"Three musicians are performing on a paved street outside a shop, with a red church noticeboard and a storefront displaying “Into the WILD” visible in the background. The man on the left plays an accordion, the man in the center plays a purple electric guitar while wearing a brown hat, and the man on the right"
flickr30k_retrieval_2000_seed2,qwen_prompt,qwen_prompt__flickr30k_retrieval_2000_seed2,observer_specific_supported,Observer Specific Supported,485,485,flickr30k_test_026799,"A group of five men, all wearing cowboy hats, are seated side-by-side on a wooden bench in an outdoor, rustic setting, with a horse partially visible to the right. The man in the foreground, wearing sunglasses and a light blue shirt, is smiling broadly and appears to be engaged in conversation with the others."
flickr30k_retrieval_2000_seed2,qwen_prompt,qwen_prompt__flickr30k_retrieval_2000_seed2,observer_specific_supported,Observer Specific Supported,486,486,flickr30k_test_018866,"A woman and a small child sit on a paved sidewalk, observing a street under construction. A bright yellow excavator is parked on the road, partially blocked by green and white temporary barriers. Behind them, a row of traditional brick terraced houses lines the street under an overcast sky. A “GIVE WAY”"
flickr30k_retrieval_2000_seed2,qwen_prompt,qwen_prompt__flickr30k_retrieval_2000_seed2,observer_specific_supported,Observer Specific Supported,487,487,flickr30k_test_003144,"A man in a dark suit and glasses stands at the front of a room, gesturing as he speaks to an audience seated in rows of chairs. Behind him, a large projection screen displays what appears to be sheet music or a musical score. The audience, dressed in casual to business-casual attire, is seated"
flickr30k_retrieval_2000_seed2,qwen_prompt,qwen_prompt__flickr30k_retrieval_2000_seed2,observer_specific_supported,Observer Specific Supported,488,488,flickr30k_test_002331,"A sand sculptor in a red shirt and blue cap is actively shaping a large sand mound with a shovel, while a detailed, seated sand sculpture of a crowned figure stands prominently behind him on a wooden platform. Another person in an orange shirt is visible in the background, also working on the sculpture. The scene takes place"
flickr30k_retrieval_2000_seed2,qwen_prompt,qwen_prompt__flickr30k_retrieval_2000_seed2,observer_specific_supported,Observer Specific Supported,489,489,flickr30k_test_011667,"A child wearing a hat and a dark top stands knee-deep in shallow water at sunset, holding a small net. The water reflects the warm, golden-orange hues of the sky, and the silhouette of the child is cast against the shimmering surface. In the background, the dark outlines of trees and houses are visible"
flickr30k_retrieval_2000_seed2,qwen_prompt,qwen_prompt__flickr30k_retrieval_2000_seed2,observer_specific_supported,Observer Specific Supported,490,490,flickr30k_test_005771,"An elderly woman with white hair, draped in a blue shawl, sits on a white stool before an easel in a gallery, intently studying a painting on the canvas and holding a sketchbook or tablet. Her bag, patterned with a leopard print, rests beside her on the floor. The gallery walls are"
flickr30k_retrieval_2000_seed2,qwen_prompt,qwen_prompt__flickr30k_retrieval_2000_seed2,observer_specific_supported,Observer Specific Supported,491,491,flickr30k_test_017867,"Two men are jogging through a forest in autumn, their movement captured mid-stride on a path blanketed with fallen brown leaves. Both are dressed in dark athletic wear and beanies, suggesting cool weather. The trees around them are bare or have sparse, dry foliage, reinforcing the seasonal setting. The scene conveys a"
flickr30k_retrieval_2000_seed2,qwen_prompt,qwen_prompt__flickr30k_retrieval_2000_seed2,observer_specific_supported,Observer Specific Supported,492,492,flickr30k_test_004800,"A fluffy white Samoyed dog is trotting toward the camera along a snow-covered path, its tongue lolling out in a happy expression, with distinct tracks visible in the snow around it."
flickr30k_retrieval_2000_seed2,qwen_prompt,qwen_prompt__flickr30k_retrieval_2000_seed2,observer_specific_supported,Observer Specific Supported,493,493,flickr30k_test_026420,"A man in a dark suit and purple tie stands on a city sidewalk, holding a metal frying pan by its handle. He appears to be in the middle of a street performance or demonstration, as he looks toward the camera with a focused expression. Behind him, a closed metal roller shutter and a building facade are visible,"
flickr30k_retrieval_2000_seed2,qwen_prompt,qwen_prompt__flickr30k_retrieval_2000_seed2,observer_specific_supported,Observer Specific Supported,494,494,flickr30k_test_013656,"In a dimly lit, intimate venue with exposed brick and low lighting, three young women are captured mid-celebration. The central figure, with long blonde hair, is laughing and holding a drink, while a woman to her left with dark hair and a black top has her hand on the blonde woman’s head"
flickr30k_retrieval_2000_seed2,qwen_prompt,qwen_prompt__flickr30k_retrieval_2000_seed2,observer_specific_supported,Observer Specific Supported,495,495,flickr30k_test_029432,"A group of railway workers in high-visibility vests and hard hats are actively repairing or maintaining a set of train tracks at a station platform under a clear sky. One worker in the foreground stands alert near the rails, while others are bent over, working on the track bed and rails. A red signal light is illuminated above"
flickr30k_retrieval_2000_seed2,qwen_prompt,qwen_prompt__flickr30k_retrieval_2000_seed2,observer_specific_supported,Observer Specific Supported,496,496,flickr30k_test_002190,"A street performer in a vibrant, flower-adorned costume and a large green hula hoop entertains on a city sidewalk, while pedestrians walk by in the background near a brick building with a “Ladys” sign."
flickr30k_retrieval_2000_seed2,qwen_prompt,qwen_prompt__flickr30k_retrieval_2000_seed2,observer_specific_supported,Observer Specific Supported,497,497,flickr30k_test_026167,"A male and female figure skater perform a synchronized lift on an ice rink; the woman, wearing a gold dress, is held aloft by the man, who is dressed in a black vest and white shirt, as they glide across the ice."
flickr30k_retrieval_2000_seed2,qwen_prompt,qwen_prompt__flickr30k_retrieval_2000_seed2,observer_specific_supported,Observer Specific Supported,498,498,flickr30k_test_002822,"A man in an orange shirt and glasses, standing at a music stand, gestures with his right hand as if conducting or leading a musical performance. Beside him, a woman with short hair and glasses holds an open book, likely sheet music, and appears to be singing or reading along. A black grand piano is partially"
flickr30k_retrieval_2000_seed2,qwen_prompt,qwen_prompt__flickr30k_retrieval_2000_seed2,observer_specific_supported,Observer Specific Supported,499,499,flickr30k_test_029863,"A joyful young girl with dark hair and a cream-colored cardigan is seated at a table, her arms raised in delight as she looks upward with an open-mouthed, ecstatic expression. In front of her is a colorful, decorated birthday cake with purple and pink frosting, and a small purple plastic butterfly sits atop the cake"
flickr30k_retrieval_2000_seed2,qwen_prompt,qwen_prompt__flickr30k_retrieval_2000_seed2,observer_specific_supported,Observer Specific Supported,500,500,flickr30k_test_029343,"Three men are working together in a backyard to lay a concrete block foundation, using shovels to dig and position the block. One man in a blue shirt and plaid shorts is digging with a shovel, while two others—one in a black t-shirt and another in a black tank top—are kneeling and helping to place"
flickr30k_retrieval_2000_seed2,qwen_prompt,qwen_prompt__flickr30k_retrieval_2000_seed2,observer_specific_supported,Observer Specific Supported,501,501,flickr30k_test_022326,"At a livestock show, several judges in white coats and wide-brimmed hats stand beside penned sheep, examining them for a competition in Ring No. 17."
flickr30k_retrieval_2000_seed2,qwen_prompt,qwen_prompt__flickr30k_retrieval_2000_seed2,observer_specific_supported,Observer Specific Supported,502,502,flickr30k_test_026535,"Under bright, dappled sunlight in a wooded outdoor area, three women are joyfully engaged in a high-five, their arms raised and hands meeting mid-air. The woman on the left, wearing a wide-brimmed hat, a teal scarf, and a long blue skirt, smiles broadly as she participates. To"
flickr30k_retrieval_2000_seed2,qwen_prompt,qwen_prompt__flickr30k_retrieval_2000_seed2,observer_specific_supported,Observer Specific Supported,503,503,flickr30k_test_021236,"A group of people, including men and women in casual attire, are gathered on a sunlit European street corner near a parked white car and several scooters. Some individuals appear to be conversing or waiting, while others are seated on a green cart or standing near a motorcycle. A prominent blue traffic sign with pictograms"
flickr30k_retrieval_2000_seed2,qwen_prompt,qwen_prompt__flickr30k_retrieval_2000_seed2,observer_specific_supported,Observer Specific Supported,504,504,flickr30k_test_001231,"At night, under the warm glow of streetlights, a group of people are gathered outdoors, actively engaged in filming or photographing an event. A man in a bright lime-green shirt and a patterned hat stands atop a black suitcase placed on a folding table, holding a video camera up to his eye to capture the"
flickr30k_retrieval_2000_seed2,qwen_prompt,qwen_prompt__flickr30k_retrieval_2000_seed2,observer_specific_supported,Observer Specific Supported,505,505,flickr30k_test_004211,"Three children stand in the foreground of a bustling city street, each holding up a colorful promotional flyer or booklet, smiling at the camera. Behind them, a crowd of people mills about on the sidewalk, and a multi-story building with balconies filled with spectators looms in the background, suggesting a public event or parade."
flickr30k_retrieval_2000_seed2,qwen_prompt,qwen_prompt__flickr30k_retrieval_2000_seed2,observer_specific_supported,Observer Specific Supported,506,506,flickr30k_test_009711,"Two young girls stand waist-deep in a calm, shallow lake, engaged in a quiet conversation. The girl on the left, wearing red swim trunks, has her hand raised to her face, while the girl on the right, in a pink swimsuit, faces her with an attentive posture. Behind them, a"
flickr30k_retrieval_2000_seed2,qwen_prompt,qwen_prompt__flickr30k_retrieval_2000_seed2,observer_specific_supported,Observer Specific Supported,507,507,flickr30k_test_012798,"Two musicians are performing live on a dimly lit stage. The guitarist on the left, wearing a red t-shirt and a headband, is playing a light-brown electric guitar. To his right, another musician in a gray t-shirt and cap plays a sunburst-finish electric guitar. Behind them, a laptop"
flickr30k_retrieval_2000_seed2,qwen_prompt,qwen_prompt__flickr30k_retrieval_2000_seed2,observer_specific_supported,Observer Specific Supported,508,508,flickr30k_test_007592,"A young boy with brown hair, wearing a dark blue t-shirt with white lettering, is smiling broadly while hanging from a blue metal bar on a playground structure. His arms are raised, gripping the bar above his head, and he appears to be enjoying himself. The background shows trees and a dirt ground, suggesting an"
flickr30k_retrieval_2000_seed2,qwen_prompt,qwen_prompt__flickr30k_retrieval_2000_seed2,observer_specific_supported,Observer Specific Supported,509,509,flickr30k_test_023212,"A shirtless man in white shorts and patterned pants stands on a raised stage platform, leaning against a metal pole with one hand while looking down, as a large video screen behind him displays a close-up of a man in an orange shirt. A crowd of spectators, including a person in a black hat and another in"
flickr30k_retrieval_2000_seed2,qwen_prompt,qwen_prompt__flickr30k_retrieval_2000_seed2,observer_specific_supported,Observer Specific Supported,510,510,flickr30k_test_021978,"Silhouetted figures move through a long, dimly lit underground corridor, their forms dark against the bright, distant exit at the far end. The ceiling is lined with recessed lights and metallic panels, while the polished floor reflects the ambient glow. People are walking in both directions, some in small groups, others"
flickr30k_retrieval_2000_seed2,qwen_prompt,qwen_prompt__flickr30k_retrieval_2000_seed2,observer_specific_supported,Observer Specific Supported,511,511,flickr30k_test_029004,"A man in a green shirt and shorts is actively spraying water from a blue hose across a grassy field, while another man with white hair, wearing a blue shirt and khaki pants, stands nearby observing. The hose is connected to a pump on the ground, and the scene is set outdoors under a partly cloudy sky"
flickr30k_retrieval_2000_seed2,qwen_prompt,qwen_prompt__flickr30k_retrieval_2000_seed2,observer_specific_supported,Observer Specific Supported,512,512,flickr30k_test_022318,"A woman with blonde hair and sunglasses is standing outdoors, holding a phone to her ear as she talks, her body angled slightly away from the camera. She wears a black sleeveless top and layered necklaces, with a brown leather strap from a bag visible over her shoulder. Behind her, a textured red wall and a"
flickr30k_retrieval_2000_seed2,qwen_prompt,qwen_prompt__flickr30k_retrieval_2000_seed2,observer_specific_supported,Observer Specific Supported,513,513,flickr30k_test_010794,"A man in a dark shirt and shorts is pushing a green wheeled trash bin down a narrow alleyway, while another person in a blue shirt stands nearby. The alley is lined with stacks of colorful plastic crates—green, red, and blue—piled against a brick building and leaning against a metal pipe. The"
flickr30k_retrieval_2000_seed2,qwen_prompt,qwen_prompt__flickr30k_retrieval_2000_seed2,observer_specific_supported,Observer Specific Supported,514,514,flickr30k_test_014380,"A man wearing a dark suit, glasses, and a black beret is joyfully playing a light-wood electric guitar on a dimly lit stage, his hands positioned on the fretboard and strings as he smiles broadly, with a microphone stand visible above him."
flickr30k_retrieval_2000_seed2,qwen_prompt,qwen_prompt__flickr30k_retrieval_2000_seed2,observer_specific_supported,Observer Specific Supported,515,515,flickr30k_test_005653,"A black-and-white dog with a fluffy tail and a joyful expression is running across a sunlit grassy field, its paws lifted mid-stride and mouth open in motion."
flickr30k_retrieval_2000_seed2,qwen_prompt,qwen_prompt__flickr30k_retrieval_2000_seed2,observer_specific_supported,Observer Specific Supported,516,516,flickr30k_test_017170,"A golden retriever, its tail held high and fur dusted with snow, trots briskly across a snow-covered sidewalk while being walked on a leash held by an unseen person. The dog’s paws sink slightly into the fresh powder, and its body is angled forward in motion, suggesting it’s moving with purpose"
flickr30k_retrieval_2000_seed2,qwen_prompt,qwen_prompt__flickr30k_retrieval_2000_seed2,observer_specific_supported,Observer Specific Supported,517,517,flickr30k_test_009404,"A skateboarder in a red shirt with circular patterns and blue jeans is mid-air, performing a trick on a concrete path in a park, with a large, multi-story building and trees visible in the background."
flickr30k_retrieval_2000_seed2,qwen_prompt,qwen_prompt__flickr30k_retrieval_2000_seed2,observer_specific_supported,Observer Specific Supported,518,518,flickr30k_test_003672,"A woman in a bright green headscarf and yellow garment walks past a weathered, crumbling stone wall beside a simple doorway with a metal door, under a dark, overcast sky. Inside the doorway, colorful clothes hang on a line, and a small child is visible near the threshold. The scene suggests a quiet"
flickr30k_retrieval_2000_seed2,qwen_prompt,qwen_prompt__flickr30k_retrieval_2000_seed2,observer_specific_supported,Observer Specific Supported,519,519,flickr30k_test_005112,"A young child leans over the side of a white crib, looking down at a baby sleeping peacefully inside, wrapped in a light blue blanket and nestled on a soft, fluffy white blanket. The crib is partially covered by a sheer, lace-trimmed curtain, and natural light filters in from a window behind the child,"
flickr30k_retrieval_2000_seed2,qwen_prompt,qwen_prompt__flickr30k_retrieval_2000_seed2,observer_specific_supported,Observer Specific Supported,520,520,flickr30k_test_017723,"Two women are engaged in a lively, smiling conversation while holding cans of Bud Light beer; one woman, wearing a black jacket and a wristband, gestures with her can, while the other, in a light pink top, holds her can with a pink straw, both appearing to enjoy their interaction in a casual indoor setting"
flickr30k_retrieval_2000_seed2,qwen_prompt,qwen_prompt__flickr30k_retrieval_2000_seed2,observer_specific_supported,Observer Specific Supported,521,521,flickr30k_test_024765,"A woman in a white shirt and light pants walks along a paved sidewalk, pushing a black stroller, while a small child in a blue shirt and shorts walks beside her, holding her hand. They are moving along a tree-lined urban path, with modern buildings and greenery visible in the background. Another person is visible"
flickr30k_retrieval_2000_seed2,qwen_prompt,qwen_prompt__flickr30k_retrieval_2000_seed2,observer_specific_supported,Observer Specific Supported,522,522,flickr30k_test_013884,"Three people are mid-air, leaping joyfully over a large log on a sandy beach, with a backdrop of trees and a distant building under a clear sky. The person on the left, wearing a dark hoodie and sunglasses, has their arms raised wide. The person in the center, in a dark hoodie and sunglasses"
flickr30k_retrieval_2000_seed2,qwen_prompt,qwen_prompt__flickr30k_retrieval_2000_seed2,observer_specific_supported,Observer Specific Supported,523,523,flickr30k_test_003150,"A young girl in a pink hoodie and blue jeans runs across a tiled plaza, her movement captured mid-stride as she passes a pigeon on the ground. Metal handrails flank a set of stairs behind her, and other pedestrians are visible in the background, including a person in a dark coat and another in jeans. The"
flickr30k_retrieval_2000_seed2,qwen_prompt,qwen_prompt__flickr30k_retrieval_2000_seed2,observer_specific_supported,Observer Specific Supported,524,524,flickr30k_test_010775,"A musician with long dark hair and glasses, wearing a black jacket and jeans, stands on a wooden stage holding a red electric guitar, seemingly mid-performance. Behind him, another man in a black t-shirt and jeans holds a can and watches, while a third person in a dark jacket stands partially obscured in the background."
flickr30k_retrieval_2000_seed2,qwen_prompt,qwen_prompt__flickr30k_retrieval_2000_seed2,observer_specific_supported,Observer Specific Supported,525,525,flickr30k_test_016924,"A woman with dark, curly hair and sunglasses perched on her head is holding a young child with blonde hair in a sun-dappled forest. The child, wearing a white t-shirt and light blue pants, is being carried in her arms, looking toward the camera with a slightly serious expression. The woman, dressed"
flickr30k_retrieval_2000_seed2,qwen_prompt,qwen_prompt__flickr30k_retrieval_2000_seed2,observer_specific_supported,Observer Specific Supported,526,526,flickr30k_test_008146,"Three shirtless men are riding a large, crashing wave near a rocky shoreline, with one partially submerged in the water nearby."
flickr30k_retrieval_2000_seed2,qwen_prompt,qwen_prompt__flickr30k_retrieval_2000_seed2,observer_specific_supported,Observer Specific Supported,527,527,flickr30k_test_023441,"A woman in a vibrant, floral-patterned dress performs a flamenco dance on a stage with red lighting, her arms gracefully extended as she looks upward. Behind her, a man seated on a chair plays a classical guitar, his gaze focused on his instrument. The performance takes place in a rustic stone-walled venue,"
flickr30k_retrieval_2000_seed2,qwen_prompt,qwen_prompt__flickr30k_retrieval_2000_seed2,observer_specific_supported,Observer Specific Supported,528,528,flickr30k_test_016848,"A golden retriever, wearing a harness and leash, is playfully jumping toward a smaller black-and-white dog on a grassy field, while a person in jeans and a jacket stands nearby, observing the interaction."
flickr30k_retrieval_2000_seed2,qwen_prompt,qwen_prompt__flickr30k_retrieval_2000_seed2,observer_specific_supported,Observer Specific Supported,529,529,flickr30k_test_008429,"Five men and one woman are sitting on the ground against a bright yellow wall, casually eating snacks and drinking from bottles. The woman in the center, wearing an orange shirt, smiles at the camera while holding a bag of chips. To her left, a man in a gray t-shirt holds a red box of snacks."
flickr30k_retrieval_2000_seed2,qwen_prompt,qwen_prompt__flickr30k_retrieval_2000_seed2,observer_specific_supported,Observer Specific Supported,530,530,flickr30k_test_005556,"Two infants are seated side by side in colorful, patterned baby bouncers on a light-colored carpeted floor, each appearing calm and resting with their eyes closed."
flickr30k_retrieval_2000_seed2,qwen_prompt,qwen_prompt__flickr30k_retrieval_2000_seed2,observer_specific_supported,Observer Specific Supported,531,531,flickr30k_test_029323,"At night, a man sits on a crate beside railway tracks, tending to a small roadside stall selling roasted nuts, with a handwritten sign and plastic bags nearby; behind him, a van and a bicycle are parked near a dimly lit, cluttered urban backdrop."
flickr30k_retrieval_2000_seed2,qwen_prompt,qwen_prompt__flickr30k_retrieval_2000_seed2,observer_specific_supported,Observer Specific Supported,532,532,flickr30k_test_005161,"At dawn, a person paddles a canoe across a misty lake, their silhouette outlined against the golden glow of the rising sun, which reflects on the water’s surface and illuminates the distant treeline."
flickr30k_retrieval_2000_seed2,qwen_prompt,qwen_prompt__flickr30k_retrieval_2000_seed2,observer_specific_supported,Observer Specific Supported,533,533,flickr30k_test_015104,"A cheerleading squad performs a dynamic pyramid routine on a blue mat inside a gymnasium, with several members lifted high above the base. The team, dressed in matching black and purple uniforms with green bows, forms a human tower against a backdrop of a large black banner featuring purple star designs. Spectators and other team"
flickr30k_retrieval_2000_seed2,qwen_prompt,qwen_prompt__flickr30k_retrieval_2000_seed2,observer_specific_supported,Observer Specific Supported,534,534,flickr30k_test_023043,"Two women are walking side-by-side on a wet, cobblestone street under a light rain, each holding a dark umbrella. The woman on the left wears a black top and a light pink skirt, while the woman on the right wears a striped shirt and jeans, carrying a beige shoulder bag. Behind them, a"
flickr30k_retrieval_2000_seed2,qwen_prompt,qwen_prompt__flickr30k_retrieval_2000_seed2,observer_specific_supported,Observer Specific Supported,535,535,flickr30k_test_007682,"A man with a white headband and glasses sits cross-legged on a gravel path, engrossed in reading a colorful comic book while holding a small child. Beside him, a woman with reddish hair, wearing a blue skirt and carrying a woven basket, crouches down, looking toward him. In front"
flickr30k_retrieval_2000_seed2,qwen_prompt,qwen_prompt__flickr30k_retrieval_2000_seed2,observer_specific_supported,Observer Specific Supported,536,536,flickr30k_test_013243,"A smiling man in a patterned shirt and light pants kneels in a vibrant field of yellow flowering plants, gently holding the hand of a small child in a light green shirt and plaid pants. The child, with blonde hair, stands beside him, looking toward the camera with a calm expression. They are surrounded by"
flickr30k_retrieval_2000_seed2,qwen_prompt,qwen_prompt__flickr30k_retrieval_2000_seed2,observer_specific_supported,Observer Specific Supported,537,537,flickr30k_test_028654,"A woman with blonde hair, wearing a pink shirt, is gently stroking the forehead of a brown horse inside a stable, while holding a grooming brush near its muzzle; wooden wagon wheels are visible in the background."
flickr30k_retrieval_2000_seed2,qwen_prompt,qwen_prompt__flickr30k_retrieval_2000_seed2,observer_specific_supported,Observer Specific Supported,538,538,flickr30k_test_011749,"On a bright, sunny winter day, a diverse group of people—children and adults—are ice skating on a wide, snow-covered rink. In the foreground, a woman in a long beige coat glides forward, while nearby, a child in a pink hat and a man in a black jacket skate with others."
flickr30k_retrieval_2000_seed2,qwen_prompt,qwen_prompt__flickr30k_retrieval_2000_seed2,observer_specific_supported,Observer Specific Supported,539,539,flickr30k_test_025651,"Two artisans are seated at a workbench, carefully crafting intricate blue-and-white ceramic tiles. The man in the foreground, wearing an orange polo shirt, is focused on shaping a small tile with a tool, while the man in the background, in a striped shirt, is similarly engaged with a larger, partially formed tile."
flickr30k_retrieval_2000_seed2,qwen_prompt,qwen_prompt__flickr30k_retrieval_2000_seed2,observer_specific_supported,Observer Specific Supported,540,540,flickr30k_test_025045,"A bustling outdoor market street in a densely built urban area, where vendors and shoppers navigate between stalls laden with fresh produce. In the foreground, a wooden table displays piles of green beans and other vegetables, while a man in a pink shirt and a woman in a white headscarf are seen walking away from the camera,"
flickr30k_retrieval_2000_seed2,qwen_prompt,qwen_prompt__flickr30k_retrieval_2000_seed2,observer_specific_supported,Observer Specific Supported,541,541,flickr30k_test_018790,"A young girl in a swimsuit stands on a white sand beach, gazing toward the turquoise water where a person on a surfboard floats near a small, tree-covered islet. A dark-colored dog lies calmly on the sand beside her, its body relaxed in the dappled sunlight. The scene is tranquil under"
flickr30k_retrieval_2000_seed2,qwen_prompt,qwen_prompt__flickr30k_retrieval_2000_seed2,observer_specific_supported,Observer Specific Supported,542,542,flickr30k_test_004743,"A bald man with a reddish beard is sitting on a sandy beach, using an electric razor to shave his cheek while looking toward the ocean. He holds the razor in his right hand and gestures with his left. Behind him, gentle waves roll onto the shore under a partly cloudy blue sky."
flickr30k_retrieval_2000_seed2,qwen_prompt,qwen_prompt__flickr30k_retrieval_2000_seed2,observer_specific_supported,Observer Specific Supported,543,543,flickr30k_test_015291,"On a sunlit street corner, patrons are seated at outdoor tables of a café, enjoying meals and conversation under the shade of large, closed umbrellas. The scene is framed by the weathered, textured facade of an old building with green-shuttered windows and a decorative stone corner, while a circular sign with a"
flickr30k_retrieval_2000_seed2,qwen_prompt,qwen_prompt__flickr30k_retrieval_2000_seed2,observer_specific_supported,Observer Specific Supported,544,544,flickr30k_test_014456,"In a brightly lit MMA octagon, two male fighters are locked in combat on a red mat. The fighter on the left, wearing black shorts with an American flag patch, is in a wide, defensive stance, raising his gloved hands to block an incoming strike. His opponent, on the right and wearing black shorts"
flickr30k_retrieval_2000_seed2,qwen_prompt,qwen_prompt__flickr30k_retrieval_2000_seed2,observer_specific_supported,Observer Specific Supported,545,545,flickr30k_test_023555,"A smiling young woman in a white tank top and black shorts stands in a crowd, holding a red cup, while a man beside her takes a photo with a camera. A parking meter with a jacket draped over it stands nearby, and other people, including a woman in a white visor and another in a green shirt"
flickr30k_retrieval_2000_seed2,qwen_prompt,qwen_prompt__flickr30k_retrieval_2000_seed2,observer_specific_supported,Observer Specific Supported,546,546,flickr30k_test_000962,"A young boy in a red shirt sits on a trampoline, covering his face with his hands, while another child in a green shirt is partially visible beside him. The trampoline is enclosed by a black safety net, and a blue tarp is laid over the edge. In the background, a residential yard with trees"
flickr30k_retrieval_2000_seed2,qwen_prompt,qwen_prompt__flickr30k_retrieval_2000_seed2,observer_specific_supported,Observer Specific Supported,547,547,flickr30k_test_026533,"In a gymnasium with wooden wall bars and a green floor, two men in black athletic wear are practicing a martial arts technique, with one man blocking a strike from the other using a wooden stick. A third man in a blue shirt and dark pants stands in the background, observing or waiting his turn. The scene"
flickr30k_retrieval_2000_seed2,qwen_prompt,qwen_prompt__flickr30k_retrieval_2000_seed2,observer_specific_supported,Observer Specific Supported,548,548,flickr30k_test_019502,"A man in a dark suit sits at an outdoor café table, turned slightly away from the camera, while a woman in a luxurious brown fur coat and a black hat sits across from him, her back to the viewer. She is holding a small, light-colored handbag. The scene is set on a sidewalk, with"
flickr30k_retrieval_2000_seed2,qwen_prompt,qwen_prompt__flickr30k_retrieval_2000_seed2,observer_specific_supported,Observer Specific Supported,549,549,flickr30k_test_012558,"A young girl in a white ""S.S.S. Soccer 2005"" jersey and maroon shorts stands poised on a grassy field, her right foot near a white soccer ball, while a young boy in a maroon and black jersey watches from the foreground. An orange cone sits on the grass nearby"
flickr30k_retrieval_2000_seed2,qwen_prompt,qwen_prompt__flickr30k_retrieval_2000_seed2,observer_specific_supported,Observer Specific Supported,550,550,flickr30k_test_028895,"Two men in light blue shirts are shaking hands outdoors in front of a pale green wall, with lush green foliage behind them. The man on the left, wearing glasses and a dark belt, smiles as he looks at his counterpart. The man on the right, wearing a red lanyard with an ID badge, also"
flickr30k_retrieval_2000_seed2,qwen_prompt,qwen_prompt__flickr30k_retrieval_2000_seed2,observer_specific_supported,Observer Specific Supported,551,551,flickr30k_test_024141,"A woman wearing a patterned headscarf is seated outdoors, intently reading a book with a purple cover while holding it open with both hands. In the blurred background, another person is visible, holding a newspaper. The scene suggests a quiet, contemplative moment of reading in a public or semi-public space."
flickr30k_retrieval_2000_seed2,qwen_prompt,qwen_prompt__flickr30k_retrieval_2000_seed2,observer_specific_supported,Observer Specific Supported,552,552,flickr30k_test_005912,"A young boy rides a bicycle while a younger child stands beside him on a dirt path, with an adult man standing nearby in a rural, outdoor setting where smoke rises from a cooking fire in the background."
flickr30k_retrieval_2000_seed2,qwen_prompt,qwen_prompt__flickr30k_retrieval_2000_seed2,observer_specific_supported,Observer Specific Supported,553,553,flickr30k_test_012873,"A man and a woman walk side-by-side on a city sidewalk, both carrying shopping bags; the man holds a pink bag, and the woman holds a red cup and a black bag. Behind them, a yellow taxi cab drives past on the street, and other pedestrians are visible further down the sidewalk. The scene is"
flickr30k_retrieval_2000_seed2,qwen_prompt,qwen_prompt__flickr30k_retrieval_2000_seed2,observer_specific_supported,Observer Specific Supported,554,554,flickr30k_test_001755,"At a livestock show, several handlers in white shirts are carefully guiding and presenting their white goats within a fenced arena, while spectators observe from bleachers in the background."
flickr30k_retrieval_2000_seed2,qwen_prompt,qwen_prompt__flickr30k_retrieval_2000_seed2,observer_specific_supported,Observer Specific Supported,555,555,flickr30k_test_015809,"An older man in a dark suit and striped tie, with a watch on his left wrist, sits beside a woman with shoulder-length dark hair wearing a black cardigan over a lace top; they are holding hands, and both are smiling warmly at something off-camera."
flickr30k_retrieval_2000_seed2,qwen_prompt,qwen_prompt__flickr30k_retrieval_2000_seed2,observer_specific_supported,Observer Specific Supported,556,556,flickr30k_test_008976,"An underwater view captures a swimmer mid-stroke in a tiled pool, their body arcing gracefully as they propel forward, leaving a trail of white bubbles in their wake. The swimmer’s dark swimwear contrasts with the cool blue-green water, and the pool’s tiled walls and a visible ladder frame the scene from"
flickr30k_retrieval_2000_seed2,qwen_prompt,qwen_prompt__flickr30k_retrieval_2000_seed2,observer_specific_supported,Observer Specific Supported,557,557,flickr30k_test_013268,"A young boy in a historical reenactment costume, complete with a tricorn hat and red coat, holds a replica rifle while being assisted by another child who lifts the hat off his head. They stand near a table covered with camouflage fabric and military gear, with adults in similar attire nearby, suggesting a historical or"
flickr30k_retrieval_2000_seed2,qwen_prompt,qwen_prompt__flickr30k_retrieval_2000_seed2,observer_specific_supported,Observer Specific Supported,558,558,flickr30k_test_008313,"A person in a trench coat holds a patterned umbrella while standing in heavy rain, their profile visible as they face away from the camera, with a blurred yellow poster in the background."
flickr30k_retrieval_2000_seed2,qwen_prompt,qwen_prompt__flickr30k_retrieval_2000_seed2,observer_specific_supported,Observer Specific Supported,559,559,flickr30k_test_023280,"A small golden retriever puppy trots across a sunlit pedestrian plaza, its leash trailing behind as it moves toward the camera. A woman in a gray t-shirt and white shorts walks beside it, holding a blue cup. To her right, a stroller carries a young child wearing a blue cap and shorts. In"
flickr30k_retrieval_2000_seed2,qwen_prompt,qwen_prompt__flickr30k_retrieval_2000_seed2,observer_specific_supported,Observer Specific Supported,560,560,flickr30k_test_023961,"A group of young men are playing cricket on a grassy field under an overcast sky. In the foreground, a batter in an orange and white shirt and dark pants is in a ready stance, holding a wooden bat. Behind him, a fielder in a blue shirt and shorts stands alert, while two other players"
flickr30k_retrieval_2000_seed2,qwen_prompt,qwen_prompt__flickr30k_retrieval_2000_seed2,observer_specific_supported,Observer Specific Supported,561,561,flickr30k_test_030692,"A young child in a pink knit jacket and a white bear-shaped hat stands between two adults in a playground, appearing to be the center of attention as one adult leans in close, while another child in a dark coat and scarf stands nearby holding a paper."
flickr30k_retrieval_2000_seed2,qwen_prompt,qwen_prompt__flickr30k_retrieval_2000_seed2,observer_specific_supported,Observer Specific Supported,562,562,flickr30k_test_013505,"A youth lacrosse game unfolds on a dry, grassy field, with four players in motion. On the left, a player in a green and yellow uniform with “WYASQUI” and the number 11 visible on the front runs forward, stick in hand. Beside him, a player in a"
flickr30k_retrieval_2000_seed2,qwen_prompt,qwen_prompt__flickr30k_retrieval_2000_seed2,observer_specific_supported,Observer Specific Supported,563,563,flickr30k_test_023114,"An elderly man in a grey suit sits upright on a bench, reading a newspaper, while beside him another older man, wearing a brown jacket, leans his head on his arm, appearing to be asleep or resting. A bright yellow plastic bag rests on the pavement near the sleeping man’s feet. The scene takes place on"
flickr30k_retrieval_2000_seed2,qwen_prompt,qwen_prompt__flickr30k_retrieval_2000_seed2,observer_specific_supported,Observer Specific Supported,564,564,flickr30k_test_021231,"Three people are standing in the bed of a white pickup truck, with one man leaning over the tailgate holding a long, yellow and black object that appears to be a surfboard or similar board. The truck is parked on a paved surface in front of a modern building with large, light-colored panels and a dark vertical"
flickr30k_retrieval_2000_seed2,qwen_prompt,qwen_prompt__flickr30k_retrieval_2000_seed2,observer_specific_supported,Observer Specific Supported,565,565,flickr30k_test_015482,"A woman with blonde hair, wearing a black long-sleeved shirt and dark pants, is bent over on a vibrant green artificial turf putting green, preparing to take a putt with a golf club. She holds a golf ball in her left hand, poised to strike the ball resting near the hole. The scene is outdoors"
flickr30k_retrieval_2000_seed2,qwen_prompt,qwen_prompt__flickr30k_retrieval_2000_seed2,observer_specific_supported,Observer Specific Supported,566,566,flickr30k_test_011799,"A German Shepherd dog, wearing a collar with a tag, is captured mid-leap over a snow-covered thicket of dry, tangled brush, its front paws extended forward as it moves energetically through a bright, snowy landscape."
flickr30k_retrieval_2000_seed2,qwen_prompt,qwen_prompt__flickr30k_retrieval_2000_seed2,observer_specific_supported,Observer Specific Supported,567,567,flickr30k_test_017943,"A person in blue swim trunks is mid-flip, diving headfirst into the clear, turquoise water of an indoor pool. The scene is framed from a low angle, with the back of a wooden chair in the foreground, suggesting the viewer is seated nearby. The pool’s edge is lined with a mosaic tile border"
flickr30k_retrieval_2000_seed2,qwen_prompt,qwen_prompt__flickr30k_retrieval_2000_seed2,observer_specific_supported,Observer Specific Supported,568,568,flickr30k_test_010837,"Inside a festive, tented stall with patterned drapes, a man in a blue embroidered jacket and a patterned headband enthusiastically stirs a large, steaming paella in a red-handled pan, his expression animated with joy. Behind him, a woman in a light-colored coat smiles warmly, her hand"
flickr30k_retrieval_2000_seed2,qwen_prompt,qwen_prompt__flickr30k_retrieval_2000_seed2,observer_specific_supported,Observer Specific Supported,569,569,flickr30k_test_023372,"A young boy stands barefoot on a sandy beach, holding a blue and white striped towel draped over his shoulders. He wears a green baseball cap, a sleeveless top, and patterned swim trunks. A pair of dark flip-flops rests on the sand nearby, suggesting he has been or is about to be"
flickr30k_retrieval_2000_seed2,qwen_prompt,qwen_prompt__flickr30k_retrieval_2000_seed2,observer_specific_supported,Observer Specific Supported,570,570,flickr30k_test_024432,"A person in dark clothing sits slumped on the step of a closed storefront, head bowed and hands resting on their knees, appearing dejected or exhausted. The wet, reflective pavement and dark, empty shopfront suggest a quiet, possibly gloomy urban scene after rain. Black bollards line the sidewalk, and a"
flickr30k_retrieval_2000_seed2,qwen_prompt,qwen_prompt__flickr30k_retrieval_2000_seed2,observer_specific_supported,Observer Specific Supported,571,571,flickr30k_test_029883,"In a dynamic moment of a hurling match, a player in a red jersey and white shorts, wearing a white helmet, is captured mid-stride, extending his hurley toward a ball on the grass. He is being closely challenged by an opponent in a blue and yellow jersey with the number 12, who"
flickr30k_retrieval_2000_seed2,qwen_prompt,qwen_prompt__flickr30k_retrieval_2000_seed2,observer_specific_supported,Observer Specific Supported,572,572,flickr30k_test_021577,"A woman with dark hair tied back and wearing glasses walks briskly past a large, colorful mural on a city wall. The mural features a stylized portrait of a woman with striking blue eyes and flowing, ornate hair, set against a background of swirling purple and green patterns. The woman is dressed in a patterned"
flickr30k_retrieval_2000_seed2,qwen_prompt,qwen_prompt__flickr30k_retrieval_2000_seed2,observer_specific_supported,Observer Specific Supported,573,573,flickr30k_test_002667,"A man and a young girl are sitting on a paved sidewalk, each eating an ice cream cone. The man, wearing a dark t-shirt and light-colored pants, is on the left, while the girl, in an orange sleeveless top with a white hair clip, sits to his right. Between them rests a navy"
flickr30k_retrieval_2000_seed2,qwen_prompt,qwen_prompt__flickr30k_retrieval_2000_seed2,observer_specific_supported,Observer Specific Supported,574,574,flickr30k_test_024956,"Two dogs, one black and tan and one white with black patches, are engaged in a playful tug-of-war over a green and blue patterned ball on a grassy lawn."
flickr30k_retrieval_2000_seed2,qwen_prompt,qwen_prompt__flickr30k_retrieval_2000_seed2,observer_specific_supported,Observer Specific Supported,575,575,flickr30k_test_026859,"A group of children stands on a dry, dusty field under bright sunlight, with a few scattered trees and grazing cattle visible in the background. In the foreground, a girl in a bright yellow dress looks toward the camera, while other children, some holding sticks, stand or walk around her, casting long shadows on the ground"
flickr30k_retrieval_2000_seed2,qwen_prompt,qwen_prompt__flickr30k_retrieval_2000_seed2,observer_specific_supported,Observer Specific Supported,576,576,flickr30k_test_027920,"A young boy in an orange and black soccer uniform, wearing a cap and gloves, dives full-length across the grass to make a save in front of a netted goal. His body is stretched out horizontally, with one leg extended and the other bent, and his arms are outstretched toward the ball, which is"
flickr30k_retrieval_2000_seed2,qwen_prompt,qwen_prompt__flickr30k_retrieval_2000_seed2,observer_specific_supported,Observer Specific Supported,577,577,flickr30k_test_023782,"A young child, dressed in light-colored clothing, lies asleep on a simple woven cot that is partially submerged in murky, greenish water. The cot, supported by wooden legs, is positioned near a weathered brick wall, with a wooden ladder leaning against it, suggesting access to the water. A plastic bottle rests near"
flickr30k_retrieval_2000_seed2,qwen_prompt,qwen_prompt__flickr30k_retrieval_2000_seed2,observer_specific_supported,Observer Specific Supported,578,578,flickr30k_test_007372,"A woman with blonde hair tied up, wearing a red tank top and denim shorts, walks barefoot across a wet asphalt parking lot, moving away from the camera toward a storefront with a visible “SALE” sign. Several parked cars, including a light blue sedan in the foreground and a white sedan to the left,"
flickr30k_retrieval_2000_seed2,qwen_prompt,qwen_prompt__flickr30k_retrieval_2000_seed2,observer_specific_supported,Observer Specific Supported,579,579,flickr30k_test_017460,"A young boy in a yellow jacket carefully pours water from a red pot into a large orange pipe, while several children in matching yellow jackets watch closely beside a large black barrel and a concrete structure."
flickr30k_retrieval_2000_seed2,qwen_prompt,qwen_prompt__flickr30k_retrieval_2000_seed2,observer_specific_supported,Observer Specific Supported,580,580,flickr30k_test_020357,"A young man with wavy brown hair and a green lip stick mark stands in a crowd, looking over his shoulder. He wears a black t-shirt and carries a black backpack with a water bottle attached. In his hand, he holds a protest sign featuring a photo of a man with the words “CLASS WAR” and"
flickr30k_retrieval_2000_seed2,qwen_prompt,qwen_prompt__flickr30k_retrieval_2000_seed2,observer_specific_supported,Observer Specific Supported,581,581,flickr30k_test_006156,"Three women walk briskly along a tree-lined sidewalk, each carrying shopping bags; the central woman, wearing a white sweater and dark pants, appears to be laughing or shouting joyfully, while the woman to her right, in a purple top and headscarf, walks alongside with a smile, holding a black bag and"
flickr30k_retrieval_2000_seed2,qwen_prompt,qwen_prompt__flickr30k_retrieval_2000_seed2,observer_specific_supported,Observer Specific Supported,582,582,flickr30k_test_013196,"A woman with blonde hair and dark sunglasses is holding a pink-cased flip phone to her ear, engaged in a conversation, while standing on a grassy field at an outdoor event. Behind her, a man in a straw hat and white t-shirt walks past, and other attendees in casual summer clothing are visible in the"
flickr30k_retrieval_2000_seed2,qwen_prompt,qwen_prompt__flickr30k_retrieval_2000_seed2,observer_specific_supported,Observer Specific Supported,583,583,flickr30k_test_026748,"A crowd of enthusiastic concertgoers, including a man in a black-and-white shirt and a woman in a red top, are captured mid-celebration with arms raised and mouths open in joyful excitement, their hands reaching toward the camera as they lean over a metal barrier under the bright, colorful stage lights at night"
flickr30k_retrieval_2000_seed2,qwen_prompt,qwen_prompt__flickr30k_retrieval_2000_seed2,observer_specific_supported,Observer Specific Supported,584,584,flickr30k_test_021855,"A cowboy in a pink and blue shirt and jeans, mounted on a brown horse, is actively swinging a lasso in an attempt to rope a black calf running across a dusty arena. Behind him, another rider on a white horse watches the action unfold. The scene is set in an outdoor rodeo arena, with trees"
flickr30k_retrieval_2000_seed2,qwen_prompt,qwen_prompt__flickr30k_retrieval_2000_seed2,observer_specific_supported,Observer Specific Supported,585,585,flickr30k_test_012535,"A young man with glasses, wearing a blue jacket over a striped shirt and carrying a backpack, stands holding a vertical pole inside a crowded subway car, looking upward with a thoughtful expression. Other passengers sit and stand around him, including a person with blonde hair in the foreground and another in a dark jacket to the right,"
flickr30k_retrieval_2000_seed2,qwen_prompt,qwen_prompt__flickr30k_retrieval_2000_seed2,observer_specific_supported,Observer Specific Supported,586,586,flickr30k_test_028866,"A shirtless Black male runner, wearing sunglasses, a race bib with the number 12112 and “USA,” and black athletic pants, strides forward along a paved path beside a body of water. He has a black armband on his left arm and a watch on his left wrist, and he"
flickr30k_retrieval_2000_seed2,qwen_prompt,qwen_prompt__flickr30k_retrieval_2000_seed2,observer_specific_supported,Observer Specific Supported,587,587,flickr30k_test_020802,"A person in a blue jacket and beanie is captured mid-air, leaping joyfully across a grassy park lawn while holding a camera. Bare-branched trees and a distant stone wall frame the scene, with another individual visible in the background walking along a path."
flickr30k_retrieval_2000_seed2,qwen_prompt,qwen_prompt__flickr30k_retrieval_2000_seed2,observer_specific_supported,Observer Specific Supported,588,588,flickr30k_test_029981,"A female tennis player in a white and pink outfit is crouched low on a grass court, holding her racket in a ready stance, focused on the game. In the background, another player in a white dress stands near the net, and spectators fill the stands behind a green barrier, watching the match."
flickr30k_retrieval_2000_seed2,qwen_prompt,qwen_prompt__flickr30k_retrieval_2000_seed2,observer_specific_supported,Observer Specific Supported,589,589,flickr30k_test_000380,"A woman with long, flowing hair is captured mid-leap on a sandy beach, her arms extended and body suspended above the ground. She wears a bright orange tank top and black athletic pants with white stripes. Behind her, the ocean displays gentle, rolling waves with white foam, indicating a calm sea. The scene suggests"
flickr30k_retrieval_2000_seed2,qwen_prompt,qwen_prompt__flickr30k_retrieval_2000_seed2,observer_specific_supported,Observer Specific Supported,590,590,flickr30k_test_010254,"Two dogs—a large, gray-coated Weimaraner and a smaller black-and-white dog—are running across a grassy field under a clear blue sky, with bare-branched trees standing in the background."
flickr30k_retrieval_2000_seed2,qwen_prompt,qwen_prompt__flickr30k_retrieval_2000_seed2,observer_specific_supported,Observer Specific Supported,591,591,flickr30k_test_015222,"In a university lecture hall with red wooden desks, a diverse group of students sits attentively, listening to an unseen speaker. In the foreground, a young Black woman in an orange polo shirt leans forward, holding a pen and looking intently ahead. Behind her, a young woman in a gray sweatshirt with the number"
flickr30k_retrieval_2000_seed2,qwen_prompt,qwen_prompt__flickr30k_retrieval_2000_seed2,observer_specific_supported,Observer Specific Supported,592,592,flickr30k_test_017156,"Under a canopy of colorful tents at an outdoor market, a woman in a white sweatshirt and sunglasses sits on a folding chair, intently focused on threading a needle while holding a black fabric. Beside her, another woman in a patterned skirt and sandals leans forward, observing her work. In the background, other"
flickr30k_retrieval_2000_seed2,qwen_prompt,qwen_prompt__flickr30k_retrieval_2000_seed2,observer_specific_supported,Observer Specific Supported,593,593,flickr30k_test_023316,"A woman dressed as Wonder Woman, complete with red cape, star-adorned tiara, and star-spangled briefs, poses confidently with hands on hips on a brick sidewalk. She wears a lanyard with a Comic-Con badge and carries a large, embroidered brown tote bag. A white car is parked in"
flickr30k_retrieval_2000_seed2,qwen_prompt,qwen_prompt__flickr30k_retrieval_2000_seed2,observer_specific_supported,Observer Specific Supported,594,594,flickr30k_test_029711,"Three women in matching blue uniforms stand on the open roof of a decorated parade float, waving blue pom-poms against a bright blue sky with scattered white clouds. The woman in the center, with long red hair and sunglasses, raises one pom-pom high in the air. To her left, a blonde woman holds a"
flickr30k_retrieval_2000_seed2,qwen_prompt,qwen_prompt__flickr30k_retrieval_2000_seed2,observer_specific_supported,Observer Specific Supported,595,595,flickr30k_test_028941,"A supermarket employee, wearing a red apron and a black cap, is carefully arranging or stocking items on a refrigerated self-service shelf labeled “Self-service” and “Large pot £3.99 per pot.” To the left, a customer in a light blue shirt and dark trousers is walking past, looking down"
flickr30k_retrieval_2000_seed2,qwen_prompt,qwen_prompt__flickr30k_retrieval_2000_seed2,observer_specific_supported,Observer Specific Supported,596,596,flickr30k_test_015279,"A woman with blonde hair, wearing a black wetsuit, is actively surfing on a light-colored surfboard as she rides a small, rolling ocean wave. Her body is angled forward, and her arms are slightly extended for balance as she glides along the face of the wave, which is breaking into white foam to"
flickr30k_retrieval_2000_seed2,qwen_prompt,qwen_prompt__flickr30k_retrieval_2000_seed2,observer_specific_supported,Observer Specific Supported,597,597,flickr30k_test_021301,"A woman with blonde hair, wearing a dark blue dress, is lying on her side on the wooden deck of a boat, appearing to be resting or asleep. A man in a dark vest and shorts stands nearby, facing away from the camera, seemingly engaged with a small appliance or storage compartment in the boat’s cabin."
flickr30k_retrieval_2000_seed2,qwen_prompt,qwen_prompt__flickr30k_retrieval_2000_seed2,observer_specific_supported,Observer Specific Supported,598,598,flickr30k_test_005812,"A young woman dressed as an angel—wearing a white costume with large, fluffy white wings—sits on a paved sidewalk, smiling at the camera while holding and tossing out flyers for “Candle Nurses.” Several flyers are scattered on the ground around her."
flickr30k_retrieval_2000_seed2,qwen_prompt,qwen_prompt__flickr30k_retrieval_2000_seed2,observer_specific_supported,Observer Specific Supported,599,599,flickr30k_test_026740,"A street performer dressed in a colorful, ruffled costume is carefully crafting a large balloon sculpture of a flower with red petals and a green stem, while holding a blue balloon animal in their other hand. The scene takes place on a city street, with a blurred M&S delivery truck visible in the background, suggesting a public"
flickr30k_retrieval_2000_seed2,qwen_prompt,qwen_prompt__flickr30k_retrieval_2000_seed2,observer_specific_supported,Observer Specific Supported,600,600,flickr30k_test_003094,"A group of people and horses stands on a rocky, snow-dusted trail at the base of a rugged, snow-patched mountain range under a bright blue sky. One person in a yellow jacket and another in a black jacket are standing near the horses, appearing to be preparing or managing them. Several horses, mostly dark"
flickr30k_retrieval_2000_seed2,qwen_prompt,qwen_prompt__flickr30k_retrieval_2000_seed2,observer_specific_supported,Observer Specific Supported,601,601,flickr30k_test_000561,"A young boy in a camouflage hat and shorts is crouched beside a large tree trunk in a wooded area, intently focused on a small object he holds in his hands. Behind him, partially obscured by foliage, another person wearing a striped shirt stands near a log. The scene suggests a quiet, natural setting where"
flickr30k_retrieval_2000_seed2,qwen_prompt,qwen_prompt__flickr30k_retrieval_2000_seed2,observer_specific_supported,Observer Specific Supported,602,602,flickr30k_test_013202,"A lone figure, silhouetted against bright stage lights, sweeps debris across a wet, reflective floor in an empty concert venue. The stage behind them is set with large speaker stacks, lighting rigs, and a drum kit, all illuminated by spotlights and beams of light cutting through the haze. The floor is scattered"
flickr30k_retrieval_2000_seed2,qwen_prompt,qwen_prompt__flickr30k_retrieval_2000_seed2,observer_specific_supported,Observer Specific Supported,603,603,flickr30k_test_030907,"A performer, seen from the side and reflected in a mirror, carefully applies black eyeliner with a fine brush to their right eye, while holding a small black container of makeup in their left hand. The performer wears a white garment and a dark head covering, with heavy red makeup applied to their cheeks and forehead, characteristic"
flickr30k_retrieval_2000_seed2,qwen_prompt,qwen_prompt__flickr30k_retrieval_2000_seed2,observer_specific_supported,Observer Specific Supported,604,604,flickr30k_test_007095,"An older man with glasses sits outdoors in a planter, holding a white paper cup to his lips as if drinking, while a row of parked cars and a building with a terracotta roof are visible in the background."
flickr30k_retrieval_2000_seed2,qwen_prompt,qwen_prompt__flickr30k_retrieval_2000_seed2,observer_specific_supported,Observer Specific Supported,605,605,flickr30k_test_023903,"Two dogs, one with a brown and white coat and the other with a black, white, and tan coat, are playfully interacting on a grassy field, with the larger dog standing on its hind legs and the smaller one reaching up toward it."
flickr30k_retrieval_2000_seed2,qwen_prompt,qwen_prompt__flickr30k_retrieval_2000_seed2,observer_specific_supported,Observer Specific Supported,606,606,flickr30k_test_018653,"Inside a rustic wooden classroom with slatted walls and a thatched roof, several young Buddhist monks in orange robes sit at a long wooden table, attentively looking toward the front of the room. One boy in the foreground rests his chin on his hand, gazing thoughtfully, while another to his right leans forward with"
flickr30k_retrieval_2000_seed2,qwen_prompt,qwen_prompt__flickr30k_retrieval_2000_seed2,observer_specific_supported,Observer Specific Supported,607,607,flickr30k_test_019871,"A young boy in a black outfit is running up a steep, rippled sand dune under a clear blue sky, his body leaning forward with motion and his right foot lifted mid-stride."
flickr30k_retrieval_2000_seed2,qwen_prompt,qwen_prompt__flickr30k_retrieval_2000_seed2,observer_specific_supported,Observer Specific Supported,608,608,flickr30k_test_012641,"A woman leans over the edge of a white brick wall, gazing downward with a thoughtful expression, while behind her, a vibrant, colorful mural featuring stylized faces and patterns is partially visible, set against a backdrop of a green, sloping hillside with distant buildings and overhead utility wires."
flickr30k_retrieval_2000_seed2,qwen_prompt,qwen_prompt__flickr30k_retrieval_2000_seed2,observer_specific_supported,Observer Specific Supported,609,609,flickr30k_test_029665,"A male and female ballet dancer are captured mid-performance on a stage, with the male dancer supporting the female dancer in a lifted, extended pose. The woman, wearing a red bodice and dark tights, extends her arms gracefully while balancing on the man’s supporting hand and her own pointe shoe. The man,"
flickr30k_retrieval_2000_seed2,qwen_prompt,qwen_prompt__flickr30k_retrieval_2000_seed2,observer_specific_supported,Observer Specific Supported,610,610,flickr30k_test_007061,"A woman with curly hair, her skin and face painted in earthy tones and black markings, stands in profile, her bare shoulders and chest glistening with a wet, reddish-brown substance. Behind her, a blurred crowd of onlookers and another person in white pants are visible, suggesting she is part of"
flickr30k_retrieval_2000_seed2,qwen_prompt,qwen_prompt__flickr30k_retrieval_2000_seed2,observer_specific_supported,Observer Specific Supported,611,611,flickr30k_test_028989,"A group of performers in earth-toned, rustic costumes and tall wooden stilts march in a line across a grassy field under a clear blue sky, with bare trees forming a backdrop. Spectators sit on benches to the left, watching the procession. One performer in the foreground carries a large drum, while others hold"
flickr30k_retrieval_2000_seed2,qwen_prompt,qwen_prompt__flickr30k_retrieval_2000_seed2,observer_specific_supported,Observer Specific Supported,612,612,flickr30k_test_003291,"Two men are seated closely together in a dimly lit indoor setting, both smiling broadly and appearing to share a moment of genuine amusement or camaraderie. The man on the left, wearing glasses and a yellow and blue striped shirt, is laughing with his mouth open, his gaze directed toward his companion. The man on"
flickr30k_retrieval_2000_seed2,qwen_prompt,qwen_prompt__flickr30k_retrieval_2000_seed2,observer_specific_supported,Observer Specific Supported,613,613,flickr30k_test_012779,"In a dimly lit, graffiti-marked basement venue, a male vocalist in a dark jacket sings into a microphone while holding a white electric guitar with a black pickguard. To his right, another man in a striped shirt and glasses plays a guitar, his attention focused on his instrument. Behind them, a black amplifier"
flickr30k_retrieval_2000_seed2,qwen_prompt,qwen_prompt__flickr30k_retrieval_2000_seed2,observer_specific_supported,Observer Specific Supported,614,614,flickr30k_test_026726,"Two older men, each wearing a blue jacket and a hat—one black, one red—are standing indoors and playing saxophones. They are positioned in front of two large abstract paintings that hang on a white wall. To the left, a vintage-style metal stove sits beside a tall, slender decorative plant arrangement. The scene"
flickr30k_retrieval_2000_seed2,qwen_prompt,qwen_prompt__flickr30k_retrieval_2000_seed2,observer_specific_supported,Observer Specific Supported,615,615,flickr30k_test_018275,"A bull rider, wearing a cowboy hat and protective gear, is thrown from a bucking black bull in a dirt arena, landing on his side. A rodeo clown, dressed in colorful attire and also wearing a cowboy hat, runs toward the fallen rider to distract the bull and ensure his safety."
flickr30k_retrieval_2000_seed2,qwen_prompt,qwen_prompt__flickr30k_retrieval_2000_seed2,observer_specific_supported,Observer Specific Supported,616,616,flickr30k_test_025133,"A street mural on a brick wall depicts a group of children in white outfits climbing over a low brick barrier, set against a blue background with the words “BANK CITY” in yellow. To the right, a large, stylized black-and-white figure of a muscular man with raised fists is painted on an orange background"
flickr30k_retrieval_2000_seed2,qwen_prompt,qwen_prompt__flickr30k_retrieval_2000_seed2,observer_specific_supported,Observer Specific Supported,617,617,flickr30k_test_026266,"A snowboarder in a red jacket and green snow pants is carving down a snowy slope, kicking up a spray of powder as they navigate the terrain. They are wearing a beanie, goggles, and a blue scarf, with black gloves and snowboard boots strapped to their board. Bare, leafless trees line the"
flickr30k_retrieval_2000_seed2,qwen_prompt,qwen_prompt__flickr30k_retrieval_2000_seed2,observer_specific_supported,Observer Specific Supported,618,618,flickr30k_test_006538,"Railway workers in high-visibility orange uniforms are actively engaged in track maintenance on a station platform, using shovels to clear debris or adjust ballast beside the rails. A long freight train with yellow and brown gondola cars is parked on the adjacent track, while a covered platform with overhead lighting and a blue"
flickr30k_retrieval_2000_seed2,qwen_prompt,qwen_prompt__flickr30k_retrieval_2000_seed2,observer_specific_supported,Observer Specific Supported,619,619,flickr30k_test_008991,"A woman wearing a cycling helmet and a teal-and-white jacket sits cross-legged in a meditative pose on a moss-covered rock, surrounded by dense green foliage in a forested area. Her eyes are closed, and her hands rest gently in her lap, suggesting a moment of calm or mindfulness. The scene conveys a"
flickr30k_retrieval_2000_seed2,qwen_prompt,qwen_prompt__flickr30k_retrieval_2000_seed2,observer_specific_supported,Observer Specific Supported,620,620,flickr30k_test_024387,"A person in a denim jacket holds a black umbrella aloft, shielding themselves from rain as they walk down a bustling urban street. Water droplets glisten on the umbrella’s surface, and the background reveals blurred storefronts and other pedestrians, some also carrying umbrellas, indicating a wet, active city scene."
flickr30k_retrieval_2000_seed2,qwen_prompt,qwen_prompt__flickr30k_retrieval_2000_seed2,observer_specific_supported,Observer Specific Supported,621,621,flickr30k_test_030192,"A passionate supporter in a yellow and green jersey waves a large Irish tricolor flag with both hands raised high, standing amidst a dense crowd of fellow fans in the stands of a large, modern stadium. The crowd, many wearing green and yellow, is focused on the action unfolding on the green grass field below, where players"
flickr30k_retrieval_2000_seed2,qwen_prompt,qwen_prompt__flickr30k_retrieval_2000_seed2,observer_specific_supported,Observer Specific Supported,622,622,flickr30k_test_019209,"A light blue vintage-style van, parked on a sandy beach under an overcast sky, serves as a mobile rental shop for beach equipment. Its side is painted with bold, colorful text advertising “FLOATS,” “BOOGIEBOARDS,” “UMBRELLAS,” “CHAIRS,” and “SURFBO"
flickr30k_retrieval_2000_seed2,qwen_prompt,qwen_prompt__flickr30k_retrieval_2000_seed2,observer_specific_supported,Observer Specific Supported,623,623,flickr30k_test_019012,"A woman rides a bicycle along a wet, sandy beach, with the ocean and a hazy horizon behind her; a bird flies overhead in the misty air."
flickr30k_retrieval_2000_seed2,qwen_prompt,qwen_prompt__flickr30k_retrieval_2000_seed2,observer_specific_supported,Observer Specific Supported,624,624,flickr30k_test_006274,"A man in a white shirt and striped tie stands at a wooden podium, speaking into a microphone while holding a pen, with a banner behind him reading “Student Financial Administrators.” A woman with short gray hair sits in the background, partially obscured."
flickr30k_retrieval_2000_seed2,qwen_prompt,qwen_prompt__flickr30k_retrieval_2000_seed2,observer_specific_supported,Observer Specific Supported,625,625,flickr30k_test_016049,"A man in a green t-shirt and dark shorts walks barefoot along a sandy beach, carrying a pair of sandals in his left hand, as gentle waves roll in behind him."
flickr30k_retrieval_2000_seed2,qwen_prompt,qwen_prompt__flickr30k_retrieval_2000_seed2,observer_specific_supported,Observer Specific Supported,626,626,flickr30k_test_026351,"A young child, bundled in a dark winter jacket, striped beanie, and blue gloves, stands smiling in a snow-covered forest, partially sheltered by a snow-dusted tree trunk. Snowflakes are visible falling around them, and the background features more trees and a wooden fence, all blanketed in white."
flickr30k_retrieval_2000_seed2,qwen_prompt,qwen_prompt__flickr30k_retrieval_2000_seed2,observer_specific_supported,Observer Specific Supported,627,627,flickr30k_test_020051,"Two women walk away from the camera down a sunlit city sidewalk, passing shuttered storefronts with metal roll-down doors. The woman on the left wears a black leather jacket and dark pants, while the woman on the right carries a pink “Gucci” shopping bag and a black shoulder bag, her long hair flowing"
flickr30k_retrieval_2000_seed2,qwen_prompt,qwen_prompt__flickr30k_retrieval_2000_seed2,observer_specific_supported,Observer Specific Supported,628,628,flickr30k_test_004517,"A person in winter gear, carrying a backpack and using ski poles, is cross-country skiing across a snow-covered slope under a clear blue sky. Tall evergreen trees stand in the background against a snow-dusted mountain ridge, and the skier’s tracks are visible in the fresh powder."
flickr30k_retrieval_2000_seed2,qwen_prompt,qwen_prompt__flickr30k_retrieval_2000_seed2,observer_specific_supported,Observer Specific Supported,629,629,flickr30k_test_000278,"A young child with light brown hair is smiling broadly while swimming underwater in a pool, their arms slightly outstretched and their face illuminated by sunlight filtering through the water’s surface."
flickr30k_retrieval_2000_seed2,qwen_prompt,qwen_prompt__flickr30k_retrieval_2000_seed2,observer_specific_supported,Observer Specific Supported,630,630,flickr30k_test_020064,"A man in a dark hat and teal jacket stands in the foreground, looking up and to his right with his hands clasped, seemingly admiring or observing something out of frame. He is positioned beside a team of white horses adorned with decorative green garlands and red ribbons, suggesting a festive or ceremonial occasion. In"
flickr30k_retrieval_2000_seed2,qwen_prompt,qwen_prompt__flickr30k_retrieval_2000_seed2,observer_specific_supported,Observer Specific Supported,631,631,flickr30k_test_022239,"A young woman with vibrant purple and green face paint and a mohawk hairstyle, wearing a red leopard-print top, laughs joyfully while gesturing with her hand. Beside her, a young man with a shaved head and a white towel draped over his shoulder looks toward her, holding a small object in his hand"
flickr30k_retrieval_2000_seed2,qwen_prompt,qwen_prompt__flickr30k_retrieval_2000_seed2,observer_specific_supported,Observer Specific Supported,632,632,flickr30k_test_014234,"A slender, tan and white dog, likely a sighthound, is captured mid-leap, clearing a wire fence in a rugged, heath-covered landscape under a clear blue sky. The dog’s body is fully extended, with all four paws off the ground, suggesting dynamic motion. The fence, composed of"
flickr30k_retrieval_2000_seed2,qwen_prompt,qwen_prompt__flickr30k_retrieval_2000_seed2,observer_specific_supported,Observer Specific Supported,633,633,flickr30k_test_015796,"Two hikers, equipped with backpacks and trekking poles, are ascending a snow-covered slope under a partly cloudy sky. Below them, a rugged, rocky terrain gives way to a valley containing a winding blue lake, with distant, tree-dotted mountains rising in the background. The scene suggests a high-altitude trek"
flickr30k_retrieval_2000_seed2,qwen_prompt,qwen_prompt__flickr30k_retrieval_2000_seed2,observer_specific_supported,Observer Specific Supported,634,634,flickr30k_test_008312,"A woman in a white outfit and red-and-white headscarf rides a bicycle down a wet, stone-paved street in a traditional Chinese town, while another woman in a blue jacket and red-and-white headscarf rides a scooter nearby. Pedestrians, including a young girl in a plaid skirt and a"
flickr30k_retrieval_2000_seed2,qwen_prompt,qwen_prompt__flickr30k_retrieval_2000_seed2,observer_specific_supported,Observer Specific Supported,635,635,flickr30k_test_016824,"A fisherman, wearing a wide-brimmed hat and dark, worn clothing, carefully carries a small, weathered wooden boat loaded with several woven crab traps across a shallow, muddy tidal flat. The scene is set in a coastal area with palm trees and low vegetation visible in the background under a bright, partly cloudy"
flickr30k_retrieval_2000_seed2,qwen_prompt,qwen_prompt__flickr30k_retrieval_2000_seed2,observer_specific_supported,Observer Specific Supported,636,636,flickr30k_test_018549,"A solitary figure walks along a paved path beneath a stone archway in a park, with bare-branched trees casting long shadows across the ground and a low hedge lining the walkway."
flickr30k_retrieval_2000_seed2,qwen_prompt,qwen_prompt__flickr30k_retrieval_2000_seed2,observer_specific_supported,Observer Specific Supported,637,637,flickr30k_test_005687,"A line of dancers in dark, matching costumes kneels in a row across a dimly lit stage, their bodies angled forward in a synchronized, contemplative pose. The warm, focused lighting highlights their forms against the dark backdrop, while a single performer lies motionless on the floor to the right, suggesting a moment of"
flickr30k_retrieval_2000_seed2,qwen_prompt,qwen_prompt__flickr30k_retrieval_2000_seed2,observer_specific_supported,Observer Specific Supported,638,638,flickr30k_test_015305,"At dusk, a crowd of people stands behind barriers, watching a performance on a raised stage illuminated by bright green spotlights that cut through the darkening sky. The audience, many with their hands raised, appears engaged and excited. Tall stadium lights stand in the background, and the stage structure is visible behind the beams of"
flickr30k_retrieval_2000_seed2,qwen_prompt,qwen_prompt__flickr30k_retrieval_2000_seed2,observer_specific_supported,Observer Specific Supported,639,639,flickr30k_test_023354,"A group of people, mostly women, are gathered in a circle indoors, holding hands and moving rhythmically, suggesting they are dancing or participating in a group activity. In the center, a woman in a white long-sleeved top and green patterned skirt is actively engaged, her hands clasped with those of the"
flickr30k_retrieval_2000_seed2,qwen_prompt,qwen_prompt__flickr30k_retrieval_2000_seed2,observer_specific_supported,Observer Specific Supported,640,640,flickr30k_test_006717,"A young child, wrapped in a light blue bathrobe with a red and blue emblem on the belt, sits on a metal-framed outdoor chair. The child’s dark hair is wet, and their face shows a slightly muddy or soapy residue, suggesting they have recently been in water. They look directly at the camera"
flickr30k_retrieval_2000_seed2,qwen_prompt,qwen_prompt__flickr30k_retrieval_2000_seed2,observer_specific_supported,Observer Specific Supported,641,641,flickr30k_test_024908,"A cameraman wearing a yellow “BRAZIL” t-shirt is operating a professional Sony video camera with a large lens and external microphone, filming an event in a crowded indoor arena. The background shows blurred spectators seated in tiered stands, suggesting a live sports or performance broadcast."
flickr30k_retrieval_2000_seed2,qwen_prompt,qwen_prompt__flickr30k_retrieval_2000_seed2,observer_specific_supported,Observer Specific Supported,642,642,flickr30k_test_002386,"A young child with light hair and wide eyes is being held closely by an adult, whose arm and shoulder are visible in the foreground. The child, wearing a light-colored shirt, looks directly at the camera with a solemn expression. They are outdoors in a wooded area, with dappled sunlight filtering through the trees behind"
flickr30k_retrieval_2000_seed2,qwen_prompt,qwen_prompt__flickr30k_retrieval_2000_seed2,observer_specific_supported,Observer Specific Supported,643,643,flickr30k_test_011476,"A young child with blonde hair, wearing a red long-sleeved outfit with a white cartoon character on the chest, is standing on a carpeted floor and holding two small plastic toys — one resembling a giraffe and the other a horse with a red hat — while looking down at them. In the background, an"
flickr30k_retrieval_2000_seed2,qwen_prompt,qwen_prompt__flickr30k_retrieval_2000_seed2,observer_specific_supported,Observer Specific Supported,644,644,flickr30k_test_000099,"A young person is resting or sleeping on a patterned couch, propped up by a red pillow, in a warmly lit room with lime-green walls. Several small photographs are pinned to the wall behind them, and a wooden shelf holds books and a hanging keychain. On a nearby table, a plastic water bottle and"
flickr30k_retrieval_2000_seed2,qwen_prompt,qwen_prompt__flickr30k_retrieval_2000_seed2,observer_specific_supported,Observer Specific Supported,645,645,flickr30k_test_029677,"Two men are drinking from glasses at a dimly lit social gathering; the man on the left, wearing a blue T-shirt with a badge, holds a pint glass, while the man on the right, in a dark jacket, sips from a wine glass, with his arm around his companion."
flickr30k_retrieval_2000_seed2,qwen_prompt,qwen_prompt__flickr30k_retrieval_2000_seed2,observer_specific_supported,Observer Specific Supported,646,646,flickr30k_test_015906,"A snowmobiler in a blue and white machine is aggressively maneuvering on a snowy slope, kicking up a large spray of snow as the front skis lift off the ground, indicating a sharp turn or jump. The rider is wearing full protective gear, including a helmet with a visor and goggles, and is leaning"
flickr30k_retrieval_2000_seed2,qwen_prompt,qwen_prompt__flickr30k_retrieval_2000_seed2,observer_specific_supported,Observer Specific Supported,647,647,flickr30k_test_017470,"A group of people, including children and adults, are resting or sleeping on a paved stone plaza under bright sunlight, surrounded by scattered personal belongings like bags, hats, and bottles, suggesting they are temporarily settled outdoors."
flickr30k_retrieval_2000_seed2,qwen_prompt,qwen_prompt__flickr30k_retrieval_2000_seed2,observer_specific_supported,Observer Specific Supported,648,648,flickr30k_test_027433,"A barefoot woman in a red top and black shorts, adorned with braided accessories and small horn-like headpieces, performs a dynamic dance move on a paved street, her arms extended and body low to the ground. A crowd of spectators, seated and standing along the roadside, watches her performance. Behind her, a"
flickr30k_retrieval_2000_seed2,qwen_prompt,qwen_prompt__flickr30k_retrieval_2000_seed2,observer_specific_supported,Observer Specific Supported,649,649,flickr30k_test_021924,"A woman in traditional Japanese attire, including a wide-brimmed straw hat and a black and beige robe, stands on a stone-paved street while holding a black smartphone. Behind her, a shop with a large sign featuring red Japanese characters advertises “梅ヶ枝餅” (ume-ke eda mochi"
flickr30k_retrieval_2000_seed2,qwen_prompt,qwen_prompt__flickr30k_retrieval_2000_seed2,observer_specific_supported,Observer Specific Supported,650,650,flickr30k_test_021574,"An elderly man with long gray hair sits on a tiled floor against a textured wall, leaning his back against the surface. He wears a worn, olive-green pullover and dark pants, with his shoes placed neatly beside him. A plaid jacket and a dark bag lie on the floor near his feet, and a small"
flickr30k_retrieval_2000_seed2,qwen_prompt,qwen_prompt__flickr30k_retrieval_2000_seed2,observer_specific_supported,Observer Specific Supported,651,651,flickr30k_test_002144,"A person with visible tattoos on their arms, wearing a yellow T-shirt, is adjusting a black motorcycle helmet while standing indoors. The scene is dimly lit, with a lamp and curtains visible in the background, suggesting a casual, private setting."
flickr30k_retrieval_2000_seed2,qwen_prompt,qwen_prompt__flickr30k_retrieval_2000_seed2,observer_specific_supported,Observer Specific Supported,652,652,flickr30k_test_024729,"A person in a white head covering and dark clothing walks down a narrow, sunlit alleyway between weathered buildings with peeling paint and stone walls, while a green trash bin sits near the base of a steep, sloped street."
flickr30k_retrieval_2000_seed2,qwen_prompt,qwen_prompt__flickr30k_retrieval_2000_seed2,observer_specific_supported,Observer Specific Supported,653,653,flickr30k_test_019384,"An elderly woman in a wheelchair, wearing a wide-brimmed hat and a dark coat, sits beside a younger woman on a park bench. The younger woman, dressed in a light blue hoodie and brown pants, leans toward the older woman with a gentle, attentive posture, her hand resting near the older woman’s shoulder"
flickr30k_retrieval_2000_seed2,qwen_prompt,qwen_prompt__flickr30k_retrieval_2000_seed2,observer_specific_supported,Observer Specific Supported,654,654,flickr30k_test_015892,"A young boy peeks out of the open window of a white RV named “Freelander,” smiling as he holds a green and black frog-shaped plush toy with a red ribbon attached. Partially visible behind him, an adult woman also looks out from inside the vehicle. The scene suggests a moment of playful curiosity or"
flickr30k_retrieval_2000_seed2,qwen_prompt,qwen_prompt__flickr30k_retrieval_2000_seed2,observer_specific_supported,Observer Specific Supported,655,655,flickr30k_test_030308,"A silver Mercedes-AMG Petronas Formula One car, bearing the number 44 and driven by Lewis Hamilton, speeds along a racetrack, its motion blurred against the green and white curbing and asphalt. The vehicle’s livery prominently displays sponsor logos including Petronas, Syntium, and"
flickr30k_retrieval_2000_seed2,qwen_prompt,qwen_prompt__flickr30k_retrieval_2000_seed2,observer_specific_supported,Observer Specific Supported,656,656,flickr30k_test_022111,"A woman with blonde hair, holding a white cup with “YOU” printed on it, looks off to the side with a thoughtful or slightly concerned expression, while standing in a crowded, sunlit outdoor setting with other people blurred in the background."
flickr30k_retrieval_2000_seed2,qwen_prompt,qwen_prompt__flickr30k_retrieval_2000_seed2,observer_specific_supported,Observer Specific Supported,657,657,flickr30k_test_030220,"A man in a black life vest and blue shorts is performing a wakeboarding trick, lifting his board and body out of the water while holding onto a tow rope, with a grassy shoreline visible in the background under a clear blue sky."
flickr30k_retrieval_2000_seed2,qwen_prompt,qwen_prompt__flickr30k_retrieval_2000_seed2,observer_specific_supported,Observer Specific Supported,658,658,flickr30k_test_010973,"On a dimly lit stage, a musician in a light-colored shirt and glasses plays a brass instrument—likely a trombone—into a microphone, his body angled toward the audience. To his left, another musician, also in a light shirt, sits behind a drum kit, holding drumsticks and appearing to be in"
flickr30k_retrieval_2000_seed2,qwen_prompt,qwen_prompt__flickr30k_retrieval_2000_seed2,observer_specific_supported,Observer Specific Supported,659,659,flickr30k_test_015050,"Three people are seated on a weathered wooden picnic table outdoors, engaged in casual, relaxed activity. One person, wearing a red plaid shirt and jeans, sits cross-legged with a camera resting on their lap. To their right, another person in a red t-shirt and rolled-up jeans is holding a small drum,"
flickr30k_retrieval_2000_seed2,qwen_prompt,qwen_prompt__flickr30k_retrieval_2000_seed2,observer_specific_supported,Observer Specific Supported,660,660,flickr30k_test_008747,"A blue SUV is carefully navigating through a shallow, muddy stream in a dense, green forest, with its wheels partially submerged and a person visible inside the driver’s seat."
flickr30k_retrieval_2000_seed2,qwen_prompt,qwen_prompt__flickr30k_retrieval_2000_seed2,observer_specific_supported,Observer Specific Supported,661,661,flickr30k_test_028754,"Two male soccer players are competing for a ball in mid-air on a grass field; the player in the yellow jersey is extending his right arm and head to head the ball, while the player in the orange jersey runs alongside him, focused on the play. A brick wall and trees form the background."
flickr30k_retrieval_2000_seed2,qwen_prompt,qwen_prompt__flickr30k_retrieval_2000_seed2,observer_specific_supported,Observer Specific Supported,662,662,flickr30k_test_016479,"Under a gray, rain-swept sky, a couple walks closely together across a wet wooden boardwalk, sharing a single black umbrella. Their reflections ripple on the glossy surface beneath them. In the background, other pedestrians with umbrellas navigate the misty park, while trees stand blurred in the distance. A faint,"
flickr30k_retrieval_2000_seed2,qwen_prompt,qwen_prompt__flickr30k_retrieval_2000_seed2,observer_specific_supported,Observer Specific Supported,663,663,flickr30k_test_015083,"Two men stand beside a large, industrial-looking mechanical apparatus with a chain and gear system, set against a red brick wall. The man on the left, wearing a blue shirt and dark pants, holds a large, round gong. The man on the right, in a plaid shirt and jeans, leans toward the"
flickr30k_retrieval_2000_seed2,qwen_prompt,qwen_prompt__flickr30k_retrieval_2000_seed2,observer_specific_supported,Observer Specific Supported,664,664,flickr30k_test_000902,"A group of shirtless young men are gathered on a decorative metal balcony railing, engaging in playful, physical interaction under bright daylight. One man, wearing a purple headscarf, is perched atop the railing and reaching out to touch the head of a man standing beside him. Another man, wearing a yellow headscar"
flickr30k_retrieval_2000_seed2,qwen_prompt,qwen_prompt__flickr30k_retrieval_2000_seed2,observer_specific_supported,Observer Specific Supported,665,665,flickr30k_test_002615,"A man in a red shirt holds a baby wearing a pink hat while a woman in a bright pink jacket takes a photo of them with her phone, capturing a candid moment on a street with storefronts visible in the background."
flickr30k_retrieval_2000_seed2,qwen_prompt,qwen_prompt__flickr30k_retrieval_2000_seed2,observer_specific_supported,Observer Specific Supported,666,666,flickr30k_test_020102,"A large, diverse crowd of people is seated on folding chairs and in wheelchairs along a paved path in a park, attentively watching an event unfold. In the foreground, a woman with short blonde hair, wearing a white t-shirt and denim shorts, sits in a wheelchair and holds a small object, possibly a"
flickr30k_retrieval_2000_seed2,qwen_prompt,qwen_prompt__flickr30k_retrieval_2000_seed2,observer_specific_supported,Observer Specific Supported,667,667,flickr30k_test_024705,"A person wearing a dark jacket and a face mask is seated on a small, blue-and-red motorboat, actively sorting through or examining a stack of cardboard boxes. The boat, equipped with metal railings, tires along its gunwales, and a red container, is moving through choppy, turquoise water, creating"
flickr30k_retrieval_2000_seed2,qwen_prompt,qwen_prompt__flickr30k_retrieval_2000_seed2,observer_specific_supported,Observer Specific Supported,668,668,flickr30k_test_011391,"Three young women are seated together on a white wooden bench in an outdoor setting with green foliage in the background. The woman in the center, wearing a white sleeveless top, is smiling and appears to be speaking or listening intently, her hand resting on her knee. To her left, a woman in a blue polo"
flickr30k_retrieval_2000_seed2,qwen_prompt,qwen_prompt__flickr30k_retrieval_2000_seed2,observer_specific_supported,Observer Specific Supported,669,669,flickr30k_test_005691,"A diverse crowd of people, including children and adults, stands outdoors at what appears to be a public event or parade, many with their arms raised and looking upward in anticipation or excitement. In the foreground, a woman in a blue t-shirt holds a black bag and points upward, while a young boy in an orange shirt"
flickr30k_retrieval_2000_seed2,qwen_prompt,qwen_prompt__flickr30k_retrieval_2000_seed2,observer_specific_supported,Observer Specific Supported,670,670,flickr30k_test_024891,"A busy urban street scene under a partly cloudy sky, featuring a row of parked cars in the foreground, with a large white building bearing the “PROLOGY” sign and “СОГАЗ” branding visible in the background. Overhead, a network of power lines crisscrosses the frame, and traffic lights"
flickr30k_retrieval_2000_seed2,qwen_prompt,qwen_prompt__flickr30k_retrieval_2000_seed2,observer_specific_supported,Observer Specific Supported,671,671,flickr30k_test_024584,"A young man in a bright green long-sleeved shirt and dark pants is captured mid-stride, running with a focused expression across a grassy athletic field marked with white lines. Behind him, a group of spectators, many also wearing green, watches from the sidelines. The scene takes place outdoors on a partly cloudy"
flickr30k_retrieval_2000_seed2,qwen_prompt,qwen_prompt__flickr30k_retrieval_2000_seed2,observer_specific_supported,Observer Specific Supported,672,672,flickr30k_test_030753,"A cyclist in a red shirt with the number “20” on the back rides a bicycle down a tree-lined city street, passing pedestrians and parked cars. A green utility pole with peeling stickers and handwritten notes stands near a red stop sign, while a police officer on a motorcycle is visible in the background. The"
flickr30k_retrieval_2000_seed2,qwen_prompt,qwen_prompt__flickr30k_retrieval_2000_seed2,observer_specific_supported,Observer Specific Supported,673,673,flickr30k_test_025702,"A young woman with dark hair, wearing a green sleeveless top and carrying a brown shoulder bag, pedals a bicycle past a gray car in a busy urban street scene. Behind her, pedestrians—including a woman in a white top and pink skirt holding a plastic bag—walk along the sidewalk, while other people are visible in"
flickr30k_retrieval_2000_seed2,qwen_prompt,qwen_prompt__flickr30k_retrieval_2000_seed2,observer_specific_supported,Observer Specific Supported,674,674,flickr30k_test_013254,"A child rides a bicycle along a sun-dappled path in a tall, leafy forest, while another child sits on a stone bench nearby, both framed by the towering trunks of the trees."
flickr30k_retrieval_2000_seed2,qwen_prompt,qwen_prompt__flickr30k_retrieval_2000_seed2,observer_specific_supported,Observer Specific Supported,675,675,flickr30k_test_008365,"A woman with curly red hair, wearing a purple jacket and blue jeans, stands beside a saddled chestnut racehorse on a dirt track, holding its lead rope. The horse, outfitted with a bridle, saddle, and blue leg wraps, stands calmly as the woman appears to be preparing it or checking its"
flickr30k_retrieval_2000_seed2,qwen_prompt,qwen_prompt__flickr30k_retrieval_2000_seed2,observer_specific_supported,Observer Specific Supported,676,676,flickr30k_test_022118,"A person wearing a red shirt and a patterned cap raises their right hand in a peace sign gesture while standing on a crowded street, with tall buildings lining both sides under a clear blue sky."
flickr30k_retrieval_2000_seed2,qwen_prompt,qwen_prompt__flickr30k_retrieval_2000_seed2,observer_specific_supported,Observer Specific Supported,677,677,flickr30k_test_020484,"A woman with long brown hair, wearing a colorful floral crown of purple, pink, and orange blossoms, is seen in profile against a textured stone wall. She is dressed in a dark jacket and appears to be standing outdoors near a doorway or entrance."
flickr30k_retrieval_2000_seed2,qwen_prompt,qwen_prompt__flickr30k_retrieval_2000_seed2,observer_specific_supported,Observer Specific Supported,678,678,flickr30k_test_025802,"A man in a dark suit with a boutonniere and a woman in a black dress are seated at a dinner table, smiling and engaged in conversation, with a glass of water and a decorative glass vase with a white flower in front of them."
flickr30k_retrieval_2000_seed2,qwen_prompt,qwen_prompt__flickr30k_retrieval_2000_seed2,observer_specific_supported,Observer Specific Supported,679,679,flickr30k_test_027310,"A man in a dark shirt is seated on the driver’s bench of a bright yellow pedicab, resting his arm on the frame as he looks toward the camera. The pedicab, featuring a black canopy and a “City Tours” sticker, is parked on a city street beside another identical pedicab."
flickr30k_retrieval_2000_seed2,qwen_prompt,qwen_prompt__flickr30k_retrieval_2000_seed2,observer_specific_supported,Observer Specific Supported,680,680,flickr30k_test_028312,"A bare-chested man leaps dynamically from a rocky outcrop into the foamy, turquoise ocean, his arms outstretched and legs bent mid-air, as small cascades of water trickle down the rocks behind him under an overcast sky."
flickr30k_retrieval_2000_seed2,qwen_prompt,qwen_prompt__flickr30k_retrieval_2000_seed2,observer_specific_supported,Observer Specific Supported,681,681,flickr30k_test_004419,"A young boy in a yellow shirt and gray pants is crouching beside a shallow, muddy water puddle in a garden, carefully placing or tending to small green seedlings in the wet soil. His reflection is visible in the water, and the scene is bathed in bright, natural daylight."
flickr30k_retrieval_2000_seed2,qwen_prompt,qwen_prompt__flickr30k_retrieval_2000_seed2,observer_specific_supported,Observer Specific Supported,682,682,flickr30k_test_001772,"A group of people, including adults and children, are relaxing together on a grassy slope in a park, shaded by large trees. In the foreground, a man in a light green shirt sits with his legs crossed, while a young girl in a blue dress sits beside him, focused on a small object in her hands"
flickr30k_retrieval_2000_seed2,qwen_prompt,qwen_prompt__flickr30k_retrieval_2000_seed2,observer_specific_supported,Observer Specific Supported,683,683,flickr30k_test_005327,"Under a white canopy tent at what appears to be a Renaissance or medieval fair, a man in a black leather vest and cowboy hat stands with his back mostly to the camera, holding a mug. He has a visible tattoo on his left shoulder and is wearing black leather pants. Behind him, another man in a striped shirt"
flickr30k_retrieval_2000_seed2,qwen_prompt,qwen_prompt__flickr30k_retrieval_2000_seed2,observer_specific_supported,Observer Specific Supported,684,684,flickr30k_test_016367,"A shirtless man in bright red pants and black shoes is suspended horizontally, gripping a metal ladder with both hands as if climbing, while his legs dangle below him against the backdrop of a stone building with multiple windows. The ladder is propped against the wall, and the man’s body is parallel to the ground,"
flickr30k_retrieval_2000_seed2,qwen_prompt,qwen_prompt__flickr30k_retrieval_2000_seed2,observer_specific_supported,Observer Specific Supported,685,685,flickr30k_test_012506,"A young toddler with curly hair and wide eyes sits barefoot on a patterned rug, wearing a red-and-blue striped shirt with a bib featuring cartoon apples. The child holds a colorful teething toy and looks directly at the camera with an open mouth, appearing surprised or curious. Behind them, sheer curtains hang beside a"
flickr30k_retrieval_2000_seed2,qwen_prompt,qwen_prompt__flickr30k_retrieval_2000_seed2,observer_specific_supported,Observer Specific Supported,686,686,flickr30k_test_015225,"A man and a woman stand close together outdoors at dusk, their faces nearly touching as they gaze into each other’s eyes. The man, wearing a reddish-brown button-up shirt, has his right arm wrapped around the woman’s waist. The woman, dressed in a matching reddish-brown dress with ruch"
flickr30k_retrieval_2000_seed2,qwen_prompt,qwen_prompt__flickr30k_retrieval_2000_seed2,observer_specific_supported,Observer Specific Supported,687,687,flickr30k_test_022140,"A person with long dark hair and a visible tattoo on their left arm is bending over, adjusting or securing a large olive-green backpack. A bright blue jacket is draped over the top of the pack. The individual is wearing a light gray sleeveless shirt and blue jeans, and is standing in a sun-dappled,"
flickr30k_retrieval_2000_seed2,qwen_prompt,qwen_prompt__flickr30k_retrieval_2000_seed2,observer_specific_supported,Observer Specific Supported,688,688,flickr30k_test_009660,"A blue, open-frame dune buggy with large, knobby tires is actively climbing a steep, sandy dune under a partly cloudy sky. The vehicle’s rear wheels are angled upward, kicking up sand as it ascends, while a thin white tow rope extends from its rear, suggesting it is being pulled by an"
flickr30k_retrieval_2000_seed2,qwen_prompt,qwen_prompt__flickr30k_retrieval_2000_seed2,observer_specific_supported,Observer Specific Supported,689,689,flickr30k_test_005106,"A young woman, wearing a floral-patterned dress and a pink lace headscarf, is seated at a traditional wooden loom, actively weaving a colorful textile. Her hands guide the threads as she works, and a red basket filled with spools of thread and weaving tools rests on the floor beside her. The setting"
flickr30k_retrieval_2000_seed2,qwen_prompt,qwen_prompt__flickr30k_retrieval_2000_seed2,observer_specific_supported,Observer Specific Supported,690,690,flickr30k_test_000340,"A young person wearing a striped shirt, shorts, and a beanie is carefully ascending a steep, rocky cliff face using a rope and harness, with a vast, rolling green valley and scattered buildings visible in the background."
flickr30k_retrieval_2000_seed2,qwen_prompt,qwen_prompt__flickr30k_retrieval_2000_seed2,observer_specific_supported,Observer Specific Supported,691,691,flickr30k_test_009262,"A woman in athletic wear is jogging on a sidewalk beside a weathered concrete wall under a clear blue sky, with a green chain-link fence running along the top of the wall in the background."
flickr30k_retrieval_2000_seed2,qwen_prompt,qwen_prompt__flickr30k_retrieval_2000_seed2,observer_specific_supported,Observer Specific Supported,692,692,flickr30k_test_018265,"A skier in a bright lime-green jacket and white helmet carves down a steep, snow-covered slope, kicking up a spray of powder as they navigate the terrain. Their skis, angled sharply, cut through the fresh snow, and a backpack is visible on their back. The background reveals a forest of evergreen"
flickr30k_retrieval_2000_seed2,qwen_prompt,qwen_prompt__flickr30k_retrieval_2000_seed2,observer_specific_supported,Observer Specific Supported,693,693,flickr30k_test_015315,A worker is rappelling down the side of an unfinished concrete building under a bright blue sky with scattered white clouds.
flickr30k_retrieval_2000_seed2,qwen_prompt,qwen_prompt__flickr30k_retrieval_2000_seed2,observer_specific_supported,Observer Specific Supported,694,694,flickr30k_test_000059,"A cyclist in a red jacket rides a bicycle across a modern metal bridge, their motion slightly blurred, over a calm body of water that reflects the ambient light. Behind them, a contemporary building with a glass facade and a distinctive circular, glass-block structure stands in the background, suggesting an urban or waterfront setting."
flickr30k_retrieval_2000_seed2,qwen_prompt,qwen_prompt__flickr30k_retrieval_2000_seed2,observer_specific_supported,Observer Specific Supported,695,695,flickr30k_test_001114,"A person sits on a stoop in shadow, holding a phone to their ear and a piece of paper in their other hand, while sunlight illuminates the sidewalk and the blue-framed glass door of a building nearby."
flickr30k_retrieval_2000_seed2,qwen_prompt,qwen_prompt__flickr30k_retrieval_2000_seed2,observer_specific_supported,Observer Specific Supported,696,696,flickr30k_test_017629,"A group of four young boys in matching school uniforms—dark sweaters and grey trousers—are gathered near a brick wall, looking up at a plaque mounted on it. One boy is touching the wall near the plaque. Behind them, an adult man in a light blue shirt and red lanyard stands in the open doorway"
flickr30k_retrieval_2000_seed2,qwen_prompt,qwen_prompt__flickr30k_retrieval_2000_seed2,observer_specific_supported,Observer Specific Supported,697,697,flickr30k_test_027853,"Two martial artists in white gi uniforms are engaged in a sparring match on a red and blue padded floor; the fighter on the right, wearing a blue belt and red gloves, is being struck in the face by his opponent, who wears a red belt and is also wearing red gloves, while the fighter on the right"
flickr30k_retrieval_2000_seed2,qwen_prompt,qwen_prompt__flickr30k_retrieval_2000_seed2,observer_specific_supported,Observer Specific Supported,698,698,flickr30k_test_012528,"A dark-feathered bird, likely a black-crowned night heron, soars through a clear blue sky with its wings fully extended, carrying a bundle of green twigs and leaves in its beak, suggesting it is transporting nesting material. The background is softly blurred with green foliage, indicating the bird is flying"
flickr30k_retrieval_2000_seed2,qwen_prompt,qwen_prompt__flickr30k_retrieval_2000_seed2,observer_specific_supported,Observer Specific Supported,699,699,flickr30k_test_018491,"A group of students and an adult instructor are gathered around a wooden table in a sunlit, open-plan room, collaboratively working on papers and documents. The students, dressed in casual athletic wear, are leaning in closely, pointing and discussing the materials. One student in a white jersey with a black number “4”"
flickr30k_retrieval_2000_seed2,qwen_prompt,qwen_prompt__flickr30k_retrieval_2000_seed2,observer_specific_supported,Observer Specific Supported,700,700,flickr30k_test_014509,"Two women walk along a paved path beside a calm body of water, each carrying a plastic bag; the woman on the left wears a white tank top and pink pants, while the woman on the right wears a pink t-shirt and dark capri pants, both under the shade of lush green trees."
flickr30k_retrieval_2000_seed2,qwen_prompt,qwen_prompt__flickr30k_retrieval_2000_seed2,observer_specific_supported,Observer Specific Supported,701,701,flickr30k_test_006698,"A person wearing a blue cap and plaid shirt is using a yellow measuring tape to measure the interior height of a white, empty shelving unit. The unit is positioned on a metal rolling ladder, and the person is holding the tape measure vertically against the back wall of the unit. The scene is set in a room"
flickr30k_retrieval_2000_seed2,qwen_prompt,qwen_prompt__flickr30k_retrieval_2000_seed2,observer_specific_supported,Observer Specific Supported,702,702,flickr30k_test_028524,"A male basketball player in a blue and white uniform, number 7, leaps into the air to shoot a basketball, his arms extended upward. He is surrounded by three opposing players in white uniforms — one (number 14) attempts to block from the left, another (number 9, seen from behind)"
flickr30k_retrieval_2000_seed2,qwen_prompt,qwen_prompt__flickr30k_retrieval_2000_seed2,observer_specific_supported,Observer Specific Supported,703,703,flickr30k_test_022164,"A woman in a white dress crouches on the grass, holding a pink phone, while a group of people—including a man in a plaid shirt and a woman in a blue patterned dress—stand nearby, seemingly observing or waiting. A stroller is partially visible behind the crouching woman, and a"
flickr30k_retrieval_2000_seed2,qwen_prompt,qwen_prompt__flickr30k_retrieval_2000_seed2,observer_specific_supported,Observer Specific Supported,704,704,flickr30k_test_010106,"Two men are posing closely together for a photo at night in an urban setting, both smiling at the camera. The man on the left wears a black beanie, glasses, and a gray hoodie under a black jacket. The man on the right wears a patterned flat cap, a dark green sweater, and a black"
flickr30k_retrieval_2000_seed2,qwen_prompt,qwen_prompt__flickr30k_retrieval_2000_seed2,observer_specific_supported,Observer Specific Supported,705,705,flickr30k_test_016327,"Four people are seated on a weathered concrete embankment, fishing from the edge of a wide, calm river. They are positioned in a loose row, each with a fishing rod extending toward the water. In the background, a long bridge spans the river, and beyond it, a city skyline with modern high-rise"
flickr30k_retrieval_2000_seed2,qwen_prompt,qwen_prompt__flickr30k_retrieval_2000_seed2,observer_specific_supported,Observer Specific Supported,706,706,flickr30k_test_021268,"A person wearing a wide-brimmed hat, a yellow shirt, and jeans lies prone on a paved sidewalk, using a camera to take a low-angle photograph of the ground. Their head is close to the pavement, and their body is stretched out along the edge of the sidewalk, near the rear of a dark-colored"
flickr30k_retrieval_2000_seed2,qwen_prompt,qwen_prompt__flickr30k_retrieval_2000_seed2,observer_specific_supported,Observer Specific Supported,707,707,flickr30k_test_004370,"A woman in a light blue headscarf and striped apron sits cross-legged on a bustling market ground, surrounded by fresh produce including beets, leafy greens, and root vegetables, while holding a small bundle of goods; behind her, other shoppers and stacked sacks suggest a lively, open-air marketplace."
flickr30k_retrieval_2000_seed2,qwen_prompt,qwen_prompt__flickr30k_retrieval_2000_seed2,observer_specific_supported,Observer Specific Supported,708,708,flickr30k_test_015852,"A group of men are gathered around a green felt poker table, engaged in a card game. One player in a light gray shirt has his arms raised behind his head in a relaxed or contemplative pose, while another man in a white t-shirt sits with his hands clasped, looking forward. Several playing cards are laid"
flickr30k_retrieval_2000_seed2,qwen_prompt,qwen_prompt__flickr30k_retrieval_2000_seed2,observer_specific_supported,Observer Specific Supported,709,709,flickr30k_test_022597,"A group of people sits on sleek, modern bar stools along a long window ledge, gazing outward at a sprawling urban landscape with rivers and bridges visible below. Their relaxed postures and casual attire suggest they are enjoying a moment of quiet observation or socializing in a contemporary, high-rise setting."
flickr30k_retrieval_2000_seed2,qwen_prompt,qwen_prompt__flickr30k_retrieval_2000_seed2,observer_specific_supported,Observer Specific Supported,710,710,flickr30k_test_017647,"A man in a brown jacket walks away from the camera down a narrow, cobblestone alleyway, while another man in a light-colored suit stands facing him, holding a small object. The alley is flanked by weathered walls—one painted a faded yellow, the other a textured red—under a bright, sun"
flickr30k_retrieval_2000_seed2,qwen_prompt,qwen_prompt__flickr30k_retrieval_2000_seed2,observer_specific_supported,Observer Specific Supported,711,711,flickr30k_test_023301,"A man in a blue shirt and shorts sits on the sidewalk, leaning against a building’s corner, holding a phone to his ear. He is barefoot and appears to be in a moment of quiet concentration or conversation. Behind him, orange construction barriers line the walkway, and a green trash can sits near a sign"
flickr30k_retrieval_2000_seed2,qwen_prompt,qwen_prompt__flickr30k_retrieval_2000_seed2,observer_specific_supported,Observer Specific Supported,712,712,flickr30k_test_029972,"A man with long dreadlocks and dark sunglasses, wearing a bright blue button-up shirt and dark pants, is singing into a microphone while standing on a stage. He is smiling broadly and holding the microphone with his right hand. A black microphone stand is positioned in front of him, and part of a black audio equipment rack"
flickr30k_retrieval_2000_seed2,qwen_prompt,qwen_prompt__flickr30k_retrieval_2000_seed2,observer_specific_supported,Observer Specific Supported,713,713,flickr30k_test_009919,"A German Shepherd dog leaps through a black agility hoop during a competition, its body mid-air and focused on the course, while spectators—including a woman in sunglasses and a young girl—watch from behind a red-and-white striped barrier."
flickr30k_retrieval_2000_seed2,qwen_prompt,qwen_prompt__flickr30k_retrieval_2000_seed2,observer_specific_supported,Observer Specific Supported,714,714,flickr30k_test_002513,"Three men are gathered indoors on a patterned blanket on the floor, focused on a small, dark cake with pink writing that one man is carefully decorating with a utensil. The man in the center, wearing a plaid shirt, is leaning forward intently over the cake. To his left, another man in a"
flickr30k_retrieval_2000_seed2,qwen_prompt,qwen_prompt__flickr30k_retrieval_2000_seed2,observer_specific_supported,Observer Specific Supported,715,715,flickr30k_test_008453,"A woman with blonde hair and sunglasses perched on her head is carefully selecting produce from a vibrant, overflowing market stall, her hand reaching toward a leafy green vegetable. Beside her, a man with dark hair leans in, also examining the goods. Behind them, another woman in a white apron browses the"
flickr30k_retrieval_2000_seed2,qwen_prompt,qwen_prompt__flickr30k_retrieval_2000_seed2,observer_specific_supported,Observer Specific Supported,716,716,flickr30k_test_027012,"Under a canopy of blooming cherry blossoms, children play on a blue geodesic dome climbing structure in a fenced playground, while an adult in a purple shirt stands nearby, reaching up toward the frame."
flickr30k_retrieval_2000_seed2,qwen_prompt,qwen_prompt__flickr30k_retrieval_2000_seed2,observer_specific_supported,Observer Specific Supported,717,717,flickr30k_test_010258,"A black-and-white border collie, wearing a red collar, runs energetically through tall, dry grass while holding a green tennis ball in its mouth, with a blurred background of autumnal trees and a utility pole."
flickr30k_retrieval_2000_seed2,qwen_prompt,qwen_prompt__flickr30k_retrieval_2000_seed2,observer_specific_supported,Observer Specific Supported,718,718,flickr30k_test_009967,"Two people, one in a red top and white pants and the other in a green kimono, are walking across a wooden footbridge over a calm pond in a lush, landscaped garden. The bridge extends from the grassy foreground toward the water’s edge, where the reflection of the sky and surrounding trees is visible"
flickr30k_retrieval_2000_seed2,qwen_prompt,qwen_prompt__flickr30k_retrieval_2000_seed2,observer_specific_supported,Observer Specific Supported,719,719,flickr30k_test_010934,"A young child with blonde hair, seen from behind, sits on a red and yellow plastic toy truck in the foreground of a sandy, fenced play area. In the background, another small child in a light-colored shirt and dark pants stands near a wooden fence, looking toward the camera. The setting includes a grassy field"
flickr30k_retrieval_2000_seed2,qwen_prompt,qwen_prompt__flickr30k_retrieval_2000_seed2,observer_specific_supported,Observer Specific Supported,720,720,flickr30k_test_021178,"A woman with a backpack sits on a rocky cliff edge, gazing out at a vast, turquoise sea that curves around a rugged, green-hued peninsula under a cloudy sky."
flickr30k_retrieval_2000_seed2,qwen_prompt,qwen_prompt__flickr30k_retrieval_2000_seed2,observer_specific_supported,Observer Specific Supported,721,721,flickr30k_test_026078,"A man in a red shirt stands on a wooden pier, actively casting a long fishing rod over the water toward a distant bridge, while another person in a striped shirt stands nearby, also holding a fishing rod, suggesting they are both engaged in fishing together on a clear, sunny day."
flickr30k_retrieval_2000_seed2,qwen_prompt,qwen_prompt__flickr30k_retrieval_2000_seed2,observer_specific_supported,Observer Specific Supported,722,722,flickr30k_test_010229,"A female field hockey player in an orange uniform is crouched low on a green turf field, using her stick to strike a white ball with force, sending a spray of turf dust into the air as she executes a powerful shot."
flickr30k_retrieval_2000_seed2,qwen_prompt,qwen_prompt__flickr30k_retrieval_2000_seed2,observer_specific_supported,Observer Specific Supported,723,723,flickr30k_test_021410,"A large, jagged hole has opened up in a paved urban street, exposing dark earth and broken concrete, with a red pipe visible inside. Several workers in high-visibility vests and hard hats are gathered around the site, some standing on the sidewalk and others near a yellow excavator positioned nearby. A group of on"
flickr30k_retrieval_2000_seed2,qwen_prompt,qwen_prompt__flickr30k_retrieval_2000_seed2,observer_specific_supported,Observer Specific Supported,724,724,flickr30k_test_021062,"A vendor in a white chef’s coat stands behind a bustling, tiered stall overflowing with an abundant array of dried fruits, nuts, and confections, including large piles of dates, raisins, almonds, and candied fruits, all arranged for sale in a warmly lit, ornately decorated market stall."
flickr30k_retrieval_2000_seed2,qwen_prompt,qwen_prompt__flickr30k_retrieval_2000_seed2,observer_specific_supported,Observer Specific Supported,725,725,flickr30k_test_016976,"A hiker wearing a black cap, white sunglasses, and a patterned shirt with a blue bandana around her neck is ascending a steep, snow-covered mountain slope, her backpack visible on her shoulders. In the distance, two other figures can be seen trekking up the same snowy incline, their small silhou"
flickr30k_retrieval_2000_seed2,qwen_prompt,qwen_prompt__flickr30k_retrieval_2000_seed2,observer_specific_supported,Observer Specific Supported,726,726,flickr30k_test_027548,"A female volleyball player in a red and white jersey, wearing knee pads and athletic shoes, is in a ready stance on a wooden gym floor, focused on a volleyball in mid-air above her. Behind her, teammates and opponents in matching uniforms stand on red bleachers, observing the play. A male coach or staff member"
flickr30k_retrieval_2000_seed2,qwen_prompt,qwen_prompt__flickr30k_retrieval_2000_seed2,observer_specific_supported,Observer Specific Supported,727,727,flickr30k_test_030162,"A young girl in a black and red sports jersey reaches up to high-five a rugby player in a white jersey with red and black accents, who is smiling and reciprocating the gesture on a green grass field. The player’s jersey features sponsor logos including “EADS” and “PEUGEOT,” and he wears"
flickr30k_retrieval_2000_seed2,qwen_prompt,qwen_prompt__flickr30k_retrieval_2000_seed2,observer_specific_supported,Observer Specific Supported,728,728,flickr30k_test_003045,"A young person in a light blue tracksuit and cap is performing a high front kick on a sandy beach, their left leg extended upward and their right foot planted firmly on the ground, while wearing dark sandals."
flickr30k_retrieval_2000_seed2,qwen_prompt,qwen_prompt__flickr30k_retrieval_2000_seed2,observer_specific_supported,Observer Specific Supported,729,729,flickr30k_test_016661,"A man in a blue plaid hoodie and khaki shorts is bent over, carefully lining up a putt with a golf club on a miniature golf green. His target is a large, stylized penguin figure perched on a pedestal, positioned at the end of the narrow green lane. The scene is set at night"
flickr30k_retrieval_2000_seed2,qwen_prompt,qwen_prompt__flickr30k_retrieval_2000_seed2,observer_specific_supported,Observer Specific Supported,730,730,flickr30k_test_020752,"A woman in a blue tank top sits on a stone ledge beside a bright yellow tote bag, watching a black-and-white husky and a small tan dog interact on the pavement nearby; behind them, other people sit and walk on wide stone steps, with a bed of orange tulips and a black lamppost in"
flickr30k_retrieval_2000_seed2,qwen_prompt,qwen_prompt__flickr30k_retrieval_2000_seed2,observer_specific_supported,Observer Specific Supported,731,731,flickr30k_test_006901,"A red, vintage dump truck is actively unloading a load of earth or rubble onto a dirt road in a sun-drenched, narrow street flanked by terracotta-colored buildings with green-tiled roofs. A man in a light-colored shirt and dark pants walks past the truck’s front, while two other individuals —"
flickr30k_retrieval_2000_seed2,qwen_prompt,qwen_prompt__flickr30k_retrieval_2000_seed2,observer_specific_supported,Observer Specific Supported,732,732,flickr30k_test_012816,"Two cyclists ride side-by-side on a paved road, moving away from the camera; the cyclist on the left wears a black jacket and light-colored shorts, while the cyclist on the right wears a blue jacket, red shorts, and a helmet, both carrying backpacks. The background is blurred, indicating motion, with a"
flickr30k_retrieval_2000_seed2,qwen_prompt,qwen_prompt__flickr30k_retrieval_2000_seed2,observer_specific_supported,Observer Specific Supported,733,733,flickr30k_test_019536,"An artist, seen from behind, is painting a portrait of a muscular man on a canvas propped on an easel in a bustling city sidewalk. Pedestrians walk past, some glancing at the artwork, while the artist remains focused on his work. The scene is set against a backdrop of urban buildings and trees"
flickr30k_retrieval_2000_seed2,qwen_prompt,qwen_prompt__flickr30k_retrieval_2000_seed2,observer_specific_supported,Observer Specific Supported,734,734,flickr30k_test_017382,"A lone person in a red jacket and dark pants walks across a snow-covered slope at dusk, carrying a red shovel in their right hand. The sky above is filled with dramatic clouds tinged with pink and purple hues near the horizon, suggesting either sunrise or sunset. The terrain is rugged and partially snow-laden, with"
flickr30k_retrieval_2000_seed2,qwen_prompt,qwen_prompt__flickr30k_retrieval_2000_seed2,observer_specific_supported,Observer Specific Supported,735,735,flickr30k_test_027792,"A young boy with spiky, blue-dyed hair is brushing his teeth while holding a silver toothbrush in his right hand; he wears a blue and gray raglan shirt and is positioned in front of a dark blue wall with a towel rack and a hanging pot visible in the background."
flickr30k_retrieval_2000_seed2,qwen_prompt,qwen_prompt__flickr30k_retrieval_2000_seed2,observer_specific_supported,Observer Specific Supported,736,736,flickr30k_test_027883,"A cyclist in a vibrant pink and white racing suit, complete with a matching pink beanie and sunglasses, pedals a white road bike across a marked pedestrian crosswalk. The rider’s jersey and pants are adorned with the “Balestrieri” brand logo, and they are gripping the handlebars as they navigate a"
flickr30k_retrieval_2000_seed2,qwen_prompt,qwen_prompt__flickr30k_retrieval_2000_seed2,observer_specific_supported,Observer Specific Supported,737,737,flickr30k_test_004900,"A police officer, identifiable by the “POLICE” patch on their uniform, is seated inside a patrol vehicle, actively operating a mounted camera system. The camera, equipped with a microphone and a small screen, is positioned on a swivel mount in front of them, suggesting it is being used for documentation or recording."
flickr30k_retrieval_2000_seed2,qwen_prompt,qwen_prompt__flickr30k_retrieval_2000_seed2,observer_specific_supported,Observer Specific Supported,738,738,flickr30k_test_026144,"Under a wooden shelter with a snow-covered ground, a man in a blue puffer jacket and white beanie is leaning over a table, appearing to hand something to another man in a blue sweater and patterned knit hat who is reaching for it. The second man is holding a plate with food, possibly pizza, and"
flickr30k_retrieval_2000_seed2,qwen_prompt,qwen_prompt__flickr30k_retrieval_2000_seed2,observer_specific_supported,Observer Specific Supported,739,739,flickr30k_test_016537,"A young child in a red jacket sits atop a maroon rally car, holding a green tarpaulin over their head, as the vehicle navigates a paved track beside a silver sedan. The rally car, adorned with sponsor decals including “evidahost” and “ROLEX,” has a visible license plate"
flickr30k_retrieval_2000_seed2,qwen_prompt,qwen_prompt__flickr30k_retrieval_2000_seed2,observer_specific_supported,Observer Specific Supported,740,740,flickr30k_test_020605,"A person in a patterned sweater stands at a cluttered, steam-filled counter in a dimly lit, densely packed shop, reaching toward a steaming pot while a black cat sits calmly on the counter behind them, surrounded by shelves of clocks, bottles, and other eclectic items."
flickr30k_retrieval_2000_seed2,qwen_prompt,qwen_prompt__flickr30k_retrieval_2000_seed2,observer_specific_supported,Observer Specific Supported,741,741,flickr30k_test_002920,"A man wearing a helmet and sunglasses rides a black touring motorcycle down a sunlit residential street, with parked cars and palm trees visible in the background."
flickr30k_retrieval_2000_seed2,qwen_prompt,qwen_prompt__flickr30k_retrieval_2000_seed2,observer_specific_supported,Observer Specific Supported,742,742,flickr30k_test_010095,"A row of green-canopied pedicabs, each with a driver reclining barefoot in the passenger seat, is parked along a tree-lined sidewalk; the drivers appear to be resting or waiting for customers, with one pedicab prominently displaying the number “048” on its front fender."
flickr30k_retrieval_2000_seed2,qwen_prompt,qwen_prompt__flickr30k_retrieval_2000_seed2,observer_specific_supported,Observer Specific Supported,743,743,flickr30k_test_001342,"A group of four children, each carrying a blue plastic bag, walks away from the camera down a wet, reflective sidewalk, their backs to the viewer. They are accompanied by an adult woman in a pink shawl and jeans, who walks slightly ahead of them. To the left, another child in a purple coat walks"
flickr30k_retrieval_2000_seed2,qwen_prompt,qwen_prompt__flickr30k_retrieval_2000_seed2,observer_specific_supported,Observer Specific Supported,744,744,flickr30k_test_007632,"A group of people, including a woman in a green tank top and roller skates and another in a black T-shirt with a graphic on the back, are gathered on a paved surface, seemingly at a social event or gathering. The woman in green is wearing knee pads and has her hair in a braid, while"
flickr30k_retrieval_2000_seed2,qwen_prompt,qwen_prompt__flickr30k_retrieval_2000_seed2,observer_specific_supported,Observer Specific Supported,745,745,flickr30k_test_014992,"A person in a brown t-shirt and jeans is captured mid-air, arms outstretched in a dynamic leap, seemingly jumping off a mattress placed on a wooden boardwalk. The mattress, covered with a white sheet and a black cover, lies on the deck beside a blue metal railing. In the background, trees and"
flickr30k_retrieval_2000_seed2,qwen_prompt,qwen_prompt__flickr30k_retrieval_2000_seed2,observer_specific_supported,Observer Specific Supported,746,746,flickr30k_test_018392,"A young girl with shoulder-length brown hair is blowing a large, translucent bubble with bubble gum, her cheeks puffed out and eyes focused forward as the bubble expands just below her lips. She wears a pink and brown raglan-style shirt, and the plain, light-colored background keeps the focus entirely on her and the bubble"
flickr30k_retrieval_2000_seed2,qwen_prompt,qwen_prompt__flickr30k_retrieval_2000_seed2,observer_specific_supported,Observer Specific Supported,747,747,flickr30k_test_007605,"A sleek, dark greyhound with a white chest patch is captured mid-stride, running at full speed across a sunlit field of tall green grass and wildflowers. Its body is elongated and low to the ground, legs extended in motion, and its long tail trails behind as it moves with focused energy."
flickr30k_retrieval_2000_seed2,qwen_prompt,qwen_prompt__flickr30k_retrieval_2000_seed2,observer_specific_supported,Observer Specific Supported,748,748,flickr30k_test_017125,"A group of hikers with backpacks walks along a wooden boardwalk through a coastal dune landscape under a clear blue sky, heading toward a grassy hillside."
flickr30k_retrieval_2000_seed2,qwen_prompt,qwen_prompt__flickr30k_retrieval_2000_seed2,observer_specific_supported,Observer Specific Supported,749,749,flickr30k_test_009092,"In a dynamic moment of a rugby match, a bald player in a red jersey with “McGee” on the chest is crouched low, firmly gripping a white and black rugby ball, as he prepares to make a play. He is surrounded by teammates and opponents in matching red jerseys, all engaged in a"
flickr30k_retrieval_2000_seed2,qwen_prompt,qwen_prompt__flickr30k_retrieval_2000_seed2,observer_specific_supported,Observer Specific Supported,750,750,flickr30k_test_002007,"A young man with dark, shoulder-length hair and a light blue long-sleeved shirt is seated at a table, intently writing in a notebook with a yellow pencil. He wears a thin chain necklace and is leaning forward, focused on his work. To his right, a clear plastic water bottle with a red label"
flickr30k_retrieval_2000_seed2,qwen_prompt,qwen_prompt__flickr30k_retrieval_2000_seed2,observer_specific_supported,Observer Specific Supported,751,751,flickr30k_test_003667,"A young girl in a bright pink winter jacket, purple snow pants, and a red-and-black knit hat walks along a gravel path, her left foot lifted mid-stride. She wears blue mittens and black boots, and her blonde hair peeks out from under her hat. The background consists of dry grass and bare"
flickr30k_retrieval_2000_seed2,qwen_prompt,qwen_prompt__flickr30k_retrieval_2000_seed2,observer_specific_supported,Observer Specific Supported,752,752,flickr30k_test_003668,"A man in a striped shirt stands on a coastal road, gazing out at the ocean where waves break against rocky shores; beside him, another person in a red shirt is partially visible, and a white pickup truck is parked nearby on the paved shoulder."
flickr30k_retrieval_2000_seed2,qwen_prompt,qwen_prompt__flickr30k_retrieval_2000_seed2,observer_specific_supported,Observer Specific Supported,753,753,flickr30k_test_022130,"A man in a pink shirt and dark vest stands on a wooden pedestrian bridge, holding a blue microphone and smiling toward the camera. Behind him, other pedestrians walk along the bridge’s path, and the structure’s black metal railings line both sides. Across the water below, a light-colored building with windows and a small"
flickr30k_retrieval_2000_seed2,qwen_prompt,qwen_prompt__flickr30k_retrieval_2000_seed2,observer_specific_supported,Observer Specific Supported,754,754,flickr30k_test_026824,"In an outdoor arena enclosed by a green mesh fence, two men are engaged in a dynamic, physical altercation on a concrete floor. One man, wearing a dark blue t-shirt and jeans, is on his back, while the other, in a dark shirt and jeans, is on top of him, appearing to grapple"
flickr30k_retrieval_2000_seed2,qwen_prompt,qwen_prompt__flickr30k_retrieval_2000_seed2,observer_specific_supported,Observer Specific Supported,755,755,flickr30k_test_025801,"A young boy with dark hair, wearing red, white, and blue floral swim trunks, is captured mid-air as he jumps into a swimming pool, his right arm raised holding a bright yellow tennis ball. The pool water is a clear turquoise, and the scene is set outdoors beside a stone wall, with patio furniture"
flickr30k_retrieval_2000_seed2,qwen_prompt,qwen_prompt__flickr30k_retrieval_2000_seed2,observer_specific_supported,Observer Specific Supported,756,756,flickr30k_test_012426,"A woman in a dark, floral-patterned top and white gloves balances a clear glass fishbowl on her head while holding a white flower near her face, with historic buildings visible in the background under an overcast sky."
flickr30k_retrieval_2000_seed2,qwen_prompt,qwen_prompt__flickr30k_retrieval_2000_seed2,observer_specific_supported,Observer Specific Supported,757,757,flickr30k_test_028068,"On a grassy field beside a parked car, a group of people are engaged in a playful activity involving large, colorful exercise balls. In the foreground, a woman in a gray hoodie and black pants sits atop a red ball, smiling broadly. To her left, two other participants—one in a black and white tracksuit"
flickr30k_retrieval_2000_seed2,qwen_prompt,qwen_prompt__flickr30k_retrieval_2000_seed2,observer_specific_supported,Observer Specific Supported,758,758,flickr30k_test_011947,"Two children, seen from behind, walk along a paved sidewalk beside a textured stone wall, each carrying a bright yellow backpack with red accents and a red logo. The child on the left wears a yellow cap and light-colored pants, while the child on the right wears a dark cap and darker pants. Bare-branched"
flickr30k_retrieval_2000_seed2,qwen_prompt,qwen_prompt__flickr30k_retrieval_2000_seed2,observer_specific_supported,Observer Specific Supported,759,759,flickr30k_test_007003,"A group of people, including a woman in a green shirt and white cap, a man in a blue jacket and cap holding a snack, and another person in a red hoodie, are gathered outdoors on a dirt path near picnic tables, engaged in conversation. Other individuals are visible in the background, some wearing athletic attire,"
flickr30k_retrieval_2000_seed2,qwen_prompt,qwen_prompt__flickr30k_retrieval_2000_seed2,observer_specific_supported,Observer Specific Supported,760,760,flickr30k_test_010433,"A young female gymnast in a black and red leotard is actively performing on the uneven bars, gripping the high bar with both hands as she executes a maneuver. A coach or spotter, wearing a white t-shirt, stands beside her, closely observing and ready to assist. The scene takes place in an indoor"
flickr30k_retrieval_2000_seed2,qwen_prompt,qwen_prompt__flickr30k_retrieval_2000_seed2,observer_specific_supported,Observer Specific Supported,761,761,flickr30k_test_011668,"A young child with light hair, wearing a yellow shirt, peers through a colorful, rain-splattered window of a painted structure, pressing their hands to their head in a gesture of playful surprise or delight."
flickr30k_retrieval_2000_seed2,qwen_prompt,qwen_prompt__flickr30k_retrieval_2000_seed2,observer_specific_supported,Observer Specific Supported,762,762,flickr30k_test_002535,"A man with tattoos on his left arm stands in the open doorway of a video rental store, holding a long, black baton or stick. He is wearing a white tank top and blue jeans, and appears to be looking toward the right side of the frame. Behind him, a metal shelving unit holds rows of"
flickr30k_retrieval_2000_seed2,qwen_prompt,qwen_prompt__flickr30k_retrieval_2000_seed2,observer_specific_supported,Observer Specific Supported,763,763,flickr30k_test_010967,"A young boy and girl are embracing warmly outdoors on a dirt slope, with the boy playfully covering the girl’s face with his hand as she smiles broadly at the camera. The girl wears a white shirt and green pants, while the boy is in a yellow-and-white striped shirt with black sleeves and white pants. Behind"
flickr30k_retrieval_2000_seed2,qwen_prompt,qwen_prompt__flickr30k_retrieval_2000_seed2,observer_specific_supported,Observer Specific Supported,764,764,flickr30k_test_014987,"A man and a woman are posing closely together for a photo outdoors, with the man’s arm wrapped around the woman’s shoulder. The man, wearing a dark sweater over a white collared shirt, smiles broadly at the camera. The woman, with shoulder-length brown hair and bangs, looks slightly away from the camera"
flickr30k_retrieval_2000_seed2,qwen_prompt,qwen_prompt__flickr30k_retrieval_2000_seed2,observer_specific_supported,Observer Specific Supported,765,765,flickr30k_test_011884,"A dark-colored horse with a white blaze on its face is captured mid-stride, galloping powerfully across a sandy riding arena. Its front legs are lifted off the ground, kicking up small clouds of dust, while its mane flows backward with the motion. In the background, a wooden fence encloses the arena"
flickr30k_retrieval_2000_seed2,qwen_prompt,qwen_prompt__flickr30k_retrieval_2000_seed2,observer_specific_supported,Observer Specific Supported,766,766,flickr30k_test_005455,"Two greyhounds are in mid-stride on a grassy field, with one leaping forward in a dynamic, airborne pose while the other runs closely behind, both displaying the lean, athletic build characteristic of the breed. A wire fence is visible in the background, suggesting an enclosed training or racing area."
flickr30k_retrieval_2000_seed2,qwen_prompt,qwen_prompt__flickr30k_retrieval_2000_seed2,observer_specific_supported,Observer Specific Supported,767,767,flickr30k_test_016304,"Two women stand behind a chain-link fence, one holding a phone to her ear and the other holding a phone in her hand, while two men sit on a concrete barrier in the foreground, one wearing a red shirt and a baseball cap, the other in a gray t-shirt with a Harley-Davidson logo, both"
flickr30k_retrieval_2000_seed2,qwen_prompt,qwen_prompt__flickr30k_retrieval_2000_seed2,observer_specific_supported,Observer Specific Supported,768,768,flickr30k_test_014483,"A skateboarder performs a mid-air trick, inverted with their body and board, against a dusky sky above a concrete skatepark. The rider, wearing a helmet and dark clothing, is suspended above the edge of a ramp, with the bike’s wheels and frame clearly visible in the air. The scene is framed by"
flickr30k_retrieval_2000_seed2,qwen_prompt,qwen_prompt__flickr30k_retrieval_2000_seed2,observer_specific_supported,Observer Specific Supported,769,769,flickr30k_test_028488,"A man and a woman are smiling warmly while holding a baby in a grassy park, with trees softly blurred in the background."
flickr30k_retrieval_2000_seed2,qwen_prompt,qwen_prompt__flickr30k_retrieval_2000_seed2,observer_specific_supported,Observer Specific Supported,770,770,flickr30k_test_009567,"A motorcyclist in red and white gear performs a wheelie on a dirt path through a dry, golden grassy field under an overcast sky, with a small group of spectators visible in the distance on the hilltop."
flickr30k_retrieval_2000_seed2,qwen_prompt,qwen_prompt__flickr30k_retrieval_2000_seed2,observer_specific_supported,Observer Specific Supported,771,771,flickr30k_test_015108,"A young girl in a red dress leans in to whisper a secret into the ear of a smaller child wearing a red-and-white checkered top and white pants, both barefoot and seated on stone steps in a sunlit garden."
flickr30k_retrieval_2000_seed2,qwen_prompt,qwen_prompt__flickr30k_retrieval_2000_seed2,observer_specific_supported,Observer Specific Supported,772,772,flickr30k_test_029313,"A group of men in black martial arts uniforms are gathered on a grassy lawn in front of traditional European-style buildings with red-tiled roofs, with one man in the center demonstrating a technique while others watch attentively."
flickr30k_retrieval_2000_seed2,qwen_prompt,qwen_prompt__flickr30k_retrieval_2000_seed2,observer_specific_supported,Observer Specific Supported,773,773,flickr30k_test_004386,"A woman with long brown hair, wearing a black top and a bracelet, is carefully styling the hair of another woman with blonde, wavy hair, who is seated and facing away from the camera. The scene takes place indoors against a warm orange wall, with a framed floral print of red roses hanging on the wall behind"
flickr30k_retrieval_2000_seed2,qwen_prompt,qwen_prompt__flickr30k_retrieval_2000_seed2,observer_specific_supported,Observer Specific Supported,774,774,flickr30k_test_030203,"A dental hygienist, wearing a white coat, gloves, and a face mask, is attending to an older male patient reclined in a dental chair. The patient, with his head resting on a cushioned headrest, has his eyes closed and appears relaxed or asleep. The hygienist is gently holding the"
flickr30k_retrieval_2000_seed2,qwen_prompt,qwen_prompt__flickr30k_retrieval_2000_seed2,observer_specific_supported,Observer Specific Supported,775,775,flickr30k_test_023543,"A tattoo artist, wearing white gloves, carefully operates a tattoo machine to apply ink to a client’s forearm, which already bears a partially completed tattoo with red and black designs. The artist’s hand grips the machine’s handle, while the other hand steadies the skin, and the machine’s needle is encased in a"
flickr30k_retrieval_2000_seed2,qwen_prompt,qwen_prompt__flickr30k_retrieval_2000_seed2,observer_specific_supported,Observer Specific Supported,776,776,flickr30k_test_020959,"A woman with long dark hair and a visible tattoo on her left arm stands beside a dark-colored car, holding a bright pink cup. She is seen in profile, looking toward the right side of the frame, with a second, reddish vehicle partially visible behind her. The scene appears to be an urban street, captured"
flickr30k_retrieval_2000_seed2,qwen_prompt,qwen_prompt__flickr30k_retrieval_2000_seed2,observer_specific_supported,Observer Specific Supported,777,777,flickr30k_test_007074,"A group of children, many wearing yellow shirts and some in colorful costumes, are joyfully raising their hands in unison during an outdoor celebration, with festive triangular flags strung overhead and adults watching from the foreground."
flickr30k_retrieval_2000_seed2,qwen_prompt,qwen_prompt__flickr30k_retrieval_2000_seed2,observer_specific_supported,Observer Specific Supported,778,778,flickr30k_test_030462,"In an indoor volleyball match, a player in a light blue jersey (number 4) leaps to block a yellow and blue volleyball as it crosses the net, while a player in a black and white jersey (number 12) attempts to spike it from the opposing side. The scene is framed by the net,"
flickr30k_retrieval_2000_seed2,qwen_prompt,qwen_prompt__flickr30k_retrieval_2000_seed2,observer_specific_supported,Observer Specific Supported,779,779,flickr30k_test_008946,"A man in a black helmet and protective riding gear is seated on a vintage black motorcycle with a sidecar, smiling as he rides along a paved road bordered by green foliage. Inside the sidecar, a golden retriever wearing sunglasses rests comfortably, its head tilted slightly as it gazes forward. The scene suggests a leisure"
flickr30k_retrieval_2000_seed2,qwen_prompt,qwen_prompt__flickr30k_retrieval_2000_seed2,observer_specific_supported,Observer Specific Supported,780,780,flickr30k_test_010689,"A fluffy white poodle puppy is captured mid-stride, running energetically across a sandy beach, its shadow stretching long behind it under bright sunlight."
flickr30k_retrieval_2000_seed2,qwen_prompt,qwen_prompt__flickr30k_retrieval_2000_seed2,observer_specific_supported,Observer Specific Supported,781,781,flickr30k_test_005209,"A young woman with her hair in a bun, wearing a black t-shirt with a logo, is crouched on the floor, intently writing in a red-bordered notebook. Behind her, another young woman with blonde hair tied back, wearing a red hoodie, sits on a wooden rocking chair, partially obscured by a"
flickr30k_retrieval_2000_seed2,qwen_prompt,qwen_prompt__flickr30k_retrieval_2000_seed2,observer_specific_supported,Observer Specific Supported,782,782,flickr30k_test_003262,"Two men stand near the rear of a white semi-trailer truck, conversing beside a chain-link fence in front of a large industrial complex featuring silos and metal structures. A red stop sign is visible near the fence, and a dark vehicle is parked further back in the dusty lot. The scene suggests a work or"
flickr30k_retrieval_2000_seed2,qwen_prompt,qwen_prompt__flickr30k_retrieval_2000_seed2,observer_specific_supported,Observer Specific Supported,783,783,flickr30k_test_029088,"During a basketball game, a Chicago Bulls player (wearing jersey #1) dribbles the ball while being closely guarded by an Atlanta Hawks player (wearing jersey #0). Both athletes are in motion on the court, with the Bulls player leaning forward in an offensive stance and the Hawks player maintaining a defensive posture."
flickr30k_retrieval_2000_seed2,qwen_prompt,qwen_prompt__flickr30k_retrieval_2000_seed2,observer_specific_supported,Observer Specific Supported,784,784,flickr30k_test_007793,"A person sits hunched on a speckled concrete sidewalk, head bowed and hands clasped over their face, near a plain gray wall. A small white object rests beside them on the ground."
flickr30k_retrieval_2000_seed2,qwen_prompt,qwen_prompt__flickr30k_retrieval_2000_seed2,observer_specific_supported,Observer Specific Supported,785,785,flickr30k_test_015364,"A child in a blue shirt and plaid shorts performs a handstand on a grassy lawn in front of a brick house, with a blue and green collapsible play tunnel nearby. Two other children stand on the porch in the background, observing."
flickr30k_retrieval_2000_seed2,qwen_prompt,qwen_prompt__flickr30k_retrieval_2000_seed2,observer_specific_supported,Observer Specific Supported,786,786,flickr30k_test_006211,"A crowd of people, mostly men in casual attire, stands behind a metal barrier on a city street corner, appearing to wait or gather near a tram stop. In the background, a red double-decker bus is visible on the road, and a tram track runs along the pavement. The scene is set in an urban"
flickr30k_retrieval_2000_seed2,qwen_prompt,qwen_prompt__flickr30k_retrieval_2000_seed2,observer_specific_supported,Observer Specific Supported,787,787,flickr30k_test_024652,"In a well-lit, lived-in kitchen, two women are engaged in household chores. One woman, wearing a pink shirt, stands near the sink, while the other, in an orange shirt, leans over an open dishwasher, appearing to load or unload dishes. The dishwasher is partially filled with clean items, including plates"
flickr30k_retrieval_2000_seed2,qwen_prompt,qwen_prompt__flickr30k_retrieval_2000_seed2,observer_specific_supported,Observer Specific Supported,788,788,flickr30k_test_022232,"A performer in a vibrant, elaborate costume—featuring a towering fruit-and-flower headdress, red gloves, and a black fan—smiles brightly while holding a red-and-white patterned umbrella, suggesting participation in a festive or theatrical event."
flickr30k_retrieval_2000_seed2,qwen_prompt,qwen_prompt__flickr30k_retrieval_2000_seed2,observer_specific_supported,Observer Specific Supported,789,789,flickr30k_test_027728,"A scuba diver in full gear, including a yellow and black mask and a ""Suquacqua"" branded wetsuit, stands on a boat with one hand on their hip, looking toward the camera. The diver is equipped with a large, round headlamp and a yellow hose connected to their gear. Behind"
flickr30k_retrieval_2000_seed2,qwen_prompt,qwen_prompt__flickr30k_retrieval_2000_seed2,observer_specific_supported,Observer Specific Supported,790,790,flickr30k_test_012248,"A mountain biker wearing a blue and white jersey, helmet, and goggles, with race number 24 visible on their chest, navigates a steep, rocky trail through a dense, sun-dappled forest. They are leaning into a turn on their bike, which has thick tires suited for rugged terrain. The"
flickr30k_retrieval_2000_seed2,qwen_prompt,qwen_prompt__flickr30k_retrieval_2000_seed2,observer_specific_supported,Observer Specific Supported,791,791,flickr30k_test_006073,"A young boy in a green shirt and blue cap is crouched on a cluttered workshop floor, intently focused on assembling or repairing a small electronic device, surrounded by scattered tools, wires, and discarded computer parts. Nearby, another child in a striped shirt is also engaged with a piece of equipment, while an"
flickr30k_retrieval_2000_seed2,qwen_prompt,qwen_prompt__flickr30k_retrieval_2000_seed2,observer_specific_supported,Observer Specific Supported,792,792,flickr30k_test_004595,"A baby with a chubby face and wide, curious eyes sits in a high chair, holding a colorful activity toy with red, green, and yellow beads, looking directly at the camera with a slightly puckered mouth."
flickr30k_retrieval_2000_seed2,qwen_prompt,qwen_prompt__flickr30k_retrieval_2000_seed2,observer_specific_supported,Observer Specific Supported,793,793,flickr30k_test_026053,"On a calm, overcast day, several people are fishing from a weathered, wooden riverbank that slopes into still water. In the foreground, a fisherman in a dark jacket and cap stands near the water’s edge, casting a long rod. Behind him, others are seated or standing along the bank, some"
flickr30k_retrieval_2000_seed2,qwen_prompt,qwen_prompt__flickr30k_retrieval_2000_seed2,observer_specific_supported,Observer Specific Supported,794,794,flickr30k_test_004436,"A snowboarder in a patterned jacket and goggles is airborne against a clear blue sky, executing a jump with one arm extended for balance, while snow sprays from the board as it arcs over a snowy slope."
flickr30k_retrieval_2000_seed2,qwen_prompt,qwen_prompt__flickr30k_retrieval_2000_seed2,observer_specific_supported,Observer Specific Supported,795,795,flickr30k_test_007640,"A musician with short dark hair and glasses, wearing a brown shirt, is playing an acoustic guitar while singing into a microphone positioned in the foreground. In the softly blurred background, another band member in a yellow shirt is seated behind a drum kit, suggesting a live rehearsal or performance in a small indoor space with wooden flooring and"
flickr30k_retrieval_2000_seed2,qwen_prompt,qwen_prompt__flickr30k_retrieval_2000_seed2,observer_specific_supported,Observer Specific Supported,796,796,flickr30k_test_008802,"A tricolor Australian Shepherd, with black, white, and tan markings, is running across a grassy field while firmly holding a white frisbee with a blue paw print logo in its mouth. The dog’s focused expression and forward motion suggest it is actively engaged in a game or training session. In the background,"
flickr30k_retrieval_2000_seed2,qwen_prompt,qwen_prompt__flickr30k_retrieval_2000_seed2,observer_specific_supported,Observer Specific Supported,797,797,flickr30k_test_026494,"A man wearing a white t-shirt and camouflage pants stands on a small white boat, carefully handling a piece of red fish on a white cutting board. He is positioned near the boat’s steering wheel and engine controls, with a blue and orange life vest hanging nearby. Several brown pelicans swim calmly in the greenish water"
flickr30k_retrieval_2000_seed2,qwen_prompt,qwen_prompt__flickr30k_retrieval_2000_seed2,observer_specific_supported,Observer Specific Supported,798,798,flickr30k_test_018042,"A skateboarder in a white hoodie and dark pants is captured mid-air, performing a trick near a steep brick wall at night. Streetlights in the background cast a warm glow on the wet pavement below, while the dark sky forms a stark contrast to the illuminated scene."
flickr30k_retrieval_2000_seed2,qwen_prompt,qwen_prompt__flickr30k_retrieval_2000_seed2,observer_specific_supported,Observer Specific Supported,799,799,flickr30k_test_020739,"A young woman with long dark hair, wearing a white t-shirt and black leggings, stands beside a silver bicycle, holding a camera up to her eye as if taking a photograph. Behind her is a large green-framed map sign for “Stanley Park,” featuring a detailed map and trail information, with the “White"
flickr30k_retrieval_2000_seed2,qwen_prompt,qwen_prompt__flickr30k_retrieval_2000_seed2,observer_specific_supported,Observer Specific Supported,800,800,flickr30k_test_012386,"Two men are seated on a sandy beach, each absorbed in reading a newspaper, with a large, textured rock in the foreground partially obscuring the view. The man in the foreground wears a green sweater and glasses, while the man behind him, in a dark shirt, looks down at his own paper. The setting appears"
flickr30k_retrieval_2000_seed2,qwen_prompt,qwen_prompt__flickr30k_retrieval_2000_seed2,observer_specific_supported,Observer Specific Supported,801,801,flickr30k_test_013115,"A rodeo rider, wearing a cowboy hat and protective vest, is mounted on a bucking brown horse inside a dirt arena, as spectators watch from behind a railing. The horse is mid-buck, lifting its front legs and twisting its body, while the rider holds on tightly. A banner in the background reads “"
flickr30k_retrieval_2000_seed2,qwen_prompt,qwen_prompt__flickr30k_retrieval_2000_seed2,observer_specific_supported,Observer Specific Supported,802,802,flickr30k_test_026492,"On a stage with textured, metallic-looking backdrops, four dancers — two women in bright yellow, ruffled dresses and two men in matching yellow tops and light-colored pants — perform a synchronized, expressive dance. The women wear floral headpieces and their dresses have decorative appliqués; one woman is captured mid-motion with"
flickr30k_retrieval_2000_seed2,qwen_prompt,qwen_prompt__flickr30k_retrieval_2000_seed2,observer_specific_supported,Observer Specific Supported,803,803,flickr30k_test_026985,"In a brightly lit school gymnasium, a group of young girls in matching yellow costumes and hats are performing a choreographed dance routine on a wooden floor. They are being led and guided by an adult woman in a white shirt and black pants, who stands near them with her hands outstretched, appearing to direct"
flickr30k_retrieval_2000_seed2,qwen_prompt,qwen_prompt__flickr30k_retrieval_2000_seed2,observer_specific_supported,Observer Specific Supported,804,804,flickr30k_test_024556,"A woman with shoulder-length brown hair, wearing a black cardigan over a white top and a yellow headband, sits outdoors in a park-like setting, gazing thoughtfully to her right. Beside her rests a disposable coffee cup with a straw, suggesting she is taking a break or enjoying a beverage. The background"
flickr30k_retrieval_2000_seed2,qwen_prompt,qwen_prompt__flickr30k_retrieval_2000_seed2,observer_specific_supported,Observer Specific Supported,805,805,flickr30k_test_011214,"A man wearing a black cap, dark jacket, and a purple apron leans casually against a stainless steel railing inside what appears to be a café or food service area, with a pink cloth hanging nearby and a glass display case to his left."
flickr30k_retrieval_2000_seed2,qwen_prompt,qwen_prompt__flickr30k_retrieval_2000_seed2,observer_specific_supported,Observer Specific Supported,806,806,flickr30k_test_009199,"Two Irish Setter dogs are actively playing in a grassy field; one is running with its mouth open, while the other is sitting and looking up, both appearing engaged and energetic. Behind them, a line of trees and a fence marks the field’s boundary."
flickr30k_retrieval_2000_seed2,qwen_prompt,qwen_prompt__flickr30k_retrieval_2000_seed2,observer_specific_supported,Observer Specific Supported,807,807,flickr30k_test_028789,"A soccer player wearing a green ""Betclic"" training vest and black shorts with the number 32 is dribbling a yellow and blue soccer ball on a grass field during a training session. Another player in a similar green vest is partially visible in the foreground, while a coach or staff member in a black jacket"
flickr30k_retrieval_2000_seed2,qwen_prompt,qwen_prompt__flickr30k_retrieval_2000_seed2,observer_specific_supported,Observer Specific Supported,808,808,flickr30k_test_023595,"At night, under bright artificial lights, several people sit along the edge of a large, still, green-tinted reflecting pool in front of a classical-style building with tall windows and decorative wall reliefs. The pool’s surface mirrors the building and lights, while graffiti is visible on the walls behind it. The scene"
flickr30k_retrieval_2000_seed2,qwen_prompt,qwen_prompt__flickr30k_retrieval_2000_seed2,observer_specific_supported,Observer Specific Supported,809,809,flickr30k_test_030340,"A female ceremonial guard, dressed in a formal dark blue uniform with white gloves and a distinctive tall, plumed helmet, sits atop a brown horse. She holds a tall staff topped with a blue and gold flag, and her gaze is directed forward with a composed, serious expression. The horse is outfitted with a br"
flickr30k_retrieval_2000_seed2,qwen_prompt,qwen_prompt__flickr30k_retrieval_2000_seed2,observer_specific_supported,Observer Specific Supported,810,810,flickr30k_test_019500,"A woman in a dark coat and brown boots walks briskly on a wet city sidewalk, holding a large maroon umbrella to shield herself from rain. She carries a pink handbag and appears focused on her path. Behind her, two other pedestrians — one in a gray coat and another in a dark jacket — also navigate"
flickr30k_retrieval_2000_seed2,qwen_prompt,qwen_prompt__flickr30k_retrieval_2000_seed2,observer_specific_supported,Observer Specific Supported,811,811,flickr30k_test_016469,"A person wearing a yellow helmet and safety harness is suspended mid-air on a zip line, gripping the cable with both hands while seated on a pulley system, surrounded by lush green trees under a bright sky."
flickr30k_retrieval_2000_seed2,qwen_prompt,qwen_prompt__flickr30k_retrieval_2000_seed2,observer_specific_supported,Observer Specific Supported,812,812,flickr30k_test_019033,"A young man wearing a navy blue baseball cap and a white graphic t-shirt sits on a chain-link fence, holding a cigarette to his lips as if in the act of smoking. He is dressed in blue jeans and appears to be outdoors, with a blurred green background suggesting a park or field. His gaze is directed slightly"
flickr30k_retrieval_2000_seed2,qwen_prompt,qwen_prompt__flickr30k_retrieval_2000_seed2,observer_specific_supported,Observer Specific Supported,813,813,flickr30k_test_022609,"A person wearing a black hoodie and an orange backpack sits on a concrete curb, intently focused on a small object in their hands, possibly a phone. The curb, which forms part of a sidewalk, is marked with the words “MOOSE RVS” written in white chalk or paint. The surrounding pavement shows signs"
flickr30k_retrieval_2000_seed2,qwen_prompt,qwen_prompt__flickr30k_retrieval_2000_seed2,observer_specific_supported,Observer Specific Supported,814,814,flickr30k_test_023989,"Under a bright blue canopy, a DJ in a blue shirt and green sunglasses operates a professional turntable setup, her hand adjusting controls. Beside her, a person in a yellow costume with a large, puffy yellow hat and a red nose appears to be eating or gesturing with a small object. Both are positioned"
flickr30k_retrieval_2000_seed2,qwen_prompt,qwen_prompt__flickr30k_retrieval_2000_seed2,observer_specific_supported,Observer Specific Supported,815,815,flickr30k_test_010501,"A groom, blindfolded and kneeling on a wooden dance floor, is being presented with a bouquet by his bride, who is seated on a chair beside him. The bride, wearing a white dress, holds the bouquet as she smiles at him. Behind them, a group of guests—including a woman taking a photo with"
flickr30k_retrieval_2000_seed2,qwen_prompt,qwen_prompt__flickr30k_retrieval_2000_seed2,observer_specific_supported,Observer Specific Supported,816,816,flickr30k_test_024332,"A woman with long brown hair, wearing a black leather dress and tall black boots, stands at a market stall covered with a pink cloth, intently examining a display of colorful, hand-painted wooden figurines arranged in wooden crates. Behind her, a black board holds rows of small, dangling earrings, and above,"
flickr30k_retrieval_2000_seed2,qwen_prompt,qwen_prompt__flickr30k_retrieval_2000_seed2,observer_specific_supported,Observer Specific Supported,817,817,flickr30k_test_013088,"A lacrosse player in a white and purple uniform, wearing a helmet and gloves, runs across a green turf field while holding a lacrosse stick, with another player in a similar uniform closely following behind."
flickr30k_retrieval_2000_seed2,qwen_prompt,qwen_prompt__flickr30k_retrieval_2000_seed2,observer_specific_supported,Observer Specific Supported,818,818,flickr30k_test_024608,"An elderly man with deeply wrinkled skin and a weathered expression sits patiently, wearing a wide-brimmed, woven conical hat with a green trim and a light-colored, patterned shirt. His hands, also marked by age, rest in his lap as he gazes thoughtfully toward the side. Behind him"
flickr30k_retrieval_2000_seed2,qwen_prompt,qwen_prompt__flickr30k_retrieval_2000_seed2,observer_specific_supported,Observer Specific Supported,819,819,flickr30k_test_023390,"A man with a mustache and a black beret stands on a sidewalk, holding a yellow acoustic guitar, seemingly performing or waiting to play. He wears a brown cardigan over a gray shirt, gray pants, and brown shoes. A small, brown bucket with a white cloth inside sits on the pavement near his feet"
flickr30k_retrieval_2000_seed2,qwen_prompt,qwen_prompt__flickr30k_retrieval_2000_seed2,observer_specific_supported,Observer Specific Supported,820,820,flickr30k_test_028485,"A rider in a red shirt and helmet maneuvers a muddy, dusty quad bike across a gravel path, kicking up a large cloud of brown dust behind them as they accelerate through a rural, green landscape."
flickr30k_retrieval_2000_seed2,qwen_prompt,qwen_prompt__flickr30k_retrieval_2000_seed2,observer_specific_supported,Observer Specific Supported,821,821,flickr30k_test_023085,"At a formal event, a man in a dark suit stands at a wooden podium adorned with an AMC logo, speaking into a microphone. To his left, another man in a suit holds an American flag on a pole, standing at attention. Behind them, a large projection screen displays the logo and tagline for “AM"
flickr30k_retrieval_2000_seed2,qwen_prompt,qwen_prompt__flickr30k_retrieval_2000_seed2,observer_specific_supported,Observer Specific Supported,822,822,flickr30k_test_030656,"A man with a mustache, wearing a gray sweater and scarf, stands in a densely packed, cluttered shop, holding an open, red-bound book or ledger. He looks directly at the camera with a slight smile. The background is filled with hanging and stacked items, including framed photographs, textiles, woven baskets,"
flickr30k_retrieval_2000_seed2,qwen_prompt,qwen_prompt__flickr30k_retrieval_2000_seed2,observer_specific_supported,Observer Specific Supported,823,823,flickr30k_test_020714,"A man in a dark suit walks past a graffiti mural on a weathered wall, while a woman in a red jacket and patterned scarf strides by, carrying a bag and wearing tall boots. The mural depicts a stylized figure holding a spray can, seemingly painting the iconic “I ❤️ NY” sign, which"
flickr30k_retrieval_2000_seed2,qwen_prompt,qwen_prompt__flickr30k_retrieval_2000_seed2,observer_specific_supported,Observer Specific Supported,824,824,flickr30k_test_024691,"A person with short dark hair, wearing a light-colored knit sweater and a beaded necklace, stands with their back to the camera, gazing out at a calm, rippling body of water under a dim, dusky sky. The shoreline in the distance is softly blurred, suggesting a quiet, contemplative moment at"
flickr30k_retrieval_2000_seed2,qwen_prompt,qwen_prompt__flickr30k_retrieval_2000_seed2,observer_specific_supported,Observer Specific Supported,825,825,flickr30k_test_023473,"A group of young women walk together along a wide, paved pedestrian plaza, their casual attire and relaxed postures suggesting a leisurely stroll. In the background, modern multi-story buildings with large windows and brick facades line the open space, while a few other pedestrians are visible further down the walkway. The scene is"
flickr30k_retrieval_2000_seed2,qwen_prompt,qwen_prompt__flickr30k_retrieval_2000_seed2,observer_specific_supported,Observer Specific Supported,826,826,flickr30k_test_009555,"A matador in a colorful yellow and black suit stands poised in a sunlit bullring, arms raised in a defensive posture as a powerful black bull charges toward him, kicking up dust from the sandy arena floor. Spectators watch intently from the tiered seating behind a red barrier, their attention fixed on the unfolding"
flickr30k_retrieval_2000_seed2,qwen_prompt,qwen_prompt__flickr30k_retrieval_2000_seed2,observer_specific_supported,Observer Specific Supported,827,827,flickr30k_test_017430,"A football player in a white and yellow uniform is being tackled by a defender in a blue and gold uniform near the 10-yard line on a sunny day, while other players in blue and gold run toward the play."
flickr30k_retrieval_2000_seed2,qwen_prompt,qwen_prompt__flickr30k_retrieval_2000_seed2,observer_specific_supported,Observer Specific Supported,828,828,flickr30k_test_020397,"A young girl in a colorful striped swimsuit is captured mid-air as she jumps into the shallow, murky water of a beach, her arms outstretched and legs bent, creating a splash beneath her."
flickr30k_retrieval_2000_seed2,qwen_prompt,qwen_prompt__flickr30k_retrieval_2000_seed2,observer_specific_supported,Observer Specific Supported,829,829,flickr30k_test_020872,"A mountain biker, wearing a helmet and a white shirt, is airborne above a large, reddish-brown dirt jump, having launched off the ramp. The bike is mid-flight, with its wheels angled slightly downward. The scene is set in a wooded area with tall, slender trees surrounding the jump. In the"
flickr30k_retrieval_2000_seed2,qwen_prompt,qwen_prompt__flickr30k_retrieval_2000_seed2,observer_specific_supported,Observer Specific Supported,830,830,flickr30k_test_021976,"Two young boys are walking side-by-side along a white line painted on an asphalt surface, each holding a tennis racket; the boy in the foreground wears a white shirt and shorts, while the boy behind him wears a dark tank top and shorts, and both are wearing athletic shoes. They are moving past a red brick wall"
flickr30k_retrieval_2000_seed2,qwen_prompt,qwen_prompt__flickr30k_retrieval_2000_seed2,observer_specific_supported,Observer Specific Supported,831,831,flickr30k_test_002381,"A kayaker wearing a helmet and a blue shirt with a visible logo is actively paddling through turbulent, whitewater rapids, gripping a wooden paddle as they maneuver their red kayak through the churning, frothy water."
flickr30k_retrieval_2000_seed2,qwen_prompt,qwen_prompt__flickr30k_retrieval_2000_seed2,observer_specific_supported,Observer Specific Supported,832,832,flickr30k_test_012040,"Two women are posing for a photo in front of the Ghirardelli Square building, with the large “Ghirardelli” sign visible above them. The woman on the left wears a gray zip-up hoodie and glasses, while the woman on the right, wearing a black jacket and a white scarf, has her"
flickr30k_retrieval_2000_seed2,qwen_prompt,qwen_prompt__flickr30k_retrieval_2000_seed2,observer_specific_supported,Observer Specific Supported,833,833,flickr30k_test_010111,"At night in a bustling urban district, a woman stands beside a yellow taxi cab, holding a phone to her ear as she looks toward the camera. Behind her, the street is filled with moving vehicles, including another taxi and a red car, under the glow of bright neon signs and streetlights. The scene is framed"
flickr30k_retrieval_2000_seed2,qwen_prompt,qwen_prompt__flickr30k_retrieval_2000_seed2,observer_specific_supported,Observer Specific Supported,834,834,flickr30k_test_012949,"A worker in an orange safety vest and hard hat is crouched on a dark, tiled floor, intensely focused on operating a large, complex piece of machinery that appears to be a tunnel boring machine or similar heavy-duty construction equipment. The scene is illuminated by a bright, focused light source mounted on the machine, casting"
flickr30k_retrieval_2000_seed2,qwen_prompt,qwen_prompt__flickr30k_retrieval_2000_seed2,observer_specific_supported,Observer Specific Supported,835,835,flickr30k_test_015859,"A man in a light gray shirt and jeans stands beside a maroon pickup truck, appearing to adjust or inspect something near the driver’s side door. The truck is parked in front of a chain-link fence, behind which a building under construction is visible, featuring a metal frame and vertical siding panels. A small green tree"
flickr30k_retrieval_2000_seed2,qwen_prompt,qwen_prompt__flickr30k_retrieval_2000_seed2,observer_specific_supported,Observer Specific Supported,836,836,flickr30k_test_005727,"A person wearing a blue shirt and light-colored pants is sweeping a stone-paved street with a red broom, standing near a dark, weathered stone wall."
flickr30k_retrieval_2000_seed2,qwen_prompt,qwen_prompt__flickr30k_retrieval_2000_seed2,observer_specific_supported,Observer Specific Supported,837,837,flickr30k_test_008451,"A person in a dark coat stands on a subway platform, holding and reading a newspaper, while a train streaks past in the background, its motion blurred into a warm orange blur. Other commuters are visible further down the platform, and a white ticket machine stands nearby. The scene is lit by overhead fluorescent lights, capturing"
flickr30k_retrieval_2000_seed2,qwen_prompt,qwen_prompt__flickr30k_retrieval_2000_seed2,observer_specific_supported,Observer Specific Supported,838,838,flickr30k_test_029534,"A young woman with long, wavy hair and a green cap stands outdoors at a sunny, colorful event, actively painting a large, abstract canvas that features swirling hues of orange, blue, and purple. She wears denim shorts and a tank top, and holds a paintbrush in her right hand, applying paint to the"
flickr30k_retrieval_2000_seed2,qwen_prompt,qwen_prompt__flickr30k_retrieval_2000_seed2,observer_specific_supported,Observer Specific Supported,839,839,flickr30k_test_011599,"Three people are seated at a wooden table in a casual dining setting, engaged in lively conversation. On the left, a man with curly hair and glasses, wearing a dark jacket over a brown shirt, gestures with his right hand while smiling. In the center, a woman with short dark hair and a gray-and-black top"
flickr30k_retrieval_2000_seed2,qwen_prompt,qwen_prompt__flickr30k_retrieval_2000_seed2,observer_specific_supported,Observer Specific Supported,840,840,flickr30k_test_014441,"A woman with long blonde hair, dressed in a form-fitting red uniform, is carefully wiping the polished metal fuselage of a large aircraft with a white cloth. Her back is to the camera, and she is focused on cleaning the surface near a red safety strap and a small access panel. The aircraft’s metallic body"
flickr30k_retrieval_2000_seed2,qwen_prompt,qwen_prompt__flickr30k_retrieval_2000_seed2,observer_specific_supported,Observer Specific Supported,841,841,flickr30k_test_015618,"A woman with dark, wavy hair and sunglasses is captured mid-air, joyfully jumping with her arms outstretched and legs bent, above a weathered wooden pier. She wears a white tank top and a patterned, flowing skirt. Below her, the deep blue ocean stretches to the horizon under a vast,"
flickr30k_retrieval_2000_seed2,qwen_prompt,qwen_prompt__flickr30k_retrieval_2000_seed2,observer_specific_supported,Observer Specific Supported,842,842,flickr30k_test_002873,"A young boy with dark hair, wearing bright blue and red swim goggles, is smiling and looking up while swimming in shallow, sunlit water. Another child, seen from behind and partially submerged, is nearby in the water."
flickr30k_retrieval_2000_seed2,qwen_prompt,qwen_prompt__flickr30k_retrieval_2000_seed2,observer_specific_supported,Observer Specific Supported,843,843,flickr30k_test_030261,"A cyclist in a blue and black racing kit leans forward on his bike, navigating a paved road marked with white lane lines and directional arrows, as he passes a crowd of spectators gathered behind a blue barrier. A Dutch flag waves prominently in the foreground, and a red and white banner with “2016” is"
flickr30k_retrieval_2000_seed2,qwen_prompt,qwen_prompt__flickr30k_retrieval_2000_seed2,observer_specific_supported,Observer Specific Supported,844,844,flickr30k_test_006109,"Two men are seated on the grass under leafy trees, engaged in playing musical instruments. The man on the left, wearing a yellow headband and a yellow shirt, is strumming a guitar. The man on the right, with blue-dyed hair and beard and also wearing a yellow shirt, is playing"
flickr30k_retrieval_2000_seed2,qwen_prompt,qwen_prompt__flickr30k_retrieval_2000_seed2,observer_specific_supported,Observer Specific Supported,845,845,flickr30k_test_010317,"A woman with vibrant, multicolored hair and glittery face paint is playfully applying white face paint to another woman’s cheek using a small brush, while a third person in a red shirt watches closely. The scene suggests a lighthearted, festive activity, possibly a costume party or themed event, with"
flickr30k_retrieval_2000_seed2,qwen_prompt,qwen_prompt__flickr30k_retrieval_2000_seed2,observer_specific_supported,Observer Specific Supported,846,846,flickr30k_test_012419,"A person in a colorful tie-dye jacket and gray pants leans against a dark wall, looking down at a phone in their hand, while a bright yellow-painted metal post stands prominently at the corner of a beige building on a city sidewalk."
flickr30k_retrieval_2000_seed2,qwen_prompt,qwen_prompt__flickr30k_retrieval_2000_seed2,observer_specific_supported,Observer Specific Supported,847,847,flickr30k_test_004163,"A large group of performers in vibrant blue costumes with red headpieces and sashes are engaged in a synchronized dance or parade, moving in unison with arms raised. Many hold small hand drums, and some carry large, round red objects that resemble ceremonial hats or shields. The scene is set outdoors under bright daylight, with"
flickr30k_retrieval_2000_seed2,qwen_prompt,qwen_prompt__flickr30k_retrieval_2000_seed2,observer_specific_supported,Observer Specific Supported,848,848,flickr30k_test_000918,"Two hikers, one wearing a yellow backpack, are walking down a steep, rocky trail on a sunlit mountainside, casting long shadows on the gravelly path beside a sparse stand of evergreen trees."
flickr30k_retrieval_2000_seed2,qwen_prompt,qwen_prompt__flickr30k_retrieval_2000_seed2,observer_specific_supported,Observer Specific Supported,849,849,flickr30k_test_003416,"A group of seven female dancers performs a synchronized routine on a stage with a starry black backdrop. They are dressed in casual, colorful athletic wear—tank tops in pink, red, teal, and white, paired with leggings or capris—and are captured mid-movement, with arms raised and legs extended in a dynamic"
flickr30k_retrieval_2000_seed2,qwen_prompt,qwen_prompt__flickr30k_retrieval_2000_seed2,observer_specific_supported,Observer Specific Supported,850,850,flickr30k_test_005475,"In a crowded, sunlit stadium, a football player in a red jersey and helmet is being tackled by two opponents in white jerseys with purple pants. The player in red is mid-air, clutching the football, while the player in white jersey number 6 is lunging at him from the side, and another player"
flickr30k_retrieval_2000_seed2,qwen_prompt,qwen_prompt__flickr30k_retrieval_2000_seed2,observer_specific_supported,Observer Specific Supported,851,851,flickr30k_test_011769,"A woman in a teal dress and a man in a gray shirt are posed closely together against a black background, suggesting a dance or performance. The woman, with curly hair and a bright smile, has one arm raised and her hand resting on her hip, while the man, with his eyes closed, leans his head against"
flickr30k_retrieval_2000_seed2,qwen_prompt,qwen_prompt__flickr30k_retrieval_2000_seed2,observer_specific_supported,Observer Specific Supported,852,852,flickr30k_test_002524,"A woman wearing a red hat and a light-colored dress sits alone on a bright green, curved bench in a modern urban plaza, her gaze directed downward as she holds a small object in her hands. The bench forms a continuous, looping structure around a central paved area with a purple-painted border, and behind her,"
flickr30k_retrieval_2000_seed2,qwen_prompt,qwen_prompt__flickr30k_retrieval_2000_seed2,observer_specific_supported,Observer Specific Supported,853,853,flickr30k_test_030069,"A small child in a bright yellow life vest walks barefoot across a sandy beach, carrying a colorful blue boogie board with fish and dolphin graphics over their shoulder. In the background, other beachgoers are relaxing on towels, with one person lying on their back and another partially visible nearby. The scene suggests a sunny"
flickr30k_retrieval_2000_seed2,qwen_prompt,qwen_prompt__flickr30k_retrieval_2000_seed2,observer_specific_supported,Observer Specific Supported,854,854,flickr30k_test_028783,"A skier in a black and yellow jacket and beige pants is airborne, executing a jump while holding ski poles, with snow spraying from their skis against a clear blue sky. Below, a snow-covered slope dotted with evergreen trees stretches into the distance."
flickr30k_retrieval_2000_seed2,qwen_prompt,qwen_prompt__flickr30k_retrieval_2000_seed2,observer_specific_supported,Observer Specific Supported,855,855,flickr30k_test_028940,"A monk in a red robe is sweeping a hexagonal cobblestone courtyard with a broom, his back to the camera, as he moves methodically across the paved ground."
flickr30k_retrieval_2000_seed2,qwen_prompt,qwen_prompt__flickr30k_retrieval_2000_seed2,observer_specific_supported,Observer Specific Supported,856,856,flickr30k_test_023997,"A group of six men are standing on a moving walkway in a modern airport terminal, posing for a photo. The man on the far left, wearing a plaid shirt and cargo shorts, is smiling at the camera. Behind him, five other men are grouped together, some holding bags, and they appear to be"
flickr30k_retrieval_2000_seed2,qwen_prompt,qwen_prompt__flickr30k_retrieval_2000_seed2,observer_specific_supported,Observer Specific Supported,857,857,flickr30k_test_024954,"A group of formally dressed guests stands in a line against the stone facade of a historic building, likely at a wedding or formal outdoor event. From left to right: an older gentleman in a dark suit and red bow tie holds a drink; beside him, a woman in a white dress and wide-brimmed hat stands"
flickr30k_retrieval_2000_seed2,qwen_prompt,qwen_prompt__flickr30k_retrieval_2000_seed2,observer_specific_supported,Observer Specific Supported,858,858,flickr30k_test_021356,"A man in a checkered shirt and jeans, and a woman in a blue dress and black heels, stand close together near a building’s entrance, with the man’s arm around the woman’s waist as they appear to be about to enter or have just exited. A black purse hangs from the woman’s shoulder, and"
flickr30k_retrieval_2000_seed2,qwen_prompt,qwen_prompt__flickr30k_retrieval_2000_seed2,observer_specific_supported,Observer Specific Supported,859,859,flickr30k_test_014300,"A couple sits on a wooden park bench, viewed from behind, both wearing matching blue jackets. They are holding a cluster of purple balloons, each decorated with a white star-like emblem, which float above them. Bare tree branches frame the scene in the foreground, while a tall, multi-story building stands in the background under"
flickr30k_retrieval_2000_seed2,qwen_prompt,qwen_prompt__flickr30k_retrieval_2000_seed2,observer_specific_supported,Observer Specific Supported,860,860,flickr30k_test_000274,"A young girl with curly hair, wearing a patterned swimsuit, leaps joyfully into the air just above the shoreline, her arms outstretched as small waves roll in behind her on a sandy beach."
flickr30k_retrieval_2000_seed2,qwen_prompt,qwen_prompt__flickr30k_retrieval_2000_seed2,observer_specific_supported,Observer Specific Supported,861,861,flickr30k_test_017782,"A young boy in a white jersey and green shorts is focused on a colorful soccer ball on a grassy field, preparing to kick it."
flickr30k_retrieval_2000_seed2,qwen_prompt,qwen_prompt__flickr30k_retrieval_2000_seed2,observer_specific_supported,Observer Specific Supported,862,862,flickr30k_test_010498,"A bride and groom stand close together on a wet wooden pier, the bride in a white lace gown holding a bouquet of pink and white flowers, while the groom in a dark suit leans against a blue pole beside her. Behind them, a row of benches lines the pier, and a forested hillside with scattered houses"
flickr30k_retrieval_2000_seed2,qwen_prompt,qwen_prompt__flickr30k_retrieval_2000_seed2,observer_specific_supported,Observer Specific Supported,863,863,flickr30k_test_007758,"Two Australian rules football players are airborne, competing for a red football, with one player in a purple and white jersey leaping to intercept it while the other, in a blue and yellow striped jersey, attempts to secure possession. The scene unfolds on a grassy field in front of a building with a white picket fence"
flickr30k_retrieval_2000_seed2,qwen_prompt,qwen_prompt__flickr30k_retrieval_2000_seed2,observer_specific_supported,Observer Specific Supported,864,864,flickr30k_test_027035,"A young woman with her hair in a bun, wearing a blue long-sleeved top and black leggings, is captured mid-movement in a dance studio. She is in a low, grounded pose on one knee, with her other leg extended and her right arm reaching upward, while her left hand rests on the floor"
flickr30k_retrieval_2000_seed2,qwen_prompt,qwen_prompt__flickr30k_retrieval_2000_seed2,observer_specific_supported,Observer Specific Supported,865,865,flickr30k_test_027313,"A motorcyclist in a red and black racing suit and helmet is performing a wheelie on a yellow and black stunt bike, balancing the vehicle upright on its rear wheel while the front wheel is lifted high into the air. The bike, which has visible branding including “NEW” and “HONDA,” is angled"
flickr30k_retrieval_2000_seed2,qwen_prompt,qwen_prompt__flickr30k_retrieval_2000_seed2,observer_specific_supported,Observer Specific Supported,866,866,flickr30k_test_019485,"Two people are attending to a small tiger cub lying on its back on the ground, with one person gently holding its paw while the other leans over, appearing to monitor or assist. Medical equipment, including a blue oxygen mask, a handheld thermometer, and various wires and tubes, is laid out nearby, suggesting the cub is"
flickr30k_retrieval_2000_seed2,qwen_prompt,qwen_prompt__flickr30k_retrieval_2000_seed2,observer_specific_supported,Observer Specific Supported,867,867,flickr30k_test_012776,"Two men in high-visibility vests are actively shoveling a pile of gravel or crushed stone, with one man holding a shovel and the other guiding a red-handled rake or similar tool. A red-and-white striped barrier tape stretches across the foreground, partially obscuring the scene and suggesting an area under construction or restricted"
flickr30k_retrieval_2000_seed2,qwen_prompt,qwen_prompt__flickr30k_retrieval_2000_seed2,observer_specific_supported,Observer Specific Supported,868,868,flickr30k_test_017732,"A man with glasses and a beard, wearing a black shirt, is seated at a cluttered office desk, carefully handling a yellow envelope. He appears to be sorting or organizing mail, with his hands positioned over the envelope and a stack of papers. The desk is filled with various items including a red box, a cardboard"
flickr30k_retrieval_2000_seed2,qwen_prompt,qwen_prompt__flickr30k_retrieval_2000_seed2,observer_specific_supported,Observer Specific Supported,869,869,flickr30k_test_009327,"Two construction workers in high-visibility vests and hard hats are seated in folding chairs behind a metal barricade, reading newspapers during a quiet evening on a city street. Behind them, a brick building with ornate architectural details and illuminated signage stands, while parked cars and bicycles line the curb. The scene suggests a pause in"
flickr30k_retrieval_2000_seed2,qwen_prompt,qwen_prompt__flickr30k_retrieval_2000_seed2,observer_specific_supported,Observer Specific Supported,870,870,flickr30k_test_020899,"A woman sits on the ground in a busy urban plaza, holding a light blue umbrella and surrounded by her belongings — a large pink bundle, a red suitcase, and a black backpack — while pedestrians walk past her in various directions."
flickr30k_retrieval_2000_seed2,qwen_prompt,qwen_prompt__flickr30k_retrieval_2000_seed2,observer_specific_supported,Observer Specific Supported,871,871,flickr30k_test_029514,"A dense crowd of people is gathered on a wooden stage, actively dancing and moving to music at an outdoor concert. On the left, a large stage structure with a transparent roof is equipped with numerous professional lighting rigs and speakers, and a large screen displays a close-up of a performer. A musician in a purple outfit is"
flickr30k_retrieval_2000_seed2,qwen_prompt,qwen_prompt__flickr30k_retrieval_2000_seed2,observer_specific_supported,Observer Specific Supported,872,872,flickr30k_test_004934,"A young woman in a bright lime-green top, plaid skirt, and neon green tights walks forward with a confident stride, her right foot lifted mid-step. She is part of a group of people gathered on a paved sidewalk in front of a stone building with a wooden door. Other individuals, including a man in"
flickr30k_retrieval_2000_seed2,qwen_prompt,qwen_prompt__flickr30k_retrieval_2000_seed2,observer_specific_supported,Observer Specific Supported,873,873,flickr30k_test_010366,"A boatman in a blue uniform stands at the stern of a wooden rowboat, using a long pole to navigate the calm waters of a lake. The boat, covered by a simple canopy and a tarp, carries a passenger seated beneath it. The surrounding forest on the far bank displays vibrant autumn foliage in shades of"
flickr30k_retrieval_2000_seed2,qwen_prompt,qwen_prompt__flickr30k_retrieval_2000_seed2,observer_specific_supported,Observer Specific Supported,874,874,flickr30k_test_006623,"A group of men stands in silhouette against a dramatic, cloudy sky at either dawn or dusk, their forms dark and detailed only by the backlighting. Among them, one man in a red shirt appears to be speaking or gesturing toward others, while another, partially obscured, holds a small object—possibly a ball—"
flickr30k_retrieval_2000_seed2,qwen_prompt,qwen_prompt__flickr30k_retrieval_2000_seed2,observer_specific_supported,Observer Specific Supported,875,875,flickr30k_test_030348,"A swimmer wearing a white cap and dark goggles executes a powerful freestyle stroke, arms extended overhead as water splashes dramatically around them in a competitive pool. Another swimmer is partially visible in the background, also mid-stroke, indicating an active race or training session."
flickr30k_retrieval_2000_seed2,qwen_prompt,qwen_prompt__flickr30k_retrieval_2000_seed2,observer_specific_supported,Observer Specific Supported,876,876,flickr30k_test_016333,"A man in a black hat and sleeveless shirt is carefully adjusting the white netting of a handmade, conical tent structure, using a stick for support, in an outdoor, wooded area."
flickr30k_retrieval_2000_seed2,qwen_prompt,qwen_prompt__flickr30k_retrieval_2000_seed2,observer_specific_supported,Observer Specific Supported,877,877,flickr30k_test_003114,"At night, a man in a dark jacket and jeans walks past a food cart, his hand extended as if reaching for or gesturing toward a vendor. The vendor, wearing a light-colored shirt and a scarf, stands behind the cart, also reaching out with both hands toward the man. The cart displays several trays of"
flickr30k_retrieval_2000_seed2,qwen_prompt,qwen_prompt__flickr30k_retrieval_2000_seed2,observer_specific_supported,Observer Specific Supported,878,878,flickr30k_test_004659,"A female tennis player, dressed in a light blue athletic outfit and cap, is captured mid-swing, striking a yellow tennis ball with her racket. Her focused expression and dynamic posture indicate she is executing a forehand shot on a clay court, with a green wall and a partially visible “TOYOTA” advertisement in"
flickr30k_retrieval_2000_seed2,qwen_prompt,qwen_prompt__flickr30k_retrieval_2000_seed2,observer_specific_supported,Observer Specific Supported,879,879,flickr30k_test_025686,"A performer with a red headwrap and black outfit is on stage, holding a microphone and gesturing with their hand near their face, while a second person sits behind a table with a laptop, appearing to be managing the event or providing support."
flickr30k_retrieval_2000_seed2,qwen_prompt,qwen_prompt__flickr30k_retrieval_2000_seed2,observer_specific_supported,Observer Specific Supported,880,880,flickr30k_test_006695,"A person is using metal tongs to turn skewers of colorful vegetables—yellow squash, green bell peppers, and white onions—on a hot, black charcoal grill. Beside the vegetables, two pieces of grilled meat and a large, charred slab of ribs rest on the grill grates, indicating an active barbecue"
flickr30k_retrieval_2000_seed2,qwen_prompt,qwen_prompt__flickr30k_retrieval_2000_seed2,observer_specific_supported,Observer Specific Supported,881,881,flickr30k_test_010857,"In a dimly lit indoor space, a group of people, many in costume, are gathered around a central microphone stand. A bald man in a dark vest and bow tie stands at the mic, holding papers and appearing to speak or perform. To his right, a man with long white hair and a beard, wearing"
flickr30k_retrieval_2000_seed2,qwen_prompt,qwen_prompt__flickr30k_retrieval_2000_seed2,observer_specific_supported,Observer Specific Supported,882,882,flickr30k_test_008224,"A young girl with light brown hair and a pink headband sticks her tongue out playfully at the camera, wearing a pink t-shirt with a graphic print, while standing outdoors in bright sunlight with lush green foliage behind her."
flickr30k_retrieval_2000_seed2,qwen_prompt,qwen_prompt__flickr30k_retrieval_2000_seed2,observer_specific_supported,Observer Specific Supported,883,883,flickr30k_test_004632,"A woman with short blonde hair, wearing an orange hoodie, is paddling a canoe on a calm river, accompanied by a golden retriever sitting calmly beside her. The river reflects the partly cloudy sky and the lush, tree-covered hills that flank the waterway, suggesting a peaceful, natural setting."
flickr30k_retrieval_2000_seed2,qwen_prompt,qwen_prompt__flickr30k_retrieval_2000_seed2,observer_specific_supported,Observer Specific Supported,884,884,flickr30k_test_013775,"An older man with gray hair and a beard, wearing a denim jacket over a striped shirt, sits on a folding chair on a stone sidewalk, carefully painting a small wooden plaque with a brush. Beside him, a white board holds a partially completed design, and a collection of paint bottles, brushes, and a small"
flickr30k_retrieval_2000_seed2,qwen_prompt,qwen_prompt__flickr30k_retrieval_2000_seed2,observer_specific_supported,Observer Specific Supported,885,885,flickr30k_test_011809,"A tree surgeon in a bright green safety vest and hard hat is perched in the bucket of a white aerial lift, actively cutting a large, leafless tree trunk that has been partially felled and is now leaning at an angle. The tree’s bark is rough and textured, with several cleanly cut sections visible along its"
flickr30k_retrieval_2000_seed2,qwen_prompt,qwen_prompt__flickr30k_retrieval_2000_seed2,observer_specific_supported,Observer Specific Supported,886,886,flickr30k_test_008197,"A street food vendor, wearing a plaid shirt, is preparing and serving food from a stainless steel cart, while a customer waits nearby. On the counter, there are trays of steamed buns, a metal bowl, a large plastic water bottle, and a white mug. The vendor is handling a black bag,"
flickr30k_retrieval_2000_seed2,qwen_prompt,qwen_prompt__flickr30k_retrieval_2000_seed2,observer_specific_supported,Observer Specific Supported,887,887,flickr30k_test_011229,"A young woman with dark hair, wearing a red short-sleeved top, is seated and playing a large, ornate harp. Her hands are positioned on the strings, suggesting she is actively performing or practicing. In front of her is a black music stand holding sheet music. The setting appears to be a decorated"
flickr30k_retrieval_2000_seed2,qwen_prompt,qwen_prompt__flickr30k_retrieval_2000_seed2,observer_specific_supported,Observer Specific Supported,888,888,flickr30k_test_006144,"Three young girls in matching lace-up dresses stand together on a warmly lit, narrow street at night, smiling brightly at the camera. Their joyful expressions and posed stances suggest they are enjoying a festive or celebratory moment, possibly during a cultural event or costume gathering. The background shows a weathered building and a few other"
flickr30k_retrieval_2000_seed2,qwen_prompt,qwen_prompt__flickr30k_retrieval_2000_seed2,observer_specific_supported,Observer Specific Supported,889,889,flickr30k_test_008076,"On a weathered wooden deck overlooking a grassy field and a distant building, three people are engaged in a casual game of basketball. A young girl in a white shirt and jeans is mid-air, reaching up to shoot a basketball toward the hoop. To her left, a boy in a brown shirt and beige pants is"
flickr30k_retrieval_2000_seed2,qwen_prompt,qwen_prompt__flickr30k_retrieval_2000_seed2,observer_specific_supported,Observer Specific Supported,890,890,flickr30k_test_023178,"A man wearing a black bandana and a black shirt is actively engaged in an event, holding a white pole and gesturing toward a cardboard box decorated with a rustic, weathered design. To his left, a woman in a bright yellow off-the-shoulder top is partially visible, facing him. Another person,"
flickr30k_retrieval_2000_seed2,qwen_prompt,qwen_prompt__flickr30k_retrieval_2000_seed2,observer_specific_supported,Observer Specific Supported,891,891,flickr30k_test_007867,"A young skateboarder is captured mid-air, performing a trick above a concrete skatepark, with his board angled beneath him. He is wearing a light-colored t-shirt and jeans, and his body is positioned in a dynamic, athletic stance. Below him, another person lies on the ground, holding a camera to capture the"
flickr30k_retrieval_2000_seed2,qwen_prompt,qwen_prompt__flickr30k_retrieval_2000_seed2,observer_specific_supported,Observer Specific Supported,892,892,flickr30k_test_023856,"A man with short light hair and a beard, wearing a green t-shirt, is holding a black DSLR camera up to his eye, appearing to take a photograph. His right hand grips the camera body while his left hand supports the lens. The camera strap hangs around his neck. In the background, a portion of"
flickr30k_retrieval_2000_seed2,qwen_prompt,qwen_prompt__flickr30k_retrieval_2000_seed2,observer_specific_supported,Observer Specific Supported,893,893,flickr30k_test_020008,"Two women walk across a wet city street under a shared umbrella, their figures silhouetted against the gray backdrop of buildings and a distant bus. One, in a dark fur-trimmed coat and light jeans, carries a black bag and wears a light-colored scarf; the other, partially obscured, holds the umbrella"
flickr30k_retrieval_2000_seed2,qwen_prompt,qwen_prompt__flickr30k_retrieval_2000_seed2,observer_specific_supported,Observer Specific Supported,894,894,flickr30k_test_001535,"Two young boys run along a rocky lakeshore, one in a teal shirt and the other in a blue shirt, both arms outstretched as if balancing or playing a game, with a white boat visible in the water behind them."
flickr30k_retrieval_2000_seed2,qwen_prompt,qwen_prompt__flickr30k_retrieval_2000_seed2,observer_specific_supported,Observer Specific Supported,895,895,flickr30k_test_011025,"A young boy in a blue shirt, positioned in the foreground, is blowing bubbles with a bubble wand, his face lit with a joyful smile as he looks toward the camera. Behind him, in a sun-dappled grassy yard with trees, a young girl with blonde hair and a pink top stands watching, holding"
flickr30k_retrieval_2000_seed2,qwen_prompt,qwen_prompt__flickr30k_retrieval_2000_seed2,observer_specific_supported,Observer Specific Supported,896,896,flickr30k_test_030805,"A man with gray hair and glasses, wearing a white shirt, is intently playing an acoustic guitar on a dimly lit stage, with a microphone positioned nearby to capture his performance."
flickr30k_retrieval_2000_seed2,qwen_prompt,qwen_prompt__flickr30k_retrieval_2000_seed2,observer_specific_supported,Observer Specific Supported,897,897,flickr30k_test_012215,"A young child in a black shirt and sunglasses is wading through shallow, foamy ocean water at the shoreline, arms outstretched for balance as waves roll in. To the left, an adult’s legs and feet are visible, standing on the wet sand, suggesting they are nearby, possibly supervising or playing with"
flickr30k_retrieval_2000_seed2,qwen_prompt,qwen_prompt__flickr30k_retrieval_2000_seed2,observer_specific_supported,Observer Specific Supported,898,898,flickr30k_test_021232,"A group of women are gathered around a cluttered table engaged in a craft activity, surrounded by colorful materials including yarn, scissors, fabric scraps, and partially completed stuffed toys. One woman in the foreground holds a small pink plush toy, while another to her right is focused on a project inside a cardboard box labeled “Craft"
flickr30k_retrieval_2000_seed2,qwen_prompt,qwen_prompt__flickr30k_retrieval_2000_seed2,observer_specific_supported,Observer Specific Supported,899,899,flickr30k_test_025159,"A young boy in a pink shirt and straw hat stands in front of a street food cart, holding a bicycle, while a younger child sits behind the cart looking toward the camera. The cart, covered with a blue-and-white checkered cloth, displays bottles of what appears to be a yellow beverage and a green sign with"
flickr30k_retrieval_2000_seed2,qwen_prompt,qwen_prompt__flickr30k_retrieval_2000_seed2,observer_specific_supported,Observer Specific Supported,900,900,flickr30k_test_020036,"Two men are working in a muddy, excavated street, using shovels to move dirt around a large concrete utility pole that stands in the foreground. The area is cordoned off with red-and-white striped caution tape, indicating an active construction or repair site. Behind them, trees line the street, and residential buildings"
flickr30k_retrieval_2000_seed2,qwen_prompt,qwen_prompt__flickr30k_retrieval_2000_seed2,observer_specific_supported,Observer Specific Supported,901,901,flickr30k_test_002021,"A black dog with pointed ears and a slender build is lying partially concealed in tall, dry grass, its head raised and gaze directed forward, suggesting alertness or focus on something out of frame. The scene is set in an open, grassy field with sparse green patches, and the muted lighting implies late afternoon or early"
flickr30k_retrieval_2000_seed2,qwen_prompt,qwen_prompt__flickr30k_retrieval_2000_seed2,observer_specific_supported,Observer Specific Supported,902,902,flickr30k_test_028255,"A person in motion is bowling down a lane in a brightly lit, colorful alley, with the ball captured mid-air as it travels toward the pins."
flickr30k_retrieval_2000_seed2,qwen_prompt,qwen_prompt__flickr30k_retrieval_2000_seed2,observer_specific_supported,Observer Specific Supported,903,903,flickr30k_test_004719,"A child is captured mid-air, leaping energetically from a wooden platform in a dimly lit, retro-style indoor play area. The scene is framed by a large, bright window in the background, which casts a strong backlight and silhouettes the child and other children seated nearby on a low bench. The"
flickr30k_retrieval_2000_seed2,qwen_prompt,qwen_prompt__flickr30k_retrieval_2000_seed2,observer_specific_supported,Observer Specific Supported,904,904,flickr30k_test_005815,"A group of people in elaborate white costumes, including one with large angel wings, are performing a choreographed street dance on a city sidewalk, with one dancer being lifted and supported by another, while others watch or participate nearby."
flickr30k_retrieval_2000_seed2,qwen_prompt,qwen_prompt__flickr30k_retrieval_2000_seed2,observer_specific_supported,Observer Specific Supported,905,905,flickr30k_test_027879,"A female triathlete, wearing a red and black helmet and a pink and black race suit, is intensely focused as she pedals a road bicycle during a race. She grips the handlebars tightly, her body leaning forward in an aerodynamic position, with a water bottle visible in a holder on the bike’s frame. The"
flickr30k_retrieval_2000_seed2,qwen_prompt,qwen_prompt__flickr30k_retrieval_2000_seed2,observer_specific_supported,Observer Specific Supported,906,906,flickr30k_test_002066,"A musician with long, dark hair, wearing a dark blue t-shirt, is playing a white bass guitar on a dimly lit stage bathed in red lighting. Their left arm, showing a tattoo, is bent as they hold the instrument, while their right hand is positioned over the strings. A large black speaker sits"
flickr30k_retrieval_2000_seed2,qwen_prompt,qwen_prompt__flickr30k_retrieval_2000_seed2,observer_specific_supported,Observer Specific Supported,907,907,flickr30k_test_014082,"A football player wearing a white and orange uniform with the number 22 and the word ""RATS"" on the chest is mid-air, holding a football securely in his right hand, as he leaps over a tackler. The tackler, in a solid orange uniform, is on the ground, having attempted to"
flickr30k_retrieval_2000_seed2,qwen_prompt,qwen_prompt__flickr30k_retrieval_2000_seed2,observer_specific_supported,Observer Specific Supported,908,908,flickr30k_test_014535,"In a classroom or computer lab with patterned curtains and large windows, a group of adults is seated at desks, each working on a desktop computer. In the foreground, a man in a brown t-shirt sits with his arms crossed, looking toward the front, while beside him, another man in a gray sweater also faces"
flickr30k_retrieval_2000_seed2,qwen_prompt,qwen_prompt__flickr30k_retrieval_2000_seed2,observer_specific_supported,Observer Specific Supported,909,909,flickr30k_test_025519,"In a sun-dappled, dense forest of tall birch and other trees, two people are engaged in a quiet, hands-on activity among lush green undergrowth. In the foreground, a person with light brown hair, wearing a blue t-shirt and light-colored pants, is bent over, carefully examining or tending"
flickr30k_retrieval_2000_seed2,qwen_prompt,qwen_prompt__flickr30k_retrieval_2000_seed2,observer_specific_supported,Observer Specific Supported,910,910,flickr30k_test_008910,"A man in a dark coat and cap stands beside a white horse harnessed to a wooden plow, guiding it as it pulls the plow through a freshly tilled field. The horse’s harness and the plow’s wooden wheels are clearly visible, and the surrounding green grass and distant vegetation frame the rural scene"
flickr30k_retrieval_2000_seed2,qwen_prompt,qwen_prompt__flickr30k_retrieval_2000_seed2,observer_specific_supported,Observer Specific Supported,911,911,flickr30k_test_004351,"A man in a black polo shirt sits beside a stone fire pit in a wooded area, holding a green beverage can in one hand and a long stick with a sausage on the end, which he is roasting over the fire."
flickr30k_retrieval_2000_seed2,qwen_prompt,qwen_prompt__flickr30k_retrieval_2000_seed2,observer_specific_supported,Observer Specific Supported,912,912,flickr30k_test_010517,"A young boy in a white shirt and blue shorts is mid-air, leaping with both hands gripping the top bar of a chain-link fence, his body suspended above a concrete ground. Behind him, green trees and a distant fence line are visible under bright daylight."
flickr30k_retrieval_2000_seed2,qwen_prompt,qwen_prompt__flickr30k_retrieval_2000_seed2,observer_specific_supported,Observer Specific Supported,913,913,flickr30k_test_017137,"A group of hikers, including a man in a wide-brimmed hat and a woman in a pink jacket, walks along a dirt trail through a forested, grassy area dotted with white wildflowers, with tall evergreen trees surrounding them."
flickr30k_retrieval_2000_seed2,qwen_prompt,qwen_prompt__flickr30k_retrieval_2000_seed2,observer_specific_supported,Observer Specific Supported,914,914,flickr30k_test_018900,"At a bustling outdoor market, a vendor sits behind a long table covered with a white cloth, displaying rows of glass jars filled with green pickled vegetables. Several customers, including a woman in a yellow top and another in a red cap, are gathered around the stall, examining the goods. In the background, other market"
flickr30k_retrieval_2000_seed2,qwen_prompt,qwen_prompt__flickr30k_retrieval_2000_seed2,observer_specific_supported,Observer Specific Supported,915,915,flickr30k_test_027701,"On a podium adorned with “visit SPAIN” branding and checkered red-and-white patterns, a motorcycle racer in a bright yellow and black racing suit with “Bankia” and “Marfre Master” sponsorship logos stands on the central, highest step, raising both arms in a gesture of triumph. His helmet rests on"
flickr30k_retrieval_2000_seed2,qwen_prompt,qwen_prompt__flickr30k_retrieval_2000_seed2,observer_specific_supported,Observer Specific Supported,916,916,flickr30k_test_003814,"A group of young children are running and playing across a wide, sunlit grass field, with some chasing each other and others moving independently. In the foreground, a child in a bright orange dress walks toward the camera, while others in colorful clothing—such as red shorts, a blue dress, and a purple top—are"
flickr30k_retrieval_2000_seed2,qwen_prompt,qwen_prompt__flickr30k_retrieval_2000_seed2,observer_specific_supported,Observer Specific Supported,917,917,flickr30k_test_011076,"Two dogs, one black and one black-and-tan, are playfully wrestling in deep snow near a frozen waterway, kicking up snow as they roll and tumble together."
flickr30k_retrieval_2000_seed2,qwen_prompt,qwen_prompt__flickr30k_retrieval_2000_seed2,observer_specific_supported,Observer Specific Supported,918,918,flickr30k_test_021240,"Two women stand conversing on a sun-dappled stone terrace beside a large tree, with a classical stone building and ornamental balustrade visible in the background. One woman wears a yellow top and carries a beige backpack, while the other wears a dark jacket and patterned skirt. A white urn with flowers sits"
flickr30k_retrieval_2000_seed2,qwen_prompt,qwen_prompt__flickr30k_retrieval_2000_seed2,observer_specific_supported,Observer Specific Supported,919,919,flickr30k_test_025171,"A woman wearing a gray fedora holds a young child close to her chest; the child, dressed in a white shirt with colorful polka dots and a green strap over her shoulder, rests her head against the woman’s shoulder. They are outdoors, surrounded by other people in traditional Japanese attire, including one person in a"
flickr30k_retrieval_2000_seed2,qwen_prompt,qwen_prompt__flickr30k_retrieval_2000_seed2,observer_specific_supported,Observer Specific Supported,920,920,flickr30k_test_023284,"A man in a dark suit and tie walks along a paved path, holding a phone to his ear as he talks. He is walking away from the camera, with dappled sunlight and shadows cast across the ground. Behind him, a low concrete wall borders a patch of greenery."
flickr30k_retrieval_2000_seed2,qwen_prompt,qwen_prompt__flickr30k_retrieval_2000_seed2,observer_specific_supported,Observer Specific Supported,921,921,flickr30k_test_020000,"A solitary jogger in a white shirt and dark pants runs along a winding gravel path through a sun-dappled, tree-lined park, with a strikingly tilted, pale-barked tree arching overhead and a small bush of magenta blossoms adding a splash of color to the lush green surroundings."
flickr30k_retrieval_2000_seed2,qwen_prompt,qwen_prompt__flickr30k_retrieval_2000_seed2,observer_specific_supported,Observer Specific Supported,922,922,flickr30k_test_012929,"A shirtless young man with sunglasses and black shorts is captured mid-air, leaping or falling from a tree trunk in a grassy campus quad. In the foreground, the bare feet and lower legs of another person, wearing khaki shorts, are visible, suggesting they are standing on the ground nearby. Behind them,"
flickr30k_retrieval_2000_seed2,qwen_prompt,qwen_prompt__flickr30k_retrieval_2000_seed2,observer_specific_supported,Observer Specific Supported,923,923,flickr30k_test_007463,"Inside a misty, tented café, patrons sit at wooden tables, their backs mostly to the camera, engaged in quiet conversation or contemplation. A man in a dark green jacket and beanie sits prominently in the foreground, while others, including a man with glasses, are visible nearby. Through the large, fog"
flickr30k_retrieval_2000_seed2,qwen_prompt,qwen_prompt__flickr30k_retrieval_2000_seed2,observer_specific_supported,Observer Specific Supported,924,924,flickr30k_test_001774,"A young woman with curly brown hair tied back in a ponytail is focused on taking a photograph with a DSLR camera. She is wearing a light pink, long-sleeved, textured shirt and is holding the camera up to her eye with both hands. The scene is outdoors in bright daylight, with the side of"
flickr30k_retrieval_2000_seed2,qwen_prompt,qwen_prompt__flickr30k_retrieval_2000_seed2,observer_specific_supported,Observer Specific Supported,925,925,flickr30k_test_012854,"Two children are actively climbing on an indoor rock wall, each reaching for handholds. The child on the left, wearing a colorful tie-dye shirt and blue pants, is ascending with one arm extended upward. The child on the right, in a light-colored shirt and green pants, is also climbing, with one leg"
flickr30k_retrieval_2000_seed2,qwen_prompt,qwen_prompt__flickr30k_retrieval_2000_seed2,observer_specific_supported,Observer Specific Supported,926,926,flickr30k_test_025119,"Two women are sharing an intimate kiss outdoors, with one woman wearing sunglasses perched on her head and the other adorned with a patterned headwrap and visible tattoos on her hand."
flickr30k_retrieval_2000_seed2,qwen_prompt,qwen_prompt__flickr30k_retrieval_2000_seed2,observer_specific_supported,Observer Specific Supported,927,927,flickr30k_test_015525,"A woman in a black dress and red heels walks away from the camera on a city sidewalk, her blonde hair adorned with a red flower clip, while a man in a blue shirt bends over a bicycle parked near a “Bus lane” traffic sign."
flickr30k_retrieval_2000_seed2,qwen_prompt,qwen_prompt__flickr30k_retrieval_2000_seed2,observer_specific_supported,Observer Specific Supported,928,928,flickr30k_test_016051,"A young child wearing a blue bicycle helmet stands at a metal fence, gently interacting with a brown horse that is leaning over the barrier to nuzzle or sniff the child’s face. The child, dressed in a white t-shirt, appears calm and engaged, with one hand slightly raised. The scene takes place outdoors on a"
flickr30k_retrieval_2000_seed2,qwen_prompt,qwen_prompt__flickr30k_retrieval_2000_seed2,observer_specific_supported,Observer Specific Supported,929,929,flickr30k_test_020299,"A group of children in raincoats and hats stands on a wet stone step in a city street, some looking around while others appear to be waiting. In the background, adults hold umbrellas and a bouquet of flowers, suggesting a public gathering or event. A young boy in a red hooded jacket sits on the"
flickr30k_retrieval_2000_seed2,qwen_prompt,qwen_prompt__flickr30k_retrieval_2000_seed2,observer_specific_supported,Observer Specific Supported,930,930,flickr30k_test_028553,"Two basketball players in white “WILDCATS” jerseys, numbers 45 and 3, are intensely contesting a rebound with their arms raised high, while a player in a purple jersey is positioned below them, seemingly having just attempted a shot or pass. The scene takes place on a polished wooden court under"
flickr30k_retrieval_2000_seed2,qwen_prompt,qwen_prompt__flickr30k_retrieval_2000_seed2,observer_specific_supported,Observer Specific Supported,931,931,flickr30k_test_010382,"A man in a blue sweater and a woman in a black leather jacket are engaged in conversation at what appears to be a social gathering, each holding a wine glass. The man, wearing a name tag, gestures with his free hand as he speaks, while the woman, also with a name tag, listens attentively."
flickr30k_retrieval_2000_seed2,qwen_prompt,qwen_prompt__flickr30k_retrieval_2000_seed2,observer_specific_supported,Observer Specific Supported,932,932,flickr30k_test_017846,"A person in a white shirt and dark pants stands on a grassy hillside, holding a long leash that extends toward a large, gray dog sniffing the ground nearby; the sky above is partly cloudy."
flickr30k_retrieval_2000_seed2,qwen_prompt,qwen_prompt__flickr30k_retrieval_2000_seed2,observer_specific_supported,Observer Specific Supported,933,933,flickr30k_test_027447,"A baseball pitcher in a white uniform with “L” on the chest is in the middle of his throwing motion on the pitcher’s mound, his right arm extended forward as he releases the ball. Behind him, an umpire in a black shirt and cap stands with hands on hips, observing the play. Another player in"
flickr30k_retrieval_2000_seed2,qwen_prompt,qwen_prompt__flickr30k_retrieval_2000_seed2,observer_specific_supported,Observer Specific Supported,934,934,flickr30k_test_020366,"A young man in a brown and beige striped hoodie stands with his hands in his pockets, looking toward a young woman who is engrossed in her red smartphone. She wears a red top and ripped jeans, carrying a patterned tote bag, and appears to be walking or standing in a parking lot, with several cars"
flickr30k_retrieval_2000_seed2,qwen_prompt,qwen_prompt__flickr30k_retrieval_2000_seed2,observer_specific_supported,Observer Specific Supported,935,935,flickr30k_test_019580,"A woman with wind-blown blonde hair, wearing a black top, dark pants, and carrying a gold shoulder bag, strides across a city street, her body angled mid-stride as she navigates between vehicles. Behind her, a dark gray sedan reflects the sunlight, while directly ahead, a white NYPD police car with"
flickr30k_retrieval_2000_seed2,qwen_prompt,qwen_prompt__flickr30k_retrieval_2000_seed2,observer_specific_supported,Observer Specific Supported,936,936,flickr30k_test_002967,"A person in a red jacket, holding a colorful striped ribbon, interacts with a young girl in a white patterned shirt during what appears to be a street festival or parade, as onlookers gather in the background near traditional Japanese-style buildings."
flickr30k_retrieval_2000_seed2,qwen_prompt,qwen_prompt__flickr30k_retrieval_2000_seed2,observer_specific_supported,Observer Specific Supported,937,937,flickr30k_test_019267,"A solitary man in a dark coat stands on a sunlit train platform, his shadow stretching long across the tiled ground as he waits, with overhead power lines and a distant bench visible in the background."
flickr30k_retrieval_2000_seed2,qwen_prompt,qwen_prompt__flickr30k_retrieval_2000_seed2,observer_specific_supported,Observer Specific Supported,938,938,flickr30k_test_016725,"A child in a bright pink hooded jacket crouches on the wet sand, carefully drawing a small heart with their fingers, while another child in a green shirt stands in the shallow surf further down the beach, seemingly collecting shells or pebbles. The scene unfolds under a dramatic, cloudy sky with dark storm clouds"
flickr30k_retrieval_2000_seed2,qwen_prompt,qwen_prompt__flickr30k_retrieval_2000_seed2,observer_specific_supported,Observer Specific Supported,939,939,flickr30k_test_017648,"A street vendor, seen from behind, balances a large woven basket filled with yellow, block-shaped food items on his head as he walks along a dusty, crowded street. He wears a yellow shirt and a white cloth wrapped around his waist. Around him, other pedestrians navigate the busy thoroughfare, some carrying bags, while"
flickr30k_retrieval_2000_seed2,qwen_prompt,qwen_prompt__flickr30k_retrieval_2000_seed2,observer_specific_supported,Observer Specific Supported,940,940,flickr30k_test_021780,"A man in a white shirt and dark shorts is actively casting a fishing rod from a paved riverside path, his body twisted in the motion of the throw. The rod’s line extends over the railing toward the calm, blue water. Behind him, other people are seated or walking along the path under leafy trees,"
flickr30k_retrieval_2000_seed2,qwen_prompt,qwen_prompt__flickr30k_retrieval_2000_seed2,observer_specific_supported,Observer Specific Supported,941,941,flickr30k_test_016243,"Three children are performing handstands in shallow ocean water near the shoreline, their bodies arched backward as they splash in the gentle surf."
flickr30k_retrieval_2000_seed2,qwen_prompt,qwen_prompt__flickr30k_retrieval_2000_seed2,observer_specific_supported,Observer Specific Supported,942,942,flickr30k_test_013149,"Four children in winter clothing are climbing a snowy, rocky slope. The child in the foreground, wearing a red snowsuit, is raising one hand as if to balance or wave. To their right, another child in a pink snowsuit and hat is also ascending. Further up, a child in a light blue jacket and"
flickr30k_retrieval_2000_seed2,qwen_prompt,qwen_prompt__flickr30k_retrieval_2000_seed2,observer_specific_supported,Observer Specific Supported,943,943,flickr30k_test_027551,"A group of young football players in blue and gold jerseys are gathered closely together, joyfully dousing each other with water from a hose, creating a dynamic spray that catches the sunlight. One player, wearing jersey number 56 with the name “GONZALEZ.C” on the back, is in the"
flickr30k_retrieval_2000_seed2,qwen_prompt,qwen_prompt__flickr30k_retrieval_2000_seed2,observer_specific_supported,Observer Specific Supported,944,944,flickr30k_test_022660,"A man in dark clothing leans against a brick pillar at the base of a grand, ornate stone staircase, gazing upward toward a large, sculpted pinecone atop a decorative pedestal. The scene is set in a sunlit European courtyard, flanked by historic buildings with arched windows and balconies, and features"
flickr30k_retrieval_2000_seed2,qwen_prompt,qwen_prompt__flickr30k_retrieval_2000_seed2,observer_specific_supported,Observer Specific Supported,945,945,flickr30k_test_014895,"Two people stand in silhouette under a shadowed archway beside a weathered brick wall, their forms partially illuminated by warm, low-angle sunlight that highlights the texture of the bricks and a faded white shuttered window nearby."
flickr30k_retrieval_2000_seed2,qwen_prompt,qwen_prompt__flickr30k_retrieval_2000_seed2,observer_specific_supported,Observer Specific Supported,946,946,flickr30k_test_005550,"A person is performing a handstand on a sandy beach, with their legs kicked up and feet pointed toward the sky. The individual is wearing black shorts and a dark top, and their bare feet are visible against the backdrop of gentle ocean waves rolling onto the shore."
flickr30k_retrieval_2000_seed2,qwen_prompt,qwen_prompt__flickr30k_retrieval_2000_seed2,observer_specific_supported,Observer Specific Supported,947,947,flickr30k_test_013493,"Roger Federer, wearing a white polo shirt, gray shorts, and a blue Nike headband, is captured mid-motion on a tennis court, intensely focused as he grips his racket with both hands, preparing to strike the ball. The background features a green wall with partially visible yellow lettering, including the name “LO"
flickr30k_retrieval_2000_seed2,qwen_prompt,qwen_prompt__flickr30k_retrieval_2000_seed2,observer_specific_supported,Observer Specific Supported,948,948,flickr30k_test_012648,"Three children are gathered on a wooden deck, interacting with a black metal bench; one child in a red shirt sits upright, another in a yellow shirt leans over the bench, and a third child in a white shirt lies on their back on the deck, reaching toward the bench."
flickr30k_retrieval_2000_seed2,qwen_prompt,qwen_prompt__flickr30k_retrieval_2000_seed2,observer_specific_supported,Observer Specific Supported,949,949,flickr30k_test_017195,"A young boy in a pink shirt and blue jeans sits cross-legged on an asphalt road, holding a blue plastic water bottle, while a younger girl in a red top stands behind him on the roadside, looking toward the camera. They are positioned in front of a wide, green field under an overcast sky."
flickr30k_retrieval_2000_seed2,qwen_prompt,qwen_prompt__flickr30k_retrieval_2000_seed2,observer_specific_supported,Observer Specific Supported,950,950,flickr30k_test_014832,"A wet, tan and black dog, likely a Belgian Malinois or similar herding breed, stands in shallow water holding a long, splintered stick firmly in its mouth. Water drips from its fur and the stick, and its alert, focused eyes and open mouth suggest it is actively engaged in play or a"
flickr30k_retrieval_2000_seed2,qwen_prompt,qwen_prompt__flickr30k_retrieval_2000_seed2,observer_specific_supported,Observer Specific Supported,951,951,flickr30k_test_001512,"A climber in a red helmet and white pants ascends a steep, dark rock face, secured by a rope and harness, with a massive, jagged granite formation rising behind them under a bright blue sky with scattered clouds."
flickr30k_retrieval_2000_seed2,qwen_prompt,qwen_prompt__flickr30k_retrieval_2000_seed2,observer_specific_supported,Observer Specific Supported,952,952,flickr30k_test_028798,"A man and a woman are sitting on a tiled sidewalk in front of a brightly painted, graffiti-covered metal shutter, sharing a moment of laughter. The man, wearing a plaid shirt and jeans, holds an acoustic guitar between them, while the woman, in a patterned top and jeans, laughs with her hand near"
flickr30k_retrieval_2000_seed2,qwen_prompt,qwen_prompt__flickr30k_retrieval_2000_seed2,observer_specific_supported,Observer Specific Supported,953,953,flickr30k_test_003547,"A young girl with light brown hair, wearing a red shirt with a Santa design, sits at a wooden table in a restaurant, smiling at the camera. In front of her is a clear glass plate holding sliced watermelon and fresh strawberries. To her left, a glass of orange juice sits on the table. She is"
flickr30k_retrieval_2000_seed2,qwen_prompt,qwen_prompt__flickr30k_retrieval_2000_seed2,observer_specific_supported,Observer Specific Supported,954,954,flickr30k_test_014789,"Two climbers are ascending a steep, snow-covered mountain slope under a clear blue sky, with one in a blue jacket and the other in an orange jacket, both using ice axes and wearing backpacks."
flickr30k_retrieval_2000_seed2,qwen_prompt,qwen_prompt__flickr30k_retrieval_2000_seed2,observer_specific_supported,Observer Specific Supported,955,955,flickr30k_test_004201,"A group of young children, dressed in matching red and white soccer uniforms, are gathered closely on a grassy field, intensely focused on a soccer ball at their feet. Their postures—bent knees, leaning bodies, and eyes fixed downward—suggest they are actively engaged in a coordinated play or drill, possibly a"
flickr30k_retrieval_2000_seed2,qwen_prompt,qwen_prompt__flickr30k_retrieval_2000_seed2,observer_specific_supported,Observer Specific Supported,956,956,flickr30k_test_003881,"A man in a red jacket and brown cap stands near a large dark pillar on a city street, looking off to the side. Behind him, a black car is parked, and further back, a street with other vehicles and a building with large windows stretches into the distance. A yellow and green trash bin sits on the"
flickr30k_retrieval_2000_seed2,qwen_prompt,qwen_prompt__flickr30k_retrieval_2000_seed2,observer_specific_supported,Observer Specific Supported,957,957,flickr30k_test_030716,"A person with a camera and backpack is captured mid-air, leaping off a wooden dock over a calm body of water under a bright blue sky with scattered clouds."
flickr30k_retrieval_2000_seed2,qwen_prompt,qwen_prompt__flickr30k_retrieval_2000_seed2,observer_specific_supported,Observer Specific Supported,958,958,flickr30k_test_030189,"A young woman with glasses and a bright orange shirt is blowing a large, translucent bubble with bubble solution, her mouth puckered and eyes wide as she focuses on the expanding sphere."
flickr30k_retrieval_2000_seed2,qwen_prompt,qwen_prompt__flickr30k_retrieval_2000_seed2,observer_specific_supported,Observer Specific Supported,959,959,flickr30k_test_022273,"On a foggy day, people are gathered around and on the reflective, bean-shaped Cloud Gate sculpture in Millennium Park, Chicago. The sculpture’s polished surface mirrors the surrounding skyscrapers and the hazy sky, while visitors walk along its curved base and climb onto its upper surface, their figures distorted and reflected in the"
flickr30k_retrieval_2000_seed2,qwen_prompt,qwen_prompt__flickr30k_retrieval_2000_seed2,observer_specific_supported,Observer Specific Supported,960,960,flickr30k_test_016384,"A young child wearing a white knit hat, a red-and-white striped shirt, and purple pants is carefully climbing a wooden log ladder structure in an outdoor playground. The child is gripping the logs with both hands and stepping up with one foot, appearing focused on the climb. In the background, other playground equipment, including a"
flickr30k_retrieval_2000_seed2,qwen_prompt,qwen_prompt__flickr30k_retrieval_2000_seed2,observer_specific_supported,Observer Specific Supported,961,961,flickr30k_test_029985,"A man and a woman are embracing and dancing closely on a wooden boardwalk, with the man’s back to the camera and the woman’s face partially visible as she leans into him. The man wears a black t-shirt with a red cross patch on the back of his jeans and a wristwatch, while the woman wears"
flickr30k_retrieval_2000_seed2,qwen_prompt,qwen_prompt__flickr30k_retrieval_2000_seed2,observer_specific_supported,Observer Specific Supported,962,962,flickr30k_test_005737,"A person wearing a yellow cap and dark clothing is captured mid-air, seemingly jumping or falling above a shopping cart in a brightly lit supermarket aisle. The cart is positioned near a tall stack of gray plastic bins and a metal clothing rack. Shelves stocked with colorful products, including recognizable SpongeBob SquarePants merchandise, line"
flickr30k_retrieval_2000_seed2,qwen_prompt,qwen_prompt__flickr30k_retrieval_2000_seed2,observer_specific_supported,Observer Specific Supported,963,963,flickr30k_test_002534,"Three people are resting on a rocky shoreline beside a silver Airstream travel trailer; a man in a yellow shirt sits on the rocks, a woman in a hat sits on the trailer’s step, and a boy in a yellow shirt sits on the ground, all appearing relaxed in a casual outdoor setting."
flickr30k_retrieval_2000_seed2,qwen_prompt,qwen_prompt__flickr30k_retrieval_2000_seed2,observer_specific_supported,Observer Specific Supported,964,964,flickr30k_test_012865,"A young man in a green hoodie and gray beanie is mid-air, performing a skateboarding trick over a set of railway tracks. His skateboard is flipped beneath his feet, and he’s wearing dark pants and sneakers. The scene is set outdoors in an industrial area, with a concrete wall, a railroad crossing signal,"
flickr30k_retrieval_2000_seed2,qwen_prompt,qwen_prompt__flickr30k_retrieval_2000_seed2,observer_specific_supported,Observer Specific Supported,965,965,flickr30k_test_010020,"A person in a white t-shirt and dark pants stands at a window with vertical bars, reaching up with both hands as if adjusting or installing something near the top of the frame. The room is unfinished, with exposed ceiling ductwork, a wooden shutter partially covering the window, and a bright patch of sunlight illuminating the"
flickr30k_retrieval_2000_seed2,qwen_prompt,qwen_prompt__flickr30k_retrieval_2000_seed2,observer_specific_supported,Observer Specific Supported,966,966,flickr30k_test_014997,"At a rodeo arena, three riders on horseback are prominently featured in the foreground, each carrying a large flag: one holds the American flag, another the Canadian flag, and the third a yellow flag with “Ranger” written on it. The riders are dressed in western-style attire, including cowboy hats and boots"
flickr30k_retrieval_2000_seed2,qwen_prompt,qwen_prompt__flickr30k_retrieval_2000_seed2,observer_specific_supported,Observer Specific Supported,967,967,flickr30k_test_026146,"A large crowd of people is gathered on a wide, grassy field under a clear blue sky, with many individuals sitting, standing, or walking casually across the lawn. In the foreground, a woman with long blonde hair and another wearing a brown cap are visible, while further back, people are scattered across the field,"
flickr30k_retrieval_2000_seed2,qwen_prompt,qwen_prompt__flickr30k_retrieval_2000_seed2,observer_specific_supported,Observer Specific Supported,968,968,flickr30k_test_023177,"A lively street parade unfolds in a narrow urban alley, where a crowd of participants—mostly dressed in white pants and red scarves or bandanas—marches energetically. In the foreground, a man in a green tank top and dark pants runs with an open-mouthed expression of excitement, while beside him"
flickr30k_retrieval_2000_seed2,qwen_prompt,qwen_prompt__flickr30k_retrieval_2000_seed2,observer_specific_supported,Observer Specific Supported,969,969,flickr30k_test_000289,"A person wearing a helmet and dark jacket is riding an orange all-terrain vehicle (ATV) through a dry, grassy field, captured mid-air as the vehicle leaps over a small mound of earth. Bare trees line the horizon under an overcast sky, and a small, dark object—possibly a dog—is"
flickr30k_retrieval_2000_seed2,qwen_prompt,qwen_prompt__flickr30k_retrieval_2000_seed2,observer_specific_supported,Observer Specific Supported,970,970,flickr30k_test_008288,"A person wearing a red bucket hat and an orange-sleeved shirt balances a large, elaborately decorated cake on their head as they walk past a white building with blue trim and the word “CAMARA” painted on the wall. The cake, in a white tray, is topped with pink frosting, whipped cream,"
flickr30k_retrieval_2000_seed2,qwen_prompt,qwen_prompt__flickr30k_retrieval_2000_seed2,observer_specific_supported,Observer Specific Supported,971,971,flickr30k_test_003472,"A young man with short brown hair, wearing a black t-shirt and blue jeans, sits on a blue chair in a casual indoor setting, smiling as he carefully uses a knife to cut open a large orange cardboard box resting on his lap. The box, which appears to be a shoebox, is partially open, revealing"
flickr30k_retrieval_2000_seed2,qwen_prompt,qwen_prompt__flickr30k_retrieval_2000_seed2,observer_specific_supported,Observer Specific Supported,972,972,flickr30k_test_021911,"A woman with blonde hair, wearing a black top, is carefully handling a yellow and white hat at a vibrant outdoor market stall. Beside her, another woman with dark hair, in a purple jacket, is seated and appears to be examining or selecting a hat. The stall is covered with a red velvet tablecloth and"
flickr30k_retrieval_2000_seed2,qwen_prompt,qwen_prompt__flickr30k_retrieval_2000_seed2,observer_specific_supported,Observer Specific Supported,973,973,flickr30k_test_011489,"A young child with short brown hair, wearing a red and gray striped shirt, leans forward over a dark wooden table, intently gazing at a rectangular birthday cake. The cake, decorated with blue and orange frosting to resemble a swimmer, has the words “Happy Birthday” and the name “Quinn” written"
flickr30k_retrieval_2000_seed2,qwen_prompt,qwen_prompt__flickr30k_retrieval_2000_seed2,observer_specific_supported,Observer Specific Supported,974,974,flickr30k_test_007228,"A child in a red outfit hangs upside down from a thick tree branch, their legs gripping the trunk and their head tilted back, mouth open in an expressive pose, set against a backdrop of green grass, a wooden fence, and leafy trees under an overcast sky."
flickr30k_retrieval_2000_seed2,qwen_prompt,qwen_prompt__flickr30k_retrieval_2000_seed2,observer_specific_supported,Observer Specific Supported,975,975,flickr30k_test_005673,"A man wearing a patterned headband and dark clothing sits on a wooden stool in the foreground, his hands resting on his lap, while a woman in a beaded, belly-dance-style costume stands behind him, her gaze directed forward. Another person in a reddish garment is partially visible in the background, slightly"
flickr30k_retrieval_2000_seed2,qwen_prompt,qwen_prompt__flickr30k_retrieval_2000_seed2,observer_specific_supported,Observer Specific Supported,976,976,flickr30k_test_000817,"A young man and woman are seated together outdoors on a sunny day, with the woman leaning back against him as they both look upward toward a large, blue Thomas the Tank Engine balloon floating in the clear sky. The man, wearing a white t-shirt, holds a plastic water bottle, while the woman, in a floral"
flickr30k_retrieval_2000_seed2,qwen_prompt,qwen_prompt__flickr30k_retrieval_2000_seed2,observer_specific_supported,Observer Specific Supported,977,977,flickr30k_test_004812,"A cyclist in a dark shirt and shorts pedals a bicycle down a sun-drenched, unpaved dirt road, passing the corner of a long, adobe-style building with a strikingly bright blue double door. The building’s earth-toned walls contrast sharply with the vivid blue door and a small blue sign above it,"
flickr30k_retrieval_2000_seed2,qwen_prompt,qwen_prompt__flickr30k_retrieval_2000_seed2,observer_specific_supported,Observer Specific Supported,978,978,flickr30k_test_014001,"A chocolate Labrador Retriever is captured mid-air, leaping over a yellow agility hurdle on a grassy field during a dog competition, with a bright yellow tunnel visible in the foreground and spectators and event equipment in the background."
flickr30k_retrieval_2000_seed2,qwen_prompt,qwen_prompt__flickr30k_retrieval_2000_seed2,observer_specific_supported,Observer Specific Supported,979,979,flickr30k_test_021946,"A group of motorcyclists, including a woman in a pink shirt and helmet riding a red scooter in the foreground, navigates a tree-lined urban street, with other riders and cars visible behind them."
flickr30k_retrieval_2000_seed2,qwen_prompt,qwen_prompt__flickr30k_retrieval_2000_seed2,observer_specific_supported,Observer Specific Supported,980,980,flickr30k_test_003012,"A golden retriever is captured mid-stride, running through a vibrant field of colorful zinnias, its body blurred slightly by motion as it moves from left to right across the frame."
flickr30k_retrieval_2000_seed2,qwen_prompt,qwen_prompt__flickr30k_retrieval_2000_seed2,observer_specific_supported,Observer Specific Supported,981,981,flickr30k_test_011010,"In a cluttered, sloped-ceiling room, a young man in a black T-shirt stands holding a large white board, appearing to present or write on it while others observe. To his left, another young man with glasses and a dark cap leans forward, watching intently. Behind them, a third young man"
flickr30k_retrieval_2000_seed2,qwen_prompt,qwen_prompt__flickr30k_retrieval_2000_seed2,observer_specific_supported,Observer Specific Supported,982,982,flickr30k_test_026860,"Two postal workers, a man and a woman, stand smiling in front of a United States Postal Service truck, each holding a large white crate filled with mail and packages. The man on the left, wearing a blue postal uniform and cap, holds a crate with colorful items, while the woman on the right, also in"
flickr30k_retrieval_2000_seed2,qwen_prompt,qwen_prompt__flickr30k_retrieval_2000_seed2,observer_specific_supported,Observer Specific Supported,983,983,flickr30k_test_021278,"A man in a white t-shirt and cap rides a bicycle through a busy, brightly lit city street at night, navigating between cars and a red pedicab. The scene is set in a bustling urban environment, likely Times Square, with towering billboards, glowing signs, and heavy traffic, including a dark sedan with"
flickr30k_retrieval_2000_seed2,qwen_prompt,qwen_prompt__flickr30k_retrieval_2000_seed2,observer_specific_supported,Observer Specific Supported,984,984,flickr30k_test_015251,"A German Shepherd dog, with its mouth wide open, is holding a white baseball with red stitching firmly in its jaws. The dog’s head is tilted upward, and its eyes are closed, suggesting it is either chewing or preparing to drop the ball. The scene takes place outdoors in a sunny, green backyard, with palm"
flickr30k_retrieval_2000_seed2,qwen_prompt,qwen_prompt__flickr30k_retrieval_2000_seed2,observer_specific_supported,Observer Specific Supported,985,985,flickr30k_test_001630,"A green off-road vehicle, bearing the license plate “IT 7998 BT,” is stuck at a steep, rocky incline, its front wheels partially on a dirt path and rear end wedged against a stone wall. Several individuals in high-visibility orange vests and helmets are actively assisting; one man is"
flickr30k_retrieval_2000_seed2,qwen_prompt,qwen_prompt__flickr30k_retrieval_2000_seed2,observer_specific_supported,Observer Specific Supported,986,986,flickr30k_test_028122,"A choir dressed in red robes stands in formation on a stone church stage, singing under warm, ambient lighting. Behind them, a large projection screen displays a winter-themed image with the words “Christmas Carol Service” and “St. Mary’s Church.” The choir members hold red folders or songbooks, and the setting,"
flickr30k_retrieval_2000_seed2,qwen_prompt,qwen_prompt__flickr30k_retrieval_2000_seed2,observer_specific_supported,Observer Specific Supported,987,987,flickr30k_test_029449,"A young boy in a navy blue shirt and khaki shorts stands in the middle of a paved road, wearing a red hat and looking toward the camera. Behind him, on the grassy curb and sidewalk, people are seated in folding chairs and on blankets, suggesting a public gathering or event. A few adults and children"
flickr30k_retrieval_2000_seed2,qwen_prompt,qwen_prompt__flickr30k_retrieval_2000_seed2,observer_specific_supported,Observer Specific Supported,988,988,flickr30k_test_015559,"A man in a light shirt and shorts is mid-air, jumping with arms outstretched on a paved road that cuts through a dry, arid landscape. Behind him, a range of low, rugged mountains stretches across the horizon under a partly cloudy sky. The road’s double yellow line is visible beneath him, and"
flickr30k_retrieval_2000_seed2,qwen_prompt,qwen_prompt__flickr30k_retrieval_2000_seed2,observer_specific_supported,Observer Specific Supported,989,989,flickr30k_test_007914,"A group of young women are walking on a city sidewalk at night, with one in the foreground adjusting her hair while wearing a patterned scarf and a white skirt. Behind her, another woman in a purple top and jeans walks alongside a man in a dark jacket. The scene is lit by warm streetlights and the glow"
flickr30k_retrieval_2000_seed2,qwen_prompt,qwen_prompt__flickr30k_retrieval_2000_seed2,observer_specific_supported,Observer Specific Supported,990,990,flickr30k_test_002117,"A small group of climbers in bright red and black gear is ascending a vast, snow-covered mountain slope, leaving a trail of footprints behind them. In the background, rugged, snow-dusted peaks rise sharply under a clear blue sky, indicating a high-altitude, alpine environment. The climbers appear to be moving"
flickr30k_retrieval_2000_seed2,qwen_prompt,qwen_prompt__flickr30k_retrieval_2000_seed2,observer_specific_supported,Observer Specific Supported,991,991,flickr30k_test_015776,"A woman in a red t-shirt and a patterned headscarf raises her right hand in a peace sign while marching in a street demonstration. She wears sunglasses and a necklace, and her shirt has a graphic that reads “DYING FOR JUSTICE.” Behind her, other participants in matching red shirts carry a large red"
flickr30k_retrieval_2000_seed2,qwen_prompt,qwen_prompt__flickr30k_retrieval_2000_seed2,observer_specific_supported,Observer Specific Supported,992,992,flickr30k_test_004571,"Three children are riding colorful tricycles along a paved path, captured in motion with a blurred background that emphasizes their forward movement. The child in the center, wearing a pink jacket, is smiling broadly while pedaling. To her right, a boy in a blue and orange jacket rides a yellow tricycle, looking ahead"
flickr30k_retrieval_2000_seed2,qwen_prompt,qwen_prompt__flickr30k_retrieval_2000_seed2,observer_specific_supported,Observer Specific Supported,993,993,flickr30k_test_018309,"A baby in a yellow long-sleeved shirt sits in a blue high chair, smiling broadly with an open mouth as they look toward a yellow toy truck on the tray in front of them."
flickr30k_retrieval_2000_seed2,qwen_prompt,qwen_prompt__flickr30k_retrieval_2000_seed2,observer_specific_supported,Observer Specific Supported,994,994,flickr30k_test_000995,"A young woman with blonde hair, wearing a white dress, is seated on a thick tree branch amidst blooming pink cherry blossoms. She holds a small bird gently in her hands, looking down at it with a calm, focused expression. Bright sunlight filters through the leaves, creating a soft lens flare to the left,"
flickr30k_retrieval_2000_seed2,qwen_prompt,qwen_prompt__flickr30k_retrieval_2000_seed2,observer_specific_supported,Observer Specific Supported,995,995,flickr30k_test_004542,"A silhouetted person is climbing a tall palm tree against a clear blue sky, using ropes and a harness for support while holding onto the trunk."
flickr30k_retrieval_2000_seed2,qwen_prompt,qwen_prompt__flickr30k_retrieval_2000_seed2,observer_specific_supported,Observer Specific Supported,996,996,flickr30k_test_022798,"A young girl in a pink outfit stands alone on the steps before a weathered, red wooden door of a traditional Chinese building, with a bicycle parked beside her. The building’s facade features faded murals and a sign with Chinese characters, while the interior of the adjacent room glows warmly from a single lightbulb"
flickr30k_retrieval_2000_seed2,qwen_prompt,qwen_prompt__flickr30k_retrieval_2000_seed2,observer_specific_supported,Observer Specific Supported,997,997,flickr30k_test_016454,"An elderly man wearing a straw boater hat, glasses, a red vest over a white shirt, and gray trousers sits on a wooden chair on a stage, actively playing a banjo. He holds the instrument with both hands, his right hand positioned over the strings and his left hand on the neck. In front of"
flickr30k_retrieval_2000_seed2,qwen_prompt,qwen_prompt__flickr30k_retrieval_2000_seed2,observer_specific_supported,Observer Specific Supported,998,998,flickr30k_test_017765,"Under the warm, dim glow of an arched stone hall, a performer in a red headscarf and light-colored robe stands center stage, gently holding the hand of a taller, darkly clad figure who appears to be guiding or supporting them. To their left, another performer in a white shirt and dark pants gestures"
flickr30k_retrieval_2000_seed2,qwen_prompt,qwen_prompt__flickr30k_retrieval_2000_seed2,observer_specific_supported,Observer Specific Supported,999,999,flickr30k_test_001976,"A group of Japanese men in red uniforms are intensely pulling on a thick rope during a traditional tug-of-war event, their faces contorted with effort and determination, while spectators in traditional attire watch closely from the sidelines."
flickr30k_retrieval_2000_seed2,qwen_prompt,qwen_prompt__flickr30k_retrieval_2000_seed2,observer_specific_supported,Observer Specific Supported,1000,1000,flickr30k_test_001584,"A man crouches on a corrugated metal surface, sorting through a large pile of dried, brown tubers spread out before him, while a small white goat stands in the background near a pile of debris."
flickr30k_retrieval_2000_seed2,qwen_prompt,qwen_prompt__flickr30k_retrieval_2000_seed2,observer_specific_supported,Observer Specific Supported,1001,1001,flickr30k_test_006540,"A group of workers in high-visibility orange safety vests and hard hats are descending a wide, modern staircase inside a well-lit, multi-level building. One worker in the foreground holds a large, red, circular object with a white symbol, possibly a safety or directional sign. The scene suggests a coordinated activity, such"
flickr30k_retrieval_2000_seed2,qwen_prompt,qwen_prompt__flickr30k_retrieval_2000_seed2,observer_specific_supported,Observer Specific Supported,1002,1002,flickr30k_test_017896,"A young person in a purple tracksuit is performing a dynamic, low-to-the-ground stretch or movement on a grassy field, with one hand on the ground and the other arm extended upward, while a colorful rope lies nearby on the grass. In the background, other individuals are seated or standing, observing the activity."
flickr30k_retrieval_2000_seed2,qwen_prompt,qwen_prompt__flickr30k_retrieval_2000_seed2,observer_specific_supported,Observer Specific Supported,1003,1003,flickr30k_test_030099,"A football quarterback, wearing jersey number 15, is in the process of throwing the ball while being pressured by a defensive lineman in a black and silver uniform with number 90. The quarterback is being closely guarded by a defensive end in a white jersey with number 78, who is attempting to block the"
flickr30k_retrieval_2000_seed2,qwen_prompt,qwen_prompt__flickr30k_retrieval_2000_seed2,observer_specific_supported,Observer Specific Supported,1004,1004,flickr30k_test_000204,"Two young people are seated closely together on a green couch, both engaged in quiet, individual activities. The person on the left, wearing a maroon hoodie and glasses, has their arms crossed and appears to be resting or looking down thoughtfully. The person on the right, in a dark top, is actively reading a"
flickr30k_retrieval_2000_seed2,qwen_prompt,qwen_prompt__flickr30k_retrieval_2000_seed2,observer_specific_supported,Observer Specific Supported,1005,1005,flickr30k_test_026936,"A group of children and adults are playing together in shallow, clear ocean water, with one child being joyfully lifted high into the air by two others, while others watch and reach toward them."
flickr30k_retrieval_2000_seed2,qwen_prompt,qwen_prompt__flickr30k_retrieval_2000_seed2,observer_specific_supported,Observer Specific Supported,1006,1006,flickr30k_test_026681,"A female figure skater in a black, sparkly costume is performing a graceful, high-leg arabesque on the ice, her left leg extended behind her and her right foot planted, while she holds her left hand up in a poised position. Her dark hair is pulled back in a neat bun, and she is"
flickr30k_retrieval_2000_seed2,qwen_prompt,qwen_prompt__flickr30k_retrieval_2000_seed2,observer_specific_supported,Observer Specific Supported,1007,1007,flickr30k_test_017133,"A street musician sits on the pavement playing a guitar, with a black guitar case open beside him that displays a handwritten sign reading “TELL ME WHY MY MUSIC SUCKS.” He is surrounded by pedestrians walking along a street lined with trees and buildings, some in casual attire and others in costumes, suggesting a public event"
flickr30k_retrieval_2000_seed2,qwen_prompt,qwen_prompt__flickr30k_retrieval_2000_seed2,observer_specific_supported,Observer Specific Supported,1008,1008,flickr30k_test_011062,"Three young children are lying together on a brown couch, facing each other in a playful, interactive moment. A girl with blonde hair and a light blue shirt is on the left, leaning toward the center. In the middle, a smaller child with dark hair and a pink top is smiling broadly, looking up at the others"
flickr30k_retrieval_2000_seed2,qwen_prompt,qwen_prompt__flickr30k_retrieval_2000_seed2,observer_specific_supported,Observer Specific Supported,1009,1009,flickr30k_test_022342,"A man in a green shirt and dark shorts is bending over to help a young girl in a pink swimsuit adjust her swimsuit or towel while she sits on a tiled bench in a brightly lit changing room. Another young girl in a swimsuit sits nearby, and a shirtless boy in green swim trunks stands beside"
flickr30k_retrieval_2000_seed2,qwen_prompt,qwen_prompt__flickr30k_retrieval_2000_seed2,observer_specific_supported,Observer Specific Supported,1010,1010,flickr30k_test_017317,"A person wearing a bright green shirt, a dark head covering, and a long brown skirt is standing on a patterned cobblestone sidewalk, holding a long orange hose and a small orange tool, seemingly engaged in cleaning or maintenance work. Behind them, a metal railing separates the sidewalk from a street where a tricycle"
flickr30k_retrieval_2000_seed2,qwen_prompt,qwen_prompt__flickr30k_retrieval_2000_seed2,observer_specific_supported,Observer Specific Supported,1011,1011,flickr30k_test_007814,"Two young men stand on the flat roof of a white brick building, silhouetted against a clear blue sky, with the dark canopy of a tree visible behind them."
flickr30k_retrieval_2000_seed2,qwen_prompt,qwen_prompt__flickr30k_retrieval_2000_seed2,observer_specific_supported,Observer Specific Supported,1012,1012,flickr30k_test_004586,"Two female tennis players on a clay court are engaged in a match; the player in the foreground, wearing a blue dress and white visor, is in a ready stance holding her racket, while her opponent in a white and yellow top runs toward her with a smile, suggesting a moment of lighthearted interaction"
flickr30k_retrieval_2000_seed2,qwen_prompt,qwen_prompt__flickr30k_retrieval_2000_seed2,observer_specific_supported,Observer Specific Supported,1013,1013,flickr30k_test_012174,"A man in an orange shirt is running across a field of active flames and smoke, while a crowd of onlookers watches from the sidelines, some recording the event with cameras."
flickr30k_retrieval_2000_seed2,qwen_prompt,qwen_prompt__flickr30k_retrieval_2000_seed2,observer_specific_supported,Observer Specific Supported,1014,1014,flickr30k_test_000049,"A man and a woman are seated together on a metal bench, smiling at the camera. The man, wearing sunglasses and a patterned blue shirt, has his arm around the woman. She is wearing a black-and-white patterned blouse and light-colored pants. Behind them, a parking lot contains several vehicles, including a"
flickr30k_retrieval_2000_seed2,qwen_prompt,qwen_prompt__flickr30k_retrieval_2000_seed2,observer_specific_supported,Observer Specific Supported,1015,1015,flickr30k_test_004317,"A man in dark winter clothing stands beside a red SUV stuck in deep snow on a snowy, tree-lined road, holding a green bottle and looking toward the camera. The vehicle’s rear license plate reads “678-KVU,” and its tires are partially buried in the snow, indicating it has become immobilized"
flickr30k_retrieval_2000_seed2,qwen_prompt,qwen_prompt__flickr30k_retrieval_2000_seed2,observer_specific_supported,Observer Specific Supported,1016,1016,flickr30k_test_017699,"A man in a dark suit and sunglasses, holding a red-bound book, stands before a group of soldiers in camouflage uniforms, appearing to address them. A woman in a dark blazer and glasses stands beside him, holding a folder. The scene takes place outdoors near a building with blue-framed windows and a concrete step"
flickr30k_retrieval_2000_seed2,qwen_prompt,qwen_prompt__flickr30k_retrieval_2000_seed2,observer_specific_supported,Observer Specific Supported,1017,1017,flickr30k_test_003818,"A monk in a saffron robe walks away from the camera down a sunlit sidewalk, carrying a yellow plastic bag in one hand. To his left is a street-side food stall shaded by a blue umbrella branded with “Nescafé Ice” and “Pepsi,” with a metal container holding green vegetables"
flickr30k_retrieval_2000_seed2,qwen_prompt,qwen_prompt__flickr30k_retrieval_2000_seed2,observer_specific_supported,Observer Specific Supported,1018,1018,flickr30k_test_008083,"A small band performs live on a cobblestone plaza outside a modern glass-fronted building, drawing a small, engaged crowd. The musicians include a guitarist in a white t-shirt, a female vocalist in a teal top, and another guitarist in a black t-shirt, all standing near their instruments and cases. A woman"
flickr30k_retrieval_2000_seed2,qwen_prompt,qwen_prompt__flickr30k_retrieval_2000_seed2,observer_specific_supported,Observer Specific Supported,1019,1019,flickr30k_test_003546,"A street performer wearing a black hat with a red flower and a tie-dye shirt sits on a green bench, playing an acoustic guitar while holding a small black-and-tan dog wearing yellow sunglasses. The dog is perched on the performer’s lap, and the performer is also holding a harmonica to their mouth."
flickr30k_retrieval_2000_seed2,qwen_prompt,qwen_prompt__flickr30k_retrieval_2000_seed2,observer_specific_supported,Observer Specific Supported,1020,1020,flickr30k_test_015281,"A young child with red hair, wearing a light blue t-shirt and dark shorts, stands on a grassy lawn and holds up a yellow rubber chicken toy by its string, which is attached to a black ball. The toy is suspended in mid-air, and another identical rubber chicken toy hangs nearby, also attached to a"
flickr30k_retrieval_2000_seed2,qwen_prompt,qwen_prompt__flickr30k_retrieval_2000_seed2,observer_specific_supported,Observer Specific Supported,1021,1021,flickr30k_test_006939,"A young baseball catcher, wearing full protective gear including a helmet, chest protector, and shin guards, is in a low, ready crouch on the dirt infield near home plate, holding his mitt up in anticipation of a pitch."
flickr30k_retrieval_2000_seed2,qwen_prompt,qwen_prompt__flickr30k_retrieval_2000_seed2,observer_specific_supported,Observer Specific Supported,1022,1022,flickr30k_test_026147,"A young girl in a blue traditional outfit, adorned with silver jewelry and a decorative belt, smiles and playfully touches her lips while standing in the foreground. Behind her, a group of people, many also in blue attire, are holding and waving long, flowing blue fabric, creating dynamic, billowing shapes against a backdrop"
flickr30k_retrieval_2000_seed2,qwen_prompt,qwen_prompt__flickr30k_retrieval_2000_seed2,observer_specific_supported,Observer Specific Supported,1023,1023,flickr30k_test_001741,"A group of young adults stands on a city sidewalk near a crosswalk sign, with one man in a green shirt and cap holding a phone, seemingly focused on it, while others around him—including a woman in a red top carrying a black purse and another in a dark tank top with a green bag—appear to be"
flickr30k_retrieval_2000_seed2,qwen_prompt,qwen_prompt__flickr30k_retrieval_2000_seed2,observer_specific_supported,Observer Specific Supported,1024,1024,flickr30k_test_020186,"A couple walks closely together down a sunlit city street, the woman in a bright yellow coat and the man in a mustard-yellow jacket carrying a black backpack; both are seen from behind, their proximity suggesting intimacy. A woman in a long black coat walks ahead of them, while another man in a dark coat and jeans"
flickr30k_retrieval_2000_seed2,qwen_prompt,qwen_prompt__flickr30k_retrieval_2000_seed2,observer_specific_supported,Observer Specific Supported,1025,1025,flickr30k_test_007052,"A woman with short brown hair, wearing a light purple tank top and denim shorts, holds a small child in a patterned pink dress while standing in a grassy park. The child, with dark hair, is nestled against her chest and looks down. The woman holds a small object, possibly a toy or tool,"
flickr30k_retrieval_2000_seed2,qwen_prompt,qwen_prompt__flickr30k_retrieval_2000_seed2,observer_specific_supported,Observer Specific Supported,1026,1026,flickr30k_test_020525,"A group of people, including children and adults, are sitting together on a grassy slope beside a dirt path, shaded by a large tree. Colorful prayer flags strung between trees flutter above them, suggesting a spiritual or cultural gathering. One man in a black shirt and cap sits upright, while another older man in"
flickr30k_retrieval_2000_seed2,qwen_prompt,qwen_prompt__flickr30k_retrieval_2000_seed2,observer_specific_supported,Observer Specific Supported,1027,1027,flickr30k_test_012423,"A North Carolina basketball player, wearing a light blue jersey with the number 22, dribbles the ball while running down the court during a game. He is focused and in motion, with spectators visible in the background behind a railing. A large green and red O'Reilly Auto Parts advertisement is on the sideline,"
flickr30k_retrieval_2000_seed2,qwen_prompt,qwen_prompt__flickr30k_retrieval_2000_seed2,observer_specific_supported,Observer Specific Supported,1028,1028,flickr30k_test_011034,"At night, three construction workers in high-visibility vests and hard hats are actively managing thick cables suspended from a crane or rigging system above a darkened construction site. They stand on a metal railing along the edge of a platform or walkway, pulling and adjusting the cables with focused coordination. Behind them, a large"
flickr30k_retrieval_2000_seed2,qwen_prompt,qwen_prompt__flickr30k_retrieval_2000_seed2,observer_specific_supported,Observer Specific Supported,1029,1029,flickr30k_test_020404,"A man with a long gray beard and sunglasses stands outdoors in front of a city building, wearing a striking black top hat adorned with vibrant pink and green feathers. He is dressed in a white, patterned open jacket over a black shirt, accessorized with multiple necklaces, including a prominent silver cross pendant and a be"
flickr30k_retrieval_2000_seed2,qwen_prompt,qwen_prompt__flickr30k_retrieval_2000_seed2,observer_specific_supported,Observer Specific Supported,1030,1030,flickr30k_test_021220,"A crowd of people is gathered in a dimly lit, enclosed space, possibly a subway station or transit hub, under a ceiling with large, dark Chinese characters. The scene is viewed from a slightly elevated angle, looking down on the group. Several individuals are visible: a man in a dark t-shirt and jeans stands"
flickr30k_retrieval_2000_seed2,qwen_prompt,qwen_prompt__flickr30k_retrieval_2000_seed2,observer_specific_supported,Observer Specific Supported,1031,1031,flickr30k_test_028134,"A woman in a black swimsuit is carefully stepping into a backyard swimming pool using the metal ladder, while a man swims nearby and a young child in a colorful swimsuit stands on the wet deck beside her."
flickr30k_retrieval_2000_seed2,qwen_prompt,qwen_prompt__flickr30k_retrieval_2000_seed2,observer_specific_supported,Observer Specific Supported,1032,1032,flickr30k_test_012905,"A group of workers in high-visibility vests and hard hats are gathered outside a large, open-sided container or trailer, appearing to be engaged in a work-related activity or inspection. One worker in a yellow vest and white hard hat is holding a clipboard or tablet, suggesting coordination or documentation. Another worker in a red vest"
flickr30k_retrieval_2000_seed2,qwen_prompt,qwen_prompt__flickr30k_retrieval_2000_seed2,observer_specific_supported,Observer Specific Supported,1033,1033,flickr30k_test_029628,"A band performs live on a wooden stage under a covered structure, with a lead singer in a black dress and boots center stage, holding a microphone. To her left, a guitarist in a light blue shirt plays a black electric guitar, while to her right, another guitarist in a yellow shirt plays a white electric guitar."
flickr30k_retrieval_2000_seed2,qwen_prompt,qwen_prompt__flickr30k_retrieval_2000_seed2,observer_specific_supported,Observer Specific Supported,1034,1034,flickr30k_test_030637,"A man in a yellow shirt sits at a jewelry counter, gesturing with his right hand while speaking, his expression animated. Behind him, another man in an orange shirt smiles from a chair. The counter displays a glass case with jewelry, and posters on the red wall advertise “America’s Gold” and “America’s"
flickr30k_retrieval_2000_seed2,qwen_prompt,qwen_prompt__flickr30k_retrieval_2000_seed2,observer_specific_supported,Observer Specific Supported,1035,1035,flickr30k_test_023513,"Under a vibrant red canopy adorned with disco balls, a lively juice bar scene unfolds. A woman in a striped shirt and checkered apron stands at the counter, smiling and gesturing as if engaging with customers or fellow staff. Behind her, another woman with blonde hair, wearing a white top, is actively preparing drinks"
flickr30k_retrieval_2000_seed2,qwen_prompt,qwen_prompt__flickr30k_retrieval_2000_seed2,observer_specific_supported,Observer Specific Supported,1036,1036,flickr30k_test_017186,"A rodeo rider in a bright green outfit is actively riding a bucking white and brown horse inside a dirt arena, with the horse’s front legs lifted and its body arched in motion. Behind them, an American flag waves prominently, and a man in a dark shirt and jeans sits on a white trailer labeled “"
flickr30k_retrieval_2000_seed2,qwen_prompt,qwen_prompt__flickr30k_retrieval_2000_seed2,observer_specific_supported,Observer Specific Supported,1037,1037,flickr30k_test_016616,"Under a bright blue sky with scattered white clouds, a wide cobblestone plaza in a historic Andean town bustles with activity. On the left, a row of colonial-style buildings with wooden balconies and arched doorways lines the street, one displaying a Peruvian flag. Dominating the background is a tall"
flickr30k_retrieval_2000_seed2,qwen_prompt,qwen_prompt__flickr30k_retrieval_2000_seed2,observer_specific_supported,Observer Specific Supported,1038,1038,flickr30k_test_025590,"A man wearing a black cap and glasses stands in a brightly lit store aisle, juggling three colorful, fluffy pom-poms—one purple, one green, and one yellow—while holding the green one in his left hand and gesturing with his right. He is dressed in a black zip-up jacket over a dark polo"
flickr30k_retrieval_2000_seed2,qwen_prompt,qwen_prompt__flickr30k_retrieval_2000_seed2,observer_specific_supported,Observer Specific Supported,1039,1039,flickr30k_test_030047,"In a dynamic moment during a soccer match, a player in a green Seattle Sounders jersey with “XBOX” sponsorship and blue shorts is dribbling the ball while being closely challenged by an opponent in a white jersey. The player in green is leaning forward, focused on maintaining control, while the defender in white is positioned"
flickr30k_retrieval_2000_seed2,qwen_prompt,qwen_prompt__flickr30k_retrieval_2000_seed2,observer_specific_supported,Observer Specific Supported,1040,1040,flickr30k_test_022132,"A silhouetted person stands on a wet beach at dusk, holding a surfboard under one arm while lifting the other leg in a dynamic pose, as gentle waves roll in under a dramatic sky streaked with orange and blue."
flickr30k_retrieval_2000_seed2,qwen_prompt,qwen_prompt__flickr30k_retrieval_2000_seed2,observer_specific_supported,Observer Specific Supported,1041,1041,flickr30k_test_005341,"A young boy with light brown hair, wearing a green jacket, stands on a stone balustrade overlooking a turbulent sea, his mouth open in an expression of surprise or excitement. Behind him, a steep, tree-covered hillside rises, dotted with white and red buildings near the water’s edge, under a partly cloudy"
flickr30k_retrieval_2000_seed2,qwen_prompt,qwen_prompt__flickr30k_retrieval_2000_seed2,observer_specific_supported,Observer Specific Supported,1042,1042,flickr30k_test_016743,"A silhouetted cyclist performs a wheelie on a BMX bike, balancing against the trunk of a palm tree in a park at sunset, with the rider’s body angled upward and the front wheel lifted high."
flickr30k_retrieval_2000_seed2,qwen_prompt,qwen_prompt__flickr30k_retrieval_2000_seed2,observer_specific_supported,Observer Specific Supported,1043,1043,flickr30k_test_003455,"An elderly man in a yellow shirt and brown trousers stands in the doorway of a building, holding a white plastic bag in his right hand. The door frame is painted white, with a red metal shutter partially rolled up above the entrance. To the right, a textured orange wall is visible, and a small patch of green"
flickr30k_retrieval_2000_seed2,qwen_prompt,qwen_prompt__flickr30k_retrieval_2000_seed2,observer_specific_supported,Observer Specific Supported,1044,1044,flickr30k_test_027306,"A man and a woman are kneeling and sitting on a wooden floor beside a large collection of packed luggage, including backpacks, duffel bags, and rolling suitcases, suggesting they are preparing for a trip. The woman, wearing a gray beanie and a white t-shirt, sits barefoot with her arms resting"
flickr30k_retrieval_2000_seed2,qwen_prompt,qwen_prompt__flickr30k_retrieval_2000_seed2,observer_specific_supported,Observer Specific Supported,1045,1045,flickr30k_test_026797,"An older man with glasses, wearing a dark polo shirt, is carefully threading fine, light-colored fibers through a wooden loom or weaving frame. He is seated at a blue table, and beside him lies a large coil of the same fibers, with several loose hooks or small metal tools scattered nearby. His focused expression and"
flickr30k_retrieval_2000_seed2,qwen_prompt,qwen_prompt__flickr30k_retrieval_2000_seed2,observer_specific_supported,Observer Specific Supported,1046,1046,flickr30k_test_004960,"Three dogs — a black and white Border Collie, a German Shepherd, and a fluffy white and gray dog — are actively playing and interacting in a snowy field, with their mouths open and bodies positioned in motion, suggesting energetic engagement."
flickr30k_retrieval_2000_seed2,qwen_prompt,qwen_prompt__flickr30k_retrieval_2000_seed2,observer_specific_supported,Observer Specific Supported,1047,1047,flickr30k_test_020549,"A child in olive green shorts and white sneakers stands on dry grass, poised to kick a colorful soccer ball with a pattern of red, green, and white panels. The rear of a silver car is visible in the background, suggesting the scene takes place in a driveway or parking area adjacent to a grassy field."
flickr30k_retrieval_2000_seed2,qwen_prompt,qwen_prompt__flickr30k_retrieval_2000_seed2,observer_specific_supported,Observer Specific Supported,1048,1048,flickr30k_test_006891,"A woman in a black tank top and purple shorts is perched on the boom of a sailboat, holding onto a rigging line while talking on a mobile phone. The boat’s sail, featuring bold red and yellow stripes, is partially visible beside her, and the vessel is moored at a wooden dock. In"
flickr30k_retrieval_2000_seed2,qwen_prompt,qwen_prompt__flickr30k_retrieval_2000_seed2,observer_specific_supported,Observer Specific Supported,1049,1049,flickr30k_test_005684,"On a dimly lit stage, a live musical performance unfolds with a group of musicians engaged in a collaborative act. At the center, a man in a maroon shirt and dark pants stands singing into a microphone, his hands gesturing expressively as he performs. To his left, a seated musician in a dark shirt"
flickr30k_retrieval_2000_seed2,qwen_prompt,qwen_prompt__flickr30k_retrieval_2000_seed2,observer_specific_supported,Observer Specific Supported,1050,1050,flickr30k_test_012363,"Two young boys are crouched on a concrete floor in front of a bookshelf, intently examining books on the lower shelf. The boy in the foreground, wearing a plaid shirt, leans forward with his hands near the books, while the boy behind him, in a denim shirt, looks over his shoulder at"
flickr30k_retrieval_2000_seed2,qwen_prompt,qwen_prompt__flickr30k_retrieval_2000_seed2,observer_specific_supported,Observer Specific Supported,1051,1051,flickr30k_test_006615,"A fluffy, light-brown and white Shetland Sheepdog leaps mid-air over a red and white agility hurdle, its mouth open in an excited expression, while a woman in a teal shirt and dark pants runs alongside, guiding the dog through the course on a grassy field with trees in the background."
flickr30k_retrieval_2000_seed2,qwen_prompt,qwen_prompt__flickr30k_retrieval_2000_seed2,observer_specific_supported,Observer Specific Supported,1052,1052,flickr30k_test_009745,"A young person with curly hair, wearing a dark blue t-shirt, is in the act of throwing an axe at a wooden target board at an outdoor axe-throwing venue. The target board, mounted on a blue wall, features five black bull’s-head cutouts arranged in a row. Several axes lie scattered on"
flickr30k_retrieval_2000_seed2,qwen_prompt,qwen_prompt__flickr30k_retrieval_2000_seed2,observer_specific_supported,Observer Specific Supported,1053,1053,flickr30k_test_011162,"A small, white and tan dog, likely a Jack Russell Terrier, is captured mid-leap in a dynamic, airborne pose, clearing a low concrete curb on a paved street. Its front paws are extended forward, and its body is stretched out, conveying motion and energy. The scene is set outdoors on a"
flickr30k_retrieval_2000_seed2,qwen_prompt,qwen_prompt__flickr30k_retrieval_2000_seed2,observer_specific_supported,Observer Specific Supported,1054,1054,flickr30k_test_014118,"A white and tan wire-haired fox terrier, wearing a red collar, is captured mid-stride as it runs energetically along a paved path in a grassy park, its tongue out and tail curved upward."
flickr30k_retrieval_2000_seed2,qwen_prompt,qwen_prompt__flickr30k_retrieval_2000_seed2,observer_specific_supported,Observer Specific Supported,1055,1055,flickr30k_test_004709,"A woman in a bright red coat sits alone on a concrete slab at the Memorial to the Murdered Jews of Europe, her back to the camera as she gazes at the sea of gray stelae stretching into the distance. She carries a black shoulder bag, and her dark hair is pulled back. The stark,"
flickr30k_retrieval_2000_seed2,qwen_prompt,qwen_prompt__flickr30k_retrieval_2000_seed2,observer_specific_supported,Observer Specific Supported,1056,1056,flickr30k_test_014015,"A man and two children are paddling a long, narrow wooden canoe down a calm, tree-lined river, surrounded by dense green foliage that reflects in the water’s surface."
flickr30k_retrieval_2000_seed2,qwen_prompt,qwen_prompt__flickr30k_retrieval_2000_seed2,observer_specific_supported,Observer Specific Supported,1057,1057,flickr30k_test_004273,"A group of five people is gathered around a dining table for a birthday celebration, with two cakes adorned with lit candles as the centerpiece. The woman on the right, wearing a decorative feathered hat, smiles while holding a fork, and the man beside her, in a blue shirt and tie, has his arm around her"
flickr30k_retrieval_2000_seed2,qwen_prompt,qwen_prompt__flickr30k_retrieval_2000_seed2,observer_specific_supported,Observer Specific Supported,1058,1058,flickr30k_test_013046,"A man and a young boy sit side by side on a low blue-painted step, both eating small pieces of food. The man, wearing a black tank top and brown shorts, holds a piece of food in each hand and looks down at them. The boy, dressed in a white t-shirt and white pants,"
flickr30k_retrieval_2000_seed2,qwen_prompt,qwen_prompt__flickr30k_retrieval_2000_seed2,observer_specific_supported,Observer Specific Supported,1059,1059,flickr30k_test_010278,"A man in a dark shirt and pants is smiling broadly while holding a large, bundled bunch of green leafy vegetables, likely bok choy or a similar green, balanced on his shoulder. He appears to be in a lively, informal outdoor market setting, possibly in a residential alleyway, with a woman in a"
flickr30k_retrieval_2000_seed2,qwen_prompt,qwen_prompt__flickr30k_retrieval_2000_seed2,observer_specific_supported,Observer Specific Supported,1060,1060,flickr30k_test_026140,"A woman in a red shirt and white pants stands atop a gray, riveted metal trash can on a city street, holding a camera up to her eye as if photographing something out of frame. Below her, a man with white hair and sunglasses looks up toward her, while other pedestrians, including a woman in a"
flickr30k_retrieval_2000_seed2,qwen_prompt,qwen_prompt__flickr30k_retrieval_2000_seed2,observer_specific_supported,Observer Specific Supported,1061,1061,flickr30k_test_009807,"A man in a dark shirt leans over the top of his cubicle, holding a long wooden stick that he’s using to poke at a cluster of colorful balloons on the floor below. The balloons—red, green, orange, black, blue, and purple—are scattered across the carpeted floor, some clustered near a"
flickr30k_retrieval_2000_seed2,qwen_prompt,qwen_prompt__flickr30k_retrieval_2000_seed2,observer_specific_supported,Observer Specific Supported,1062,1062,flickr30k_test_026591,"A group of children is gathered on a carpeted floor in a living room, engaged in playing board games. In the foreground, a boy in a blue sports jersey with the number 16 is leaning forward, reaching for a game piece. Beside him, another boy in a gray t-shirt and black sneakers sits"
flickr30k_retrieval_2000_seed2,qwen_prompt,qwen_prompt__flickr30k_retrieval_2000_seed2,observer_specific_supported,Observer Specific Supported,1063,1063,flickr30k_test_003254,"A young person in a hooded jacket stands in a tiled alleyway, holding a small, decorated birthday cake with lit candles, appearing to be preparing to blow them out or posing for a moment. Behind them, another person is partially visible near a weathered utility pole. The scene is illuminated by artificial light, casting"
flickr30k_retrieval_2000_seed2,qwen_prompt,qwen_prompt__flickr30k_retrieval_2000_seed2,observer_specific_supported,Observer Specific Supported,1064,1064,flickr30k_test_018430,"A cowboy in a white shirt and black vest, wearing a wide-brimmed hat, is riding a bucking brown horse in a rodeo arena. The horse is mid-air, rear legs kicked up, with its tail flaring out, kicking up dust as it attempts to throw the rider. The cowboy holds the"
flickr30k_retrieval_2000_seed2,qwen_prompt,qwen_prompt__flickr30k_retrieval_2000_seed2,observer_specific_supported,Observer Specific Supported,1065,1065,flickr30k_test_003275,"A black Scottish Terrier runs toward the camera across a wide, sandy beach under an overcast sky, with distant hills and a small white boat visible on the horizon."
flickr30k_retrieval_2000_seed2,qwen_prompt,qwen_prompt__flickr30k_retrieval_2000_seed2,observer_specific_supported,Observer Specific Supported,1066,1066,flickr30k_test_008925,"A fisherman in a striped shirt and black rubber boots is carefully inspecting a large tuna fish lying on a wet, muddy floor, using a small knife to cut into its flesh. Several other tuna, marked with red ink, are arranged nearby, suggesting a processing or sorting operation at a fish market or dock."
flickr30k_retrieval_2000_seed2,qwen_prompt,qwen_prompt__flickr30k_retrieval_2000_seed2,observer_specific_supported,Observer Specific Supported,1067,1067,flickr30k_test_009321,"A black-and-white dog with a fluffy, bushy tail is captured mid-stride, running energetically across a dry, dirt-covered ground. Its mouth is open in a joyful expression, and its ears are perked forward, indicating active movement and engagement. The dog’s coat features distinct black patches over a predominantly"
flickr30k_retrieval_2000_seed2,qwen_prompt,qwen_prompt__flickr30k_retrieval_2000_seed2,observer_specific_supported,Observer Specific Supported,1068,1068,flickr30k_test_017281,"An elderly man sits in a folding chair on a concrete sidewalk, holding a newspaper and looking toward the camera. He is surrounded by various items: several paint cans and buckets are arranged on the ground in front of him, stacks of plastic storage bins and green plastic chairs are piled to his left, and a wooden fence with"
flickr30k_retrieval_2000_seed2,qwen_prompt,qwen_prompt__flickr30k_retrieval_2000_seed2,observer_specific_supported,Observer Specific Supported,1069,1069,flickr30k_test_025079,"A man in a brown jacket and blue jeans sits on a low brick ledge on a cobblestone courtyard, intently reading a book or tablet. To his left, another person sits on a set of metal stairs, also appearing to be reading. Behind them, a red brick building with a green arched garage door"
flickr30k_retrieval_2000_seed2,qwen_prompt,qwen_prompt__flickr30k_retrieval_2000_seed2,observer_specific_supported,Observer Specific Supported,1070,1070,flickr30k_test_009170,"Two construction workers in high-visibility vests and hard hats are focused on cutting a long metal beam with a handheld power tool on a blue workbench. One worker, wearing a bright orange hard hat and dark sunglasses, operates the tool while the other, in a yellow hard hat, assists by holding the beam steady. The"
flickr30k_retrieval_2000_seed2,qwen_prompt,qwen_prompt__flickr30k_retrieval_2000_seed2,observer_specific_supported,Observer Specific Supported,1071,1071,flickr30k_test_007507,"A young soldier in a camouflage uniform sits on the floor, leaning against a window sill, with one foot propped up and the other flat on the carpet. He is looking off to the side, appearing contemplative or tired, while holding a stack of papers in his hand. A black bag rests on the floor beside"
flickr30k_retrieval_2000_seed2,qwen_prompt,qwen_prompt__flickr30k_retrieval_2000_seed2,observer_specific_supported,Observer Specific Supported,1072,1072,flickr30k_test_013784,"Five people are walking across a wide, sandy beach toward the ocean under a hazy sky; their reflections are visible in a shallow, grass-bordered pool of water in the foreground."
flickr30k_retrieval_2000_seed2,qwen_prompt,qwen_prompt__flickr30k_retrieval_2000_seed2,observer_specific_supported,Observer Specific Supported,1073,1073,flickr30k_test_023038,"A man in a red shirt and beige pants walks across a paved plaza, while a couple in dark, layered streetwear dances closely nearby. Behind them, a white van with “MAPS” and “Bike” signage is parked, and a large satellite dish is mounted on a pole. The background features modern buildings"
flickr30k_retrieval_2000_seed2,qwen_prompt,qwen_prompt__flickr30k_retrieval_2000_seed2,observer_specific_supported,Observer Specific Supported,1074,1074,flickr30k_test_004509,"A young man with short brown hair sits on a bench in a bright, modern airport terminal, playing an acoustic guitar. He wears a short-sleeved checkered shirt and khaki pants, and his bare feet rest on the carpeted floor. Beside him on the bench lies a black backpack and a white helmet"
flickr30k_retrieval_2000_seed2,qwen_prompt,qwen_prompt__flickr30k_retrieval_2000_seed2,observer_specific_supported,Observer Specific Supported,1075,1075,flickr30k_test_022906,"A man in a blue shirt and jeans walks past a weathered wall with a large black graffiti silhouette of a woman holding a phone, accompanied by the word “AGAIN!” in spray paint. Nearby, two women—one in a pink shirt and denim skirt, the other in a black top and jeans—stand near a red"
flickr30k_retrieval_2000_seed2,qwen_prompt,qwen_prompt__flickr30k_retrieval_2000_seed2,observer_specific_supported,Observer Specific Supported,1076,1076,flickr30k_test_017925,"In a well-lit, institutional cafeteria, a group of U.S. Army personnel in camouflage uniforms are lining up at a long, stainless-steel serving counter. A woman in a dark jacket is reaching for food from a tray, while several soldiers, including one in a white chef’s hat, stand behind the counter"
flickr30k_retrieval_2000_seed2,qwen_prompt,qwen_prompt__flickr30k_retrieval_2000_seed2,observer_specific_supported,Observer Specific Supported,1077,1077,flickr30k_test_021568,"Under the dim, hazy glow of hanging lanterns, a group of young people walks through a bustling, smoky alleyway at night, while others sit at small tables enjoying food and conversation. A woman in a patterned shirt and jeans strides forward, holding a bottle, alongside a man in a dark t-shirt"
flickr30k_retrieval_2000_seed2,qwen_prompt,qwen_prompt__flickr30k_retrieval_2000_seed2,observer_specific_supported,Observer Specific Supported,1078,1078,flickr30k_test_003407,"A black and white spotted dog, wearing a red collar, runs energetically through a muddy, marshy field with patches of green grass and standing water, its tongue lolling out as it moves forward."
flickr30k_retrieval_2000_seed2,qwen_prompt,qwen_prompt__flickr30k_retrieval_2000_seed2,observer_specific_supported,Observer Specific Supported,1079,1079,flickr30k_test_001003,"A man in a yellow shirt and jeans stands in an office doorway, holding the wand of a black vacuum cleaner, with the hose and wand visibly connected to his body via a strap over his shoulder. He appears to be in the process of vacuuming the carpeted floor. Behind him, a wooden-framed poster is"
flickr30k_retrieval_2000_seed2,qwen_prompt,qwen_prompt__flickr30k_retrieval_2000_seed2,observer_specific_supported,Observer Specific Supported,1080,1080,flickr30k_test_019724,"On a bright day at a football stadium, a group of players and staff in red and white kits are gathered near the goal line on the green pitch, appearing to be in a pre- or post-match huddle or discussion. Among them, a player wearing a red jersey with the number 14 is visible,"
flickr30k_retrieval_2000_seed2,qwen_prompt,qwen_prompt__flickr30k_retrieval_2000_seed2,observer_specific_supported,Observer Specific Supported,1081,1081,flickr30k_test_018078,"A young child with pigtails, dressed in a dark outfit, sits cross-legged on a carpeted floor, intently examining a worn shoe she holds in her hands. Beside her, a small, cylindrical container with a label sits atop a newspaper, and a white candle is nearby. In the background, a"
flickr30k_retrieval_2000_seed2,qwen_prompt,qwen_prompt__flickr30k_retrieval_2000_seed2,observer_specific_supported,Observer Specific Supported,1082,1082,flickr30k_test_024633,"A smiling older couple, dressed in elaborate, colorful costumes—one in a layered blue and purple gown with a headscarf, the other in a fur-trimmed vest and headwear—pose together beside a bright orange electric scooter under leafy trees, suggesting they are at an outdoor festival or themed event."
flickr30k_retrieval_2000_seed2,qwen_prompt,qwen_prompt__flickr30k_retrieval_2000_seed2,observer_specific_supported,Observer Specific Supported,1083,1083,flickr30k_test_006619,"A white dog with floppy ears and a black nose lies on its side in a sunlit grassy field, happily chewing on a thick, gnarled stick it holds in its mouth. The dog wears a dark collar with a metal tag, and its front paws are visible, one resting near its chest. The"
flickr30k_retrieval_2000_seed2,qwen_prompt,qwen_prompt__flickr30k_retrieval_2000_seed2,observer_specific_supported,Observer Specific Supported,1084,1084,flickr30k_test_006957,"A young man sits on stone steps, intently reading a newspaper, while beside him a young woman holds up a hand-drawn sign that reads, “It’s a nice day for a Gay Wedding.” The scene suggests they are participating in or observing a public event, possibly a pride celebration or wedding-related gathering, as"
flickr30k_retrieval_2000_seed2,qwen_prompt,qwen_prompt__flickr30k_retrieval_2000_seed2,observer_specific_supported,Observer Specific Supported,1085,1085,flickr30k_test_006368,"A rodeo cowboy, wearing a patterned shirt and jeans, is being thrown from a dark-colored bucking horse in a dirt arena. The horse is mid-buck, with its front legs lifted and body arched, while the cowboy’s arms are raised in the air as he loses his grip. In the background"
flickr30k_retrieval_2000_seed2,qwen_prompt,qwen_prompt__flickr30k_retrieval_2000_seed2,observer_specific_supported,Observer Specific Supported,1086,1086,flickr30k_test_012827,"Three young lambs—two with white wool and one with black wool—are standing on a grassy field, appearing alert and curious as they look toward the camera."
flickr30k_retrieval_2000_seed2,qwen_prompt,qwen_prompt__flickr30k_retrieval_2000_seed2,observer_specific_supported,Observer Specific Supported,1087,1087,flickr30k_test_018998,"A group of children and adults, likely a village community, stands together in a lush, green field with rolling hills in the background. Several children are barefoot and wearing simple clothing, while the adults wear colorful, patterned skirts and dresses. One child in the center holds a small object, possibly a book or a"
flickr30k_retrieval_2000_seed2,qwen_prompt,qwen_prompt__flickr30k_retrieval_2000_seed2,observer_specific_supported,Observer Specific Supported,1088,1088,flickr30k_test_001281,"A man in a formal black suit and white shirt stands centered in a spacious, brightly lit gallery hall with a black-and-white checkered floor, holding a pair of glasses in his hands. Behind him, other visitors—some in casual attire, others with backpacks—are walking or standing, observing the white marble busts"
flickr30k_retrieval_2000_seed2,qwen_prompt,qwen_prompt__flickr30k_retrieval_2000_seed2,observer_specific_supported,Observer Specific Supported,1089,1089,flickr30k_test_021138,"A baseball player in a gray uniform with orange accents and a red helmet is sliding headfirst toward a base, kicking up dirt as he extends his arm. A fielder in a maroon jersey and white pants, wearing a red cap and a brown glove, is crouched low, reaching toward the base to make"
flickr30k_retrieval_2000_seed2,qwen_prompt,qwen_prompt__flickr30k_retrieval_2000_seed2,observer_specific_supported,Observer Specific Supported,1090,1090,flickr30k_test_004525,"A bride, seen in profile, stands outdoors in bright sunlight, her blonde hair styled in an elegant updo with decorative pins, and a sheer veil draping over her shoulder. She wears a white wedding dress, a delicate necklace, and a small floral accessory near her collarbone. Behind her, a brick building with"
flickr30k_retrieval_2000_seed2,qwen_prompt,qwen_prompt__flickr30k_retrieval_2000_seed2,observer_specific_supported,Observer Specific Supported,1091,1091,flickr30k_test_020494,"A man in a black tank top is hanging laundry on a clothesline in a sunlit backyard, reaching up to adjust a white garment while colorful t-shirts and shorts dangle nearby, with lush green foliage forming a natural backdrop."
flickr30k_retrieval_2000_seed2,qwen_prompt,qwen_prompt__flickr30k_retrieval_2000_seed2,observer_specific_supported,Observer Specific Supported,1092,1092,flickr30k_test_000770,"A man with long brown hair, wearing a light blue button-down shirt and beige pants, sits on a white plastic chair and plays a small, light-brown acoustic guitar while singing into a microphone. He wears a beaded necklace and appears to be performing outdoors on a brick patio, with a white brick wall and a"
flickr30k_retrieval_2000_seed2,qwen_prompt,qwen_prompt__flickr30k_retrieval_2000_seed2,observer_specific_supported,Observer Specific Supported,1093,1093,flickr30k_test_024320,"A street vendor wearing a white cap and shirt stands behind a mobile food cart, tending to a grill under a large pink umbrella. The cart, labeled with signs for “HOT ITALIAN SAUSAGE,” “GERMAN BRATWURST,” and “POLISH SAUSAGE,” has wheels and a “"
flickr30k_retrieval_2000_seed2,qwen_prompt,qwen_prompt__flickr30k_retrieval_2000_seed2,observer_specific_supported,Observer Specific Supported,1094,1094,flickr30k_test_008601,"A light brown and white dog with a slightly blurred motion in its ears and tail stands on a dark, speckled floor, looking up toward the camera with its mouth slightly open and tongue visible. A green tag dangles from its collar."
flickr30k_retrieval_2000_seed2,qwen_prompt,qwen_prompt__flickr30k_retrieval_2000_seed2,observer_specific_supported,Observer Specific Supported,1095,1095,flickr30k_test_023024,"A woman in a dark blue shirt and black apron leans over a kitchen counter, pouring water from a clear glass pitcher into a metal mixing bowl, while a young girl in a pink shirt watches her intently, holding a small spoon. The scene is set in a home kitchen, with wooden chairs, a bottle of"
flickr30k_retrieval_2000_seed2,qwen_prompt,qwen_prompt__flickr30k_retrieval_2000_seed2,observer_specific_supported,Observer Specific Supported,1096,1096,flickr30k_test_023652,"At night, a bustling pedestrian street is alive with activity under a canopy of red lanterns and striped awnings; people stroll and shop along the narrow walkway, while vendors tend to stalls on either side, and a mannequin in a dress stands near a shop entrance."
flickr30k_retrieval_2000_seed2,qwen_prompt,qwen_prompt__flickr30k_retrieval_2000_seed2,observer_specific_supported,Observer Specific Supported,1097,1097,flickr30k_test_015569,"A black Labrador Retriever is captured mid-air, leaping over a red and yellow agility hurdle in an outdoor grassy field, with its front paws extended forward and its mouth slightly open in focused motion."
flickr30k_retrieval_2000_seed2,qwen_prompt,qwen_prompt__flickr30k_retrieval_2000_seed2,observer_specific_supported,Observer Specific Supported,1098,1098,flickr30k_test_017684,"A man in a green shirt stands beside a wooden frame holding several large cuts of raw meat, which hang from hooks under a covered outdoor area. The meat, including what appear to be ribs and other carcass parts, is exposed to the sun. Behind him, a white door is open, revealing a dim interior,"
flickr30k_retrieval_2000_seed2,qwen_prompt,qwen_prompt__flickr30k_retrieval_2000_seed2,observer_specific_supported,Observer Specific Supported,1099,1099,flickr30k_test_001566,"Two children lie on their backs on a light-colored couch, looking up at the camera with playful expressions. The child on the left, wearing a red t-shirt with white lettering, points their index finger toward their own nose. The child on the right, in a black t-shirt with a red graphic, smiles broadly"
flickr30k_retrieval_2000_seed2,qwen_prompt,qwen_prompt__flickr30k_retrieval_2000_seed2,observer_specific_supported,Observer Specific Supported,1100,1100,flickr30k_test_024134,"A young girl with long blonde hair, wearing a patterned top and black capri pants, stands on a green grassy field holding a large white and yellow beach ball. In the background, a chain-link fence separates the field from a gravel area where two other children are walking away. A thin, taut string"
flickr30k_retrieval_2000_seed2,qwen_prompt,qwen_prompt__flickr30k_retrieval_2000_seed2,observer_specific_supported,Observer Specific Supported,1101,1101,flickr30k_test_025304,"A pilot wearing a headset sits in the cockpit of a small aircraft, hands on the controls, with a bright yellow helicopter visible through the windshield ahead."
flickr30k_retrieval_2000_seed2,qwen_prompt,qwen_prompt__flickr30k_retrieval_2000_seed2,observer_specific_supported,Observer Specific Supported,1102,1102,flickr30k_test_028221,"Three hockey players in red Arizona Coyotes jerseys are gathered near the boards during a game, engaged in a moment of interaction. The player on the left, wearing number 18, has his arms crossed and is looking toward his teammate. The player in the center, wearing number 17, is smiling and appears"
flickr30k_retrieval_2000_seed2,qwen_prompt,qwen_prompt__flickr30k_retrieval_2000_seed2,observer_specific_supported,Observer Specific Supported,1103,1103,flickr30k_test_026970,"On a hazy day, two workers are on the flat roof of a red and beige building, handling stacks of white rectangular panels. One worker, wearing a blue shirt and a cap, is pushing a red hand truck, while the other, in a green shirt and shorts, stands nearby. The roof is cluttered"
flickr30k_retrieval_2000_seed2,qwen_prompt,qwen_prompt__flickr30k_retrieval_2000_seed2,observer_specific_supported,Observer Specific Supported,1104,1104,flickr30k_test_007357,"A cyclist wearing a white helmet and a red-and-yellow high-visibility vest rides a bicycle with a wire basket along a paved road, positioned over a white painted line, with a metal drainage grate visible in the background."
flickr30k_retrieval_2000_seed2,qwen_prompt,qwen_prompt__flickr30k_retrieval_2000_seed2,observer_specific_supported,Observer Specific Supported,1105,1105,flickr30k_test_027376,"Two police officers in full uniform and helmets are seated on their motorcycles, positioned on a city sidewalk in front of a modern building with large glass windows. The officer on the left is gripping the handlebars, while the officer on the right has his hand on the throttle. Both motorcycles are equipped with police insignia, lights"
flickr30k_retrieval_2000_seed2,qwen_prompt,qwen_prompt__flickr30k_retrieval_2000_seed2,observer_specific_supported,Observer Specific Supported,1106,1106,flickr30k_test_004733,"Two athletes are mid-air, performing acrobatic kicks to volley a ball over a net under a white tent, with spectators seated in chairs nearby."
flickr30k_retrieval_2000_seed2,qwen_prompt,qwen_prompt__flickr30k_retrieval_2000_seed2,observer_specific_supported,Observer Specific Supported,1107,1107,flickr30k_test_019598,"At night, a man in a dark vest and light shirt walks along a wet sidewalk beside a yellow taxi cab, its roof light glowing. The taxi, marked with “Yellow Cab” and the number “808-1000,” is parked near a curb, with its brake lights illuminated. Another person"
flickr30k_retrieval_2000_seed2,qwen_prompt,qwen_prompt__flickr30k_retrieval_2000_seed2,observer_specific_supported,Observer Specific Supported,1108,1108,flickr30k_test_010241,"A lively crowd of people, mostly young adults, are gathered in a dimly lit, rustic-style bar or restaurant, enthusiastically raising their hands and looking upward as if reacting to something happening above them — perhaps a performance or a surprise. In the foreground, a woman in a patterned dress is smiling and gesturing toward"
flickr30k_retrieval_2000_seed2,qwen_prompt,qwen_prompt__flickr30k_retrieval_2000_seed2,observer_specific_supported,Observer Specific Supported,1109,1109,flickr30k_test_001250,"A reddish-brown Vizsla dog is sleeping soundly on a blue paisley-patterned bedspread, its head resting on the fabric with its mouth slightly open and eyes closed, while a person’s arm is visible at the top right edge of the frame."
flickr30k_retrieval_2000_seed2,qwen_prompt,qwen_prompt__flickr30k_retrieval_2000_seed2,observer_specific_supported,Observer Specific Supported,1110,1110,flickr30k_test_022578,"At a bustling indoor art fair or gallery event, a woman with vibrant red hair and a black hat stands with her back to the camera, examining a display of framed artwork and decorative ceramics. Beside her, a man in a maroon sweater and white collared shirt leans in, appearing to engage in conversation or closely"
flickr30k_retrieval_2000_seed2,qwen_prompt,qwen_prompt__flickr30k_retrieval_2000_seed2,observer_specific_supported,Observer Specific Supported,1111,1111,flickr30k_test_006418,"A team of dark horses, harnessed together, pulls a wheeled cart across a wet, sandy beach, dragging a blue and white boat labeled “Ireland” behind it. Several people are aboard the boat, while others stand near the cart, observing the scene under a clear, bright blue sky."
flickr30k_retrieval_2000_seed2,qwen_prompt,qwen_prompt__flickr30k_retrieval_2000_seed2,observer_specific_supported,Observer Specific Supported,1112,1112,flickr30k_test_003550,"A smiling man wearing a red sweater and a black-and-white knit hat leans out from under a covered walkway, looking toward the camera. He wears a lanyard with an ID badge. Behind him, the walkway’s arched stone columns and large glass windows frame a bright, open sky. Another person is"
flickr30k_retrieval_2000_seed2,qwen_prompt,qwen_prompt__flickr30k_retrieval_2000_seed2,observer_specific_supported,Observer Specific Supported,1113,1113,flickr30k_test_004601,"A young boy with dark hair, wearing a blue jacket, is smiling warmly while holding a small, fluffy white dog dressed in a patterned blue outfit. The dog, with a pink bow in its hair, looks toward the camera. They are seated on a stone path in a grassy, outdoor setting with blurred foliage"
flickr30k_retrieval_2000_seed2,qwen_prompt,qwen_prompt__flickr30k_retrieval_2000_seed2,observer_specific_supported,Observer Specific Supported,1114,1114,flickr30k_test_020835,"A woman wearing a dark brown hijab and a red top stands with her back mostly to the camera, leaning against a weathered, textured concrete wall that shows patches of peeling white paint and rust-colored stains. Her posture suggests she is paused or contemplative, and she appears to be looking toward the left side of"
flickr30k_retrieval_2000_seed2,qwen_prompt,qwen_prompt__flickr30k_retrieval_2000_seed2,observer_specific_supported,Observer Specific Supported,1115,1115,flickr30k_test_022736,"A man and a woman are walking down a narrow, stone staircase beside a moss-covered stone wall, surrounded by lush green foliage. The woman, wearing a dark sleeveless top and carrying a backpack, is looking down at a camera she holds in her hands. The man, dressed in a dark suit and glasses, walks"
flickr30k_retrieval_2000_seed2,qwen_prompt,qwen_prompt__flickr30k_retrieval_2000_seed2,observer_specific_supported,Observer Specific Supported,1116,1116,flickr30k_test_017835,"At night in a bustling public square, a crowd of people moves through thick smoke, likely from a firework or pyrotechnic display, with a historic building featuring a lit tower visible in the background. The scene is illuminated by artificial lights and the glow of the smoke, casting dynamic shadows on the cobblestone"
flickr30k_retrieval_2000_seed2,qwen_prompt,qwen_prompt__flickr30k_retrieval_2000_seed2,observer_specific_supported,Observer Specific Supported,1117,1117,flickr30k_test_006110,"A lone rower in a single scull glides across a calm, dark water surface, their silhouette sharply defined against the shadowed treeline in the background, as they propel the boat forward with steady, rhythmic strokes."
flickr30k_retrieval_2000_seed2,qwen_prompt,qwen_prompt__flickr30k_retrieval_2000_seed2,observer_specific_supported,Observer Specific Supported,1118,1118,flickr30k_test_003023,"A young baseball pitcher in a red jersey and black cap is in the middle of his throwing motion on a dirt mound, his body twisted and arm extended as he releases the ball. Behind him, a teammate in a matching uniform stands in a ready fielding stance, glove up, on the grassy infield. In the"
flickr30k_retrieval_2000_seed2,qwen_prompt,qwen_prompt__flickr30k_retrieval_2000_seed2,observer_specific_supported,Observer Specific Supported,1119,1119,flickr30k_test_022503,"A woman in a green and black bikini lies on her back on a beige towel spread over a concrete ledge, appearing to sunbathe. Her arms are relaxed at her sides, one hand resting near her hip, and her head is turned slightly to the side. A plastic water bottle with a blue cap sits on the"
flickr30k_retrieval_2000_seed2,qwen_prompt,qwen_prompt__flickr30k_retrieval_2000_seed2,observer_specific_supported,Observer Specific Supported,1120,1120,flickr30k_test_029467,"A rider in a light blue shirt and white breeches guides a white horse as it leaps over a decorated jump obstacle in an outdoor equestrian arena, with mountains visible in the background under a clear sky."
flickr30k_retrieval_2000_seed2,qwen_prompt,qwen_prompt__flickr30k_retrieval_2000_seed2,observer_specific_supported,Observer Specific Supported,1121,1121,flickr30k_test_028448,"Two construction workers are collaborating on a metal scaffolding structure, with one in a striped shirt using a power drill on a metal component while the other, in a bright yellow safety vest, steadies the workpiece. A coiled blue rope hangs nearby on the scaffolding, and a white plastic container sits on the platform"
flickr30k_retrieval_2000_seed2,qwen_prompt,qwen_prompt__flickr30k_retrieval_2000_seed2,observer_specific_supported,Observer Specific Supported,1122,1122,flickr30k_test_015200,"A young woman with reddish-brown hair and a black beret smiles gently while holding a small child, who wears a white daisy crown and a pink embroidered top, against a backdrop of lush green foliage and purple lilac blossoms."
flickr30k_retrieval_2000_seed2,qwen_prompt,qwen_prompt__flickr30k_retrieval_2000_seed2,observer_specific_supported,Observer Specific Supported,1123,1123,flickr30k_test_020630,"A young person rides a small bicycle down a paved street, wearing a bright yellow, shield-shaped sign that reads “#1” in red, while extending one arm outward. A crowd of adults and children stands on the grassy sidewalk, watching the cyclist pass. The scene is set in a tree-lined residential area on"
flickr30k_retrieval_2000_seed2,qwen_prompt,qwen_prompt__flickr30k_retrieval_2000_seed2,observer_specific_supported,Observer Specific Supported,1124,1124,flickr30k_test_009561,"A young child with blonde hair, wearing a pink shirt, is being fed a large burrito wrapped in foil by an adult’s hand, as the child takes a bite."
flickr30k_retrieval_2000_seed2,qwen_prompt,qwen_prompt__flickr30k_retrieval_2000_seed2,observer_specific_supported,Observer Specific Supported,1125,1125,flickr30k_test_006844,"A group of children and a few adults are gathered around a long dining table in a warmly lit dining room, engaged in a meal and activity. Several children, mostly wearing blue tops, are seated at the table, some writing or drawing on paper, while others are eating or looking at their plates. A woman in a"
flickr30k_retrieval_2000_seed2,qwen_prompt,qwen_prompt__flickr30k_retrieval_2000_seed2,observer_specific_supported,Observer Specific Supported,1126,1126,flickr30k_test_005162,"A young woman in a black Puma tracksuit with a team crest is being embraced from behind by another person, whose hands are clasped around her upper arms. The woman’s face is visible, showing an expression of intense emotion—possibly joy, relief, or exhaustion—with her mouth slightly open and eyes focused forward."
flickr30k_retrieval_2000_seed2,qwen_prompt,qwen_prompt__flickr30k_retrieval_2000_seed2,observer_specific_supported,Observer Specific Supported,1127,1127,flickr30k_test_027004,"Two female dancers in elaborate, layered costumes perform a synchronized movement on a wooden stage, both raising one arm gracefully while their bodies are arched backward. The dancer on the left wears a black top and a voluminous black skirt with a patterned waistband, while the dancer on the right wears a dark top and a"
flickr30k_retrieval_2000_seed2,qwen_prompt,qwen_prompt__flickr30k_retrieval_2000_seed2,observer_specific_supported,Observer Specific Supported,1128,1128,flickr30k_test_010627,"Two children are captured mid-air, performing synchronized backflips into a sunlit body of water, their silhouettes sharply defined against the rippling surface."
flickr30k_retrieval_2000_seed2,qwen_prompt,qwen_prompt__flickr30k_retrieval_2000_seed2,observer_specific_supported,Observer Specific Supported,1129,1129,flickr30k_test_022968,"Three men dressed in historical colonial-style uniforms with red-and-white striped shirts and white pants are marching in formation on a grassy area in front of a brick building. The man in the foreground, wearing a blue straw hat and carrying an orange sash, raises his right arm in a gesture of salute or emphasis. Behind"
flickr30k_retrieval_2000_seed2,qwen_prompt,qwen_prompt__flickr30k_retrieval_2000_seed2,observer_specific_supported,Observer Specific Supported,1130,1130,flickr30k_test_026869,"A black-and-white dog with fluffy fur is captured mid-leap in a snowy landscape, its front paws extended upward and mouth open as if catching or playing with snowflakes, while snow sprays around its body against a backdrop of white snow and the dark trunk of a tree."
flickr30k_retrieval_2000_seed2,qwen_prompt,qwen_prompt__flickr30k_retrieval_2000_seed2,observer_specific_supported,Observer Specific Supported,1131,1131,flickr30k_test_009087,"A shirtless man with dark hair, wearing blue swim trunks, is captured mid-air as he jumps from a rocky cliff edge into a calm, reflective lake. His right arm is raised, and his body is arched in a dynamic pose. The water below mirrors the bright blue sky and scattered white clouds, while"
flickr30k_retrieval_2000_seed2,qwen_prompt,qwen_prompt__flickr30k_retrieval_2000_seed2,observer_specific_supported,Observer Specific Supported,1132,1132,flickr30k_test_027846,"A person wearing a teal rain jacket with a reflective yellow panel and a red-and-green cap is kneeling on dry, grassy ground, actively using a chainsaw. The chainsaw’s blade is visible near the ground, suggesting the person is cutting or trimming something out of frame. A vehicle’s tire and undercarriage"
flickr30k_retrieval_2000_seed2,qwen_prompt,qwen_prompt__flickr30k_retrieval_2000_seed2,observer_specific_supported,Observer Specific Supported,1133,1133,flickr30k_test_029571,"A color guard in formal military dress uniforms marches in formation down a tree-lined street, carrying the American flag, a white flag with a blue emblem, and several other ceremonial flags, including one with a red field and gold emblem. Spectators line the sidewalks, some seated on folding chairs, watching the procession. In the"
flickr30k_retrieval_2000_seed2,qwen_prompt,qwen_prompt__flickr30k_retrieval_2000_seed2,observer_specific_supported,Observer Specific Supported,1134,1134,flickr30k_test_016986,"A bald man wearing glasses, a gray t-shirt, and khaki shorts sits in a black office chair, holding a large, wrapped cardboard box with colorful paper tape. A small boy in a navy blue outfit stands barefoot on the carpet beside him, reaching up toward the box with both hands, appearing to be excited"
flickr30k_retrieval_2000_seed2,qwen_prompt,qwen_prompt__flickr30k_retrieval_2000_seed2,observer_specific_supported,Observer Specific Supported,1135,1135,flickr30k_test_018642,"A shirtless man and a woman in a light-colored bra and flowing white pants are engaged in an intimate, physically connected pose on a grassy area scattered with fallen leaves. The man, with short hair and a beard, has his arms wrapped around the woman’s torso and waist, while she leans back slightly, her"
flickr30k_retrieval_2000_seed2,qwen_prompt,qwen_prompt__flickr30k_retrieval_2000_seed2,observer_specific_supported,Observer Specific Supported,1136,1136,flickr30k_test_002212,"A long line of tourists on camels winds across a barren, reddish-brown volcanic landscape under a partly cloudy sky, with a sign in the foreground reading “Personas Bicicletas no Pasar” (Bicycles not allowed)."
flickr30k_retrieval_2000_seed2,qwen_prompt,qwen_prompt__flickr30k_retrieval_2000_seed2,observer_specific_supported,Observer Specific Supported,1137,1137,flickr30k_test_013522,"Under a canopy of blooming cherry blossoms, a bride in a white gown and veil stands poised on a grassy lawn, surrounded by a small gathering of guests in formal and semi-formal attire. Nearby, two people are lounging on the grass—one reclining on a blanket with a green bag beside them,"
flickr30k_retrieval_2000_seed2,qwen_prompt,qwen_prompt__flickr30k_retrieval_2000_seed2,observer_specific_supported,Observer Specific Supported,1138,1138,flickr30k_test_029427,"Two motorcycle racers lean sharply into a right-hand turn on a paved track, their bikes angled close to the red-and-white striped curbing. The rider in the foreground, wearing a helmet with a yellow and red design, is slightly ahead and closer to the inside of the corner. The second rider, in a black"
flickr30k_retrieval_2000_seed2,qwen_prompt,qwen_prompt__flickr30k_retrieval_2000_seed2,observer_specific_supported,Observer Specific Supported,1139,1139,flickr30k_test_013613,"A skier in a plaid shirt and helmet is captured mid-air, performing a jump with skis crossed, against a backdrop of a bright blue sky and a snow-covered mountain slope. Below, the groomed ski run extends toward a distant building complex nestled in the snow."
flickr30k_retrieval_2000_seed2,qwen_prompt,qwen_prompt__flickr30k_retrieval_2000_seed2,observer_specific_supported,Observer Specific Supported,1140,1140,flickr30k_test_021881,"A crowd of people walks along a paved street under bright sunlight, with a woman in a teal dress and bright orange wig standing out as a central figure. She wears a yellow headband and sunglasses, carries a brown shoulder bag, and appears to be interacting with someone nearby. To her right, another woman in a white"
flickr30k_retrieval_2000_seed2,qwen_prompt,qwen_prompt__flickr30k_retrieval_2000_seed2,observer_specific_supported,Observer Specific Supported,1141,1141,flickr30k_test_023608,"A man in a gray shirt and jeans stands on the deck of a white tour boat, gesturing toward the cityscape as he speaks to a small group of passengers. The group, including a woman in a blue top, another in a patterned shirt carrying a brown purse, and a young girl in a pink shirt"
flickr30k_retrieval_2000_seed2,qwen_prompt,qwen_prompt__flickr30k_retrieval_2000_seed2,observer_specific_supported,Observer Specific Supported,1142,1142,flickr30k_test_001104,"In a brightly lit convenience store aisle, a man in a black leather jacket and glasses is intently reading a newspaper, his attention fully absorbed by the text. Behind him, a woman in a light-colored dress stands smiling, her gaze directed toward him, creating a moment of quiet, unspoken connection. The shelves around"
flickr30k_retrieval_2000_seed2,qwen_prompt,qwen_prompt__flickr30k_retrieval_2000_seed2,observer_specific_supported,Observer Specific Supported,1143,1143,flickr30k_test_014921,"A young girl in a yellow dress and a small boy in a white suit walk side by side across a grassy field under a partly cloudy sky, each holding a white cloth or flower."
flickr30k_retrieval_2000_seed2,qwen_prompt,qwen_prompt__flickr30k_retrieval_2000_seed2,observer_specific_supported,Observer Specific Supported,1144,1144,flickr30k_test_021602,"A young woman with blonde hair, wearing a black sweater, dark pants, and tall boots, stands smiling in a grassy area beside a street sign that reads “BAGE ST.” She holds a phone in her hands, looking down at it. Behind her is a chain-link fence, green shrubbery, and"
flickr30k_retrieval_2000_seed2,qwen_prompt,qwen_prompt__flickr30k_retrieval_2000_seed2,observer_specific_supported,Observer Specific Supported,1145,1145,flickr30k_test_028248,"Five musicians in historical-style attire are seated in a stone-walled church, each playing a brass instrument—primarily tubas and trumpets—and reading sheet music from stands. They are arranged in a semi-circle on a tiled floor, with stained glass windows and tall, green-painted pillars visible in the background, suggesting"
flickr30k_retrieval_2000_seed2,qwen_prompt,qwen_prompt__flickr30k_retrieval_2000_seed2,observer_specific_supported,Observer Specific Supported,1146,1146,flickr30k_test_003998,"A woman with blonde hair, wearing a black blazer over a light-colored shirt, is seated on a pebble beach and cradling a baby wrapped in a blue and white patterned blanket. The baby, wearing white mittens and booties, is resting its head on the woman’s arm. In front of"
flickr30k_retrieval_2000_seed2,qwen_prompt,qwen_prompt__flickr30k_retrieval_2000_seed2,observer_specific_supported,Observer Specific Supported,1147,1147,flickr30k_test_020855,"A woman in a black jacket and jeans sits on a wooden stool on a cobblestone street, smiling at the camera while holding a pink bag, positioned in front of a large, densely packed wall of colorful paintings and prints. To her right, another person in a dark coat walks past, partially obscuring the view"
flickr30k_retrieval_2000_seed2,qwen_prompt,qwen_prompt__flickr30k_retrieval_2000_seed2,observer_specific_supported,Observer Specific Supported,1148,1148,flickr30k_test_023013,"A musician with curly hair and sunglasses plays a sunburst electric guitar on a brightly colored stage, while a bandmate in a pink shirt and white cap stands nearby with a pink guitar, both positioned in front of a large, colorful banner that reads “FESTIVAL LAND.”"
flickr30k_retrieval_2000_seed2,qwen_prompt,qwen_prompt__flickr30k_retrieval_2000_seed2,observer_specific_supported,Observer Specific Supported,1149,1149,flickr30k_test_024060,"A blonde woman in a patterned dress and carrying a white tote bag walks past a modern glass building facade, her reflection and the reflection of a passerby visible in the tinted glass panels."
flickr30k_retrieval_2000_seed2,qwen_prompt,qwen_prompt__flickr30k_retrieval_2000_seed2,observer_specific_supported,Observer Specific Supported,1150,1150,flickr30k_test_008920,"A kayaker in a bright orange jacket and white helmet is actively paddling a red kayak through turbulent, foamy whitewater, gripping a gray paddle with both hands as the water splashes around the vessel."
flickr30k_retrieval_2000_seed2,qwen_prompt,qwen_prompt__flickr30k_retrieval_2000_seed2,observer_specific_supported,Observer Specific Supported,1151,1151,flickr30k_test_030942,"An older man with glasses, wearing a tan jacket and dark pants, is intently playing a modern slot machine in a dimly lit casino. His hands are positioned over the machine’s controls, suggesting he is actively engaged in the game. The slot machine features multiple illuminated screens displaying colorful graphics. In the background, other"
flickr30k_retrieval_2000_seed2,qwen_prompt,qwen_prompt__flickr30k_retrieval_2000_seed2,observer_specific_supported,Observer Specific Supported,1152,1152,flickr30k_test_029834,"A cyclist in a light blue racing suit and a bright red helmet leans forward intensely on a red and blue time trial bicycle, gripping the handlebars as they pedal vigorously down a paved road. Behind them, a silver car follows closely, and blurred spectators stand along the roadside behind orange safety barriers, indicating a competitive cycling event"
flickr30k_retrieval_2000_seed2,qwen_prompt,qwen_prompt__flickr30k_retrieval_2000_seed2,observer_specific_supported,Observer Specific Supported,1153,1153,flickr30k_test_000516,"A man stands at a kitchen counter under warm, dim lighting, focused on chopping food on a wooden cutting board. He wears a dark shirt and jeans, and his posture suggests concentration on the task. A bottle of olive oil and a spice jar sit on the counter nearby, while a white bowl and a pot on the"
flickr30k_retrieval_2000_seed2,qwen_prompt,qwen_prompt__flickr30k_retrieval_2000_seed2,observer_specific_supported,Observer Specific Supported,1154,1154,flickr30k_test_007025,"An orange tabby cat and a small white dog with a red collar are lying together on a pink textured blanket, playfully interacting with their paws entangled; behind them are striped and solid-colored pillows, suggesting a cozy indoor setting."
flickr30k_retrieval_2000_seed2,qwen_prompt,qwen_prompt__flickr30k_retrieval_2000_seed2,observer_specific_supported,Observer Specific Supported,1155,1155,flickr30k_test_013716,"A young person with reddish-brown hair, wearing a dark hoodie and jeans, is mid-air performing a skateboarding trick on a concrete staircase with a metal handrail. The skateboard is angled beneath their feet, and their body is leaning forward in motion. The scene is set outdoors in an urban alleyway between brick"
flickr30k_retrieval_2000_seed2,qwen_prompt,qwen_prompt__flickr30k_retrieval_2000_seed2,observer_specific_supported,Observer Specific Supported,1156,1156,flickr30k_test_010918,"At a bustling outdoor food stall under a red and yellow canopy, vendors in white chef’s uniforms and head coverings are actively tending to large, charcoal-fired grills. Skewers of meat, some already charred and sizzling, are being turned and arranged over glowing embers. A woman in a pattern"
flickr30k_retrieval_2000_seed2,qwen_prompt,qwen_prompt__flickr30k_retrieval_2000_seed2,observer_specific_supported,Observer Specific Supported,1157,1157,flickr30k_test_008568,"A young woman with light brown hair sits on a beach chair, intently brushing her hair with a wide-toothed comb. She wears a black halter-style bikini top with a beaded or sequined trim. Behind her, the beach scene includes other sunbathers, yellow lounge chairs, and a thatched"
flickr30k_retrieval_2000_seed2,qwen_prompt,qwen_prompt__flickr30k_retrieval_2000_seed2,observer_specific_supported,Observer Specific Supported,1158,1158,flickr30k_test_023851,"An elderly man with a beard, wearing a cap and blue work shirt, uses wooden crutches to walk alongside the rear of a white semi-trailer truck parked on a street. The truck’s Ecuadorian license plate reads “PXL-447,” and a yellow “SEMACAR” sticker is visible on"
flickr30k_retrieval_2000_seed2,qwen_prompt,qwen_prompt__flickr30k_retrieval_2000_seed2,observer_specific_supported,Observer Specific Supported,1159,1159,flickr30k_test_012858,"A young child with short brown hair, wearing a light blue long-sleeved shirt and denim pants, is standing on a wood-chip-covered playground surface and gripping the bright pink metal bars of a piece of playground equipment, appearing to be steadying themselves or preparing to climb."
flickr30k_retrieval_2000_seed2,qwen_prompt,qwen_prompt__flickr30k_retrieval_2000_seed2,observer_specific_supported,Observer Specific Supported,1160,1160,flickr30k_test_019448,"An elderly couple sits side by side on a dark metal bench, their backs to the camera, gazing out over a snowy, hilly landscape under an overcast sky. The woman, wearing a light-colored coat and a light-colored hat, has her hand resting on the bench beside her. The man, wearing a"
flickr30k_retrieval_2000_seed2,qwen_prompt,qwen_prompt__flickr30k_retrieval_2000_seed2,observer_specific_supported,Observer Specific Supported,1161,1161,flickr30k_test_017218,"A smiling man with a beard, wearing a white shirt and dark vest, is seated at a drum kit, holding a drumstick and looking upward as if engaged in a performance. A microphone on a stand is positioned near him, and a cymbal is visible in front of him, suggesting he is a drummer in"
flickr30k_retrieval_2000_seed2,qwen_prompt,qwen_prompt__flickr30k_retrieval_2000_seed2,observer_specific_supported,Observer Specific Supported,1162,1162,flickr30k_test_024501,"Inside a spacious, well-lit indoor sports hall with a polished wooden floor, a group of children in green shirts are seated in a semi-circle on the floor, attentively watching a badminton match being played by adults on the court. The players, including one in a purple shirt and another in a blue shirt"
flickr30k_retrieval_2000_seed2,qwen_prompt,qwen_prompt__flickr30k_retrieval_2000_seed2,observer_specific_supported,Observer Specific Supported,1163,1163,flickr30k_test_030271,"A climber in a white shirt and light-colored pants is ascending a steep, gray granite wall, using a narrow vertical crack as their primary route. They are secured with climbing gear, including a harness and rope, and are positioned mid-climb, gripping the rock with both hands and feet. The wall’s surface is"
flickr30k_retrieval_2000_seed2,qwen_prompt,qwen_prompt__flickr30k_retrieval_2000_seed2,observer_specific_supported,Observer Specific Supported,1164,1164,flickr30k_test_006591,"Two shirtless men walk along a sandy beach toward the ocean, with waves breaking behind them; one wears blue shorts and the other black shorts, both barefoot, under a clear blue sky."
flickr30k_retrieval_2000_seed2,qwen_prompt,qwen_prompt__flickr30k_retrieval_2000_seed2,observer_specific_supported,Observer Specific Supported,1165,1165,flickr30k_test_014081,"A Corgi dog is captured mid-air, leaping over a blue and white agility hurdle while holding a colorful frisbee in its mouth. The hurdle is decorated with ribbons on both ends, suggesting a recent competition or training session. The scene takes place outdoors on a paved surface, with greenery and a"
flickr30k_retrieval_2000_seed2,qwen_prompt,qwen_prompt__flickr30k_retrieval_2000_seed2,observer_specific_supported,Observer Specific Supported,1166,1166,flickr30k_test_025302,"A male performer in a shiny black leather jacket and dark pants is singing into a microphone on a dimly lit stage, illuminated by dramatic beams of blue and yellow light. He holds the microphone close to his mouth with his right hand, and his head is tilted slightly downward as he sings. The stage lighting casts a strong"
flickr30k_retrieval_2000_seed2,qwen_prompt,qwen_prompt__flickr30k_retrieval_2000_seed2,observer_specific_supported,Observer Specific Supported,1167,1167,flickr30k_test_004218,"Behind a glass display case, a fishmonger in a white coat and gloves slices a loaf of bread on a wooden cutting board, while in the foreground, several large, reddish-orange smoked fish fillets and packaged stuffed brook trout are arranged for sale under a bright overhead light."
flickr30k_retrieval_2000_seed2,qwen_prompt,qwen_prompt__flickr30k_retrieval_2000_seed2,observer_specific_supported,Observer Specific Supported,1168,1168,flickr30k_test_022717,"Two young girls sit side by side on stone steps, each engaged with a snack. The girl on the left, wearing a blue and white checkered dress with lace trim, is actively eating from a striped paper cup with a spoon. The girl on the right, dressed in a white lace-trimmed top and pink"
flickr30k_retrieval_2000_seed2,qwen_prompt,qwen_prompt__flickr30k_retrieval_2000_seed2,observer_specific_supported,Observer Specific Supported,1169,1169,flickr30k_test_005597,"A man in a red hoodie stands in a dim, wet warehouse, one hand raised to his head, while holding a camera with a flash unit. Behind him, graffiti-covered walls and exposed pipes frame the gritty, industrial space, with puddles reflecting the sparse overhead lighting."
flickr30k_retrieval_2000_seed2,qwen_prompt,qwen_prompt__flickr30k_retrieval_2000_seed2,observer_specific_supported,Observer Specific Supported,1170,1170,flickr30k_test_025763,"A welder in a blue helmet and protective gear is actively welding a long, black metal grate on a paved sidewalk, with bright sparks flying from the work area. Nearby, another man in a green shirt and cap sits on the ground, observing, while a third person in a white cap stands further back near parked motorcycles"
flickr30k_retrieval_2000_seed2,qwen_prompt,qwen_prompt__flickr30k_retrieval_2000_seed2,observer_specific_supported,Observer Specific Supported,1171,1171,flickr30k_test_014669,"Passengers are seated in economy class on a commercial airplane, many wearing face masks, with some appearing to be asleep or resting while others are awake and engaged in quiet activities like reading or writing. The cabin is dimly lit with overhead lights, and the rows of seats extend into the distance toward the front of the aircraft"
flickr30k_retrieval_2000_seed2,qwen_prompt,qwen_prompt__flickr30k_retrieval_2000_seed2,observer_specific_supported,Observer Specific Supported,1172,1172,flickr30k_test_028555,"A snowboarder in a blue jacket and black pants executes an aerial trick, inverted and holding the board with one hand, against a twilight sky streaked with purple and blue clouds. The scene is illuminated by a bright spotlight mounted on a tall pole, casting a strong glow on the athlete mid-air above a snow-covered"
flickr30k_retrieval_2000_seed2,qwen_prompt,qwen_prompt__flickr30k_retrieval_2000_seed2,observer_specific_supported,Observer Specific Supported,1173,1173,flickr30k_test_014893,"A barefoot young boy, shirtless and wearing red, white, and blue patterned swim trunks, runs joyfully across a sandy beach, his arms outstretched and mouth open in a wide, exuberant laugh. In the background, other beachgoers are visible under umbrellas and along the shoreline"
flickr30k_retrieval_2000_seed2,qwen_prompt,qwen_prompt__flickr30k_retrieval_2000_seed2,observer_specific_supported,Observer Specific Supported,1174,1174,flickr30k_test_011332,"A group of men in dark suits walks away from the camera down a sun-dappled tree-lined path in a park, their backs to the viewer, while others sit on benches nearby under the shade of tall, leafy trees."
flickr30k_retrieval_2000_seed2,qwen_prompt,qwen_prompt__flickr30k_retrieval_2000_seed2,observer_specific_supported,Observer Specific Supported,1175,1175,flickr30k_test_012545,"A soccer player in a white shirt and black shorts is mid-kick, striking a white ball on a green artificial turf field, while a goalkeeper in a red jersey stands ready in front of the goal net, which is set against a backdrop of trees and a clear blue sky."
flickr30k_retrieval_2000_seed2,qwen_prompt,qwen_prompt__flickr30k_retrieval_2000_seed2,observer_specific_supported,Observer Specific Supported,1176,1176,flickr30k_test_015507,"On a sunny beach, a young boy in swim trunks stands near the net, watching as a girl in a red shirt and black shorts prepares to serve a volleyball. She holds the ball in her right hand, poised to strike, while another girl in a red bikini leaps in the air nearby, seemingly ready to receive"
flickr30k_retrieval_2000_seed2,qwen_prompt,qwen_prompt__flickr30k_retrieval_2000_seed2,observer_specific_supported,Observer Specific Supported,1177,1177,flickr30k_test_020076,"A young woman with her arms crossed stands on a sidewalk, looking off to the side with a pensive or skeptical expression. She wears a dark t-shirt with a graphic, light-colored pants, and a backpack. Nearby, a man in a black t-shirt and glasses walks past, gesturing with his hand, while"
flickr30k_retrieval_2000_seed2,qwen_prompt,qwen_prompt__flickr30k_retrieval_2000_seed2,observer_specific_supported,Observer Specific Supported,1178,1178,flickr30k_test_008342,"A woman with braided hair, wearing a red shirt and light jacket, laughs heartily while holding a banana, seated on a bed covered with blankets and pillows. Beside her, a small black-and-white dog in a blue shirt rests on a colorful striped cushion, looking toward the camera. The setting appears to be"
flickr30k_retrieval_2000_seed2,qwen_prompt,qwen_prompt__flickr30k_retrieval_2000_seed2,observer_specific_supported,Observer Specific Supported,1179,1179,flickr30k_test_020157,"A man in a blue hooded sweatshirt and green pants is seated on a perforated metal bench outdoors, using a black laptop computer. He is leaning forward, focused on the screen, with his feet propped up on the bench. Behind him, a low hedge of green shrubbery lines the bench, and"
flickr30k_retrieval_2000_seed2,qwen_prompt,qwen_prompt__flickr30k_retrieval_2000_seed2,observer_specific_supported,Observer Specific Supported,1180,1180,flickr30k_test_006253,"A brown dachshund stands in a grassy field dotted with small white flowers, its mouth open as if catching or reacting to a cluster of soap bubbles floating around it. To the right, a yellow and blue bubble machine sits on the grass, actively producing the bubbles. The background features lush green foliage and a"
flickr30k_retrieval_2000_seed2,qwen_prompt,qwen_prompt__flickr30k_retrieval_2000_seed2,observer_specific_supported,Observer Specific Supported,1181,1181,flickr30k_test_019032,"A man in a white shirt and jeans is seated on a green metal bench, leaning forward with his hands resting on his knees, while a woman in a red top and black high heels sits beside him, her legs crossed and her hand resting on the bench. A brown leather handbag sits on the bench near the woman"
flickr30k_retrieval_2000_seed2,qwen_prompt,qwen_prompt__flickr30k_retrieval_2000_seed2,observer_specific_supported,Observer Specific Supported,1182,1182,flickr30k_test_015601,"A toddler wearing a blue sun hat and dark swim trunks sits in shallow, murky water, splashing and playing with their hands. An adult’s arm and hand are visible, gently supporting the child. A bright green plastic bucket rests nearby in the water, suggesting a beach or poolside play session."
flickr30k_retrieval_2000_seed2,qwen_prompt,qwen_prompt__flickr30k_retrieval_2000_seed2,observer_specific_supported,Observer Specific Supported,1183,1183,flickr30k_test_014579,"A climber in light-colored pants and a dark top is actively scaling a steep, mossy rock face, secured by a harness and rope, while another person in a white shirt and dark pants stands on the ground below, bent over and attending to gear or equipment near a black bag. The scene is viewed through the"
flickr30k_retrieval_2000_seed2,qwen_prompt,qwen_prompt__flickr30k_retrieval_2000_seed2,observer_specific_supported,Observer Specific Supported,1184,1184,flickr30k_test_006295,"A black and white Border Collie is captured mid-air, leaping off the top of a blue agility ramp, its mouth open in exertion as it prepares to clear the obstacle. The background is softly blurred, showing green trees and a hint of a blue canopy, suggesting an outdoor dog agility competition."
flickr30k_retrieval_2000_seed2,qwen_prompt,qwen_prompt__flickr30k_retrieval_2000_seed2,observer_specific_supported,Observer Specific Supported,1185,1185,flickr30k_test_024749,"A group of young adults, dressed in formal attire including white shirts and black suits or dresses, are lying asleep on a grassy lawn. One person wears a black top hat, and another has a rolled-up poster or paper beside them. A black backpack rests near the foreground, and a plastic bag is visible near the"
flickr30k_retrieval_2000_seed2,qwen_prompt,qwen_prompt__flickr30k_retrieval_2000_seed2,observer_specific_supported,Observer Specific Supported,1186,1186,flickr30k_test_015379,"Two women are interacting with a large, convex, chrome-plated mirror mounted on a white wall; one points at the mirror’s surface while the other gestures toward it, both appearing engaged with its reflective properties, which capture distorted reflections of the room and other people."
flickr30k_retrieval_2000_seed2,qwen_prompt,qwen_prompt__flickr30k_retrieval_2000_seed2,observer_specific_supported,Observer Specific Supported,1187,1187,flickr30k_test_018786,"A brown dog, likely a Doberman Pinscher, is actively chewing on a thick, gnarled stick in an outdoor, wooded area with bare trees and dry ground. Its mouth is open wide, revealing its teeth and tongue as it grips the stick firmly. In the background, a red-roofed building is"
flickr30k_retrieval_2000_seed2,qwen_prompt,qwen_prompt__flickr30k_retrieval_2000_seed2,observer_specific_supported,Observer Specific Supported,1188,1188,flickr30k_test_011067,"A surfer in a black wetsuit with an orange cap rides a powerful, curling ocean wave, carving a path through the foamy water as the sun casts a warm, golden glow on the crest of the wave."
flickr30k_retrieval_2000_seed2,qwen_prompt,qwen_prompt__flickr30k_retrieval_2000_seed2,observer_specific_supported,Observer Specific Supported,1189,1189,flickr30k_test_010140,"A young girl with light brown hair and a white shirt is standing in a lush, green garden, gently reaching toward a cluster of wildflowers, including orange blossoms and pinkish-purple blooms, while smiling softly as she explores the natural surroundings."
flickr30k_retrieval_2000_seed2,qwen_prompt,qwen_prompt__flickr30k_retrieval_2000_seed2,observer_specific_supported,Observer Specific Supported,1190,1190,flickr30k_test_002318,"A railway worker, wearing a high-visibility vest, yellow sleeves, and a hard hat with ear protection, is grinding a metal rail, sending bright orange sparks flying as he works on the trackbed."
flickr30k_retrieval_2000_seed2,qwen_prompt,qwen_prompt__flickr30k_retrieval_2000_seed2,observer_specific_supported,Observer Specific Supported,1191,1191,flickr30k_test_005584,"Two older men stand on a city sidewalk near a yellow taxi, one facing away from the camera holding a paper bag, the other turned slightly toward him with hands in his coat pockets, as a black trash can and a street pole frame the scene."
flickr30k_retrieval_2000_seed2,qwen_prompt,qwen_prompt__flickr30k_retrieval_2000_seed2,observer_specific_supported,Observer Specific Supported,1192,1192,flickr30k_test_012106,"Three dogs—a brindle and white dog in the foreground, a white dog mid-leap behind it, and a black and tan dog running alongside—are actively playing together in a wide, grassy field under a bright, clear sky. Distant trees and low hills form the horizon."
flickr30k_retrieval_2000_seed2,qwen_prompt,qwen_prompt__flickr30k_retrieval_2000_seed2,observer_specific_supported,Observer Specific Supported,1193,1193,flickr30k_test_019827,"A joyful toddler with bright blue eyes and a purple hair tie, wearing a blue-and-white striped top, grips a dark metal bar of a red playground structure while looking up and smiling broadly. An adult with reddish hair and glasses, partially visible behind her, holds her gently. The scene is set outdoors on a sandy"
flickr30k_retrieval_2000_seed2,qwen_prompt,qwen_prompt__flickr30k_retrieval_2000_seed2,observer_specific_supported,Observer Specific Supported,1194,1194,flickr30k_test_020522,"A group of musicians is playing string instruments on a baseball field, with one person in a beige shirt and gray pants holding a cello, another in a blue shirt playing a double bass, and a third person in a dark jacket holding a violin. The scene takes place on a sunny day with trees and city buildings visible"
flickr30k_retrieval_2000_seed2,qwen_prompt,qwen_prompt__flickr30k_retrieval_2000_seed2,observer_specific_supported,Observer Specific Supported,1195,1195,flickr30k_test_028186,"A family of three—two adults and a young man—sits together on a carpeted floor in a warmly lit living room, smiling at the camera while surrounded by numerous wrapped Christmas presents. The woman in the center, wearing a blue top, holds a small gift box, while the man on the right, in"
flickr30k_retrieval_2000_seed2,qwen_prompt,qwen_prompt__flickr30k_retrieval_2000_seed2,observer_specific_supported,Observer Specific Supported,1196,1196,flickr30k_test_015444,"A man dressed in a pirate costume, complete with a striped shirt, bandana, and beard, energetically plays a guitar on a stage set to resemble the deck of a ship, while a woman in a hat and green skirt stands beside him, also playing a guitar."
flickr30k_retrieval_2000_seed2,qwen_prompt,qwen_prompt__flickr30k_retrieval_2000_seed2,observer_specific_supported,Observer Specific Supported,1197,1197,flickr30k_test_007282,"Two muscular pit bull-type dogs are playfully tugging on a blue frisbee in shallow water, their bodies splashing as they engage in a spirited tug-of-war."
flickr30k_retrieval_2000_seed2,qwen_prompt,qwen_prompt__flickr30k_retrieval_2000_seed2,observer_specific_supported,Observer Specific Supported,1198,1198,flickr30k_test_025183,"A silhouetted person, holding a camera up to their eye, stands in front of a brightly colored, graffiti-covered wall, seemingly capturing a photograph of the vibrant urban art behind them."
flickr30k_retrieval_2000_seed2,qwen_prompt,qwen_prompt__flickr30k_retrieval_2000_seed2,observer_specific_supported,Observer Specific Supported,1199,1199,flickr30k_test_020174,"A man in a black pinstripe suit and fedora is playing a light-colored electric guitar while standing on a street, surrounded by people. He is holding the guitar with both hands and appears to be performing, with a microphone stand visible nearby. A person in a dark jacket is partially visible to his left, seemingly"
flickr30k_retrieval_2000_seed2,qwen_prompt,qwen_prompt__flickr30k_retrieval_2000_seed2,observer_specific_supported,Observer Specific Supported,1200,1200,flickr30k_test_021431,"A narrow European street, likely in a historic city center, is framed by ornate, multi-story buildings under a clear blue sky. Dominating the center is a tall, stone clock tower with a green copper spire, its clock face visible. To the left, a building with a dark dome and arched windows"
flickr30k_retrieval_2000_seed2,qwen_prompt,qwen_prompt__flickr30k_retrieval_2000_seed2,observer_specific_supported,Observer Specific Supported,1201,1201,flickr30k_test_021583,"A young man in a patterned shirt, dark tie, and sunglasses sits on the edge of a stone fountain, holding a phone to his ear while looking off to the side. His legs are crossed, and he wears dark loafers with white socks. A black bag rests beside him on the stone ledge. Behind him"
flickr30k_retrieval_2000_seed2,qwen_prompt,qwen_prompt__flickr30k_retrieval_2000_seed2,observer_specific_supported,Observer Specific Supported,1202,1202,flickr30k_test_018903,"A man in a gray shirt and white pants is browsing a rack of colorful, patterned shirts in a brightly lit supermarket aisle, with price signs in Thai visible overhead."
flickr30k_retrieval_2000_seed2,qwen_prompt,qwen_prompt__flickr30k_retrieval_2000_seed2,observer_specific_supported,Observer Specific Supported,1203,1203,flickr30k_test_028994,"A professional cyclist in a white and blue jersey and helmet is intensely focused as he pedals his bicycle up a steep, muddy cobblestone road during a race. He is surrounded by other competitors in colorful jerseys and helmets, all riding closely together on the uneven, wet surface. A motorbike with a rider in a yellow"
flickr30k_retrieval_2000_seed2,qwen_prompt,qwen_prompt__flickr30k_retrieval_2000_seed2,observer_specific_supported,Observer Specific Supported,1204,1204,flickr30k_test_004197,"A young child in a light blue shirt and grey pants stands behind a black railing, looking up at a British guard in full ceremonial uniform — red tunic, black bearskin hat, and dark trousers — who stands at attention in front of a black sentry box attached to a stone building. The child’s posture suggests"
flickr30k_retrieval_2000_seed2,qwen_prompt,qwen_prompt__flickr30k_retrieval_2000_seed2,observer_specific_supported,Observer Specific Supported,1205,1205,flickr30k_test_022352,"A young girl in a bright pink swimsuit and goggles leaps joyfully from the edge of a swimming pool, her body mid-air with arms outstretched, as ripples spread across the deep blue water below."
flickr30k_retrieval_2000_seed2,qwen_prompt,qwen_prompt__flickr30k_retrieval_2000_seed2,observer_specific_supported,Observer Specific Supported,1206,1206,flickr30k_test_030608,"A man with a beard, wearing a patterned sweater and jeans, is kneeling on a concrete floor and carefully carving a small, detailed figurine from a block of clay or plaster using a chisel and hammer. Beside him, a woven basket holds scattered red and white fragments, likely broken pieces from his work."
flickr30k_retrieval_2000_seed2,qwen_prompt,qwen_prompt__flickr30k_retrieval_2000_seed2,observer_specific_supported,Observer Specific Supported,1207,1207,flickr30k_test_010086,"On a sunlit beach with gentle waves lapping at the shore, a woman in a white dress sits cross-legged in the wet sand, holding a red violin and bow, appearing to play or prepare to play. Above her, another woman in a black dress leaps gracefully into the air, her body arched and one"
flickr30k_retrieval_2000_seed2,qwen_prompt,qwen_prompt__flickr30k_retrieval_2000_seed2,observer_specific_supported,Observer Specific Supported,1208,1208,flickr30k_test_028480,"A woman with reddish-brown hair smiles as she relaxes in the milky-blue waters of a geothermal hot spring, surrounded by dark, mineral-streaked volcanic rocks."
flickr30k_retrieval_2000_seed2,qwen_prompt,qwen_prompt__flickr30k_retrieval_2000_seed2,observer_specific_supported,Observer Specific Supported,1209,1209,flickr30k_test_006793,"Two young women are seated side-by-side, sharing a moment of genuine laughter; the woman on the left, wearing a white shirt and a lanyard with a badge, leans into the frame with her mouth open in mirth, while the woman on the right, in a gray top and also wearing a lany"
flickr30k_retrieval_2000_seed2,qwen_prompt,qwen_prompt__flickr30k_retrieval_2000_seed2,observer_specific_supported,Observer Specific Supported,1210,1210,flickr30k_test_017540,"In a dimly lit, intimate lounge with red walls and a black-and-white checkered floor, patrons gather around a central wooden table, engaged in conversation. A large potted palm plant stands near a dark leather sofa, while a glowing green candle on a barrel-shaped table adds a warm, ambient light. The scene"
flickr30k_retrieval_2000_seed2,qwen_prompt,qwen_prompt__flickr30k_retrieval_2000_seed2,observer_specific_supported,Observer Specific Supported,1211,1211,flickr30k_test_027422,"A woman in athletic wear, holding a red tennis racket, is crouched low in a ready stance on a paved surface, with a weathered blue wall covered in graffiti directly behind her."
flickr30k_retrieval_2000_seed2,qwen_prompt,qwen_prompt__flickr30k_retrieval_2000_seed2,observer_specific_supported,Observer Specific Supported,1212,1212,flickr30k_test_026976,"In a brightly lit, modern office space with white walls and suspended fluorescent lighting, two women are engaged in a focused interaction. One woman, standing and wearing a white long-sleeved shirt, appears to be presenting or explaining something to the other, who is seated at a desk and looking up at her. On the"
flickr30k_retrieval_2000_seed2,qwen_prompt,qwen_prompt__flickr30k_retrieval_2000_seed2,observer_specific_supported,Observer Specific Supported,1213,1213,flickr30k_test_009803,"A cyclist in a red and black jersey and helmet is mid-air, having launched his black road bike over a white wooden obstacle on a grassy trail, with trees and a clear blue sky in the background."
flickr30k_retrieval_2000_seed2,qwen_prompt,qwen_prompt__flickr30k_retrieval_2000_seed2,observer_specific_supported,Observer Specific Supported,1214,1214,flickr30k_test_003214,"A young woman with dark hair, wearing a white t-shirt and a camera strap, holds a black DSLR camera and peers through its viewfinder with a focused expression. Beside her, a young boy in a light blue shirt looks up at her with a calm, attentive gaze. The scene suggests a quiet, intimate"
flickr30k_retrieval_2000_seed2,qwen_prompt,qwen_prompt__flickr30k_retrieval_2000_seed2,observer_specific_supported,Observer Specific Supported,1215,1215,flickr30k_test_000413,"A young child in a green outfit walks along a sidewalk in front of a storefront with large glass windows, while an adult in pink pants walks past in the opposite direction. The child carries a small, light-colored bag and wears sandals. Inside the store, furniture and decorative items are visible through the glass, and a bicycle"
flickr30k_retrieval_2000_seed2,qwen_prompt,qwen_prompt__flickr30k_retrieval_2000_seed2,observer_specific_supported,Observer Specific Supported,1216,1216,flickr30k_test_025852,"A light-colored Labrador Retriever, wearing a dark brown collar, is drinking water from an outdoor spigot, its head tilted upward as water flows from the tap onto its snout. The dog stands beside a textured white wall, with a dark wooden structure visible to the right and green foliage in the upper left"
flickr30k_retrieval_2000_seed2,qwen_prompt,qwen_prompt__flickr30k_retrieval_2000_seed2,observer_specific_supported,Observer Specific Supported,1217,1217,flickr30k_test_028522,"A four-person track cycling team, wearing matching red, white, and blue uniforms with visible numbers (120, 121, 122, 123), leans sharply into a turn on an indoor velodrome. Their bikes are in close formation, and their bodies are angled low"
flickr30k_retrieval_2000_seed2,qwen_prompt,qwen_prompt__flickr30k_retrieval_2000_seed2,observer_specific_supported,Observer Specific Supported,1218,1218,flickr30k_test_000951,"A lone person in a yellow shirt and dark shorts walks away from the camera across a vast, undulating sand dune, leaving a clear trail of footprints behind them. Above, a dramatic, heavy sky filled with dark, brooding clouds looms over the desert landscape, suggesting an approaching storm or recent weather change"
flickr30k_retrieval_2000_seed2,qwen_prompt,qwen_prompt__flickr30k_retrieval_2000_seed2,observer_specific_supported,Observer Specific Supported,1219,1219,flickr30k_test_006485,"A soccer match is paused for a free kick, with the blue-jerseyed team positioned to take the kick and the red-clad opposing team forming a defensive wall. The referee, in a yellow shirt, stands near the wall, overseeing the setup. The scene is set on a well-maintained green pitch"
flickr30k_retrieval_2000_seed2,qwen_prompt,qwen_prompt__flickr30k_retrieval_2000_seed2,observer_specific_supported,Observer Specific Supported,1220,1220,flickr30k_test_010259,"Four children are seated on wooden bar stools at a brightly colored, mosaic-tiled counter in what appears to be a casual eatery or café. From behind, they face the counter, which holds bottles and a Coca-Cola sign on the wall to the left. The children — two boys and two girls, dressed in casual"
flickr30k_retrieval_2000_seed2,qwen_prompt,qwen_prompt__flickr30k_retrieval_2000_seed2,observer_specific_supported,Observer Specific Supported,1221,1221,flickr30k_test_001919,"Under a black canopy, three people — a man in a grey hoodie and beanie, a younger boy in a dark jacket, and another man in a navy hoodie — are ice skating together on a rink. The man in grey is holding the boy’s hand, guiding him as he skates, while the man"
flickr30k_retrieval_2000_seed2,qwen_prompt,qwen_prompt__flickr30k_retrieval_2000_seed2,observer_specific_supported,Observer Specific Supported,1222,1222,flickr30k_test_010450,"A woman with vibrant pink and black hair smiles warmly at the camera while seated at a dining table, with a young boy in a green striped shirt visible in the background, also smiling. In front of them are plates of food, including what appears to be salmon, rice, and vegetables, suggesting a family meal is underway"
flickr30k_retrieval_2000_seed2,qwen_prompt,qwen_prompt__flickr30k_retrieval_2000_seed2,observer_specific_supported,Observer Specific Supported,1223,1223,flickr30k_test_017477,"Two men are singing into microphones in a red leather booth, likely at a karaoke bar or similar entertainment venue. The man on the left, wearing a solid red sweater, holds his microphone with his right hand and gestures with his left. The man on the right, in a blue and black striped shirt, holds"
flickr30k_retrieval_2000_seed2,qwen_prompt,qwen_prompt__flickr30k_retrieval_2000_seed2,observer_specific_supported,Observer Specific Supported,1224,1224,flickr30k_test_008385,"Two young men are seated in the back of a vehicle, engaged in a lighthearted, animated interaction. The man on the left, wearing a gray cap and a white t-shirt, leans back with a smile, his hand gripping the seatbelt. The man on the right, in a blue t-shirt"
flickr30k_retrieval_2000_seed2,qwen_prompt,qwen_prompt__flickr30k_retrieval_2000_seed2,observer_specific_supported,Observer Specific Supported,1225,1225,flickr30k_test_025965,"A woman with short gray hair, wearing a black shirt and blue jeans, crouches at the water’s edge, gently guiding a small child’s hand in the shallow water. The child, wearing a light gray sun hat and a white and orange outfit, sits calmly in the water, looking down at their hands."
flickr30k_retrieval_2000_seed2,qwen_prompt,qwen_prompt__flickr30k_retrieval_2000_seed2,observer_specific_supported,Observer Specific Supported,1226,1226,flickr30k_test_023728,"A young man with reddish-blonde hair and glasses walks along a paved path in a sunlit park, carrying a black backpack and holding a smartphone in his right hand. He wears a white-and-blue striped shirt, light blue denim shorts, and dark brown loafers. The background features trees with dappled"
flickr30k_retrieval_2000_seed2,qwen_prompt,qwen_prompt__flickr30k_retrieval_2000_seed2,observer_specific_supported,Observer Specific Supported,1227,1227,flickr30k_test_021775,"A man in a red shirt and white cap, holding a replica of the FIFA World Cup trophy, is shouting with intense emotion while surrounded by a crowd of cheering fans. Several people nearby are waving flags, including a red one, and one person to his right is wearing a yellow jacket and holding a blue pole. The"
flickr30k_retrieval_2000_seed2,qwen_prompt,qwen_prompt__flickr30k_retrieval_2000_seed2,observer_specific_supported,Observer Specific Supported,1228,1228,flickr30k_test_011234,"A circus performer, dressed in a vest, bowler hat, and holding a small, fluffy dog, strikes a dynamic pose on a lit stage, one hand raised in a gesture of performance. Behind him, two goats stand on separate platforms, one with a purple glow, while a colorful, tent-like structure and a"
flickr30k_retrieval_2000_seed2,qwen_prompt,qwen_prompt__flickr30k_retrieval_2000_seed2,observer_specific_supported,Observer Specific Supported,1229,1229,flickr30k_test_026956,"A person in a green jacket and black beanie bends at the water’s edge on a pebbled shore, appearing to feed or observe several white swans swimming and foraging in the shallow, clear water. One swan is actively dipping its head underwater, while others float nearby, and a few ducks are visible"
flickr30k_retrieval_2000_seed2,qwen_prompt,qwen_prompt__flickr30k_retrieval_2000_seed2,observer_specific_supported,Observer Specific Supported,1230,1230,flickr30k_test_014436,"A large owl, likely a tawny owl, is captured mid-flight with its wings fully spread, descending toward a sunlit green lawn. The bird’s mottled brown and beige plumage is detailed, and its head is turned slightly, revealing a focused, dark eye. The background is softly blurred, emphasizing"
flickr30k_retrieval_2000_seed2,qwen_prompt,qwen_prompt__flickr30k_retrieval_2000_seed2,observer_specific_supported,Observer Specific Supported,1231,1231,flickr30k_test_002359,"Two young men are performing a dynamic acrobatic stunt on a paved sidewalk in front of a weathered stone building. One man, wearing a dark t-shirt and light-colored shorts, is supporting the other by holding his legs and balancing him upside down on his shoulders. The second man, dressed in a dark shirt and"
flickr30k_retrieval_2000_seed2,qwen_prompt,qwen_prompt__flickr30k_retrieval_2000_seed2,observer_specific_supported,Observer Specific Supported,1232,1232,flickr30k_test_013741,"A string quartet performs on a dimly lit stage, with a female violinist in the foreground actively playing her instrument while seated. Behind her, another musician holds a violin, and to the right, a cellist plays their instrument while seated. The performers are positioned around music stands holding sheet music, and the stage"
flickr30k_retrieval_2000_seed2,qwen_prompt,qwen_prompt__flickr30k_retrieval_2000_seed2,observer_specific_supported,Observer Specific Supported,1233,1233,flickr30k_test_015421,"Two women are seated at a table under a blue-lit chain-link fence backdrop; the woman on the left, wearing glasses and a dark top, speaks into a microphone while holding a pen, and the woman on the right, in a patterned blouse, leans forward writing in a notebook. On the table are disposable"
flickr30k_retrieval_2000_seed2,qwen_prompt,qwen_prompt__flickr30k_retrieval_2000_seed2,observer_specific_supported,Observer Specific Supported,1234,1234,flickr30k_test_027311,"A shirtless man in pink shorts stands atop a tall, metal platform, holding a long pole vertically above his head, while a crowd of onlookers watches from below in front of a large, red-brick building with white columns and numerous windows."
flickr30k_retrieval_2000_seed2,qwen_prompt,qwen_prompt__flickr30k_retrieval_2000_seed2,observer_specific_supported,Observer Specific Supported,1235,1235,flickr30k_test_023320,"A rowing crew of five athletes glides across a calm river, their synchronized strokes creating gentle ripples on the water’s surface. They are seated in a long, narrow racing shell, each gripping an oar that extends into the water. The scene is framed by lush green trees lining the far bank under a bright"
flickr30k_retrieval_2000_seed2,qwen_prompt,qwen_prompt__flickr30k_retrieval_2000_seed2,observer_specific_supported,Observer Specific Supported,1236,1236,flickr30k_test_000598,"Two toddlers, one wearing a blue patterned bib and the other in a plaid shirt, are seated in separate yellow high chairs at a wooden table, looking toward the camera with curious expressions. Behind them, a wooden rocking chair and colorful children’s toys are visible in the background."
flickr30k_retrieval_2000_seed2,qwen_prompt,qwen_prompt__flickr30k_retrieval_2000_seed2,observer_specific_supported,Observer Specific Supported,1237,1237,flickr30k_test_009261,"Three men are working inside a modern, geometrically shaped exhibition booth. One man stands on a tall wooden ladder, reaching up to adjust or install a fixture near the ceiling. Another man stands on the floor beside the ladder, holding a long pole with a cloth or duster at the end, appearing to clean or polish"
flickr30k_retrieval_2000_seed2,qwen_prompt,qwen_prompt__flickr30k_retrieval_2000_seed2,observer_specific_supported,Observer Specific Supported,1238,1238,flickr30k_test_018816,"A musician with dark hair and a black shirt is playing a red acoustic guitar on stage, his eyes closed in concentration as he sings into a microphone. The scene is lit with dramatic purple and blue stage lighting, and the background is dark, emphasizing the performer and his instrument."
flickr30k_retrieval_2000_seed2,qwen_prompt,qwen_prompt__flickr30k_retrieval_2000_seed2,observer_specific_supported,Observer Specific Supported,1239,1239,flickr30k_test_004320,"A woman with her back to the camera sits at an old, weathered upright piano outdoors, her hands poised over the keys as if playing or about to play. Sheet music rests on the piano’s music stand. In the foreground, a cluster of pink and white tulips blooms, partially obscuring the lower part of"
flickr30k_retrieval_2000_seed2,qwen_prompt,qwen_prompt__flickr30k_retrieval_2000_seed2,observer_specific_supported,Observer Specific Supported,1240,1240,flickr30k_test_006954,"A female tennis player in a purple top and black skirt is in the middle of a serve on a grass court, her right arm raised high above her head while holding her racket, and her left arm extended upward for balance. She is wearing a black cap, white wristbands, and white tennis shoes. Behind her,"
flickr30k_retrieval_2000_seed2,qwen_prompt,qwen_prompt__flickr30k_retrieval_2000_seed2,observer_specific_supported,Observer Specific Supported,1241,1241,flickr30k_test_004932,"Three women — two in bright pink saris and one in a yellow sari — are seated together on a large, textured rock formation, appearing to be engaged in a shared, quiet activity, possibly threading or crafting, as one woman holds a small object. To their left, a large stone bears a yellow painted emblem"
flickr30k_retrieval_2000_seed2,qwen_prompt,qwen_prompt__flickr30k_retrieval_2000_seed2,observer_specific_supported,Observer Specific Supported,1242,1242,flickr30k_test_005317,"In a warmly lit living room, a man in a green sweater stands and gestures while speaking to two seated individuals. One man, wearing a plaid shirt, sits on a pink couch with his hand to his chin, appearing thoughtful. Beside him, a woman in a white shirt sits with her legs crossed, looking"
flickr30k_retrieval_2000_seed2,qwen_prompt,qwen_prompt__flickr30k_retrieval_2000_seed2,observer_specific_supported,Observer Specific Supported,1243,1243,flickr30k_test_019885,"A person with long hair and a dark jacket stands on a city sidewalk, holding a camera up to their eye as if taking a photograph. Beside them is a wheeled cart overflowing with bottles and other recyclable items, and a large black trash bag sits on the pavement nearby. In the background, a red SUV"
flickr30k_retrieval_2000_seed2,qwen_prompt,qwen_prompt__flickr30k_retrieval_2000_seed2,observer_specific_supported,Observer Specific Supported,1244,1244,flickr30k_test_025270,"A person in a long purple dress and white head covering stands beside a large, brown-and-white draft horse harnessed to a plow, adjusting the equipment in a tilled field under bright daylight."
flickr30k_retrieval_2000_seed2,qwen_prompt,qwen_prompt__flickr30k_retrieval_2000_seed2,observer_specific_supported,Observer Specific Supported,1245,1245,flickr30k_test_012310,"A man in a black beret and white scarf gestures emphatically with his right hand while speaking to two women in a warmly lit indoor setting; one woman, wearing a fur stole and black gloves, looks toward him with a concerned expression, while the other, in a black velvet jacket and glasses, listens attentively,"
flickr30k_retrieval_2000_seed2,qwen_prompt,qwen_prompt__flickr30k_retrieval_2000_seed2,observer_specific_supported,Observer Specific Supported,1246,1246,flickr30k_test_023628,"A man in a dark jacket and pants is sleeping soundly while lying across the seat of a red motorcycle parked on a wet, brick-paved sidewalk at night. The motorcycle, with visible chrome exhaust and a license plate reading “NCG-201512,” is leaning slightly against a concrete pillar."
flickr30k_retrieval_2000_seed2,qwen_prompt,qwen_prompt__flickr30k_retrieval_2000_seed2,observer_specific_supported,Observer Specific Supported,1247,1247,flickr30k_test_002125,"Two dogs are actively engaged in a dynamic, playful chase across a grassy, muddy field, with one dog in mid-stride lunging forward with its mouth open and tongue out, while the other dog, partially visible on the left, appears to be reacting with an open mouth and bared teeth, suggesting energetic interaction"
flickr30k_retrieval_2000_seed2,qwen_prompt,qwen_prompt__flickr30k_retrieval_2000_seed2,observer_specific_supported,Observer Specific Supported,1248,1248,flickr30k_test_020747,"A young man in a red-and-white baseball-style shirt is loading a dishwasher in a kitchen, carefully placing a small, dark cylindrical object into the lower rack. The dishwasher’s door is open, revealing its interior racks and a partially filled top drawer. The kitchen has light-colored tiled floors and wooden cabinets; in the background"
flickr30k_retrieval_2000_seed2,qwen_prompt,qwen_prompt__flickr30k_retrieval_2000_seed2,observer_specific_supported,Observer Specific Supported,1249,1249,flickr30k_test_019273,"An older woman with short gray hair, wearing a brown flat cap, dark sunglasses, and a yellow scarf over a plaid jacket, stands in a market stall surrounded by piles of bright red peppers. Her gaze is directed downward and to the side, suggesting she is focused on something out of frame, perhaps examining produce or"
flickr30k_retrieval_2000_seed2,qwen_prompt,qwen_prompt__flickr30k_retrieval_2000_seed2,observer_specific_supported,Observer Specific Supported,1250,1250,flickr30k_test_014654,"An elderly woman with gray hair and sunglasses sits beside a young girl in a striped dress on a wooden bench; the woman rests her chin on her hand, appearing thoughtful or tired, while the girl covers her mouth with both hands, her expression suggesting shyness or contemplation."
flickr30k_retrieval_2000_seed2,qwen_prompt,qwen_prompt__flickr30k_retrieval_2000_seed2,observer_specific_supported,Observer Specific Supported,1251,1251,flickr30k_test_029962,"A young child with wet, dark hair is smiling while floating on a green and blue inflatable ring in an indoor swimming pool, with large windows and tiled walls visible in the background."
flickr30k_retrieval_2000_seed2,qwen_prompt,qwen_prompt__flickr30k_retrieval_2000_seed2,observer_specific_supported,Observer Specific Supported,1252,1252,flickr30k_test_009148,"In a bustling European square, a street musician sits on a folding stool, playing a stringed instrument while a small audience of pedestrians pauses to listen. Behind him, a grand, ornate building with Gothic-style architecture, arched windows, and decorative sculptures overlooks the scene. A central stone fountain with sculpted figures"
flickr30k_retrieval_2000_seed2,qwen_prompt,qwen_prompt__flickr30k_retrieval_2000_seed2,observer_specific_supported,Observer Specific Supported,1253,1253,flickr30k_test_002695,"A fluffy white Samoyed dog walks on a leash alongside a person riding a bicycle on a paved path, with the dog’s tongue slightly out and the cyclist’s lower legs and bike visible."
flickr30k_retrieval_2000_seed2,qwen_prompt,qwen_prompt__flickr30k_retrieval_2000_seed2,observer_specific_supported,Observer Specific Supported,1254,1254,flickr30k_test_016237,"On a dimly lit stage bathed in purple and red lighting, a young woman with blonde hair in a ponytail, wearing a pink hoodie and jeans, sings into a microphone. Facing her is a man dressed as a clown, wearing a green hat, green face paint, a plaid jacket over a red shirt"
flickr30k_retrieval_2000_seed2,qwen_prompt,qwen_prompt__flickr30k_retrieval_2000_seed2,observer_specific_supported,Observer Specific Supported,1255,1255,flickr30k_test_015689,"A group of four people is gathered around a patterned tablecloth-covered table in a cozy, book-filled living room, engaged in a casual dinner. The woman in the foreground, wearing a black sleeveless top and with her hair tied back, looks directly at the camera with a slight smile. Across from her, a"
flickr30k_retrieval_2000_seed2,qwen_prompt,qwen_prompt__flickr30k_retrieval_2000_seed2,observer_specific_supported,Observer Specific Supported,1256,1256,flickr30k_test_026240,"A man in an orange vest and blue shorts is jogging on a paved path beside a stone railing, accompanied by a small brown dog on a leash. Behind him, a fire truck with its ladder extended is parked on the road, with several firefighters in uniform standing nearby. Orange traffic cones are placed along the path and road"
flickr30k_retrieval_2000_seed2,qwen_prompt,qwen_prompt__flickr30k_retrieval_2000_seed2,observer_specific_supported,Observer Specific Supported,1257,1257,flickr30k_test_025836,"A man in a blue t-shirt and jeans stands inside a rustic, thatched-roof classroom, holding a book and gesturing toward a chalkboard filled with writing. Behind him, a wooden desk sits near a bamboo screen, and a white bust and framed portrait adorn the wall above. The setting suggests an informal or"
flickr30k_retrieval_2000_seed2,qwen_prompt,qwen_prompt__flickr30k_retrieval_2000_seed2,observer_specific_supported,Observer Specific Supported,1258,1258,flickr30k_test_030011,"A baseball player in a red and blue “WIGATORS” uniform stands at bat in the dugout, gripping a wooden bat with both hands and looking forward with a focused expression. Behind him, teammates in matching uniforms sit and stand in the dugout, while empty green stadium seats rise in the background under bright daylight"
flickr30k_retrieval_2000_seed2,qwen_prompt,qwen_prompt__flickr30k_retrieval_2000_seed2,observer_specific_supported,Observer Specific Supported,1259,1259,flickr30k_test_007784,"A young boy, shirtless and wearing patterned swim trunks, stands waist-deep in shallow water, his arms slightly outstretched as he appears to be playing or splashing, creating small ripples and a splash around his legs."
flickr30k_retrieval_2000_seed2,qwen_prompt,qwen_prompt__flickr30k_retrieval_2000_seed2,observer_specific_supported,Observer Specific Supported,1260,1260,flickr30k_test_004956,"A young child with dark hair, wearing a blue and white checkered shirt, is seated at a wooden table and carefully uses a small spoon to eat from a white plate with a decorative pattern."
flickr30k_retrieval_2000_seed2,qwen_prompt,qwen_prompt__flickr30k_retrieval_2000_seed2,observer_specific_supported,Observer Specific Supported,1261,1261,flickr30k_test_018510,"A soccer match is underway, with two players in red and white uniforms on the field, one of whom is wearing number 13. Behind them, a large crowd of spectators fills the stadium stands, watching intently. A low black barrier separates the field from the seated fans, and a few individuals are seated on"
flickr30k_retrieval_2000_seed2,qwen_prompt,qwen_prompt__flickr30k_retrieval_2000_seed2,observer_specific_supported,Observer Specific Supported,1262,1262,flickr30k_test_027820,"A male tennis player in a white outfit and headband is captured mid-forehand swing, his body twisted and arm extended as he strikes the ball. Behind him, a ball girl in a dark blue uniform and cap stands attentively, holding a tennis racket. The scene takes place on a green tennis court, with"
flickr30k_retrieval_2000_seed2,qwen_prompt,qwen_prompt__flickr30k_retrieval_2000_seed2,observer_specific_supported,Observer Specific Supported,1263,1263,flickr30k_test_028057,"A college football quarterback, wearing a white uniform with green and gold accents and the number 10, is in mid-stride on a field, securely holding a red football in his right hand as he runs forward. He is wearing a white helmet with green stripes and a white wristband on his left arm. The"
flickr30k_retrieval_2000_seed2,qwen_prompt,qwen_prompt__flickr30k_retrieval_2000_seed2,observer_specific_supported,Observer Specific Supported,1264,1264,flickr30k_test_030341,"Two female belly dancers in vibrant costumes — one in a flowing blue skirt with gold trim and the other in a red and green ensemble — perform a choreographed routine on a wet promenade under a dark, overcast sky. Their arms are raised in expressive poses, and their skirts flare out as they move. In the"
flickr30k_retrieval_2000_seed2,qwen_prompt,qwen_prompt__flickr30k_retrieval_2000_seed2,observer_specific_supported,Observer Specific Supported,1265,1265,flickr30k_test_007442,"In a carpeted room with a drop ceiling and fluorescent lighting, a group of children and adults are gathered around a wooden podium. A young girl in a white tank top and denim shorts stands in the foreground, holding a white video game controller, seemingly engaged in a game. Behind her, a boy in a beige t"
flickr30k_retrieval_2000_seed2,qwen_prompt,qwen_prompt__flickr30k_retrieval_2000_seed2,observer_specific_supported,Observer Specific Supported,1266,1266,flickr30k_test_006649,"A young girl in a white dress and floral headband sits solemnly between two bridesmaids in blue dresses, all seated in a church pew during what appears to be a wedding ceremony. The bridesmaids, adorned with floral crowns and necklaces, look forward with composed expressions, while the girl gazes directly ahead with"
flickr30k_retrieval_2000_seed2,qwen_prompt,qwen_prompt__flickr30k_retrieval_2000_seed2,observer_specific_supported,Observer Specific Supported,1267,1267,flickr30k_test_020260,"Several people are casually seated on wide, tiered stone steps in an outdoor public space, with one man reclining on the upper right step and others sitting or leaning on various levels. A central section of the steps is covered in a mosaic of small, light-colored tiles, and above it, a stone wall bears black"
flickr30k_retrieval_2000_seed2,qwen_prompt,qwen_prompt__flickr30k_retrieval_2000_seed2,observer_specific_supported,Observer Specific Supported,1268,1268,flickr30k_test_023056,"Two older men are seated at a table in a modest, warmly lit room, intently examining a small, white fan together. One man, wearing a blue shirt, holds the fan while the other, in a light blue shirt, leans in closely, appearing to discuss or inspect its features. The room’s wooden walls"
flickr30k_retrieval_2000_seed2,qwen_prompt,qwen_prompt__flickr30k_retrieval_2000_seed2,observer_specific_supported,Observer Specific Supported,1269,1269,flickr30k_test_030238,"A young woman with dark hair, wearing a blue top, holds a microphone and speaks to an audience at a brightly lit event, with a large screen behind her displaying the words “YTE Showtime.” In the foreground, several audience members’ hands are raised, some making a “shaka” or “hang loose”"
flickr30k_retrieval_2000_seed2,qwen_prompt,qwen_prompt__flickr30k_retrieval_2000_seed2,observer_specific_supported,Observer Specific Supported,1270,1270,flickr30k_test_028649,"A young goalkeeper in an orange jersey and yellow socks leaps high in the air, fully extended, to catch a white soccer ball with his gloved hands. He is positioned directly in front of the green net of the goal, which is framed by a white crossbar. In the background, other children in sports attire are"
flickr30k_retrieval_2000_seed2,qwen_prompt,qwen_prompt__flickr30k_retrieval_2000_seed2,observer_specific_supported,Observer Specific Supported,1271,1271,flickr30k_test_010974,"At dusk in a wet, tree-lined park, a vendor in a pink shirt stands beside a brightly lit food cart attached to a motorcycle, tending to a tray of glowing, roasted snacks. The cart’s sign, written in Thai, advertises the food for 10 baht. A second person, blurred"
flickr30k_retrieval_2000_seed2,qwen_prompt,qwen_prompt__flickr30k_retrieval_2000_seed2,observer_specific_supported,Observer Specific Supported,1272,1272,flickr30k_test_019376,"An elderly woman, draped in a white headscarf and traditional attire, sits cross-legged on a vibrant red patterned cloth, carefully assembling colorful plastic pieces—likely a children’s puzzle or craft kit—into a blue tray before her. Beside her, a red tray holds additional pieces, and the setting appears to"
flickr30k_retrieval_2000_seed2,qwen_prompt,qwen_prompt__flickr30k_retrieval_2000_seed2,observer_specific_supported,Observer Specific Supported,1273,1273,flickr30k_test_020177,"A man in a black turtleneck and jeans is holding a laptop aloft with one hand while talking on a cell phone with the other, standing in a crowd of people outdoors near a brick wall and a tall orange building. He appears to be addressing the group or drawing attention to the laptop. Other individuals, including"
flickr30k_retrieval_2000_seed2,qwen_prompt,qwen_prompt__flickr30k_retrieval_2000_seed2,observer_specific_supported,Observer Specific Supported,1274,1274,flickr30k_test_023010,"Two men stand facing each other on a tiled train platform at dusk, engaged in conversation. The man on the left wears a white shirt and pants with a black bag slung over his shoulder, while the man on the right is dressed in a black shirt and pants with sandals. Behind them, the platform extends into the"
flickr30k_retrieval_2000_seed2,qwen_prompt,qwen_prompt__flickr30k_retrieval_2000_seed2,observer_specific_supported,Observer Specific Supported,1275,1275,flickr30k_test_012841,"A woman with reddish hair, wearing a dark coat and carrying a black shoulder bag, stands on a city sidewalk at night, holding a camera up to her eye as if taking a photograph. Behind her, a street with parked cars and illuminated buildings stretches into the distance under artificial streetlights. To her right, a"
flickr30k_retrieval_2000_seed2,qwen_prompt,qwen_prompt__flickr30k_retrieval_2000_seed2,observer_specific_supported,Observer Specific Supported,1276,1276,flickr30k_test_017169,"An older man with a long white beard and hair is eating a sandwich wrapped in foil, holding it with both hands. He wears a dark gray zip-up hoodie with red and white stripes on the sleeves and a partially visible white logo on the chest. A watch is on his left wrist. The background is out of focus"
flickr30k_retrieval_2000_seed2,qwen_prompt,qwen_prompt__flickr30k_retrieval_2000_seed2,observer_specific_supported,Observer Specific Supported,1277,1277,flickr30k_test_013328,"A football player in a green and gold uniform, number 6, is being tackled by a player in a white and blue uniform, number 28, as he attempts to advance the ball. The tackle is in progress on a grass field marked with white lines, with other players and spectators visible in the background."
flickr30k_retrieval_2000_seed2,qwen_prompt,qwen_prompt__flickr30k_retrieval_2000_seed2,observer_specific_supported,Observer Specific Supported,1278,1278,flickr30k_test_007690,"Two shirtless acrobats, both wearing black bowler hats and blue-and-red striped shorts, perform a dynamic street act: one is lying on his back on the pavement while the other balances on his feet and hands, extending his body horizontally above him. A crowd of spectators, seated and standing along the sidewalk,"
flickr30k_retrieval_2000_seed2,qwen_prompt,qwen_prompt__flickr30k_retrieval_2000_seed2,observer_specific_supported,Observer Specific Supported,1279,1279,flickr30k_test_021105,"A uniformed police officer stands in the foreground, looking directly at the camera, while other officers and civilians walk in the background near a large, ornate stone monument and classical-style building."
flickr30k_retrieval_2000_seed2,qwen_prompt,qwen_prompt__flickr30k_retrieval_2000_seed2,observer_specific_supported,Observer Specific Supported,1280,1280,flickr30k_test_006981,"A live band performs on an outdoor stage in front of a crowd, with a banner reading “Jewels Square” and a red circular logo visible behind them. The musicians, including a guitarist and a drummer, are actively playing their instruments under a modern canopy structure. The audience, composed of people of various ages,"
flickr30k_retrieval_2000_seed2,qwen_prompt,qwen_prompt__flickr30k_retrieval_2000_seed2,observer_specific_supported,Observer Specific Supported,1281,1281,flickr30k_test_018388,"A man in a green t-shirt and jeans is perched on the rear platform of a yellow piece of heavy machinery, likely a road grader or similar construction vehicle, with one foot resting on the vehicle’s tailgate and the other on the ground. He is holding a phone to his ear with his right hand,"
flickr30k_retrieval_2000_seed2,qwen_prompt,qwen_prompt__flickr30k_retrieval_2000_seed2,observer_specific_supported,Observer Specific Supported,1282,1282,flickr30k_test_002028,"A person with short, vibrant red hair, wearing a knitted beanie and glasses, leans forward with their hand near their mouth, appearing to be in thought or contemplation, in front of a row of stainless steel industrial washing machines in a laundromat."
flickr30k_retrieval_2000_seed2,qwen_prompt,qwen_prompt__flickr30k_retrieval_2000_seed2,observer_specific_supported,Observer Specific Supported,1283,1283,flickr30k_test_021811,"Under a clear blue sky, people are relaxing and socializing in a spacious, tree-lined urban park plaza. In the foreground, a man in a striped shirt sits at a small table under a large black umbrella, eating and drinking. Nearby, other patrons are seated at tables and benches, some under umbrellas, enjoying"
flickr30k_retrieval_2000_seed2,qwen_prompt,qwen_prompt__flickr30k_retrieval_2000_seed2,observer_specific_supported,Observer Specific Supported,1284,1284,flickr30k_test_008172,"A male musician with shoulder-length brown hair and a gray t-shirt is singing into a microphone while playing a red and green electric guitar with a distinctive, ornate pickguard. He wears a beaded necklace and holds the guitar with a strap over his shoulder. In the background, another person with a beard is partially visible"
flickr30k_retrieval_2000_seed2,qwen_prompt,qwen_prompt__flickr30k_retrieval_2000_seed2,observer_specific_supported,Observer Specific Supported,1285,1285,flickr30k_test_004533,"A black-and-white dog, likely a Jack Russell Terrier, is captured mid-air in a dynamic leap, its front paws reaching for an orange and blue ball it is about to catch. The scene takes place in a wide, open field of dry, brown grass under an overcast sky. In the background,"
flickr30k_retrieval_2000_seed2,qwen_prompt,qwen_prompt__flickr30k_retrieval_2000_seed2,observer_specific_supported,Observer Specific Supported,1286,1286,flickr30k_test_020363,"Under a canopy of blooming cherry trees, people stroll along a path blanketed in falling pink petals, their quiet movement framed by the soft, drifting blossoms and the gentle green of the park beyond."
flickr30k_retrieval_2000_seed2,qwen_prompt,qwen_prompt__flickr30k_retrieval_2000_seed2,observer_specific_supported,Observer Specific Supported,1287,1287,flickr30k_test_023991,"In a dimly lit, crowded bar, a group of people are gathered closely together, engaged in conversation and social interaction. A woman with long blonde hair, holding a drink, leans toward a man in a dark shirt who is smiling and looking at her. Behind them, another woman with dark hair is seated, partially"
flickr30k_retrieval_2000_seed2,qwen_prompt,qwen_prompt__flickr30k_retrieval_2000_seed2,observer_specific_supported,Observer Specific Supported,1288,1288,flickr30k_test_012820,"A young skateboarder in a red shirt and brown beanie is mid-air, performing a trick over a metal guardrail on a concrete ramp under a clear blue sky, with palm trees visible in the background."
flickr30k_retrieval_2000_seed2,qwen_prompt,qwen_prompt__flickr30k_retrieval_2000_seed2,observer_specific_supported,Observer Specific Supported,1289,1289,flickr30k_test_027016,"A cameraman in a brown jacket and jeans stands beside a large, professional broadcast camera mounted on a tripod, positioned on a raised platform overlooking a nighttime football field. The camera, branded “Canon” and labeled “HD,” is angled toward the field where a crowd of spectators in yellow and black attire fills the stands."
flickr30k_retrieval_2000_seed2,qwen_prompt,qwen_prompt__flickr30k_retrieval_2000_seed2,observer_specific_supported,Observer Specific Supported,1290,1290,flickr30k_test_014290,"A man with a long white beard, wearing a striped hat and a fringed, layered coat, walks along a paved sidewalk while carrying a large, frayed bag and a smaller tote. Behind him, a black trash can sits near a metal railing, with a tree in full white bloom and other green foliage in the"
flickr30k_retrieval_2000_seed2,qwen_prompt,qwen_prompt__flickr30k_retrieval_2000_seed2,observer_specific_supported,Observer Specific Supported,1291,1291,flickr30k_test_003912,"A group of seven friends is gathered around a wooden dining table for a casual dinner party, smiling and posing for the camera. The table is set with red placemats, glasses, bottles of wine and beer, and plates of food, including a bowl of pasta. A decorative chandelier hangs above, and the room"
flickr30k_retrieval_2000_seed2,qwen_prompt,qwen_prompt__flickr30k_retrieval_2000_seed2,observer_specific_supported,Observer Specific Supported,1292,1292,flickr30k_test_014935,"A group of six people — including a young boy in the center, a man with a beard and cap, and several others of varying ages — stand together in front of a graffiti-covered wall, posing for the camera. The boy wears a white t-shirt and blue shorts, while the man beside him holds a plastic bag"
flickr30k_retrieval_2000_seed2,qwen_prompt,qwen_prompt__flickr30k_retrieval_2000_seed2,observer_specific_supported,Observer Specific Supported,1293,1293,flickr30k_test_012838,"A brown Boxer dog, with snow lightly dusting its fur, is intently focused on a bright pink toy it holds in its mouth, standing in a snowy outdoor setting."
flickr30k_retrieval_2000_seed2,qwen_prompt,qwen_prompt__flickr30k_retrieval_2000_seed2,observer_specific_supported,Observer Specific Supported,1294,1294,flickr30k_test_012943,"A man in patterned swim trunks performs a one-legged balancing pose on the wet sand at the shoreline, with his extended arm and leg creating a graceful line against the turquoise ocean. A sailboat is visible in the distance on the calm water, and the horizon shows faint outlines of distant land under a partly cloudy sky"
flickr30k_retrieval_2000_seed2,qwen_prompt,qwen_prompt__flickr30k_retrieval_2000_seed2,observer_specific_supported,Observer Specific Supported,1295,1295,flickr30k_test_015557,"A young boy with a short haircut, wearing a blue-and-white striped shirt over a white undershirt, stands outdoors on a gravelly, grassy path. He is looking up and to his right with a thoughtful expression, his right arm extended forward with his hand slightly clenched, as if pointing or reaching toward"
flickr30k_retrieval_2000_seed2,qwen_prompt,qwen_prompt__flickr30k_retrieval_2000_seed2,observer_specific_supported,Observer Specific Supported,1296,1296,flickr30k_test_012449,"A man in a green shirt and black pants is riding a blue bicycle down a city street, leaning into a turn as he passes a parked black car. Behind him, a large, weathered brick building with boarded-up windows and graffiti-covered walls looms over the scene, while a distant city skyline is visible through the"
flickr30k_retrieval_2000_seed2,qwen_prompt,qwen_prompt__flickr30k_retrieval_2000_seed2,observer_specific_supported,Observer Specific Supported,1297,1297,flickr30k_test_009333,"Two young people are posing together indoors, both wearing large, colorful woven sombreros that obscure much of their upper bodies. The person on the left, with dark curly hair, smiles broadly while looking toward the right, wearing a light green shirt. The person on the right, with lighter hair, also smiles widely,"
flickr30k_retrieval_2000_seed2,qwen_prompt,qwen_prompt__flickr30k_retrieval_2000_seed2,observer_specific_supported,Observer Specific Supported,1298,1298,flickr30k_test_007048,"Two dogs are playfully interacting in shallow, murky water: a black Labrador Retriever with a red collar is facing a smaller, tan-and-black dog (possibly a German Shepherd mix) that has its back to the camera. The black dog’s mouth is open in what appears to be a playful bark or yelp"
flickr30k_retrieval_2000_seed2,qwen_prompt,qwen_prompt__flickr30k_retrieval_2000_seed2,observer_specific_supported,Observer Specific Supported,1299,1299,flickr30k_test_007884,"A man in a blue shirt is bent over a table in a retro-style diner, wiping it down with a cloth. The room is furnished with red plastic chairs, many of which bear the Coca-Cola logo, and a large red Coca-Cola sign is mounted on the wall behind him. Through the window, a white Toyota"
flickr30k_retrieval_2000_seed2,qwen_prompt,qwen_prompt__flickr30k_retrieval_2000_seed2,observer_specific_supported,Observer Specific Supported,1300,1300,flickr30k_test_007342,"Two men in orange prison uniforms walk along a cobblestone waterfront promenade, passing by a chain-linked barrier and a utility pole, with a harbor and buildings visible in the background under a clear blue sky."
flickr30k_retrieval_2000_seed2,qwen_prompt,qwen_prompt__flickr30k_retrieval_2000_seed2,observer_specific_supported,Observer Specific Supported,1301,1301,flickr30k_test_001800,"A group of young men in casual attire are roller skating in a line across a paved plaza, each holding the shoulder of the person in front of them for balance and support as they move forward together. Behind them, other people are visible in the background, including a few standing near a railing and others walking or skating further"
flickr30k_retrieval_2000_seed2,qwen_prompt,qwen_prompt__flickr30k_retrieval_2000_seed2,observer_specific_supported,Observer Specific Supported,1302,1302,flickr30k_test_017452,"A woman with reddish-brown hair tied in a ponytail, wearing a pink polka-dot shirt and a green apron, is carefully handling a cardboard box decorated with a cartoon face and a green bow. The box, which appears to be a takeout container, is being placed on a red countertop next"
flickr30k_retrieval_2000_seed2,qwen_prompt,qwen_prompt__flickr30k_retrieval_2000_seed2,observer_specific_supported,Observer Specific Supported,1303,1303,flickr30k_test_017199,"A parade float adorned with colorful, oversized playing card figures and a person in a top hat is moving through a city street, as confetti or small paper objects are being tossed into the air above it."
flickr30k_retrieval_2000_seed2,qwen_prompt,qwen_prompt__flickr30k_retrieval_2000_seed2,observer_specific_supported,Observer Specific Supported,1304,1304,flickr30k_test_026785,"A blonde woman in a dark tank top and black pants stands beside a seated man in a white shirt, gently placing a small, dark object—possibly a camera or phone—into his hands. The man, viewed from behind, wears a red-and-white lanyard and appears to be focused on the device. They"
flickr30k_retrieval_2000_seed2,qwen_prompt,qwen_prompt__flickr30k_retrieval_2000_seed2,observer_specific_supported,Observer Specific Supported,1305,1305,flickr30k_test_029036,"A man in a plaid shirt sings into a microphone while seated on a stool, accompanied by another man who plays an acoustic guitar and also sits on a stool, both performing on a stage with a “25” banner visible in the background."
flickr30k_retrieval_2000_seed2,qwen_prompt,qwen_prompt__flickr30k_retrieval_2000_seed2,observer_specific_supported,Observer Specific Supported,1306,1306,flickr30k_test_002965,"A group of people in a blue wooden boat with a white canopy navigates a narrow, muddy river channel flanked by dense tropical vegetation, while another boat with a blue canopy waits nearby; several individuals are standing on the riverbank, appearing to assist or interact with the occupants of the moving boat."
flickr30k_retrieval_2000_seed2,qwen_prompt,qwen_prompt__flickr30k_retrieval_2000_seed2,observer_specific_supported,Observer Specific Supported,1307,1307,flickr30k_test_019756,"A street performer in a dark blue tracksuit executes a dynamic backflip in mid-air, drawing the attention of a large, diverse crowd gathered on a sunny urban sidewalk. The audience, including families with children, watches intently from the pavement and nearby steps, while a second performer in a similar outfit stands below, holding"
flickr30k_retrieval_2000_seed2,qwen_prompt,qwen_prompt__flickr30k_retrieval_2000_seed2,observer_specific_supported,Observer Specific Supported,1308,1308,flickr30k_test_030986,"A woman in a red floral dress and sunglasses walks along a paved path, holding a colorful, rainbow-patterned umbrella open above her head. She carries a light-colored shoulder bag and wears sandals, and appears to be looking toward the camera. Lush green trees form a dense backdrop along the path, suggesting a park or"
flickr30k_retrieval_2000_seed2,qwen_prompt,qwen_prompt__flickr30k_retrieval_2000_seed2,observer_specific_supported,Observer Specific Supported,1309,1309,flickr30k_test_017810,"A young woman with blonde, wavy hair sits in a crowded train carriage, intently focused on operating a small, black digital camera held in her hands. She wears a dark jacket and a ring on her left hand. Around her, other passengers are seated or standing, including a man in a dark jacket and a"
flickr30k_retrieval_2000_seed2,qwen_prompt,qwen_prompt__flickr30k_retrieval_2000_seed2,observer_specific_supported,Observer Specific Supported,1310,1310,flickr30k_test_022102,"A man in a beige jacket and wide-brimmed hat walks away down a tree-lined, cobblestone street, carrying a dark bag over his shoulder. To his left, another person in a white jacket and dark hat walks in the same direction, also carrying a bag. The street is shaded by lush green trees"
flickr30k_retrieval_2000_seed2,qwen_prompt,qwen_prompt__flickr30k_retrieval_2000_seed2,observer_specific_supported,Observer Specific Supported,1311,1311,flickr30k_test_000117,"A young female softball player in a green and white uniform, wearing a helmet and gloves, is mid-swing with a bat, making contact with a bright yellow softball. She is standing at home plate on a dirt infield, with a chain-link fence and grassy field behind her. A blue bag or equipment case is"
flickr30k_retrieval_2000_seed2,qwen_prompt,qwen_prompt__flickr30k_retrieval_2000_seed2,observer_specific_supported,Observer Specific Supported,1312,1312,flickr30k_test_001763,"A young man with dark, curly hair and a slight smile holds two white toy pistols, one in each hand, while standing against a bright yellow background. He wears a light-colored t-shirt under a striped, open jacket. The scene appears staged, with the man looking directly at the camera, suggesting a posed photograph rather"
flickr30k_retrieval_2000_seed2,qwen_prompt,qwen_prompt__flickr30k_retrieval_2000_seed2,observer_specific_supported,Observer Specific Supported,1313,1313,flickr30k_test_012689,"A shirtless man in red shorts is jumping on a sandy beach to hit a volleyball with his right hand, while another man in a blue shirt and red shorts stands nearby on the sand, watching the play. Palm trees and simple beachside buildings with clothes hanging outside form the backdrop under a bright, sunny sky."
flickr30k_retrieval_2000_seed2,qwen_prompt,qwen_prompt__flickr30k_retrieval_2000_seed2,observer_specific_supported,Observer Specific Supported,1314,1314,flickr30k_test_023168,"Two women stand on a city street, engaged in conversation; one holds a large, colorful soccer ball with Brazil’s national team crest, while the other, wearing a black jacket and carrying a shoulder bag, gestures as she speaks. Behind them, pedestrians walk past metal barricades, and a building with large windows and a"
flickr30k_retrieval_2000_seed2,qwen_prompt,qwen_prompt__flickr30k_retrieval_2000_seed2,observer_specific_supported,Observer Specific Supported,1315,1315,flickr30k_test_014110,"A man in a green shirt and blue jeans is performing a BMX bike trick, balancing on the rear wheel while airborne against a brightly painted graffiti wall at night. The wall features a large mural of a smiling face wearing sunglasses, with red hearts and the words “IN LOVE” visible. The scene is illuminated by artificial"
flickr30k_retrieval_2000_seed2,qwen_prompt,qwen_prompt__flickr30k_retrieval_2000_seed2,observer_specific_supported,Observer Specific Supported,1316,1316,flickr30k_test_013157,"A surfer in a black wetsuit is crouched low on a green surfboard, riding a breaking wave with white foam and spray around them, as the ocean’s blue water churns behind."
flickr30k_retrieval_2000_seed2,qwen_prompt,qwen_prompt__flickr30k_retrieval_2000_seed2,observer_specific_supported,Observer Specific Supported,1317,1317,flickr30k_test_007583,"A young woman with long dark hair, wearing a brightly patterned red and multicolored woven blouse, is seated and actively weaving on a backstrap loom. Her hands are engaged with the warp threads and a shuttle, guiding the weft through the fabric. The loom’s wooden components and the partially completed textile"
flickr30k_retrieval_2000_seed2,qwen_prompt,qwen_prompt__flickr30k_retrieval_2000_seed2,observer_specific_supported,Observer Specific Supported,1318,1318,flickr30k_test_016865,"A woman in a dark coat and scarf is being restrained by multiple uniformed police officers in a crowded, outdoor setting. One officer, wearing a dark hooded jacket and a peaked cap, leans over her, while another officer behind her holds her arm. The woman’s face is visible, and she appears to be looking"
flickr30k_retrieval_2000_seed2,qwen_prompt,qwen_prompt__flickr30k_retrieval_2000_seed2,observer_specific_supported,Observer Specific Supported,1319,1319,flickr30k_test_008938,"A young woman with curly hair, wearing a gray jacket and dark pants, stands with her arms crossed in front of a blue door with gold-colored security bars. She is positioned between two glass windows displaying colorful travel brochures and a “NO TRESPASSING NO LOTTERY” sign. The door has a"
flickr30k_retrieval_2000_seed2,qwen_prompt,qwen_prompt__flickr30k_retrieval_2000_seed2,observer_specific_supported,Observer Specific Supported,1320,1320,flickr30k_test_003308,"Two women are walking across a striped pedestrian crosswalk on a paved street, with one carrying a stroller. Behind them, a multi-level building with balconies and large windows stands under an overcast sky. A yellow diamond-shaped road sign indicating a 45 mph speed limit is visible on the left. The scene"
flickr30k_retrieval_2000_seed2,qwen_prompt,qwen_prompt__flickr30k_retrieval_2000_seed2,observer_specific_supported,Observer Specific Supported,1321,1321,flickr30k_test_011942,"A man with short dark hair and glasses, wearing a light green and white striped shirt, is seated at a desk in an office cubicle, engaged in a phone conversation while looking at a laptop screen. He holds a black phone to his right ear with his right hand. The laptop, with a silver body and a"
flickr30k_retrieval_2000_seed2,qwen_prompt,qwen_prompt__flickr30k_retrieval_2000_seed2,observer_specific_supported,Observer Specific Supported,1322,1322,flickr30k_test_016721,"A young person with tousled reddish-brown hair, wearing a teal polo shirt, peers intently through a brass telescope at an outdoor event, their hand steadying the instrument as they focus on something in the distance."
flickr30k_retrieval_2000_seed2,qwen_prompt,qwen_prompt__flickr30k_retrieval_2000_seed2,observer_specific_supported,Observer Specific Supported,1323,1323,flickr30k_test_011836,"A young man in a dark shirt is pouring red wine from a green glass bottle into a wine glass held by an elderly woman wearing glasses and a patterned top, at a seated dining event with other guests in the background."
flickr30k_retrieval_2000_seed2,qwen_prompt,qwen_prompt__flickr30k_retrieval_2000_seed2,observer_specific_supported,Observer Specific Supported,1324,1324,flickr30k_test_017036,"A person with blonde hair, wearing a brown jacket and blue pants, crouches on a rocky shoreline, holding a red and green bucket while appearing to scoop or examine something near the water’s edge. The scene is bathed in soft, low-angle light, suggesting early morning or late afternoon, and the calm water"
flickr30k_retrieval_2000_seed2,qwen_prompt,qwen_prompt__flickr30k_retrieval_2000_seed2,observer_specific_supported,Observer Specific Supported,1325,1325,flickr30k_test_030868,"A woman with reddish-brown hair tied back, wearing a dark long-sleeved shirt and light-colored pants, is kneeling on a black tarp and carefully handling a large, freshly sheared fleece of white wool. The fleece lies spread out before her, and she appears to be sorting or arranging it. Behind"
flickr30k_retrieval_2000_seed2,qwen_prompt,qwen_prompt__flickr30k_retrieval_2000_seed2,observer_specific_supported,Observer Specific Supported,1326,1326,flickr30k_test_025639,"A young woman with dark hair and visible tattoos on her arm and neck, wearing a studded black vest over a gray top, holds a beer can and makes a playful, puckered-lip expression toward the camera. She wears a silver cross necklace and a ring on her right hand. In the blurred background, two"
flickr30k_retrieval_2000_seed2,qwen_prompt,qwen_prompt__flickr30k_retrieval_2000_seed2,observer_specific_supported,Observer Specific Supported,1327,1327,flickr30k_test_016146,"A group of people stands on a wooden raft floating on a calm river at dusk, with one person actively rowing while others appear to be preparing or managing equipment under a striped canopy; the surrounding landscape features a distant tree-lined shore under a soft, fading sky."
flickr30k_retrieval_2000_seed2,qwen_prompt,qwen_prompt__flickr30k_retrieval_2000_seed2,observer_specific_supported,Observer Specific Supported,1328,1328,flickr30k_test_019034,"Under a bright, sunlit sky, two people walk along a raised concrete walkway, passing a large, boxy utility unit mounted to the structure. Below them, a sweeping, curved staircase descends through a multi-level concrete architectural space, its steps and railings casting long shadows. Through openings in the structure,"
flickr30k_retrieval_2000_seed2,qwen_prompt,qwen_prompt__flickr30k_retrieval_2000_seed2,observer_specific_supported,Observer Specific Supported,1329,1329,flickr30k_test_002303,"An elderly woman in a red vest and headscarf sits on a low stool, watching attentively as a young girl in a colorful, patterned blouse and blue headwrap weaves on a wooden loom. The girl is seated on the ground, focused on her work, while the older woman leans forward, her"
flickr30k_retrieval_2000_seed2,qwen_prompt,qwen_prompt__flickr30k_retrieval_2000_seed2,observer_specific_supported,Observer Specific Supported,1330,1330,flickr30k_test_023095,"A group of young adults, including a smiling man in a gray t-shirt and lanyard, are seated at a long blue table in a brightly lit cafeteria, enjoying a meal together. In front of them are white takeout containers, some with food, and bottles of water and juice boxes. The man is looking"
flickr30k_retrieval_2000_seed2,qwen_prompt,qwen_prompt__flickr30k_retrieval_2000_seed2,observer_specific_supported,Observer Specific Supported,1331,1331,flickr30k_test_015079,"A man in a beige shirt and dark cap leans against a weathered wooden post, holding a glass to his lips as if drinking, while his other hand rests on the post behind him. The scene is set outdoors on a paved surface, with a plain building visible in the background under an overcast sky."
flickr30k_retrieval_2000_seed2,qwen_prompt,qwen_prompt__flickr30k_retrieval_2000_seed2,observer_specific_supported,Observer Specific Supported,1332,1332,flickr30k_test_024069,"A shirtless man in red swim trunks is suspended mid-air above a calm river, arms outstretched in a moment of exhilaration, as he swings on a rope zipline anchored high in the lush green trees of a forested riverbank."
flickr30k_retrieval_2000_seed2,qwen_prompt,qwen_prompt__flickr30k_retrieval_2000_seed2,observer_specific_supported,Observer Specific Supported,1333,1333,flickr30k_test_023021,"A musician with dark, shoulder-length hair, wearing a red jacket with white decorative buttons, is singing into a microphone while playing a light-wood electric guitar on a stage. Behind them, a colorful, graffiti-style mural features a large circular logo with the word “WHY?” in stylized red lettering."
flickr30k_retrieval_2000_seed2,qwen_prompt,qwen_prompt__flickr30k_retrieval_2000_seed2,observer_specific_supported,Observer Specific Supported,1334,1334,flickr30k_test_007246,"A brown dog with a collar is running across a sunlit grassy field, chasing a yellow tennis ball that it has just nudged with its nose. The scene is set outdoors in a park-like area, with trees and a few indistinct people visible in the background under the warm glow of late afternoon sunlight."
flickr30k_retrieval_2000_seed2,qwen_prompt,qwen_prompt__flickr30k_retrieval_2000_seed2,observer_specific_supported,Observer Specific Supported,1335,1335,flickr30k_test_009163,"Three people in hooded rain jackets—orange, lime green, and black—stand on a grassy cliff edge, gazing out at the turbulent, gray ocean under an overcast sky; the green-jacketed person gestures toward the water, while others appear to be observing the coastline and waves below."
flickr30k_retrieval_2000_seed2,qwen_prompt,qwen_prompt__flickr30k_retrieval_2000_seed2,observer_specific_supported,Observer Specific Supported,1336,1336,flickr30k_test_000811,"A woman with dark hair and a purple top is laughing heartily, her face contorted in amusement as she playfully covers the eyes of a young man in a striped shirt, who is smiling and leaning into her touch."
flickr30k_retrieval_2000_seed2,qwen_prompt,qwen_prompt__flickr30k_retrieval_2000_seed2,observer_specific_supported,Observer Specific Supported,1337,1337,flickr30k_test_015680,"A young girl with blonde hair, wearing a colorful floral dress, stands in a sunlit meadow filled with white wildflowers, gently holding a cluster of blossoms in her hands as she looks down at them."
flickr30k_retrieval_2000_seed2,qwen_prompt,qwen_prompt__flickr30k_retrieval_2000_seed2,observer_specific_supported,Observer Specific Supported,1338,1338,flickr30k_test_001368,"A chef in a white uniform gestures toward a wooden basket overflowing with red tomatoes while standing beside a display table laden with fresh produce, including peppers, gourds, and bottles of oil, as a group of attendees—including a woman in a denim jacket holding a camera—leans in to observe a large illustrated chart titled “"
flickr30k_retrieval_2000_seed2,qwen_prompt,qwen_prompt__flickr30k_retrieval_2000_seed2,observer_specific_supported,Observer Specific Supported,1339,1339,flickr30k_test_004237,"A clergy member in a purple vestment is performing a ritual, placing his hand on the forehead of a man in a dark coat, while a crowd of onlookers gathers closely around them, some observing intently, in what appears to be a solemn or ceremonial gathering inside a church or chapel."
flickr30k_retrieval_2000_seed2,qwen_prompt,qwen_prompt__flickr30k_retrieval_2000_seed2,observer_specific_supported,Observer Specific Supported,1340,1340,flickr30k_test_021263,"A lone rock climber ascends a steep, sunlit granite face marked with numerous white chalk lines, likely indicating established climbing routes. The climber, wearing a helmet and harness, is positioned mid-wall, gripping the rock with both hands and feet, demonstrating focused effort. The surrounding terrain is rugged and barren, with"
flickr30k_retrieval_2000_seed2,qwen_prompt,qwen_prompt__flickr30k_retrieval_2000_seed2,observer_specific_supported,Observer Specific Supported,1341,1341,flickr30k_test_004645,"A woman with reddish-brown hair tied back, wearing a light-colored blazer over a dark top, is seated at a bright pink table and signing a white piece of paper with a black pen. She is focused on her task, with her left hand resting on the paper to steady it. A small, clear"
flickr30k_retrieval_2000_seed2,qwen_prompt,qwen_prompt__flickr30k_retrieval_2000_seed2,observer_specific_supported,Observer Specific Supported,1342,1342,flickr30k_test_006766,"Two young children, a girl with long blonde hair in a pink top and a boy with curly blonde hair in a dark tank top, are sleeping peacefully side by side under a white blanket on a bed with a blue patterned sheet. Their heads rest close together, and their hands are gently touching, suggesting a quiet,"
flickr30k_retrieval_2000_seed2,qwen_prompt,qwen_prompt__flickr30k_retrieval_2000_seed2,observer_specific_supported,Observer Specific Supported,1343,1343,flickr30k_test_010540,"A young child with curly dark hair, wearing a yellow and gray shirt, looks off to the side with a thoughtful expression, while an adult woman with long dark hair and colorful beaded necklaces leans in close, her gaze directed toward the child in a moment of quiet, intimate connection, set against a backdrop of lush"
flickr30k_retrieval_2000_seed2,qwen_prompt,qwen_prompt__flickr30k_retrieval_2000_seed2,observer_specific_supported,Observer Specific Supported,1344,1344,flickr30k_test_007904,"A young woman with dark hair and a colorful, patterned halter top is captured mid-moment at an outdoor gathering, her head tilted back and eyes closed as if savoring the atmosphere. She holds a clear plastic cup in one hand and gestures with the other, while a green wristband adorns her arm"
flickr30k_retrieval_2000_seed2,qwen_prompt,qwen_prompt__flickr30k_retrieval_2000_seed2,observer_specific_supported,Observer Specific Supported,1345,1345,flickr30k_test_017619,"A person wearing a white t-shirt and blue jeans is installing or adjusting a chrome faucet fixture on the wall above a bathtub, using a wrench in their right hand while holding the fixture steady with their left. The bathroom walls are unfinished drywall with visible seams and patches, and a wooden door frame with a brass doork"
flickr30k_retrieval_2000_seed2,qwen_prompt,qwen_prompt__flickr30k_retrieval_2000_seed2,observer_specific_supported,Observer Specific Supported,1346,1346,flickr30k_test_001591,"A young child with curly hair, wearing a colorful striped polo shirt, is holding and eating a large, round bread roll, looking up with wide eyes. Behind her, adults are seated at tables in a dimly lit, crowded outdoor or patio setting, suggesting a casual social gathering."
flickr30k_retrieval_2000_seed2,qwen_prompt,qwen_prompt__flickr30k_retrieval_2000_seed2,observer_specific_supported,Observer Specific Supported,1347,1347,flickr30k_test_020176,"A young girl in a white shirt and denim shorts is playfully kicking her feet while seated on a black metal bench, her hands raised as if in mid-motion. Beside her, a man in a red shirt and khaki shorts stands with his hands clasped, looking toward her. To the right, a woman"
flickr30k_retrieval_2000_seed2,qwen_prompt,qwen_prompt__flickr30k_retrieval_2000_seed2,observer_specific_supported,Observer Specific Supported,1348,1348,flickr30k_test_004746,"A young child with light brown hair and blue eyes is sitting in a dark, shallow basin, gripping its edges with both hands. The child is surrounded by lush greenery and wildflowers, including bluebells, red roses, and white daisies, with potted plants visible in the background. The child’s"
flickr30k_retrieval_2000_seed2,qwen_prompt,qwen_prompt__flickr30k_retrieval_2000_seed2,observer_specific_supported,Observer Specific Supported,1349,1349,flickr30k_test_021180,"A sleek, gray Weimaraner dog is captured mid-leap, stretching its body forward with powerful motion as it runs across a grassy area beside a gravel path. A heavy metal chain, attached to the dog’s collar, stretches taut from the foreground toward the dog, indicating it is on a leash."
flickr30k_retrieval_2000_seed2,qwen_prompt,qwen_prompt__flickr30k_retrieval_2000_seed2,observer_specific_supported,Observer Specific Supported,1350,1350,flickr30k_test_009676,"A group of men are performing a human pyramid on a pole standing in shallow water, with one man at the top balancing while wearing a blue jersey with the number 13. Spectators, including children and adults, gather around the water’s edge, some holding umbrellas, while others watch from the shore. In"
flickr30k_retrieval_2000_seed2,qwen_prompt,qwen_prompt__flickr30k_retrieval_2000_seed2,observer_specific_supported,Observer Specific Supported,1351,1351,flickr30k_test_030888,"Two men are seated on the ground beside a tall, white stone monument in a high-altitude, mountainous landscape. The man on the left wears a yellow jacket and a cap, while the man on the right is in a dark uniform with a cap and appears to be a military officer. Behind them, snow-c"
flickr30k_retrieval_2000_seed2,qwen_prompt,qwen_prompt__flickr30k_retrieval_2000_seed2,observer_specific_supported,Observer Specific Supported,1352,1352,flickr30k_test_024970,"A blue, white, and yellow train, marked with the number 246, is stationary at a covered platform, with passengers waiting and some boarding or disembarking. A man in a white shirt and jeans stands near the open doors, while others are visible further along the platform. The station features a glass and"
flickr30k_retrieval_2000_seed2,qwen_prompt,qwen_prompt__flickr30k_retrieval_2000_seed2,observer_specific_supported,Observer Specific Supported,1353,1353,flickr30k_test_003345,"A light-colored dog, likely a Labrador Retriever, is captured mid-air in a snowy backyard, leaping upward with its front paws extended as if reaching for or playing with falling snowflakes. Behind it, a dark wooden fence and a vertical post frame the scene, while the ground is covered in a"
flickr30k_retrieval_2000_seed2,qwen_prompt,qwen_prompt__flickr30k_retrieval_2000_seed2,observer_specific_supported,Observer Specific Supported,1354,1354,flickr30k_test_021020,"A bald man in a light-colored shirt and blue jeans walks away from the camera, his hands in his pockets, while a woman with a long ponytail, wearing a dark jacket and a patterned scarf, carries a baby in a sling. The baby, wearing a white hat, looks toward the camera. They are"
flickr30k_retrieval_2000_seed2,qwen_prompt,qwen_prompt__flickr30k_retrieval_2000_seed2,observer_specific_supported,Observer Specific Supported,1355,1355,flickr30k_test_018283,"A dark brown dog is captured mid-leap in a grassy yard, its body fully extended as it reaches upward toward a bird feeder hanging from a tree branch. The scene is set in a wooded area with bare-branched trees and a few evergreens in the background, suggesting a cool season. The dog’s"
flickr30k_retrieval_2000_seed2,qwen_prompt,qwen_prompt__flickr30k_retrieval_2000_seed2,observer_specific_supported,Observer Specific Supported,1356,1356,flickr30k_test_002837,"A man in a dark t-shirt is playfully lifting a small child, wearing a red striped shirt and blue jeans, high into the air with both hands, while the child looks down with a smile. The scene takes place indoors, with a ceiling fan visible in the background, a wooden-framed window to the left"
flickr30k_retrieval_2000_seed2,qwen_prompt,qwen_prompt__flickr30k_retrieval_2000_seed2,observer_specific_supported,Observer Specific Supported,1357,1357,flickr30k_test_022227,"A group of police officers in riot gear, including helmets and gas masks, are kneeling on a paved surface in what appears to be a public square or street. Many are holding batons or shields, and some are adjusting their masks or helmets. In the background, a crowd of civilians is visible, some appearing to be"
flickr30k_retrieval_2000_seed2,qwen_prompt,qwen_prompt__flickr30k_retrieval_2000_seed2,observer_specific_supported,Observer Specific Supported,1358,1358,flickr30k_test_021955,"A man in a blue shirt stands on a waterfront promenade at dusk, his hand raised to his head in a gesture that suggests contemplation or fatigue, as he gazes toward a sailboat anchored in the water. The sky above is painted with soft pink and purple hues, and the distant shoreline is dotted with faint"
flickr30k_retrieval_2000_seed2,qwen_prompt,qwen_prompt__flickr30k_retrieval_2000_seed2,observer_specific_supported,Observer Specific Supported,1359,1359,flickr30k_test_004469,"A wedding ceremony is taking place outdoors in a park-like setting, with a bride and groom standing near a small pool, surrounded by guests seated on benches and grassy slopes. The bride, in a white gown, and the groom, in a dark suit, are positioned near a small wooden chair and potted plants,"
flickr30k_retrieval_2000_seed2,qwen_prompt,qwen_prompt__flickr30k_retrieval_2000_seed2,observer_specific_supported,Observer Specific Supported,1360,1360,flickr30k_test_014332,"A tan American Bully dog with white markings on its chest and paws is trotting energetically across a lush green grassy field, its tongue lolling out in a happy expression as it moves forward with a slightly raised tail."
flickr30k_retrieval_2000_seed2,qwen_prompt,qwen_prompt__flickr30k_retrieval_2000_seed2,observer_specific_supported,Observer Specific Supported,1361,1361,flickr30k_test_023175,"A woman in a green sleeveless shirt and dark skirt is sweeping the floor of a cluttered storage unit with a red-handled broom, her attention focused on clearing debris including scattered plastic and cardboard pieces. Behind her, corrugated metal walls display a vertical identifier “CATU 260407"
flickr30k_retrieval_2000_seed2,qwen_prompt,qwen_prompt__flickr30k_retrieval_2000_seed2,observer_specific_supported,Observer Specific Supported,1362,1362,flickr30k_test_004592,"Inside a bustling meat market, two men are working behind a glass counter: one in a white shirt and apron is actively slicing meat, while the other, also in a white shirt, stands nearby. Above them, numerous sausages hang in rows from hooks, and a sign reading “YAPAN HUS"
flickr30k_retrieval_2000_seed2,qwen_prompt,qwen_prompt__flickr30k_retrieval_2000_seed2,observer_specific_supported,Observer Specific Supported,1363,1363,flickr30k_test_001110,"A man in a dark shirt and shorts stands in the bow of a small, yellow-hulled motorboat, pouring water from a metal bucket into the sea. The boat is moored alongside a larger white vessel, with ropes and lines visible on the dock and connecting the boats. The water is calm, reflecting the soft"
flickr30k_retrieval_2000_seed2,qwen_prompt,qwen_prompt__flickr30k_retrieval_2000_seed2,observer_specific_supported,Observer Specific Supported,1364,1364,flickr30k_test_010175,"A woman with dark hair, wearing a green and white plaid shirt, is seated at a wooden table and carefully hand-stitching a white fabric with a decorative pattern of small black dots and floral motifs. A vintage-style sewing machine sits idle to her left, while she holds a needle and thread, focused on her"
flickr30k_retrieval_2000_seed2,qwen_prompt,qwen_prompt__flickr30k_retrieval_2000_seed2,observer_specific_supported,Observer Specific Supported,1365,1365,flickr30k_test_016759,"Two men are seated in a brightly colored, illuminated ride vehicle labeled “TWISTER,” which is part of a larger amusement park attraction. The ride features a central, spiky, red-and-orange structure and multiple cars with glowing lights, currently in motion as they swing outward. The scene is set outdoors on a paved"
flickr30k_retrieval_2000_seed2,qwen_prompt,qwen_prompt__flickr30k_retrieval_2000_seed2,observer_specific_supported,Observer Specific Supported,1366,1366,flickr30k_test_021644,"A roller derby match is in progress on a blue track, with a group of female skaters in motion. In the foreground, a skater in a yellow sleeveless top and black shorts, wearing a black helmet and protective gear, is leaning forward with her arms extended, appearing to block or maneuver. To her left"
flickr30k_retrieval_2000_seed2,qwen_prompt,qwen_prompt__flickr30k_retrieval_2000_seed2,observer_specific_supported,Observer Specific Supported,1367,1367,flickr30k_test_008791,"A young woman in a black top and shorts stands beside a young man in a cap and backpack, both focused on a skateboard he is holding. A blue and black BMX bike rests on the sidewalk nearby, its front wheel near the curb. They appear to be in a residential area, with a stone retaining wall and"
flickr30k_retrieval_2000_seed2,qwen_prompt,qwen_prompt__flickr30k_retrieval_2000_seed2,observer_specific_supported,Observer Specific Supported,1368,1368,flickr30k_test_015506,"A muscular Black man in a black tank top and blue pants, holding a phone to his ear, walks through a bustling outdoor street market. He is flanked by other men, including one in a red cap and camouflage shorts, and another in a black vest. Behind them, a vendor’s table with a white sign"
flickr30k_retrieval_2000_seed2,qwen_prompt,qwen_prompt__flickr30k_retrieval_2000_seed2,observer_specific_supported,Observer Specific Supported,1369,1369,flickr30k_test_001541,"A man with glasses and a blue plaid shirt is intently shaping a piece of wood on a lathe, with wood shavings flying as he works."
flickr30k_retrieval_2000_seed2,qwen_prompt,qwen_prompt__flickr30k_retrieval_2000_seed2,observer_specific_supported,Observer Specific Supported,1370,1370,flickr30k_test_030946,"A person lies motionless on the tiled floor of a long, colonnaded corridor, flanked by weathered blue and white pillars. The corridor, showing signs of age and neglect, extends into the distance toward a dark doorway, with sunlight filtering through the open roof above."
flickr30k_retrieval_2000_seed2,qwen_prompt,qwen_prompt__flickr30k_retrieval_2000_seed2,observer_specific_supported,Observer Specific Supported,1371,1371,flickr30k_test_018228,"A person wearing a red beanie, glasses, a gray jacket, and khaki pants sits on a fallen log in a wooded area covered with dry leaves and tangled branches, smiling at the camera while wearing a large black backpack."
flickr30k_retrieval_2000_seed2,qwen_prompt,qwen_prompt__flickr30k_retrieval_2000_seed2,observer_specific_supported,Observer Specific Supported,1372,1372,flickr30k_test_011638,"A group of people, including children and adults, are gathered outdoors on a grassy area surrounded by greenery. In the foreground, two children—one in a bright green patterned dress and another in a pink top and dark skirt—are bent over, seemingly engaged in a playful activity or game involving the grass and possibly small"
flickr30k_retrieval_2000_seed2,qwen_prompt,qwen_prompt__flickr30k_retrieval_2000_seed2,observer_specific_supported,Observer Specific Supported,1373,1373,flickr30k_test_025026,"A woman in a black outfit is carefully wiping down a brightly colored, wave-patterned public bench with a red bucket and cloth, likely cleaning it on a sunny day in an urban setting with cobblestone pavement and storefronts nearby."
flickr30k_retrieval_2000_seed2,qwen_prompt,qwen_prompt__flickr30k_retrieval_2000_seed2,observer_specific_supported,Observer Specific Supported,1374,1374,flickr30k_test_011143,"Two men walk side-by-side along a sidewalk beside a brick wall adorned with a large, colorful mural of a vintage red and silver car, its chrome details and green grasses rendered in vivid graffiti style; fallen leaves scatter the ground around them."
flickr30k_retrieval_2000_seed2,qwen_prompt,qwen_prompt__flickr30k_retrieval_2000_seed2,observer_specific_supported,Observer Specific Supported,1375,1375,flickr30k_test_022489,"At dusk, a group of police officers in uniform stands in a line on a sidewalk outside an HSB bank branch, appearing to be on duty or responding to an incident. Several civilians, including a woman in a plaid shirt and another in a dark top, are gathered nearby, observing the scene. A fire hydr"
flickr30k_retrieval_2000_seed2,qwen_prompt,qwen_prompt__flickr30k_retrieval_2000_seed2,observer_specific_supported,Observer Specific Supported,1376,1376,flickr30k_test_030231,"A vintage red rally car, bearing the number 96, speeds along a dusty, gravel-covered forest road, kicking up a large cloud of brown dust behind it. The vehicle, a classic sedan with a chrome grille and bumpers, is angled as if navigating a turn, with its front wheels pointed left. L"
flickr30k_retrieval_2000_seed2,qwen_prompt,qwen_prompt__flickr30k_retrieval_2000_seed2,observer_specific_supported,Observer Specific Supported,1377,1377,flickr30k_test_003189,"A man with glasses and a beard, wearing a blue t-shirt and jeans, stands outdoors at night, mid-bite into a small pastry or donut, with his eyes closed and mouth open in apparent enjoyment. Behind him, a lit doorway reveals another person seated inside, and a light fixture hangs above."
flickr30k_retrieval_2000_seed2,qwen_prompt,qwen_prompt__flickr30k_retrieval_2000_seed2,observer_specific_supported,Observer Specific Supported,1378,1378,flickr30k_test_019856,"A man in a yellow shirt and gray cap sits on a stone ledge beside a weathered white pillar, intently looking at his phone while wearing a Bluetooth earpiece. He appears to be engaged in a conversation or listening to something, with his other hand holding the device. The scene is set on a city sidewalk,"
flickr30k_retrieval_2000_seed2,qwen_prompt,qwen_prompt__flickr30k_retrieval_2000_seed2,observer_specific_supported,Observer Specific Supported,1379,1379,flickr30k_test_011782,"A group of four friends — two men and two women — are posing closely together for a selfie in a dimly lit, modern indoor space, likely a bar or lounge. The man on the right, wearing a white button-down shirt, holds the phone to capture the photo, while the woman beside him, in a"
flickr30k_retrieval_2000_seed2,qwen_prompt,qwen_prompt__flickr30k_retrieval_2000_seed2,observer_specific_supported,Observer Specific Supported,1380,1380,flickr30k_test_003507,"A man in a plaid shirt sits alone at a wooden table in a retro-style diner, his back to the camera as he appears to be writing or drawing on a notepad. The room is characterized by a striking black-and-white checkered floor, dark upholstered booths with patterned fabric, and a wall covered"
flickr30k_retrieval_2000_seed2,qwen_prompt,qwen_prompt__flickr30k_retrieval_2000_seed2,observer_specific_supported,Observer Specific Supported,1381,1381,flickr30k_test_019958,"A group of four men and one woman are gathered on the front porch of a yellow house with brick pillars, appearing to be in the process of unloading or setting up equipment. The man in the center, wearing a light blue shirt and carrying a large black camera rig with a tripod and a circular reflector, seems"
flickr30k_retrieval_2000_seed2,qwen_prompt,qwen_prompt__flickr30k_retrieval_2000_seed2,observer_specific_supported,Observer Specific Supported,1382,1382,flickr30k_test_025696,"A man with curly hair and glasses, wearing a green hoodie, smiles gently as a long-haired brown goat with a red collar nuzzles his cheek, creating an intimate, affectionate moment outdoors under bright sunlight."
flickr30k_retrieval_2000_seed2,qwen_prompt,qwen_prompt__flickr30k_retrieval_2000_seed2,observer_specific_supported,Observer Specific Supported,1383,1383,flickr30k_test_011406,"An elderly woman with short gray hair and glasses carefully selects ripe red tomatoes from a woven basket at an outdoor market stall, while a man in a gray shirt and orange cap sits nearby, smiling and observing. Behind them, another woman in a straw hat sits on a chair under a green canopy tent, and a large tree"
flickr30k_retrieval_2000_seed2,qwen_prompt,qwen_prompt__flickr30k_retrieval_2000_seed2,observer_specific_supported,Observer Specific Supported,1384,1384,flickr30k_test_011908,"A person in casual clothing stands on a grassy field at night, skillfully wielding two flaming torches, their bright orange flames illuminating their face and casting dynamic shadows on the ground."
flickr30k_retrieval_2000_seed2,qwen_prompt,qwen_prompt__flickr30k_retrieval_2000_seed2,observer_specific_supported,Observer Specific Supported,1385,1385,flickr30k_test_026051,"Three ballet dancers are captured mid-movement against a black background, their bodies arched and extended in a dynamic, synchronized pose. Two female dancers, wearing maroon leotards and flowing white tutus, are positioned in the foreground, each with one leg kicked high and arms gracefully extended. A male dancer, partially"
flickr30k_retrieval_2000_seed2,qwen_prompt,qwen_prompt__flickr30k_retrieval_2000_seed2,observer_specific_supported,Observer Specific Supported,1386,1386,flickr30k_test_030819,"A wet, curly-coated dog, likely a poodle or poodle mix, is captured mid-leap as it bounds through shallow water, creating a splash behind it. The dog’s body is fully extended in motion, with its front paws reaching forward and its hind legs trailing, suggesting a dynamic, energetic movement"
flickr30k_retrieval_2000_seed2,qwen_prompt,qwen_prompt__flickr30k_retrieval_2000_seed2,observer_specific_supported,Observer Specific Supported,1387,1387,flickr30k_test_020836,"A middle-aged Black man with a weathered face and a short beard stands in a bustling urban street, wearing a vibrant orange patterned jacket over an open yellow shirt. He holds a green and black patterned object, possibly a bag or cloth, in his hands and gestures with his right hand as if in mid-con"
flickr30k_retrieval_2000_seed2,qwen_prompt,qwen_prompt__flickr30k_retrieval_2000_seed2,observer_specific_supported,Observer Specific Supported,1388,1388,flickr30k_test_009028,"Inside a public bus, passengers stand near the front, with one man in a light-colored shirt and a woman with dark hair visible in profile. Green handrails and poles run vertically along the aisle, and a reflective window above shows distorted reflections of the interior. Through the large front window, a storefront with a partially visible"
flickr30k_retrieval_2000_seed2,qwen_prompt,qwen_prompt__flickr30k_retrieval_2000_seed2,observer_specific_supported,Observer Specific Supported,1389,1389,flickr30k_test_026375,"A person is captured mid-air in a dynamic jump against a dramatic, cloudy sky at either sunrise or sunset, their silhouette outlined by the fading light. They are wearing casual attire — a jacket, pants, and boots — and have one arm raised high while the other is extended out to the side, conveying a sense of"
flickr30k_retrieval_2000_seed2,qwen_prompt,qwen_prompt__flickr30k_retrieval_2000_seed2,observer_specific_supported,Observer Specific Supported,1390,1390,flickr30k_test_015668,"A man in a plaid shirt and trousers is crouched outdoors, actively chiseling a gray concrete block with a hammer and chisel. He is focused on his work, with dust visible around his hands and the stone. Behind him, a partially constructed building made of orange and white bricks stands, featuring an"
flickr30k_retrieval_2000_seed2,qwen_prompt,qwen_prompt__flickr30k_retrieval_2000_seed2,observer_specific_supported,Observer Specific Supported,1391,1391,flickr30k_test_029358,"A person in a green shirt and jeans is in the middle of bowling, having just released a red ball down the lane toward the pins. The scene is set in a brightly lit bowling alley, with the lane’s polished wood surface and the pins visible in the distance. The background features a colorful, stylized mural of"
flickr30k_retrieval_2000_seed2,qwen_prompt,qwen_prompt__flickr30k_retrieval_2000_seed2,observer_specific_supported,Observer Specific Supported,1392,1392,flickr30k_test_009273,"A young woman with vibrant red, short-styled hair and matching red eyeliner looks off to the side, her expression thoughtful, while standing in a crowded, out-of-focus public space; behind her, a man in a white tank top is partially visible."
flickr30k_retrieval_2000_seed2,qwen_prompt,qwen_prompt__flickr30k_retrieval_2000_seed2,observer_specific_supported,Observer Specific Supported,1393,1393,flickr30k_test_016689,"On a pebbled riverbank under an overcast sky, three people are gathered near the water’s edge: a man in a gray hoodie and jeans is mid-motion, seemingly throwing or gesturing toward the river; beside him, another man in a green jacket and jeans watches with a smile; further back, a"
flickr30k_retrieval_2000_seed2,qwen_prompt,qwen_prompt__flickr30k_retrieval_2000_seed2,observer_specific_supported,Observer Specific Supported,1394,1394,flickr30k_test_019667,"An elderly woman in a black puffer coat and a young child in a blue hooded jacket are walking together on a subway platform, with a bald man in a dark jacket standing nearby holding an umbrella. The platform is marked with a sign indicating “96 Street,” and the scene is framed by red pillars, suggesting"
flickr30k_retrieval_2000_seed2,qwen_prompt,qwen_prompt__flickr30k_retrieval_2000_seed2,observer_specific_supported,Observer Specific Supported,1395,1395,flickr30k_test_004908,"In a dimly lit, warmly decorated room adorned with string lights and hanging fixtures, a man in a light blue shirt and tie stands with his hands clasped near his chest, appearing to speak or present. Beside him, a woman with long hair, wearing a white shirt and dark vest, looks up at him"
flickr30k_retrieval_2000_seed2,qwen_prompt,qwen_prompt__flickr30k_retrieval_2000_seed2,observer_specific_supported,Observer Specific Supported,1396,1396,flickr30k_test_000838,"Two cyclists, one in a red vest and the other in a light blue jacket, are pedaling uphill on a paved path, both wearing helmets and gripping their handlebars as they navigate the incline."
flickr30k_retrieval_2000_seed2,qwen_prompt,qwen_prompt__flickr30k_retrieval_2000_seed2,observer_specific_supported,Observer Specific Supported,1397,1397,flickr30k_test_001452,"A man in a white shirt and brown pants stands on a raised platform inside a seafood market stall, carefully handling a live fish with a long-handled net. He is positioned between large glass aquariums filled with various live seafood, including crabs and other aquatic creatures. The stall is brightly lit by overhead fluorescent lights,"
flickr30k_retrieval_2000_seed2,qwen_prompt,qwen_prompt__flickr30k_retrieval_2000_seed2,observer_specific_supported,Observer Specific Supported,1398,1398,flickr30k_test_011153,"Three people are gathered around a campfire at night in a snowy, wooded area, each holding and reading a book. They are seated on the snow-covered ground, with a small table nearby holding a thermos and other items. Behind them, a wooden cabin is partially visible, its windows glowing with light. The fire"
flickr30k_retrieval_2000_seed2,qwen_prompt,qwen_prompt__flickr30k_retrieval_2000_seed2,observer_specific_supported,Observer Specific Supported,1399,1399,flickr30k_test_014223,"Seven young people are captured mid-air in a synchronized jump over the edge of a swimming pool, their bodies frozen in dynamic poses against a backdrop of deep blue ocean and a partly cloudy sky. The pool’s calm, reflective water mirrors their silhouettes, while the distant horizon blends sea and sky. The subjects, dressed"
flickr30k_retrieval_2000_seed2,qwen_prompt,qwen_prompt__flickr30k_retrieval_2000_seed2,observer_specific_supported,Observer Specific Supported,1400,1400,flickr30k_test_027452,"A group of seven people sits casually on a weathered concrete pier extending over calm water, with a distant treeline under a pale, overcast sky. From left to right, they include a man in a dark jacket, a man in a light jacket, a woman in a gray beanie and scarf, a woman"
flickr30k_retrieval_2000_seed2,qwen_prompt,qwen_prompt__flickr30k_retrieval_2000_seed2,observer_specific_supported,Observer Specific Supported,1401,1401,flickr30k_test_020749,"An older man in a white shirt sits at a wooden counter, writing in a notebook while holding a pen, as a woman in a floral sari stands beside a digital scale, holding a large metal pot that contains a dark, grainy substance. The scale’s display reads “2.715,” indicating the"
flickr30k_retrieval_2000_seed2,qwen_prompt,qwen_prompt__flickr30k_retrieval_2000_seed2,observer_specific_supported,Observer Specific Supported,1402,1402,flickr30k_test_000269,"A young boy sits cross-legged on dry grass in a wooded area, blowing bubbles with a red bubble wand. He wears a dark striped long-sleeve shirt and blue jeans, and his gaze is focused on the bubbles floating before him. Several translucent bubbles drift through the air, catching the sunlight, while bare trees form"
flickr30k_retrieval_2000_seed2,qwen_prompt,qwen_prompt__flickr30k_retrieval_2000_seed2,observer_specific_supported,Observer Specific Supported,1403,1403,flickr30k_test_011450,"A young girl sits at a carnival game booth, smiling as she holds a small, light-brown teddy bear, while a man in a red shirt stands behind her, seemingly supervising or assisting. The booth is decorated with a wall of colorful balloons—red, blue, green, orange, and pink—and a"
flickr30k_retrieval_2000_seed2,qwen_prompt,qwen_prompt__flickr30k_retrieval_2000_seed2,observer_specific_supported,Observer Specific Supported,1404,1404,flickr30k_test_022035,"A motorcyclist in a black leather jacket and helmet rides a red cruiser motorcycle down a city street, passing pedestrians and vehicles including a green utility truck and a partial view of a yellow car. The scene is set in front of a building with Japanese signage, suggesting an urban environment in Japan."
flickr30k_retrieval_2000_seed2,qwen_prompt,qwen_prompt__flickr30k_retrieval_2000_seed2,observer_specific_supported,Observer Specific Supported,1405,1405,flickr30k_test_017514,"Two men are seated inside a corrugated metal room, surrounded by a full drum kit, and appear to be preparing to play or taking a break during a session. The man on the left, wearing glasses and a dark t-shirt, sits behind a set of conga drums with vibrant orange and red patterns. The"
flickr30k_retrieval_2000_seed2,qwen_prompt,qwen_prompt__flickr30k_retrieval_2000_seed2,observer_specific_supported,Observer Specific Supported,1406,1406,flickr30k_test_023440,"A man and a woman sit side-by-side on a wooden bench against a plain wall, both looking directly at the camera with neutral or slightly weary expressions. The woman, wearing a pink shirt and dark pants with a white belt, has her arms crossed. The man, in a striped shirt and denim shorts, has a"
flickr30k_retrieval_2000_seed2,qwen_prompt,qwen_prompt__flickr30k_retrieval_2000_seed2,observer_specific_supported,Observer Specific Supported,1407,1407,flickr30k_test_001661,"A man wearing a light-colored work shirt, dark cap, and gloves walks along a paved path in a wooded, residential area, carrying a long-handled tool. To his left are two large trash bins — one green and one blue — sitting on a bed of fallen leaves. Behind him, a stone wall and wooden"
flickr30k_retrieval_2000_seed2,qwen_prompt,qwen_prompt__flickr30k_retrieval_2000_seed2,observer_specific_supported,Observer Specific Supported,1408,1408,flickr30k_test_028251,"A young man in a gray t-shirt and black long sleeves is carefully guiding a large, shaggy-haired camel through a metal gate at an outdoor event, while another person in a blue headscarf watches from the background near a white pickup truck."
flickr30k_retrieval_2000_seed2,qwen_prompt,qwen_prompt__flickr30k_retrieval_2000_seed2,observer_specific_supported,Observer Specific Supported,1409,1409,flickr30k_test_021701,"A woman with short reddish-brown hair, wearing a black jacket, black leggings, and white sneakers, stands on a textured concrete sidewalk beside a brick wall, holding a red and black bag. A dark, grated window is visible in the brick wall behind her, and a black bollard stands near the curb"
flickr30k_retrieval_2000_seed2,qwen_prompt,qwen_prompt__flickr30k_retrieval_2000_seed2,observer_specific_supported,Observer Specific Supported,1410,1410,flickr30k_test_002514,"A curious gray tabby kitten peeks out from behind a crystal decanter, its gaze fixed intently on something just out of frame, while an open sheet of music for Chopin’s Prelude in A Major rests in the foreground."
flickr30k_retrieval_2000_seed2,qwen_prompt,qwen_prompt__flickr30k_retrieval_2000_seed2,observer_specific_supported,Observer Specific Supported,1411,1411,flickr30k_test_022623,"A woman with a patterned top and blue shorts is braiding the hair of a young girl in a school uniform, while the girl holds a small child in her arms. They are seated outdoors on a wooden chair, with a large beige tent visible in the background, suggesting a temporary or camp-like setting."
flickr30k_retrieval_2000_seed2,qwen_prompt,qwen_prompt__flickr30k_retrieval_2000_seed2,observer_specific_supported,Observer Specific Supported,1412,1412,flickr30k_test_017705,"A young boy wearing a military-style helmet and a blue t-shirt sits between two U.S. Army soldiers in camouflage uniforms, smiling and making a peace sign with his hand. The soldiers, one on each side of the boy, are also smiling and appear to be posing for a photo with him. Behind them is a"
flickr30k_retrieval_2000_seed2,qwen_prompt,qwen_prompt__flickr30k_retrieval_2000_seed2,observer_specific_supported,Observer Specific Supported,1413,1413,flickr30k_test_016600,"A woman with dark hair and sunglasses perched on her head sits outdoors on a grassy slope, actively eating from a white paper bag while wearing a dark long-sleeved shirt and a digital watch. Beside her, a brown paper bag and a black backpack rest on the ground. In the background, another person"
flickr30k_retrieval_2000_seed2,qwen_prompt,qwen_prompt__flickr30k_retrieval_2000_seed2,observer_specific_supported,Observer Specific Supported,1414,1414,flickr30k_test_019975,"A man in a blue shirt and white apron sits at a wooden table outside a café marked “ACIK OPEN,” sipping from a white mug while looking toward the street. Across the sidewalk, another man with gray hair, wearing a light shirt and khaki pants, walks past pulling a dark blue rolling suitcase,"
flickr30k_retrieval_2000_seed2,qwen_prompt,qwen_prompt__flickr30k_retrieval_2000_seed2,observer_specific_supported,Observer Specific Supported,1415,1415,flickr30k_test_025234,"A barefoot young girl in yellow pajamas is actively using a green and white vacuum cleaner to clean a light wood floor in a cluttered, child-filled playroom."
flickr30k_retrieval_2000_seed2,qwen_prompt,qwen_prompt__flickr30k_retrieval_2000_seed2,observer_specific_supported,Observer Specific Supported,1416,1416,flickr30k_test_014271,"A black dog with a curled tail is running through shallow ocean water on a beach, actively chasing an orange ball that it is about to bite or grab. Another black dog is visible to the left, running parallel in the water, seemingly in pursuit or playfully following. Waves are breaking behind them, creating white foam along"
flickr30k_retrieval_2000_seed2,qwen_prompt,qwen_prompt__flickr30k_retrieval_2000_seed2,observer_specific_supported,Observer Specific Supported,1417,1417,flickr30k_test_014044,"An elderly man in a green quilted jacket and checkered cap sits on a folding stool on a sidewalk, carefully handling money or tickets at a small, makeshift stall. In front of him is a cardboard sign reading “E HÁ CARTEIRAS PARA PASSES,” indicating he sells transit passes. A black plastic"
flickr30k_retrieval_2000_seed2,qwen_prompt,qwen_prompt__flickr30k_retrieval_2000_seed2,observer_specific_supported,Observer Specific Supported,1418,1418,flickr30k_test_013743,"A dark, iridescent blue bee is captured mid-flight, hovering near a cluster of white and purple milkweed flowers, with its wings blurred by motion as it approaches the blossoms."
flickr30k_retrieval_2000_seed2,qwen_prompt,qwen_prompt__flickr30k_retrieval_2000_seed2,observer_specific_supported,Observer Specific Supported,1419,1419,flickr30k_test_007860,"A shaggy, wiry-coated terrier-type dog is captured mid-leap, clearing a red and white agility hurdle on a grassy field. The dog’s body is fully extended in motion, with its front paws forward and hind legs trailing, showing dynamic athleticism. It wears a dark collar and appears"
flickr30k_retrieval_2000_seed2,qwen_prompt,qwen_prompt__flickr30k_retrieval_2000_seed2,observer_specific_supported,Observer Specific Supported,1420,1420,flickr30k_test_025905,"Three children are running joyfully down a paved road in a rural or semi-rural setting, with a wooden fence and flower-filled garden beds visible in the background. The boy in the foreground, wearing a camouflage-patterned long-sleeve shirt and dark pants, is smiling broadly and appears to be leading the group."
flickr30k_retrieval_2000_seed2,qwen_prompt,qwen_prompt__flickr30k_retrieval_2000_seed2,observer_specific_supported,Observer Specific Supported,1421,1421,flickr30k_test_005959,"Two men stand on a wooden dock beside a table holding a large, freshly caught fish, likely a marlin, with one man gesturing toward it while the other leans over the table, both appearing to discuss or inspect the catch. Behind them, boats are moored in calm water, and a palm-lined waterfront with"
flickr30k_retrieval_2000_seed2,qwen_prompt,qwen_prompt__flickr30k_retrieval_2000_seed2,observer_specific_supported,Observer Specific Supported,1422,1422,flickr30k_test_020110,"A woman in a red sweater points toward something off-camera while walking on a sidewalk, as a man in a red jacket and a cane walks beside her, adjusting his cap. In the background, another man in a white shirt walks away, and a Chase bank advertisement is visible on a building wall."
flickr30k_retrieval_2000_seed2,qwen_prompt,qwen_prompt__flickr30k_retrieval_2000_seed2,observer_specific_supported,Observer Specific Supported,1423,1423,flickr30k_test_001474,"A person in a checkered shirt and jeans holds a freshly caught largemouth bass by the lower jaw and tail, displaying it against the backdrop of calm, sunlit water."
flickr30k_retrieval_2000_seed2,qwen_prompt,qwen_prompt__flickr30k_retrieval_2000_seed2,observer_specific_supported,Observer Specific Supported,1424,1424,flickr30k_test_000520,"A man in a light-colored shirt leans over a slot machine in a dimly lit arcade, his attention focused on the screen as he plays. Behind him, a glowing neon sign for “DOS EQUIS XX IMPORTED BEER” casts a warm, reddish light against the dark blue wall, illuminating"
flickr30k_retrieval_2000_seed2,qwen_prompt,qwen_prompt__flickr30k_retrieval_2000_seed2,observer_specific_supported,Observer Specific Supported,1425,1425,flickr30k_test_019433,"A man dressed in historical costume — featuring a tricorn hat with white trim, a beige tunic, and a belt with a holster — stands outdoors holding a flintlock musket. He gazes upward and to his left with a thoughtful expression, his gray beard and mustache prominent. The background shows blurred green"
flickr30k_retrieval_2000_seed2,qwen_prompt,qwen_prompt__flickr30k_retrieval_2000_seed2,observer_specific_supported,Observer Specific Supported,1426,1426,flickr30k_test_024900,"At a sunny outdoor market shaded by trees, a woman in a purple shirt and a man in a light blue t-shirt stand near a stall laden with fresh produce, including yellow squash, red peppers, and leafy greens. A small child in a blue shirt stands close to the man, while another child’s head is"
flickr30k_retrieval_2000_seed2,qwen_prompt,qwen_prompt__flickr30k_retrieval_2000_seed2,observer_specific_supported,Observer Specific Supported,1427,1427,flickr30k_test_023575,"A man with gray hair tied back, wearing a black t-shirt and shorts, crouches low on a paved plaza, his gaze directed toward the ground as if examining something. In the background, several pedestrians — including a man in a beige shirt, a woman in a pink top, and a child — walk across"
flickr30k_retrieval_2000_seed2,qwen_prompt,qwen_prompt__flickr30k_retrieval_2000_seed2,observer_specific_supported,Observer Specific Supported,1428,1428,flickr30k_test_027103,"A shirtless man in black swim trunks is captured mid-air, diving headfirst into a calm, greenish-gray body of water. His body is fully extended in a streamlined position, with arms reaching forward and legs trailing behind, indicating a controlled dive. The water below shows only gentle ripples, suggesting the dive"
flickr30k_retrieval_2000_seed2,qwen_prompt,qwen_prompt__flickr30k_retrieval_2000_seed2,observer_specific_supported,Observer Specific Supported,1429,1429,flickr30k_test_011569,"A man with a beard and tousled hair, wearing a black hoodie and faded jeans, walks across a street while holding a handmade sign that reads “HUNGRY.” He is outdoors in an urban setting, with traffic lights and buildings visible in the background under bright daylight."
flickr30k_retrieval_2000_seed2,qwen_prompt,qwen_prompt__flickr30k_retrieval_2000_seed2,observer_specific_supported,Observer Specific Supported,1430,1430,flickr30k_test_022058,"A young woman with long red hair, wearing a light-colored fedora, sunglasses, and a black leather jacket, sits cross-legged on a paved plaza, holding a phone to her ear. Beside her rests a brown leather handbag and a notebook. In the blurred background, two other people are seated on the ground"
flickr30k_retrieval_2000_seed2,qwen_prompt,qwen_prompt__flickr30k_retrieval_2000_seed2,observer_specific_supported,Observer Specific Supported,1431,1431,flickr30k_test_005944,"A man in a pinstripe suit and cap, carrying a black backpack, walks away from the camera down a bustling outdoor market street, with blurred shoppers and colorful stalls visible in the background."
flickr30k_retrieval_2000_seed2,qwen_prompt,qwen_prompt__flickr30k_retrieval_2000_seed2,observer_specific_supported,Observer Specific Supported,1432,1432,flickr30k_test_009658,"A line of firefighters in yellow protective gear and helmets is moving across a scorched, barren hillside, dragging a long hose behind them. The ground is covered in ash and charred vegetation, indicating a recent or ongoing wildfire. The team is spread out, with some individuals carrying equipment and others guiding the hose, suggesting"
flickr30k_retrieval_2000_seed2,qwen_prompt,qwen_prompt__flickr30k_retrieval_2000_seed2,observer_specific_supported,Observer Specific Supported,1433,1433,flickr30k_test_000651,"Four young adults are seated together on a park bench, with a man on the left holding an acoustic guitar and looking toward the right. He wears a black leather jacket and blue jeans. Next to him sits a bald man in a dark hoodie, looking forward with a serious expression. Behind him, a young man in a"
flickr30k_retrieval_2000_seed2,qwen_prompt,qwen_prompt__flickr30k_retrieval_2000_seed2,observer_specific_supported,Observer Specific Supported,1434,1434,flickr30k_test_029633,"A shirtless man wearing sunglasses and white shorts stands beside a stone wall, carefully pouring water from a clear glass pitcher into a glass. He is outdoors on a sunny day, with a grassy area and a tree visible in the background."
flickr30k_retrieval_2000_seed2,qwen_prompt,qwen_prompt__flickr30k_retrieval_2000_seed2,observer_specific_supported,Observer Specific Supported,1435,1435,flickr30k_test_028492,"A skier in a bright red and green outfit is airborne, executing a jump with skis angled downward, set against a backdrop of bare, slender birch trees in a winter forest."
flickr30k_retrieval_2000_seed2,qwen_prompt,qwen_prompt__flickr30k_retrieval_2000_seed2,observer_specific_supported,Observer Specific Supported,1436,1436,flickr30k_test_001317,"A man in a brown t-shirt with a sailboat graphic and sunglasses smiles while holding a rope attached to a winch on a boat, standing beside another man in a white t-shirt near a rocky waterfront, with a red-and-white striped flag fluttering above them."
flickr30k_retrieval_2000_seed2,qwen_prompt,qwen_prompt__flickr30k_retrieval_2000_seed2,observer_specific_supported,Observer Specific Supported,1437,1437,flickr30k_test_008081,"A young man wearing a brown fedora with a light-colored band and dark sunglasses smiles slightly while looking off-camera, his face in sharp focus against a softly blurred background of other people at an outdoor gathering. He is dressed in a light-colored, checkered button-down shirt. The shallow depth of field emphasizes him as the"
flickr30k_retrieval_2000_seed2,qwen_prompt,qwen_prompt__flickr30k_retrieval_2000_seed2,observer_specific_supported,Observer Specific Supported,1438,1438,flickr30k_test_018544,"In a quiet, well-lit office or study area, three individuals are seated at separate workstations, each engaged in focused, individual tasks. A man in a white shirt sits at a long wooden table in the foreground, leaning forward with his hand near his mouth as he reads or writes on a document. Behind him"
flickr30k_retrieval_2000_seed2,qwen_prompt,qwen_prompt__flickr30k_retrieval_2000_seed2,observer_specific_supported,Observer Specific Supported,1439,1439,flickr30k_test_025823,"A person with a backpack walks away from the camera, pulling a wheeled suitcase down a modern escalator in a brightly lit, minimalist public space. The escalator’s glass panels and metal handrails reflect the overhead lighting, while the person’s silhouette is cast against a plain wall, emphasizing their movement through the transit environment"
flickr30k_retrieval_2000_seed2,qwen_prompt,qwen_prompt__flickr30k_retrieval_2000_seed2,observer_specific_supported,Observer Specific Supported,1440,1440,flickr30k_test_030595,"A large yellow mobile crane is actively lifting a heavy cylindrical object, likely a concrete or steel pipe, off a truck bed on a roadside construction area. Several workers in high-visibility orange safety gear are present: two are standing on the crane’s platform near the boom, while others on the ground supervise or assist. The"
flickr30k_retrieval_2000_seed2,qwen_prompt,qwen_prompt__flickr30k_retrieval_2000_seed2,observer_specific_supported,Observer Specific Supported,1441,1441,flickr30k_test_029317,"A young boy in a dark t-shirt with a green stripe and patterned shorts is kneeling in a sandy area, actively digging with his hands. Beside him, a pair of gray flip-flops rests on the sand, and sparse green plants and tangled branches are visible in the background."
flickr30k_retrieval_2000_seed2,qwen_prompt,qwen_prompt__flickr30k_retrieval_2000_seed2,observer_specific_supported,Observer Specific Supported,1442,1442,flickr30k_test_007195,"A small child in a beige jacket and red pants walks past a shop window, pausing to look at a mannequin dressed in a light-colored blazer and dark pants, which holds a white cup to its mouth. The scene is set on a sunlit sidewalk, with the shop’s interior visible through the glass"
flickr30k_retrieval_2000_seed2,qwen_prompt,qwen_prompt__flickr30k_retrieval_2000_seed2,observer_specific_supported,Observer Specific Supported,1443,1443,flickr30k_test_013200,"A small, fluffy brown dog is curiously sniffing and poking its head into a colorful, open gift bag filled with wrapping paper and a black electronic device, while sitting on a gray carpeted floor."
flickr30k_retrieval_2000_seed2,qwen_prompt,qwen_prompt__flickr30k_retrieval_2000_seed2,observer_specific_supported,Observer Specific Supported,1444,1444,flickr30k_test_002074,"A white-and-black spotted dog, likely a Dalmatian, is captured mid-leap as it bounds across a narrow, muddy stream, surrounded by tall, dense green vegetation."
flickr30k_retrieval_2000_seed2,qwen_prompt,qwen_prompt__flickr30k_retrieval_2000_seed2,observer_specific_supported,Observer Specific Supported,1445,1445,flickr30k_test_029791,"Two judokas are engaged in a grappling match on a red-and-yellow judo mat; the athlete in the blue gi is on top, attempting to control the opponent in the white gi, who is on his back with his legs extended. A referee or official in khaki pants and black shoes stands nearby, observing"
flickr30k_retrieval_2000_seed2,qwen_prompt,qwen_prompt__flickr30k_retrieval_2000_seed2,observer_specific_supported,Observer Specific Supported,1446,1446,flickr30k_test_011801,"Three swimmers are performing a synchronized backstroke or backflip entry into a pool, with their legs kicked high out of the water and arms reaching upward, creating a dynamic splash. One swimmer in the foreground wears a blue swim cap and goggles, while another has a watch on their left wrist. The pool’s edge"
flickr30k_retrieval_2000_seed2,qwen_prompt,qwen_prompt__flickr30k_retrieval_2000_seed2,observer_specific_supported,Observer Specific Supported,1447,1447,flickr30k_test_003632,"In a warmly lit, casually decorated kitchen, a group of five young adults are gathered around a table, sharing a moment of lighthearted fun. A woman in the center, wearing a dark sweater over a light-colored top and jeans, is actively drinking from a brown paper bag, her expression one of playful"
flickr30k_retrieval_2000_seed2,qwen_prompt,qwen_prompt__flickr30k_retrieval_2000_seed2,observer_specific_supported,Observer Specific Supported,1448,1448,flickr30k_test_030453,"A rally car, prominently displaying the “TOTAL” logo on its front bumper, speeds along a narrow, unpaved dirt road, kicking up a massive cloud of brown dust and debris that obscures much of its body. Spectators stand on the roadside embankment, watching the vehicle’s passage. The car’s headlights"
flickr30k_retrieval_2000_seed2,qwen_prompt,qwen_prompt__flickr30k_retrieval_2000_seed2,observer_specific_supported,Observer Specific Supported,1449,1449,flickr30k_test_019560,"A young woman in a green and gold cheerleading uniform holds shimmering pom-poms as she walks forward, her expression focused, while a marching band member in a matching uniform adjusts his drum in the foreground. Behind them, other band members in white and green uniforms stand in formation near a modern building under a clear sky"
flickr30k_retrieval_2000_seed2,qwen_prompt,qwen_prompt__flickr30k_retrieval_2000_seed2,observer_specific_supported,Observer Specific Supported,1450,1450,flickr30k_test_029906,"A female triathlete, wearing a green and white race suit with the name “SERPICO” and “CAN” (for Canada) printed on the front, is running with focused determination. Her race number, “16,” is visible on her right arm, and she wears bright, reflective sunglasses. The scene"
flickr30k_retrieval_2000_seed2,qwen_prompt,qwen_prompt__flickr30k_retrieval_2000_seed2,observer_specific_supported,Observer Specific Supported,1451,1451,flickr30k_test_002215,"A young child with light brown hair, wearing a yellow long-sleeved shirt, is sitting at the top of a wide, curved, gray plastic slide, one hand resting on the inner wall as if preparing to descend. The slide is part of a larger playground structure with bright yellow support poles and a blue metal railing"
flickr30k_retrieval_2000_seed2,qwen_prompt,qwen_prompt__flickr30k_retrieval_2000_seed2,observer_specific_supported,Observer Specific Supported,1452,1452,flickr30k_test_007950,"A young woman with long brown hair, wearing a yellow top and dark sunglasses, smiles broadly at the camera on a bright, sunny day. Behind her, out-of-focus figures and green trees suggest an outdoor gathering or event under a partly cloudy sky."
flickr30k_retrieval_2000_seed2,qwen_prompt,qwen_prompt__flickr30k_retrieval_2000_seed2,observer_specific_supported,Observer Specific Supported,1453,1453,flickr30k_test_007646,"Under the dappled shade of a large, leafy tree, two visitors— a woman in jeans and a backpack and a man in light pants and a backpack— stand near a weathered, gnarled tree stump, with the man reaching up to touch its rough bark. Behind them, a low stone wall"
flickr30k_retrieval_2000_seed2,qwen_prompt,qwen_prompt__flickr30k_retrieval_2000_seed2,observer_specific_supported,Observer Specific Supported,1454,1454,flickr30k_test_018027,"A construction worker in a black shirt and gloves stands near a red metal gate, looking toward the right, while another worker in a blue hard hat is partially visible behind a concrete wall to the left. An orange warning light sits on a yellow base in the foreground, and the scene is set against a backdrop of unfinished concrete"
flickr30k_retrieval_2000_seed2,qwen_prompt,qwen_prompt__flickr30k_retrieval_2000_seed2,observer_specific_supported,Observer Specific Supported,1455,1455,flickr30k_test_006223,"A female beach volleyball player in a blue bikini, with “ILM” on her bottom, is mid-air, reaching up to block a spike from her opponent. The opponent, wearing a green bikini top and red bottoms, is also airborne, having just hit the ball over the net. The net displays sponsor logos,"
flickr30k_retrieval_2000_seed2,qwen_prompt,qwen_prompt__flickr30k_retrieval_2000_seed2,observer_specific_supported,Observer Specific Supported,1456,1456,flickr30k_test_003373,"At an outdoor school event under a red canopy, students and staff gather on a decorated stage for the “頭家國小95學年度校慶暨社區聯合運動大會” (Toujia Elementary School 95th Academic Year Anniversary and Community Joint Sports Day). A young boy in a white"
flickr30k_retrieval_2000_seed2,qwen_prompt,qwen_prompt__flickr30k_retrieval_2000_seed2,observer_specific_supported,Observer Specific Supported,1457,1457,flickr30k_test_000205,"At night, three people are gathered around a small, lit candle placed on the ground, their attention focused on the flame. One man in a plaid shirt leans forward, his hand near the candle, while another man in a light-colored shirt sits beside him, also looking down. A third person, mostly in shadow"
flickr30k_retrieval_2000_seed2,qwen_prompt,qwen_prompt__flickr30k_retrieval_2000_seed2,observer_specific_supported,Observer Specific Supported,1458,1458,flickr30k_test_022680,"Six young people are seated in a row on a colorful, high-speed roller coaster, visibly reacting with excitement and exhilaration as the ride moves. Their hair is flying, and their expressions—ranging from wide-eyed joy to open-mouthed surprise—indicate they are actively experiencing the thrill of the ride. The coaster"
flickr30k_retrieval_2000_seed2,qwen_prompt,qwen_prompt__flickr30k_retrieval_2000_seed2,observer_specific_supported,Observer Specific Supported,1459,1459,flickr30k_test_013281,"On a weathered work barge floating on calm blue water, two men are operating heavy machinery. One man, wearing a red vest and blue jeans, is seated at the controls of a rusted, industrial crane or winch system. The second man, also in a red vest and sunglasses, stands nearby, holding"
flickr30k_retrieval_2000_seed2,qwen_prompt,qwen_prompt__flickr30k_retrieval_2000_seed2,observer_specific_supported,Observer Specific Supported,1460,1460,flickr30k_test_002621,"A man and a woman, both wearing Mickey Mouse ears, stand side-by-side in a crowded outdoor setting, likely a theme park. The man, in a blue t-shirt, looks toward the camera with a neutral expression, while the woman, in a light green polo shirt, has her hands in her pockets and gaz"
flickr30k_retrieval_2000_seed2,qwen_prompt,qwen_prompt__flickr30k_retrieval_2000_seed2,observer_specific_supported,Observer Specific Supported,1461,1461,flickr30k_test_016390,"A young girl with dark hair lies on her stomach inside a blue inflatable ring on a grassy lawn, playfully splashing as a stream of water from a garden hose arcs over her. Behind her, a translucent orange tarp is partially draped, and the hose’s nozzle is visible, spraying water in a wide arc"
flickr30k_retrieval_2000_seed2,qwen_prompt,qwen_prompt__flickr30k_retrieval_2000_seed2,observer_specific_supported,Observer Specific Supported,1462,1462,flickr30k_test_027947,"A man in a white shirt and blue jeans stands on a wooden scaffold platform, holding onto a rope or cable as he works on the exterior of a weathered, multi-story building. A metal ladder leans against the building’s facade, positioned near a window with a red cloth draped over the sill. The building’s st"
flickr30k_retrieval_2000_seed2,qwen_prompt,qwen_prompt__flickr30k_retrieval_2000_seed2,observer_specific_supported,Observer Specific Supported,1463,1463,flickr30k_test_009208,"A man in a white t-shirt and blue jeans is bent over, working on the rear wheel of a large truck, with his head and upper back pressed against the truck’s fender. The truck’s large black tire and silver hubcap are prominent, and the man’s hands are near the wheel well. Behind him"
flickr30k_retrieval_2000_seed2,qwen_prompt,qwen_prompt__flickr30k_retrieval_2000_seed2,observer_specific_supported,Observer Specific Supported,1464,1464,flickr30k_test_019071,"A man in a plaid shirt and blue jeans is pushing a red, wheeled manual reel mower across a green lawn, surrounded by well-maintained shrubs and a brick border, in a residential backyard."
flickr30k_retrieval_2000_seed2,qwen_prompt,qwen_prompt__flickr30k_retrieval_2000_seed2,observer_specific_supported,Observer Specific Supported,1465,1465,flickr30k_test_021353,"A crowd of travelers gathers in a busy airport terminal, standing in line before numbered check-in counters (labeled 2 and 3) under a high, industrial-style ceiling with exposed beams. Many are carrying bags or backpacks, and a large digital information board above displays flight schedules and status updates. A man in"
flickr30k_retrieval_2000_seed2,qwen_prompt,qwen_prompt__flickr30k_retrieval_2000_seed2,observer_specific_supported,Observer Specific Supported,1466,1466,flickr30k_test_007249,"A young child with tousled blonde hair is swinging outdoors on a chain swing, gripping the sides as they move through the air. They are wearing a blue t-shirt with a sun graphic, patterned shorts, and light blue sneakers. The swing hangs from a metal frame over a grassy lawn, with a black metal"
flickr30k_retrieval_2000_seed2,qwen_prompt,qwen_prompt__flickr30k_retrieval_2000_seed2,observer_specific_supported,Observer Specific Supported,1467,1467,flickr30k_test_001717,"A community event unfolds in a paved courtyard, where a band performs on a small stage set up before a brick building. The stage is adorned with multiple banners and signs that repeatedly read “Copy Paper,” suggesting a promotional or fundraising activity. A crowd of people, including adults and children, gathers around the stage and on the"
flickr30k_retrieval_2000_seed2,qwen_prompt,qwen_prompt__flickr30k_retrieval_2000_seed2,observer_specific_supported,Observer Specific Supported,1468,1468,flickr30k_test_017221,"A skier in a purple jacket and helmet stands poised on skis beside a red “Experts Only” sign on a snowy mountain slope, holding poles and wearing goggles, with chairlifts and distant peaks visible under a partly cloudy sky."
flickr30k_retrieval_2000_seed2,qwen_prompt,qwen_prompt__flickr30k_retrieval_2000_seed2,observer_specific_supported,Observer Specific Supported,1469,1469,flickr30k_test_016955,"At a convention, a man in a black t-shirt and green pants is playfully striking another man dressed in a full red costume with a black glove, who is holding a small red and white box. The man in red, wearing a blonde wig and black boots, appears to be reacting to the playful attack. The"
flickr30k_retrieval_2000_seed2,qwen_prompt,qwen_prompt__flickr30k_retrieval_2000_seed2,observer_specific_supported,Observer Specific Supported,1470,1470,flickr30k_test_017293,"A uniformed station attendant stands at a modern train station, intently reading a newspaper while leaning against a metal railing. He is holding the paper with both hands, his gaze focused downward. Beside him, a black rolling suitcase rests on the platform. In the background, another person in dark clothing stands near a bench"
flickr30k_retrieval_2000_seed2,qwen_prompt,qwen_prompt__flickr30k_retrieval_2000_seed2,observer_specific_supported,Observer Specific Supported,1471,1471,flickr30k_test_030178,"A group of six East Asian men are gathered around a wooden dining table in a warmly lit room with green walls, posing together for a photo. They are dressed in casual to smart-casual attire—shirts in yellow, red, white, and pink—and appear to be enjoying a meal or social gathering, with"
flickr30k_retrieval_2000_seed2,qwen_prompt,qwen_prompt__flickr30k_retrieval_2000_seed2,observer_specific_supported,Observer Specific Supported,1472,1472,flickr30k_test_013210,"A snowboarder in a yellow and white outfit is airborne, executing a dynamic trick over a steep, snow-covered slope under a vivid blue sky with wispy clouds. Snow sprays dramatically from the board as they carve through the air, with faint contrails visible in the distance above."
flickr30k_retrieval_2000_seed2,qwen_prompt,qwen_prompt__flickr30k_retrieval_2000_seed2,observer_specific_supported,Observer Specific Supported,1473,1473,flickr30k_test_013994,"A man in an orange t-shirt and sunglasses stands beside a long table at an outdoor event, holding a plate with food. Behind him, a brown backdrop with orange drapery displays a circular logo featuring a hand holding a cheese wedge, with the text “CHEESE CHEF” visible. The table in front"
flickr30k_retrieval_2000_seed2,qwen_prompt,qwen_prompt__flickr30k_retrieval_2000_seed2,observer_specific_supported,Observer Specific Supported,1474,1474,flickr30k_test_029976,"A young woman in a white shirt and black shorts is actively reaching to catch a white frisbee mid-air on a green turf field, while another woman in a teal shirt and black shorts lunges toward her in an attempt to block or intercept the throw. A third player in a white shirt is visible in the background"
flickr30k_retrieval_2000_seed2,qwen_prompt,qwen_prompt__flickr30k_retrieval_2000_seed2,observer_specific_supported,Observer Specific Supported,1475,1475,flickr30k_test_004149,"Three people — a man in a kippah and white shirt, a woman in a black-and-white patterned dress holding a microphone, and another man in a light shirt and dark pants — are engaged in conversation on a wooden boardwalk in a grassy outdoor setting. The woman appears to be speaking or interviewing,"
flickr30k_retrieval_2000_seed2,qwen_prompt,qwen_prompt__flickr30k_retrieval_2000_seed2,observer_specific_supported,Observer Specific Supported,1476,1476,flickr30k_test_005072,"A young girl with blonde hair, wearing a white headband, a white long-sleeved shirt, and a light-colored, ruffled skirt, is captured mid-motion as she twirls or runs across a grassy area dotted with fallen leaves. Her skirt flares out around her legs, and she wears dark"
flickr30k_retrieval_2000_seed2,qwen_prompt,qwen_prompt__flickr30k_retrieval_2000_seed2,observer_specific_supported,Observer Specific Supported,1477,1477,flickr30k_test_013988,"A middle-aged man wearing a grey fedora, a dark vest over a collared shirt with a patterned tie, and a black leather jacket stands at the center of a group of people outdoors. He appears to be engaged in conversation, gesturing with his right hand. To his left, a woman with short blonde"
flickr30k_retrieval_2000_seed2,qwen_prompt,qwen_prompt__flickr30k_retrieval_2000_seed2,observer_specific_supported,Observer Specific Supported,1478,1478,flickr30k_test_004247,"At a sun-drenched outdoor café, patrons are seated at wooden tables with green-cushioned chairs, enjoying a relaxed afternoon. A woman in a white tank top and cap sips from a glass, while another woman with sunglasses leans back, her arm resting on the table. A man in a white shirt stands near"
flickr30k_retrieval_2000_seed2,qwen_prompt,qwen_prompt__flickr30k_retrieval_2000_seed2,observer_specific_supported,Observer Specific Supported,1479,1479,flickr30k_test_015066,"A golden retriever runs joyfully toward the camera along a gravel trail, its tongue out and paws lifted mid-stride, with rolling green hills and scattered wildflowers forming a scenic backdrop under a bright sky."
flickr30k_retrieval_2000_seed2,qwen_prompt,qwen_prompt__flickr30k_retrieval_2000_seed2,observer_specific_supported,Observer Specific Supported,1480,1480,flickr30k_test_024091,"A woman with dark hair tied back, wearing a light-colored, long-sleeved shirt, is captured mid-motion as she rides a bicycle. She is leaning forward slightly, her right hand gripping the handlebar and her left hand raised near her head, possibly adjusting her hair or shielding her eyes. The scene is dominated"
flickr30k_retrieval_2000_seed2,qwen_prompt,qwen_prompt__flickr30k_retrieval_2000_seed2,observer_specific_supported,Observer Specific Supported,1481,1481,flickr30k_test_012216,"Two reddish-brown dogs, likely Hungarian Vizslas, are playfully interacting in a grassy field, with one dog nuzzling or gently biting the neck of the other, both appearing engaged and energetic."
flickr30k_retrieval_2000_seed2,qwen_prompt,qwen_prompt__flickr30k_retrieval_2000_seed2,observer_specific_supported,Observer Specific Supported,1482,1482,flickr30k_test_001730,"A young boy with dark hair, wearing a navy blue t-shirt with the number “02” and blue jeans, sits at the top of a bright orange plastic slide, looking toward the camera with a slight smile. His hands rest on the sides of the slide, and his feet dangle over the edge. The"
flickr30k_retrieval_2000_seed2,qwen_prompt,qwen_prompt__flickr30k_retrieval_2000_seed2,observer_specific_supported,Observer Specific Supported,1483,1483,flickr30k_test_018738,"A woman in a black tank top and light shorts walks alone across a concrete pedestrian bridge, her shadow cast long on the pavement beside her, as dark water flows beneath the railing."
flickr30k_retrieval_2000_seed2,qwen_prompt,qwen_prompt__flickr30k_retrieval_2000_seed2,observer_specific_supported,Observer Specific Supported,1484,1484,flickr30k_test_005986,"A young boy with short brown hair, wearing a light blue button-up shirt, is blowing bubbles outdoors against a plain gray wall. He holds a yellow bubble wand in his right hand and a small blue bubble solution container in his left, his mouth pursed as he blows. A cluster of translucent soap bubbles drifts upward"
flickr30k_retrieval_2000_seed2,qwen_prompt,qwen_prompt__flickr30k_retrieval_2000_seed2,observer_specific_supported,Observer Specific Supported,1485,1485,flickr30k_test_016921,"A shirtless man in colorful patterned swim trunks leaps high in the air, reaching toward a volleyball suspended just above the net, while another shirtless man in black-and-white patterned trunks stands on the sand watching from the opposite side of the net."
flickr30k_retrieval_2000_seed2,qwen_prompt,qwen_prompt__flickr30k_retrieval_2000_seed2,observer_specific_supported,Observer Specific Supported,1486,1486,flickr30k_test_026805,"A baseball player in a maroon jersey and white pants is crouched low at first base, glove extended, ready to catch the ball, while a runner in a gray uniform slides headfirst into the base, kicking up dirt. The scene is set on a sunlit baseball field with a chain-link fence and houses"
flickr30k_retrieval_2000_seed2,qwen_prompt,qwen_prompt__flickr30k_retrieval_2000_seed2,observer_specific_supported,Observer Specific Supported,1487,1487,flickr30k_test_014417,"A brown dog with a dark collar is wading through shallow, clear water, carrying a thick, thorny branch in its mouth. The dog’s wet fur and splashing water suggest active movement, and the background reveals a rocky, tree-lined riverbank under a bright, sunny sky."
flickr30k_retrieval_2000_seed2,qwen_prompt,qwen_prompt__flickr30k_retrieval_2000_seed2,observer_specific_supported,Observer Specific Supported,1488,1488,flickr30k_test_030999,"Two women stand near a portable toilet in a parking lot, one in a red patterned dress and the other in white shorts and a cap, both appearing to be engaged in conversation. A green portable toilet with a “GO 39” sign is partially open, revealing a person’s arm and a green hat inside"
flickr30k_retrieval_2000_seed2,qwen_prompt,qwen_prompt__flickr30k_retrieval_2000_seed2,observer_specific_supported,Observer Specific Supported,1489,1489,flickr30k_test_014334,"A woman in a white shirt and jeans stands before a bookshelf, holding up a blue and white patterned cloth doll while speaking animatedly to a group of children seated in front of her. The children, seen from behind, are attentively watching her. The setting appears to be a library or classroom, with shelves"
flickr30k_retrieval_2000_seed2,qwen_prompt,qwen_prompt__flickr30k_retrieval_2000_seed2,observer_specific_supported,Observer Specific Supported,1490,1490,flickr30k_test_019636,"A person dressed as a clown in a bright red polka-dotted hat and colorful ruffled costume is blowing up orange balloons with a blue balloon pump, their hands busy with the task. Behind them, several inflated balloons—including a large purple one with eyes—float near a green curtain and a building with blue horizontal siding"
flickr30k_retrieval_2000_seed2,qwen_prompt,qwen_prompt__flickr30k_retrieval_2000_seed2,observer_specific_supported,Observer Specific Supported,1491,1491,flickr30k_test_026913,"A dental professional, wearing blue scrubs, a face mask, and protective eyewear, is focused on treating a patient’s mouth using a dental instrument. The patient is reclined in a dental chair, draped with a pink bib, while the practitioner leans in closely, illuminated by a bright dental light. The setting is"
flickr30k_retrieval_2000_seed2,qwen_prompt,qwen_prompt__flickr30k_retrieval_2000_seed2,observer_specific_supported,Observer Specific Supported,1492,1492,flickr30k_test_026186,"A young boy in a blue and yellow shirt and a girl in a pink jacket are joyfully bouncing on a blue trampoline in a grassy backyard, enclosed by a black safety net that is visibly rippling from their movement."
flickr30k_retrieval_2000_seed2,qwen_prompt,qwen_prompt__flickr30k_retrieval_2000_seed2,observer_specific_supported,Observer Specific Supported,1493,1493,flickr30k_test_028458,"Two men are working on a red and black narrowboat moored beside a canal lined with a stone wall; one man, wearing a cap and red overalls, stands at the stern holding a long pole, while the other, in a white shirt and red trousers, stands at the bow also holding a pole, seemingly"
flickr30k_retrieval_2000_seed2,qwen_prompt,qwen_prompt__flickr30k_retrieval_2000_seed2,observer_specific_supported,Observer Specific Supported,1494,1494,flickr30k_test_021219,"A group of people, including adults and children, stands along the shoulder of a paved road lined with tall pine trees, with two cars parked nearby—one silver sedan on the left and another on the right. A man in a dark hoodie and white shorts stands near the center, appearing to interact with a woman in a white"
flickr30k_retrieval_2000_seed2,qwen_prompt,qwen_prompt__flickr30k_retrieval_2000_seed2,observer_specific_supported,Observer Specific Supported,1495,1495,flickr30k_test_014612,"In a dimly lit boxing ring, one fighter in white shorts and white Everlast gloves lands a powerful right-hand punch to the head of his opponent, who is recoiling in reaction. The aggressor, shirtless and wearing black and white striped trunks, leans forward with force, while the recipient, also shirt"
flickr30k_retrieval_2000_seed2,qwen_prompt,qwen_prompt__flickr30k_retrieval_2000_seed2,observer_specific_supported,Observer Specific Supported,1496,1496,flickr30k_test_005321,"In a dimly lit, bustling indoor dining space with exposed beams and string lights, a group of people are seated at a table, engaged in conversation and dining. A man in a light-colored shirt and tie stands near the table, appearing to interact with the seated guests. On the table, several wine bottles, glasses"
flickr30k_retrieval_2000_seed2,qwen_prompt,qwen_prompt__flickr30k_retrieval_2000_seed2,observer_specific_supported,Observer Specific Supported,1497,1497,flickr30k_test_016239,"A young girl in a white outfit stands alone on a paved street at night, holding a cluster of colorful balloons — a yellow one, a purple one, a blue one, and an orange one — while a crowd of adults and children walks past her in the background, suggesting a lively public gathering or event."
flickr30k_retrieval_2000_seed2,qwen_prompt,qwen_prompt__flickr30k_retrieval_2000_seed2,observer_specific_supported,Observer Specific Supported,1498,1498,flickr30k_test_019481,"A person with short, light brown hair walks away from the camera down a paved street, wearing a distinctive, patterned coat. The back of the coat features a large, realistic print of a human eye with long lashes and a green iris, framed by a white border. The coat’s design includes multiple fabric panels with"
flickr30k_retrieval_2000_seed2,qwen_prompt,qwen_prompt__flickr30k_retrieval_2000_seed2,observer_specific_supported,Observer Specific Supported,1499,1499,flickr30k_test_004188,"Two people are working on a dark-colored car in a cluttered garage, using a red hydraulic car jack to lift the vehicle’s front end. The person on the left, wearing a white shirt and dark pants, is bent over the engine bay, while the person on the right, in a dark shirt and blue jeans"
flickr30k_retrieval_2000_seed2,qwen_prompt,qwen_prompt__flickr30k_retrieval_2000_seed2,observer_specific_supported,Observer Specific Supported,1500,1500,flickr30k_test_027941,"A female tennis player in a white outfit and visor is captured mid-motion on a grass court, bending forward with her right leg lifted and her left foot planted near the baseline, holding a tennis racket in her right hand as if preparing to return a shot."
flickr30k_retrieval_2000_seed2,qwen_prompt,qwen_prompt__flickr30k_retrieval_2000_seed2,observer_specific_supported,Observer Specific Supported,1501,1501,flickr30k_test_011500,"A snowboarder is captured mid-air, silhouetted against a setting sun, performing a jump off a snowy slope. The snowboarder, wearing a helmet and winter gear, is positioned above the crest of the hill, with the board angled slightly downward. The sun, low on the horizon, casts a"
flickr30k_retrieval_2000_seed2,qwen_prompt,qwen_prompt__flickr30k_retrieval_2000_seed2,observer_specific_supported,Observer Specific Supported,1502,1502,flickr30k_test_004772,"A white and tan Jack Russell Terrier, wearing a red harness, is captured mid-leap over a snow-covered log near a body of water, with another similar dog partially visible in the background."
flickr30k_retrieval_2000_seed2,qwen_prompt,qwen_prompt__flickr30k_retrieval_2000_seed2,observer_specific_supported,Observer Specific Supported,1503,1503,flickr30k_test_000754,"A young child with short dark hair is playfully splashing in the ocean at sunset, sending a dynamic arc of water arcing through the air behind them. The water’s surface reflects the warm, golden-orange hues of the clouds above, while dark silhouetted hills form the horizon. The child’s joyful expression"
flickr30k_retrieval_2000_seed2,qwen_prompt,qwen_prompt__flickr30k_retrieval_2000_seed2,observer_specific_supported,Observer Specific Supported,1504,1504,flickr30k_test_008235,"An elderly woman with white hair, dressed in a dark, long-sleeved dress and dark shoes, stands in the threshold of a doorway, holding a long, rustic loaf of bread wrapped in clear plastic. She looks toward the camera with a calm, neutral expression. The doorway is framed by weathered, light-colored"
flickr30k_retrieval_2000_seed2,qwen_prompt,qwen_prompt__flickr30k_retrieval_2000_seed2,observer_specific_supported,Observer Specific Supported,1505,1505,flickr30k_test_023107,"Four men are standing together on a green metal bridge or walkway, leaning on the railing and smiling toward the camera. They are surrounded by lush green foliage, with tree branches and leaves framing the scene and partially obscuring the view. The man on the far left wears a green polo shirt and glasses; the second from"
flickr30k_retrieval_2000_seed2,qwen_prompt,qwen_prompt__flickr30k_retrieval_2000_seed2,observer_specific_supported,Observer Specific Supported,1506,1506,flickr30k_test_006132,"Four children are captured mid-air, joyfully jumping in unison on a grassy lawn in front of a house, with trees visible in the background. The girl on the far left, wearing a striped tank top and patterned shorts, has her arms raised and one leg bent. The girl next to her, in"
flickr30k_retrieval_2000_seed2,qwen_prompt,qwen_prompt__flickr30k_retrieval_2000_seed2,observer_specific_supported,Observer Specific Supported,1507,1507,flickr30k_test_004946,"Two young women are captured mid-laugh in a crowded outdoor setting, their expressions conveying genuine joy. The woman on the left, with long dark hair, wears a light blue scarf and a gray jacket, her smile wide and open. Beside her, the woman on the right, wearing a fur-lined hooded jacket"
flickr30k_retrieval_2000_seed2,qwen_prompt,qwen_prompt__flickr30k_retrieval_2000_seed2,observer_specific_supported,Observer Specific Supported,1508,1508,flickr30k_test_020900,"A young man in an orange polo shirt carries a large white box on his shoulder as he walks through a busy urban street, flanked by other pedestrians. Behind him, a woman in a white t-shirt and dark pants stands near a large concrete pillar, while another man in glasses and a white shirt walks beside him."
flickr30k_retrieval_2000_seed2,qwen_prompt,qwen_prompt__flickr30k_retrieval_2000_seed2,observer_specific_supported,Observer Specific Supported,1509,1509,flickr30k_test_013506,"Two women are embracing and smiling joyfully while lounging on a light-colored couch on a rooftop or elevated patio, with a bustling urban street, palm trees, and distant hills visible in the background."
flickr30k_retrieval_2000_seed2,qwen_prompt,qwen_prompt__flickr30k_retrieval_2000_seed2,observer_specific_supported,Observer Specific Supported,1510,1510,flickr30k_test_018670,"A man wearing a dark coat and wide-brimmed hat pushes a blue shopping cart overflowing with large, heavy-looking burlap sacks down a sidewalk in front of a stone building with a red door."
flickr30k_retrieval_2000_seed2,qwen_prompt,qwen_prompt__flickr30k_retrieval_2000_seed2,observer_specific_supported,Observer Specific Supported,1511,1511,flickr30k_test_020650,"A group of people dressed in historical military uniforms are pushing a large, wooden-wheeled cannon cart along a paved path, with a grand, domed cathedral visible in the background under an overcast sky."
flickr30k_retrieval_2000_seed2,qwen_prompt,qwen_prompt__flickr30k_retrieval_2000_seed2,observer_specific_supported,Observer Specific Supported,1512,1512,flickr30k_test_008205,"A young boy in a dark t-shirt and khaki pants stands inside a wooden-fenced, circular fish pond game, holding a fishing rod with a red lure, while an adult man in a red-and-white plaid shirt leans over beside him, also holding a fishing rod, both focused on catching plastic fish in the"
flickr30k_retrieval_2000_seed2,qwen_prompt,qwen_prompt__flickr30k_retrieval_2000_seed2,observer_specific_supported,Observer Specific Supported,1513,1513,flickr30k_test_014495,"A street musician in a black hat plays an accordion while seated on a stool, surrounded by a small, casually gathered crowd on a sidewalk curb. To his left, a man in a navy blazer and jeans sits on a wooden chair, smiling toward the camera. Behind him, a woman in a beige coat and scarf"
flickr30k_retrieval_2000_seed2,qwen_prompt,qwen_prompt__flickr30k_retrieval_2000_seed2,observer_specific_supported,Observer Specific Supported,1514,1514,flickr30k_test_015402,"A windsurfer in a black wetsuit leans into a turn on a green and white board, gripping the boom of a bright green sail as they ride across choppy, gray river water."
flickr30k_retrieval_2000_seed2,qwen_prompt,qwen_prompt__flickr30k_retrieval_2000_seed2,observer_specific_supported,Observer Specific Supported,1515,1515,flickr30k_test_015218,"A woman in a white hoodie sits at a wooden café table with a large, tan dog resting on her lap, while a man and woman walk past on the sidewalk carrying a blue crate; other patrons are seated at nearby tables under a covered outdoor seating area."
flickr30k_retrieval_2000_seed2,qwen_prompt,qwen_prompt__flickr30k_retrieval_2000_seed2,observer_specific_supported,Observer Specific Supported,1516,1516,flickr30k_test_006164,"A person is carefully spreading a brown, creamy substance—likely peanut butter—from a jar onto a slice of white bread, which rests on a white plate atop a stainless steel counter. The red lid of the jar lies beside the plate, and in the background, various packaged food items, including bread rolls and other baked goods"
flickr30k_retrieval_2000_seed2,qwen_prompt,qwen_prompt__flickr30k_retrieval_2000_seed2,observer_specific_supported,Observer Specific Supported,1517,1517,flickr30k_test_013860,"A mountain biker in a blue and white racing suit and helmet leans sharply into a turn on a dirt track, kicking up dust as they navigate a banked corner. Their bike, with a yellow front panel, is angled low to the ground, and their gloved hands grip the handlebars tightly. Spectators are"
flickr30k_retrieval_2000_seed2,qwen_prompt,qwen_prompt__flickr30k_retrieval_2000_seed2,observer_specific_supported,Observer Specific Supported,1518,1518,flickr30k_test_014266,"A woman with short brown hair and glasses, wearing a black blazer and beige pants, stands on a stage gesturing with both hands as she speaks, likely delivering a presentation. Behind her, a large projection screen displays a diagram with several colored hexagons, one of which is blue and labeled “Web Writer.”"
flickr30k_retrieval_2000_seed2,qwen_prompt,qwen_prompt__flickr30k_retrieval_2000_seed2,observer_specific_supported,Observer Specific Supported,1519,1519,flickr30k_test_008828,"A dimly lit, industrial-style interior features a weathered wooden beam with graffiti, including the name “Claxton” and the word “KEITH,” suspended beneath a metal railing. Above, a warm, patterned pendant light hangs from exposed wooden beams, while a faded mural on the wall reads “WEED"
flickr30k_retrieval_2000_seed2,qwen_prompt,qwen_prompt__flickr30k_retrieval_2000_seed2,observer_specific_supported,Observer Specific Supported,1520,1520,flickr30k_test_025389,"Two cyclists ride bicycles along a paved path in a wooded area, with one in a bright green shirt and helmet leading slightly ahead of the other, who wears a patterned jersey. Behind them, a white pickup truck is parked near a campsite with tents and people gathered, suggesting a recreational outing or bike tour through a"
flickr30k_retrieval_2000_seed2,qwen_prompt,qwen_prompt__flickr30k_retrieval_2000_seed2,observer_specific_supported,Observer Specific Supported,1521,1521,flickr30k_test_007188,"A sculptor with white hair and glasses, wearing a white t-shirt and jeans, stands in a workshop and gestures toward a large, unfinished stone sculpture mounted on a wooden pallet base. In his other hand, he holds a wooden mallet. Nearby, on a red crate, rests a smaller, finished white sculpture,"
flickr30k_retrieval_2000_seed2,qwen_prompt,qwen_prompt__flickr30k_retrieval_2000_seed2,observer_specific_supported,Observer Specific Supported,1522,1522,flickr30k_test_011574,"A woman in a blue patterned top is enthusiastically playing a video game, holding a white controller with motion blur indicating rapid movement, while seated on a red couch alongside three men who are laughing and watching her play; one man in an orange shirt holds a can and a white controller, another leans back with his hands behind"
flickr30k_retrieval_2000_seed2,qwen_prompt,qwen_prompt__flickr30k_retrieval_2000_seed2,observer_specific_supported,Observer Specific Supported,1523,1523,flickr30k_test_020724,"A young man with glasses, wearing a navy blue sweatshirt and khaki pants, is crouched among several small potted trees, carefully tending to the base of one with his hands. The trees, with thin trunks and sparse green leaves, are planted in black plastic nursery pots arranged on a patch of"
flickr30k_retrieval_2000_seed2,qwen_prompt,qwen_prompt__flickr30k_retrieval_2000_seed2,observer_specific_supported,Observer Specific Supported,1524,1524,flickr30k_test_001029,"Two men in formal tuxedos are posing closely together at an indoor event; one is laughing broadly while the other kisses his cheek, with the laughing man’s arm around his shoulder."
flickr30k_retrieval_2000_seed2,qwen_prompt,qwen_prompt__flickr30k_retrieval_2000_seed2,observer_specific_supported,Observer Specific Supported,1525,1525,flickr30k_test_026911,"A man with dark hair and glasses, wearing a light pink shirt and carrying a black backpack, is carefully taking a photograph of a framed painting on a gallery wall using a compact digital camera."
flickr30k_retrieval_2000_seed2,qwen_prompt,qwen_prompt__flickr30k_retrieval_2000_seed2,observer_specific_supported,Observer Specific Supported,1526,1526,flickr30k_test_027385,"Two people are standing atop a large, black metal crane structure, which is positioned in front of a row of historic stone buildings. The person on the left, wearing a red top and blue jeans, is holding a camera or phone up, seemingly taking a photo or video. The person on the right, dressed in dark"
flickr30k_retrieval_2000_seed2,qwen_prompt,qwen_prompt__flickr30k_retrieval_2000_seed2,observer_specific_supported,Observer Specific Supported,1527,1527,flickr30k_test_000914,"A person in a black top and light-colored pants is standing in a grassy park, arms outstretched as if balancing or preparing to throw something, with a dark bag lying on the ground nearby. Tall trees with green leaves form a canopy overhead, and a modern building with blue accents is visible in the background behind"
flickr30k_retrieval_2000_seed2,qwen_prompt,qwen_prompt__flickr30k_retrieval_2000_seed2,observer_specific_supported,Observer Specific Supported,1528,1528,flickr30k_test_013976,"An older woman in a blue jacket and glasses gestures animatedly while speaking to a younger woman seated beside her, who listens attentively in a green button-up shirt and glasses, both positioned near a window with closed blinds."
flickr30k_retrieval_2000_seed2,qwen_prompt,qwen_prompt__flickr30k_retrieval_2000_seed2,observer_specific_supported,Observer Specific Supported,1529,1529,flickr30k_test_009904,"A vendor in a blue cap and white shirt stands beside a white, wheeled cart loaded with bottles of red beverages and glasses, serving customers on a sunny beach. Orange umbrellas provide shade over beachgoers lounging in the background, while the vendor appears to be preparing or handing out drinks."
flickr30k_retrieval_2000_seed2,qwen_prompt,qwen_prompt__flickr30k_retrieval_2000_seed2,observer_specific_supported,Observer Specific Supported,1530,1530,flickr30k_test_030515,"A group of skateboarders, mostly wearing helmets and casual streetwear, are gathered around the rear of a silver SUV parked on a paved road, with some standing on their boards and others leaning against the vehicle. In the background, another car is parked, and a few more people are visible further down the road, suggesting"
flickr30k_retrieval_2000_seed2,qwen_prompt,qwen_prompt__flickr30k_retrieval_2000_seed2,observer_specific_supported,Observer Specific Supported,1531,1531,flickr30k_test_027524,"A man in a yellow shirt and shorts walks along a wooden dock beside a blue-painted waterfront building, passing by a large blue and white “BL” branded buoy and a Corona Extra sign. The structure, which appears to be a dockside bar or restaurant, has a covered patio area with patrons visible inside, and"
flickr30k_retrieval_2000_seed2,qwen_prompt,qwen_prompt__flickr30k_retrieval_2000_seed2,observer_specific_supported,Observer Specific Supported,1532,1532,flickr30k_test_000790,"A woman with long dark hair, wearing a beige cardigan, is seated at a lab bench, intently focused on operating a white analytical instrument, possibly a spectrometer or chromatograph. To her left, a large, dark glass gas cylinder with visible markings sits on the bench, and behind her, wooden cabinets and"
flickr30k_retrieval_2000_seed2,qwen_prompt,qwen_prompt__flickr30k_retrieval_2000_seed2,observer_specific_supported,Observer Specific Supported,1533,1533,flickr30k_test_029819,"A male clay pigeon shooter, wearing a blue cap, red and black vest, and orange-tinted shooting glasses, is in the act of firing a double-barreled shotgun. He is holding the weapon with both hands, aiming forward with focused concentration. The scene takes place outdoors on a grassy field, with"
flickr30k_retrieval_2000_seed2,qwen_prompt,qwen_prompt__flickr30k_retrieval_2000_seed2,observer_specific_supported,Observer Specific Supported,1534,1534,flickr30k_test_017951,"A joyful baby with tousled hair is laughing heartily while seated in a blue plastic swing, gripping the metal chains with both hands. The child wears a navy blue t-shirt with the words “LIFE OF THE PLAYGROUND” printed in red and white. The swing is situated in a sunlit park, with green"
flickr30k_retrieval_2000_seed2,qwen_prompt,qwen_prompt__flickr30k_retrieval_2000_seed2,observer_specific_supported,Observer Specific Supported,1535,1535,flickr30k_test_015639,"At a nighttime bus stop under a covered platform, passengers are boarding an orange Primor bus marked “Saida” (Portuguese for “Exit”). A man in a blue shirt and jeans is stepping onto the bus through the open door, while others wait in line or stand nearby on the platform. Inside the bus"
flickr30k_retrieval_2000_seed2,qwen_prompt,qwen_prompt__flickr30k_retrieval_2000_seed2,observer_specific_supported,Observer Specific Supported,1536,1536,flickr30k_test_008574,"A man with shoulder-length brown hair, wearing a straw cowboy hat and a gray tank top, is singing into a microphone while playing a red electric guitar on a dimly lit stage. A bright blue stage light shines from above, illuminating his face and the instrument. He wears a beaded choker necklace and has"
flickr30k_retrieval_2000_seed2,qwen_prompt,qwen_prompt__flickr30k_retrieval_2000_seed2,observer_specific_supported,Observer Specific Supported,1537,1537,flickr30k_test_022491,"At night, a group of people stands near a chain-link fence, looking toward a distant, illuminated structure with green lights, possibly a bridge or decorative installation. A man in a maroon shirt and light-colored pants stands on the left, turned slightly away from the camera. To his right, a woman in a red"
flickr30k_retrieval_2000_seed2,qwen_prompt,qwen_prompt__flickr30k_retrieval_2000_seed2,observer_specific_supported,Observer Specific Supported,1538,1538,flickr30k_test_008865,"Three barefoot boys are playing inside a wooden-framed structure under construction, with one boy sitting cross-legged on the floor, another crouching beside him, and the third standing and laughing while gesturing with his arms. The floor is covered with protective underlayment, and natural light streams in from an open doorway"
flickr30k_retrieval_2000_seed2,qwen_prompt,qwen_prompt__flickr30k_retrieval_2000_seed2,observer_specific_supported,Observer Specific Supported,1539,1539,flickr30k_test_008097,"A small, white puppy with a large black patch on its back and a black tail is standing on a stone pavement, leaning over a crumpled, transparent plastic bag that contains a blue and white patterned object. The puppy’s head is lowered, appearing to investigate or interact with the contents of the bag. The"
flickr30k_retrieval_2000_seed2,qwen_prompt,qwen_prompt__flickr30k_retrieval_2000_seed2,observer_specific_supported,Observer Specific Supported,1540,1540,flickr30k_test_015280,"A young boy in a blue shirt crouches on the pavement, reaching up toward a towering, metallic robot costume that dominates the street scene. The robot, constructed from polished silver metal with large, bulbous eyes and articulated limbs, stands beside a group of people, some in revealing costumes, suggesting a parade or festival"
flickr30k_retrieval_2000_seed2,qwen_prompt,qwen_prompt__flickr30k_retrieval_2000_seed2,observer_specific_supported,Observer Specific Supported,1541,1541,flickr30k_test_023334,"A young child in a plaid shirt and denim shorts stands with arms outstretched in a wet, reflective hallway, facing a uniformed security guard who stands nearby. In the background, another child in a blue shirt walks away, and a motorcycle is parked near a wall covered with advertisements for batteries and electronics. The"
flickr30k_retrieval_2000_seed2,qwen_prompt,qwen_prompt__flickr30k_retrieval_2000_seed2,observer_specific_supported,Observer Specific Supported,1542,1542,flickr30k_test_014975,"A hot air balloon is being inflated on a snowy mountain slope, with a bright orange flame from the burner visible inside the blue and white envelope. Several people are actively assisting with the process: one person in a red jacket and white beanie is pulling on the large black and white fabric of the balloon, while others in"
flickr30k_retrieval_2000_seed2,qwen_prompt,qwen_prompt__flickr30k_retrieval_2000_seed2,observer_specific_supported,Observer Specific Supported,1543,1543,flickr30k_test_011961,"A young baseball pitcher, wearing a blue and gray uniform with red stripes on the pants, is captured mid-throw on a dirt mound, his body arched backward in a dynamic throwing motion. His left leg is extended forward, and his right foot is planted firmly on the ground, while his left hand grips a baseball"
flickr30k_retrieval_2000_seed2,qwen_prompt,qwen_prompt__flickr30k_retrieval_2000_seed2,observer_specific_supported,Observer Specific Supported,1544,1544,flickr30k_test_017103,"A man in a dark suit sits at a long wooden table in a library, intently using a laptop computer. Behind him, tall, densely packed shelves stretch across the room, filled with rows of books and media cases. Several papers and a pen lie on the table in front of him, and a small sign reading"
flickr30k_retrieval_2000_seed2,qwen_prompt,qwen_prompt__flickr30k_retrieval_2000_seed2,observer_specific_supported,Observer Specific Supported,1545,1545,flickr30k_test_027756,"A person with red hair, seen from behind, is seated at a wooden picnic table and aiming a large camera with a telephoto lens toward a distant, open dirt pit in a grassy field. A small, dark object, possibly a target or stump, is visible in the center of the pit. The scene suggests"
flickr30k_retrieval_2000_seed2,qwen_prompt,qwen_prompt__flickr30k_retrieval_2000_seed2,observer_specific_supported,Observer Specific Supported,1546,1546,flickr30k_test_020272,"Three people are seated on a long, modern concrete bench in a sunlit plaza, each absorbed in their own activity. On the left, a person in a gray hoodie sits with their back to the camera, eating from a small container. In the center, another person in a bright orange hooded jacket sits cross-legged"
flickr30k_retrieval_2000_seed2,qwen_prompt,qwen_prompt__flickr30k_retrieval_2000_seed2,observer_specific_supported,Observer Specific Supported,1547,1547,flickr30k_test_015129,"A mountain biker in full gear, including a helmet and protective clothing, leans into a turn on a dirt trail, their bike airborne as they navigate a downhill section marked by a white tape barrier. The motion blur in the background emphasizes the speed and dynamic movement of the rider."
flickr30k_retrieval_2000_seed2,qwen_prompt,qwen_prompt__flickr30k_retrieval_2000_seed2,observer_specific_supported,Observer Specific Supported,1548,1548,flickr30k_test_029734,"A small, long-haired Yorkshire Terrier, adorned with a red bow on its head, is walking on a leash across a sunlit grassy field dotted with small white flowers, with the lower leg and foot of a person visible nearby."
flickr30k_retrieval_2000_seed2,qwen_prompt,qwen_prompt__flickr30k_retrieval_2000_seed2,observer_specific_supported,Observer Specific Supported,1549,1549,flickr30k_test_021738,"At night, a team of railway workers in high-visibility orange uniforms and hard hats are actively engaged in track maintenance on a set of parallel rails. They are using long-handled tools to adjust or lift sections of the track, with one worker in the foreground leaning into his task. Behind them, a large, illuminated"
flickr30k_retrieval_2000_seed2,qwen_prompt,qwen_prompt__flickr30k_retrieval_2000_seed2,observer_specific_supported,Observer Specific Supported,1550,1550,flickr30k_test_008068,"A worker in a high-visibility shirt operates a portable, engine-powered PRO-SAW cutting machine on a wet concrete surface, generating a plume of dust and debris as it cuts through the pavement. Behind him, a large white construction vehicle, marked “VR-90C,” is parked, and a white pickup"
flickr30k_retrieval_2000_seed2,qwen_prompt,qwen_prompt__flickr30k_retrieval_2000_seed2,observer_specific_supported,Observer Specific Supported,1551,1551,flickr30k_test_018222,"A climber in a purple tank top and black shorts ascends a steep, textured rock face, gripping the stone with both hands and using a red climbing rope for safety, her body angled upward as she navigates the rugged surface."
flickr30k_retrieval_2000_seed2,qwen_prompt,qwen_prompt__flickr30k_retrieval_2000_seed2,observer_specific_supported,Observer Specific Supported,1552,1552,flickr30k_test_027773,"A man and a woman are dancing together in a large indoor space, likely a convention or event hall, with a large screen displaying a cartoon character (Bullseye the horse from Toy Story) behind them. The woman, wearing a black dress with a red top and a dark headband, and the man,"
flickr30k_retrieval_2000_seed2,qwen_prompt,qwen_prompt__flickr30k_retrieval_2000_seed2,observer_specific_supported,Observer Specific Supported,1553,1553,flickr30k_test_017520,"A woman in a pink button-up shirt carefully arranges skewers of meat and vegetables on a grill, while a man in a dark purple chef’s jacket and white apron stands beside her, observing the cooking process. Behind them, a bamboo screen and a yellow flag with a black symbol hang in the background, suggesting"
flickr30k_retrieval_2000_seed2,qwen_prompt,qwen_prompt__flickr30k_retrieval_2000_seed2,observer_specific_supported,Observer Specific Supported,1554,1554,flickr30k_test_005227,"A young boy with short brown hair is swimming in a bright blue pool, wearing a yellow and black snorkel mask over his eyes. He is submerged up to his chest, giving a clear thumbs-up gesture with both hands while smiling, suggesting he is enjoying himself and possibly signaling approval or excitement."
flickr30k_retrieval_2000_seed2,qwen_prompt,qwen_prompt__flickr30k_retrieval_2000_seed2,observer_specific_supported,Observer Specific Supported,1555,1555,flickr30k_test_015101,"A young man with blond hair, wearing a red shirt, is holding another young person with dark hair upside down by their shoulders, supporting their back and head. The person being held is wearing a blue and white patterned top and has their head tilted back, looking upward. They are outdoors in a sunlit, green"
flickr30k_retrieval_2000_seed2,qwen_prompt,qwen_prompt__flickr30k_retrieval_2000_seed2,observer_specific_supported,Observer Specific Supported,1556,1556,flickr30k_test_009440,"Under a wooden pergola casting striped shadows, a group of adults and children are gathered on a weathered wooden deck, seated at rustic picnic tables. Several adults, some wearing casual t-shirts and hats, are interacting with the children, who are dressed in shorts and t-shirts, suggesting a warm day. A few children"
flickr30k_retrieval_2000_seed2,qwen_prompt,qwen_prompt__flickr30k_retrieval_2000_seed2,observer_specific_supported,Observer Specific Supported,1557,1557,flickr30k_test_030667,"A woman with blonde hair, wearing a green jacket and dark pants, stands in an aisle of a toy store, holding the handle of a blue shopping cart. She is smiling slightly and looking toward the camera. Behind her, shelves are stocked with colorful boxes of toys, and in the background, several bicycles are displayed on"
flickr30k_retrieval_2000_seed2,qwen_prompt,qwen_prompt__flickr30k_retrieval_2000_seed2,observer_specific_supported,Observer Specific Supported,1558,1558,flickr30k_test_024733,"A woman in a black top and blue jeans is asleep with her head resting on the shoulder of a man in a red shirt, who is seated on a stone ledge in a crowded, cobblestoned public space. A red backpack lies on the ledge beside them, and other people are visible in the background, some"
flickr30k_retrieval_2000_seed2,qwen_prompt,qwen_prompt__flickr30k_retrieval_2000_seed2,observer_specific_supported,Observer Specific Supported,1559,1559,flickr30k_test_011850,"A group of young men stand together on a bustling, neon-lit city street at night, likely in a major urban district like Shibuya or Shinjuku in Tokyo, Japan. One man in a black baseball cap and jacket holds a small object, possibly a phone or camera, while another in a striped shirt looks"
flickr30k_retrieval_2000_seed2,qwen_prompt,qwen_prompt__flickr30k_retrieval_2000_seed2,observer_specific_supported,Observer Specific Supported,1560,1560,flickr30k_test_013756,"Two children in full winter snowsuits are playing in a shallow, icy puddle, splashing water as they move through the water. The child in the foreground, wearing a pink snowsuit and a matching hooded hat, is seated in the water, creating a large splash around them. The second child, dressed"
flickr30k_retrieval_2000_seed2,qwen_prompt,qwen_prompt__flickr30k_retrieval_2000_seed2,observer_specific_supported,Observer Specific Supported,1561,1561,flickr30k_test_003595,"Three children are mid-air, leaping toward the edge of a blue-tiled swimming pool, with water splashing around them. The girl on the left wears a purple swimsuit, the middle child is in a patterned swimsuit and pink swim trunks, and the boy on the right wears red and yellow swim"
flickr30k_retrieval_2000_seed2,qwen_prompt,qwen_prompt__flickr30k_retrieval_2000_seed2,observer_specific_supported,Observer Specific Supported,1562,1562,flickr30k_test_016560,"A woman with blonde hair, wearing a black tank top and jeans, stands at a bus stop, holding a phone to her ear and a disposable drink cup in her other hand. She carries a large brown leather tote bag over her shoulder. Behind her, a blue kiosk displays multiple “TALKdirect” phone service"
flickr30k_retrieval_2000_seed2,qwen_prompt,qwen_prompt__flickr30k_retrieval_2000_seed2,observer_specific_supported,Observer Specific Supported,1563,1563,flickr30k_test_029420,"A motocross rider in a blue jersey and red helmet leans into a turn on a dirt track, kicking up dust as they navigate a course marked by a yellow safety barrier and red-and-white tape. In the background, spectators and a dark van are visible under a bright, partly cloudy sky."
flickr30k_retrieval_2000_seed2,qwen_prompt,qwen_prompt__flickr30k_retrieval_2000_seed2,observer_specific_supported,Observer Specific Supported,1564,1564,flickr30k_test_008050,"A male performer with curly hair, wearing a red shirt and jeans, is singing into a microphone while crouched on a dimly lit stage. Behind him, a drum kit with a red star on the bass drum and a guitarist seated at an amplifier are visible. The stage floor is marked with yellow tape, and"
flickr30k_retrieval_2000_seed2,qwen_prompt,qwen_prompt__flickr30k_retrieval_2000_seed2,observer_specific_supported,Observer Specific Supported,1565,1565,flickr30k_test_024478,"A person in a white superhero costume with a black cape and yellow boots is captured mid-leap on a patterned pavement, arms raised in a dynamic pose. Behind them, a yellow DHL bus is parked, and several pedestrians are visible in the background, some observing the scene. The setting appears to be an outdoor"
flickr30k_retrieval_2000_seed2,qwen_prompt,qwen_prompt__flickr30k_retrieval_2000_seed2,observer_specific_supported,Observer Specific Supported,1566,1566,flickr30k_test_021399,"A young couple stands close together in a bustling urban plaza, the man in a blue jacket and the woman in a dark jacket and jeans, both smiling as they pose for a photo. Behind them, a crowd of pedestrians walks across the wide, paved square, some carrying bags or pushing strollers. In the background,"
flickr30k_retrieval_2000_seed2,qwen_prompt,qwen_prompt__flickr30k_retrieval_2000_seed2,observer_specific_supported,Observer Specific Supported,1567,1567,flickr30k_test_021630,"A male athlete in a blue tank top and a purple plaid kilt is mid-throw during a hammer throw competition, his body twisted in a powerful rotational motion as he swings the heavy metal hammer toward the field. The event appears to be taking place outdoors on a grassy field, with spectators and colorful banners—including"
flickr30k_retrieval_2000_seed2,qwen_prompt,qwen_prompt__flickr30k_retrieval_2000_seed2,observer_specific_supported,Observer Specific Supported,1568,1568,flickr30k_test_012675,"A person in a blue jacket is actively climbing a large, mossy boulder in a dense, leafless forest, using their hands and feet to grip the rock’s surface while surrounded by thick, gnarled tree trunks."
flickr30k_retrieval_2000_seed2,qwen_prompt,qwen_prompt__flickr30k_retrieval_2000_seed2,observer_specific_supported,Observer Specific Supported,1569,1569,flickr30k_test_003839,"At night, under artificial lighting, several greyhounds race along a dirt track, their bodies low and stretched as they sprint. In the foreground, a greyhound wearing a yellow and black racing jacket with a red star is in the lead, closely followed by another greyhound in a blue and white jacket. A third"
flickr30k_retrieval_2000_seed2,qwen_prompt,qwen_prompt__flickr30k_retrieval_2000_seed2,observer_specific_supported,Observer Specific Supported,1570,1570,flickr30k_test_014177,"A young boy with dark hair, wearing a bright orange patterned shirt, is intently reading a colorful children’s book titled “Jaya and the Magic Book” while standing outdoors at what appears to be a public event or fair, with other people and vendor stalls visible in the background."
flickr30k_retrieval_2000_seed2,qwen_prompt,qwen_prompt__flickr30k_retrieval_2000_seed2,observer_specific_supported,Observer Specific Supported,1571,1571,flickr30k_test_019595,"A crowd of people, including an elderly Asian couple in puffer jackets and a woman in a black jacket, gathers closely around a market stall displaying fresh produce and white, possibly coconut, items, suggesting a busy, communal shopping scene."
flickr30k_retrieval_2000_seed2,qwen_prompt,qwen_prompt__flickr30k_retrieval_2000_seed2,observer_specific_supported,Observer Specific Supported,1572,1572,flickr30k_test_015121,"A shirtless man in red swim trunks pushes a stroller along the shoreline, with a child visible inside. A woman in a light blue tank top and green shorts walks beside them, carrying a blue bag. In the background, other beachgoers are visible, including a person in a white hat, and a"
flickr30k_retrieval_2000_seed2,qwen_prompt,qwen_prompt__flickr30k_retrieval_2000_seed2,observer_specific_supported,Observer Specific Supported,1573,1573,flickr30k_test_020454,"A young child with blonde hair and a pink plaid sun hat is eating an ice cream cone outdoors on a grassy lawn, with a dollop of white ice cream visibly smeared on their lips."
flickr30k_retrieval_2000_seed2,qwen_prompt,qwen_prompt__flickr30k_retrieval_2000_seed2,observer_specific_supported,Observer Specific Supported,1574,1574,flickr30k_test_017081,"Inside a bustling outdoor market stall, a woman in a red jacket stands smiling beside a wooden counter, her hand resting on her hip as she interacts with a man in a plaid shirt who is leaning over the counter. Behind her, another man in a dark jacket with white stripes stands near a green umbrella, looking toward"
flickr30k_retrieval_2000_seed2,qwen_prompt,qwen_prompt__flickr30k_retrieval_2000_seed2,observer_specific_supported,Observer Specific Supported,1575,1575,flickr30k_test_014896,"A red, white, and blue rally car is speeding along a dusty, unpaved road, kicking up a large cloud of brown dust behind it. A person in a green shirt stands on the grassy verge in the background, observing the vehicle. The car’s rear is visible, showing a license plate and sponsor decals"
flickr30k_retrieval_2000_seed2,qwen_prompt,qwen_prompt__flickr30k_retrieval_2000_seed2,observer_specific_supported,Observer Specific Supported,1576,1576,flickr30k_test_002954,"On a gray, overcast day at a construction site, a group of workers in high-visibility orange and yellow safety vests are actively engaged in roadwork. In the foreground, two workers walk toward the center of the scene, while a third worker in a yellow vest walks away from the camera. To the right,"
flickr30k_retrieval_2000_seed2,qwen_prompt,qwen_prompt__flickr30k_retrieval_2000_seed2,observer_specific_supported,Observer Specific Supported,1577,1577,flickr30k_test_024310,"An elderly man dressed in a formal, ceremonial red uniform with gold trim and a black tricorn hat adorned with white feathers is holding a bouquet of vibrant red roses. His eyes are closed and his expression is solemn, suggesting he is deeply focused or emotionally moved. The setting appears to be a public outdoor event, with other"
flickr30k_retrieval_2000_seed2,qwen_prompt,qwen_prompt__flickr30k_retrieval_2000_seed2,observer_specific_supported,Observer Specific Supported,1578,1578,flickr30k_test_027296,"An artist wearing a black hoodie and cap stands on a wooden scaffolding, carefully applying spray paint to a large, textured mural on a wall. The mural features swirling blue and earth-toned patterns, and the artist’s focused posture suggests they are in the midst of creating or refining the artwork under an overcast sky."
flickr30k_retrieval_2000_seed2,qwen_prompt,qwen_prompt__flickr30k_retrieval_2000_seed2,observer_specific_supported,Observer Specific Supported,1579,1579,flickr30k_test_012797,"Children play baseball in a sunlit plaza, with one boy in a red cap and blue pants swinging a bat at a ball while others watch or run nearby. Tall palm trees and a grand, light-colored neoclassical building with arched windows and columns frame the scene, and a large white-and-black lampp"
flickr30k_retrieval_2000_seed2,qwen_prompt,qwen_prompt__flickr30k_retrieval_2000_seed2,observer_specific_supported,Observer Specific Supported,1580,1580,flickr30k_test_014829,"A black dog with a red collar is wading in shallow, murky water,低头低头低头低头低头低头低头低头低头低头低头低头低头低头低头低头低头低头低头低头低头低头低头低头低头低头低头低头低头低头低头低头低头低头低头低头低头低头低头低头低头低头低头低头低头低头低头低头"
flickr30k_retrieval_2000_seed2,qwen_prompt,qwen_prompt__flickr30k_retrieval_2000_seed2,observer_specific_supported,Observer Specific Supported,1581,1581,flickr30k_test_020194,"A man in a black top hat and white face paint, dressed as a classic mime, gestures animatedly while holding a small golden object, engaging with a laughing woman in a patterned dress who holds a microphone. A man in a blue suit stands beside her, also holding a microphone, as they all appear to be"
flickr30k_retrieval_2000_seed2,qwen_prompt,qwen_prompt__flickr30k_retrieval_2000_seed2,observer_specific_supported,Observer Specific Supported,1582,1582,flickr30k_test_030850,"A young woman with long, dark, wavy hair sits at a metal table outdoors, her gaze directed downward at a plate of green beans in front of her. She wears a plain white t-shirt and appears to be in a moment of quiet contemplation or mild distraction, with her right arm resting on the table and"
flickr30k_retrieval_2000_seed2,qwen_prompt,qwen_prompt__flickr30k_retrieval_2000_seed2,observer_specific_supported,Observer Specific Supported,1583,1583,flickr30k_test_025091,"A young woman with long, reddish-brown hair sits on a concrete bench beside a textured stone wall, her gaze directed slightly away from the camera. Behind her, a large, rust-colored heart-shaped graffiti is painted on the wall, and a blue metal handrail runs along the top edge. To the left,"
flickr30k_retrieval_2000_seed2,qwen_prompt,qwen_prompt__flickr30k_retrieval_2000_seed2,observer_specific_supported,Observer Specific Supported,1584,1584,flickr30k_test_023309,"A group of people in a blue raft labeled “KRE 11” navigates turbulent whitewater rapids, paddling with coordinated effort. One person, wearing a red life vest, is suspended mid-air above the river, seemingly having just jumped or been launched from the raft, with their legs extended and arms"
flickr30k_retrieval_2000_seed2,qwen_prompt,qwen_prompt__flickr30k_retrieval_2000_seed2,observer_specific_supported,Observer Specific Supported,1585,1585,flickr30k_test_022810,"Three visitors—two women and one man—are standing in front of a framed painting, observing it intently. The man, wearing an orange polo shirt and light-colored pants, has his hands on his hips, while the woman beside him has curly, reddish-brown hair. The painting, which depicts a figure lying"
flickr30k_retrieval_2000_seed2,qwen_prompt,qwen_prompt__flickr30k_retrieval_2000_seed2,observer_specific_supported,Observer Specific Supported,1586,1586,flickr30k_test_024219,"A police officer in uniform stands with his back to the camera, observing a group of people gathered on a city sidewalk near a white cart. Among them, a woman in a red bikini top and striped shorts is interacting with another woman who is holding a microphone, suggesting a public performance or protest. A man in sunglasses and"
flickr30k_retrieval_2000_seed2,qwen_prompt,qwen_prompt__flickr30k_retrieval_2000_seed2,observer_specific_supported,Observer Specific Supported,1587,1587,flickr30k_test_011886,"A man in a blue pinstripe suit and glasses stands leaning against a building’s textured stone facade, holding a newspaper open as he reads. He has a cigarette in his mouth and wears a watch on his left wrist. The scene is set in an urban environment, with reflections of buildings visible in the glass surface beside"
flickr30k_retrieval_2000_seed2,qwen_prompt,qwen_prompt__flickr30k_retrieval_2000_seed2,observer_specific_supported,Observer Specific Supported,1588,1588,flickr30k_test_029926,"Two archers are competing on a green turf field, with one in the foreground drawing his bow and aiming, while another in a red shirt stands behind him, also holding a bow. Both are wearing athletic attire and archery gear, including quivers and stabilizers. The background features a purple and green patterned wall"
flickr30k_retrieval_2000_seed2,qwen_prompt,qwen_prompt__flickr30k_retrieval_2000_seed2,observer_specific_supported,Observer Specific Supported,1589,1589,flickr30k_test_026155,"Two men are in a green wooden boat on calm blue water, engaged in fishing. The man at the stern, wearing a white hat and green shirt, is paddling with a green oar. The man at the bow, wearing a red shirt and a head covering, is handling a fishing net, with part of"
flickr30k_retrieval_2000_seed2,qwen_prompt,qwen_prompt__flickr30k_retrieval_2000_seed2,observer_specific_supported,Observer Specific Supported,1590,1590,flickr30k_test_018252,"A group of five people—three women and two men—stand clustered on a city sidewalk near a bus stop, engaged in conversation. One woman in a striped top and black pants gestures with her hands as she speaks, while a man in a brown jacket and blue jeans listens, holding a small bag. Another man in"
flickr30k_retrieval_2000_seed2,qwen_prompt,qwen_prompt__flickr30k_retrieval_2000_seed2,observer_specific_supported,Observer Specific Supported,1591,1591,flickr30k_test_011429,"Four dogs are running across a snowy field with patches of dry grass, their movements suggesting active play or chase. From left to right: a shaggy brown and white dog, a tan and black dog with a collar, a light-colored dog, and a black and tan dog. The scene is outdoors in a natural"
flickr30k_retrieval_2000_seed2,qwen_prompt,qwen_prompt__flickr30k_retrieval_2000_seed2,observer_specific_supported,Observer Specific Supported,1592,1592,flickr30k_test_005425,"A man in a dark jacket and light pants walks across a wet street marked with yellow stripes, sheltering under a snowfall. Behind him, a graffiti-covered wall with bold orange and blue lettering stands beside a parked white utility truck. Traffic signs, including a red “Do Not Enter” sign, are visible on"
flickr30k_retrieval_2000_seed2,qwen_prompt,qwen_prompt__flickr30k_retrieval_2000_seed2,observer_specific_supported,Observer Specific Supported,1593,1593,flickr30k_test_004813,"A man with long, dark hair is climbing a thick tree trunk in a dense, green jungle, gripping the bark with both hands and using his legs to push upward, surrounded by the vertical trunks and lush foliage of the forest."
flickr30k_retrieval_2000_seed2,qwen_prompt,qwen_prompt__flickr30k_retrieval_2000_seed2,observer_specific_supported,Observer Specific Supported,1594,1594,flickr30k_test_007648,"A black and tan dog with alert ears and an open mouth stands on a sandy beach, its front paws slightly splayed as it focuses intently on a stick being held by a person’s hand just out of frame. Behind the dog, a line of green vegetation and scattered driftwood and rocks borders the shoreline under"
flickr30k_retrieval_2000_seed2,qwen_prompt,qwen_prompt__flickr30k_retrieval_2000_seed2,observer_specific_supported,Observer Specific Supported,1595,1595,flickr30k_test_021776,"A person in a beige jacket and blue jeans walks across a wet, littered asphalt road, holding a large Chilean flag that flaps in the wind. In the background, a wide, misty spray of water—likely from a police water cannon—fogs the air, obscuring buildings and trees on a"
flickr30k_retrieval_2000_seed2,qwen_prompt,qwen_prompt__flickr30k_retrieval_2000_seed2,observer_specific_supported,Observer Specific Supported,1596,1596,flickr30k_test_029371,"A woman in a white astronaut suit stands on a brick patio, being embraced from the side by a younger woman in a black and yellow shirt. To their left, another woman in a light jacket and glasses watches the interaction, holding a green bag. Behind them, large white domed observatory buildings are visible under a"
flickr30k_retrieval_2000_seed2,qwen_prompt,qwen_prompt__flickr30k_retrieval_2000_seed2,observer_specific_supported,Observer Specific Supported,1597,1597,flickr30k_test_021274,"At night, a crowd gathers in a city plaza beneath a large, glowing orange spherical lantern suspended overhead, with the illuminated, geometrically patterned facade of a modern building and a backdrop of tall skyscrapers visible behind them."
flickr30k_retrieval_2000_seed2,qwen_prompt,qwen_prompt__flickr30k_retrieval_2000_seed2,observer_specific_supported,Observer Specific Supported,1598,1598,flickr30k_test_005698,"A woman in a black hat and white sweater stands in a doorway, holding a white cloth, while her reflection in the bathroom mirror shows her leaning forward, smiling, and holding a broom."
flickr30k_retrieval_2000_seed2,qwen_prompt,qwen_prompt__flickr30k_retrieval_2000_seed2,observer_specific_supported,Observer Specific Supported,1599,1599,flickr30k_test_013385,"A group of young people is gathered on the front steps and porch of a large, two-story white house with a wraparound porch and decorative railings, posing for a photo under a clear blue sky. Some are sitting on the steps, while others stand or lean against the porch railing, all looking toward the camera."
flickr30k_retrieval_2000_seed2,qwen_prompt,qwen_prompt__flickr30k_retrieval_2000_seed2,observer_specific_supported,Observer Specific Supported,1600,1600,flickr30k_test_014783,"A person wearing a dark hat, a light-colored t-shirt, and gray pants stands atop a rocky outcrop, balancing on one foot with their arms raised in a dynamic, expressive pose. Below them, a vast expanse of dense green forest stretches toward a hazy horizon under a bright, partly cloudy sky. The"
flickr30k_retrieval_2000_seed2,qwen_prompt,qwen_prompt__flickr30k_retrieval_2000_seed2,observer_specific_supported,Observer Specific Supported,1601,1601,flickr30k_test_016346,"A woman in a straw hat and tank top stands beside a white compact car parked in a lot, smiling as she poses for the camera. The car is heavily loaded with cargo strapped to its roof: a green upholstered armchair, several large black tires, and a long wooden plank. The scene suggests a road trip"
flickr30k_retrieval_2000_seed2,qwen_prompt,qwen_prompt__flickr30k_retrieval_2000_seed2,observer_specific_supported,Observer Specific Supported,1602,1602,flickr30k_test_023209,"A young girl in a dark hooded jacket stands with her arms crossed, looking off to the side with a pensive expression, as rain falls around her. Behind her, a silver SUV is partially visible, and in the background, other pedestrians — including one holding a black umbrella — are blurred by motion, suggesting a"
flickr30k_retrieval_2000_seed2,qwen_prompt,qwen_prompt__flickr30k_retrieval_2000_seed2,observer_specific_supported,Observer Specific Supported,1603,1603,flickr30k_test_023659,"A young woman with glasses, wearing a hospital gown, lies in a hospital bed, gently holding and looking down at her newborn baby wrapped in a striped blanket. The baby, swaddled and wearing a white cap, rests peacefully in her arms. The scene is set in a hospital room, with a patterned arm"
flickr30k_retrieval_2000_seed2,qwen_prompt,qwen_prompt__flickr30k_retrieval_2000_seed2,observer_specific_supported,Observer Specific Supported,1604,1604,flickr30k_test_026478,"A man and a woman are seated together in a large, industrial-style venue, smiling and looking toward something off-camera with engaged expressions. The man, wearing a black and red long-sleeved shirt with a “Into the Gap” logo, holds a clear plastic cup with a red straw. The woman beside him,"
flickr30k_retrieval_2000_seed2,qwen_prompt,qwen_prompt__flickr30k_retrieval_2000_seed2,observer_specific_supported,Observer Specific Supported,1605,1605,flickr30k_test_005657,"A skateboarder in a striped shirt and jeans is mid-air, performing a trick above a concrete ledge, with a chain-link fence and bare trees visible in the background under an overcast sky."
flickr30k_retrieval_2000_seed2,qwen_prompt,qwen_prompt__flickr30k_retrieval_2000_seed2,observer_specific_supported,Observer Specific Supported,1606,1606,flickr30k_test_013336,"A basketball player in a white and green uniform, number 21, is captured mid-air, executing a powerful dunk as the ball passes through the net. His focused expression and upward gaze indicate intense concentration. Another player, partially visible on the right, appears to be defending or contesting the play. The background shows"
flickr30k_retrieval_2000_seed2,qwen_prompt,qwen_prompt__flickr30k_retrieval_2000_seed2,observer_specific_supported,Observer Specific Supported,1607,1607,flickr30k_test_008649,"Two men are standing on a sidewalk near a red public telephone booth, engaged in conversation. One man, wearing a white polo shirt and khaki pants, holds a small piece of paper and appears to be speaking. The other man, in a striped shirt and khaki pants, faces him with his arm extended, seemingly"
flickr30k_retrieval_2000_seed2,qwen_prompt,qwen_prompt__flickr30k_retrieval_2000_seed2,observer_specific_supported,Observer Specific Supported,1608,1608,flickr30k_test_029874,"A female athlete in a blue and white uniform is captured mid-stride on a red athletics track, holding a pink javelin in her right hand, preparing to throw. Her body is angled forward, and her left leg is lifted, indicating motion. The bright sunlight casts a sharp, elongated shadow of her figure onto"
flickr30k_retrieval_2000_seed2,qwen_prompt,qwen_prompt__flickr30k_retrieval_2000_seed2,observer_specific_supported,Observer Specific Supported,1609,1609,flickr30k_test_010243,"Three people are seated at a wooden bar, engaged in conversation. A man in a dark sweater sits in the center, looking toward his right, while a woman with glasses, smiling and resting her chin on her hand, sits beside him. In front of them are two pints of beer—one with a visible Guinness label"
flickr30k_retrieval_2000_seed2,qwen_prompt,qwen_prompt__flickr30k_retrieval_2000_seed2,observer_specific_supported,Observer Specific Supported,1610,1610,flickr30k_test_018688,"A group of young people, including several teenagers and a few adults, are collaboratively working on the roof of a small wooden structure, likely a shed or outbuilding, in a grassy, tree-lined outdoor area. Some are standing on a low platform made of stacked concrete blocks and a metal barrel, reaching up to"
flickr30k_retrieval_2000_seed2,qwen_prompt,qwen_prompt__flickr30k_retrieval_2000_seed2,observer_specific_supported,Observer Specific Supported,1611,1611,flickr30k_test_030030,"Two women are laughing and leaning over a Monopoly game board on a dark wooden table, engaged in a lively game; one in a red sweater is reaching for a red cup, while the other in a gray and black top rests her chin on her hand, both smiling. A third person in a striped shirt is partially"
flickr30k_retrieval_2000_seed2,qwen_prompt,qwen_prompt__flickr30k_retrieval_2000_seed2,observer_specific_supported,Observer Specific Supported,1612,1612,flickr30k_test_021195,"A man in a light blue shirt stands at a microphone in front of a seated audience, presenting information displayed on a large board covered with numerous pinned papers. The audience, composed of diverse individuals, is seated in rows of chairs, attentively facing the speaker. The setting appears to be a community hall or meeting room,"
flickr30k_retrieval_2000_seed2,qwen_prompt,qwen_prompt__flickr30k_retrieval_2000_seed2,observer_specific_supported,Observer Specific Supported,1613,1613,flickr30k_test_023408,"A young woman in a green cap and a gray ruffled top sits in the foreground, her gaze directed off-camera to the right, while beside her, a woman with reddish hair and a white Puma t-shirt also looks in the same direction, her expression attentive. Behind them, other people are seated in what"
flickr30k_retrieval_2000_seed2,qwen_prompt,qwen_prompt__flickr30k_retrieval_2000_seed2,observer_specific_supported,Observer Specific Supported,1614,1614,flickr30k_test_025676,"Two men are working together on a wooden scaffold to construct or repair a large, thatched roof structure, carefully placing long, dried reed-like stalks onto the growing thatch. One man stands atop the scaffold, guiding the material, while the other, below, lifts and positions a bundle. A yellow sign with"
flickr30k_retrieval_2000_seed2,qwen_prompt,qwen_prompt__flickr30k_retrieval_2000_seed2,observer_specific_supported,Observer Specific Supported,1615,1615,flickr30k_test_029369,"Two shirtless men, one in blue swim trunks and the other in black, are shaking hands in front of a row of international flags under a clear blue sky. Behind them is a building with a balcony and a sign that reads “ENGINEER.” A few spectators are visible in the background, including a child in"
flickr30k_retrieval_2000_seed2,qwen_prompt,qwen_prompt__flickr30k_retrieval_2000_seed2,observer_specific_supported,Observer Specific Supported,1616,1616,flickr30k_test_008668,"A young girl with blonde hair, wearing a blue shirt and jeans, carefully steps along a rocky, uneven trail through a sunlit, brushy hillside dotted with dense green juniper trees under a bright blue sky with scattered white clouds."
flickr30k_retrieval_2000_seed2,qwen_prompt,qwen_prompt__flickr30k_retrieval_2000_seed2,observer_specific_supported,Observer Specific Supported,1617,1617,flickr30k_test_021964,"A man and a woman are seated closely together on a dark leather couch in a dimly lit, intimate bar or lounge, engaged in a quiet conversation. The man, wearing a light-colored shirt and tie, leans toward the woman, who has long red hair and is smiling slightly. Two glasses with straws sit on"
flickr30k_retrieval_2000_seed2,qwen_prompt,qwen_prompt__flickr30k_retrieval_2000_seed2,observer_specific_supported,Observer Specific Supported,1618,1618,flickr30k_test_010274,"A mountain biker in full gear is airborne, having launched off a wooden ramp in a forested area, with trees and mossy ground visible in the foreground and background."
flickr30k_retrieval_2000_seed2,qwen_prompt,qwen_prompt__flickr30k_retrieval_2000_seed2,observer_specific_supported,Observer Specific Supported,1619,1619,flickr30k_test_021869,"A young couple walks away from the camera down a paved sidewalk, their arms linked in a close, affectionate gesture. The woman, wearing a pink hoodie and denim shorts over leggings, carries a white shoulder bag. The man, in a purple hoodie and dark pants, carries a black backpack. Their relaxed posture and synchronized"
flickr30k_retrieval_2000_seed2,qwen_prompt,qwen_prompt__flickr30k_retrieval_2000_seed2,observer_specific_supported,Observer Specific Supported,1620,1620,flickr30k_test_000377,"A shirtless man reclines in a folding chair on a paved sidewalk, appearing to rest or nap with his eyes closed. Behind him, a large black planter holds a small palm tree, and a light green corrugated awning extends over a doorway with a metal grille. Several bicycles are parked nearby, leaning"
flickr30k_retrieval_2000_seed2,qwen_prompt,qwen_prompt__flickr30k_retrieval_2000_seed2,observer_specific_supported,Observer Specific Supported,1621,1621,flickr30k_test_013134,"Three men are working together to assemble or adjust a large, curved metal stage structure inside a theater, with red seats visible in the background."
flickr30k_retrieval_2000_seed2,qwen_prompt,qwen_prompt__flickr30k_retrieval_2000_seed2,observer_specific_supported,Observer Specific Supported,1622,1622,flickr30k_test_019409,"A live band performs on a small, warmly lit stage decorated with string lights, with four musicians playing guitars and singing. In the foreground, tables covered in red tablecloths and empty chairs suggest the venue is set up for an audience, though no one is seated. The stage is framed by wooden panels and illuminated by"
flickr30k_retrieval_2000_seed2,qwen_prompt,qwen_prompt__flickr30k_retrieval_2000_seed2,observer_specific_supported,Observer Specific Supported,1623,1623,flickr30k_test_001319,"Two men are engaged in a conversation outdoors, seated at a wooden table with a water bottle and a glass visible. The man on the left, wearing a dark pinstripe suit and glasses, is smiling and holding a smartphone, appearing to show or discuss something on its screen. The man on the right, with white"
flickr30k_retrieval_2000_seed2,qwen_prompt,qwen_prompt__flickr30k_retrieval_2000_seed2,observer_specific_supported,Observer Specific Supported,1624,1624,flickr30k_test_006752,"A woman with short, wavy brown hair and sunglasses stands on a grassy area, wearing a black coat, a plaid skirt, and dark tights. She holds a cigarette in her right hand and looks toward the left side of the frame. Behind her, a street with parked cars is visible, including a"
flickr30k_retrieval_2000_seed2,qwen_prompt,qwen_prompt__flickr30k_retrieval_2000_seed2,observer_specific_supported,Observer Specific Supported,1625,1625,flickr30k_test_014900,"Two women are engaged in a conversation indoors, with the younger woman on the right gesturing with her hands while speaking, and the older woman on the left listening attentively while holding an orange bag. Both are wearing necklaces, and the younger woman has a ring on her finger. The setting appears to be a casual"
flickr30k_retrieval_2000_seed2,qwen_prompt,qwen_prompt__flickr30k_retrieval_2000_seed2,observer_specific_supported,Observer Specific Supported,1626,1626,flickr30k_test_003320,"A person stands with arms outstretched on a rocky, snow-dusted shore beside a glacier, posing for a photo in front of a massive, ice-covered icefall and a meltwater stream flowing toward the foreground."
flickr30k_retrieval_2000_seed2,qwen_prompt,qwen_prompt__flickr30k_retrieval_2000_seed2,observer_specific_supported,Observer Specific Supported,1627,1627,flickr30k_test_003745,"A person in a green camouflage jacket and black beanie stands smiling in a snowy, brushy field, holding a camera in one hand and gesturing with the other, partially framed by bare, tangled branches in the foreground."
flickr30k_retrieval_2000_seed2,qwen_prompt,qwen_prompt__flickr30k_retrieval_2000_seed2,observer_specific_supported,Observer Specific Supported,1628,1628,flickr30k_test_000350,"A solitary figure in silhouette stands on a rooftop, gazing out over a cityscape where construction cranes rise above partially built high-rises, with rolling hills and distant buildings fading into the hazy horizon under a pale sky."
flickr30k_retrieval_2000_seed2,qwen_prompt,qwen_prompt__flickr30k_retrieval_2000_seed2,observer_specific_supported,Observer Specific Supported,1629,1629,flickr30k_test_030876,"A circus performer in a vibrant yellow and red costume, complete with a feathered headdress, balances atop a tall metal A-frame structure while holding a yellow baton, as another performer in a similar costume hangs upside down from a horizontal bar below, surrounded by an audience seated on the grass in a park setting."
flickr30k_retrieval_2000_seed2,qwen_prompt,qwen_prompt__flickr30k_retrieval_2000_seed2,observer_specific_supported,Observer Specific Supported,1630,1630,flickr30k_test_027429,"A BMX rider in a red ""Sky"" jersey and white helmet leans into a turn on a blue and white bike, mid-action on a dirt track with black and blue padded barriers in the background."
flickr30k_retrieval_2000_seed2,qwen_prompt,qwen_prompt__flickr30k_retrieval_2000_seed2,observer_specific_supported,Observer Specific Supported,1631,1631,flickr30k_test_011876,"A woman in a tan winter coat and black beanie stands inside a dimly lit building, looking out through a glass door marked with yellow “CAUTION” tape. She holds the door handle, her expression serious as she gazes at the scene beyond, suggesting she is observing or assessing a situation that has been cord"
flickr30k_retrieval_2000_seed2,qwen_prompt,qwen_prompt__flickr30k_retrieval_2000_seed2,observer_specific_supported,Observer Specific Supported,1632,1632,flickr30k_test_010568,"A woman with short reddish-brown hair and glasses, wearing a red long-sleeved shirt and denim skirt, is in the middle of a bowling motion, holding an orange bowling ball in her right hand as she prepares to release it down the lane. She is smiling and appears focused on her throw. The scene"
flickr30k_retrieval_2000_seed2,qwen_prompt,qwen_prompt__flickr30k_retrieval_2000_seed2,observer_specific_supported,Observer Specific Supported,1633,1633,flickr30k_test_019825,"A group of four people — a young woman holding a small child, a middle-aged woman with glasses, and an older woman with her hand on her forehead — are gathered around a table in a warmly lit living room, engaged in a board game. The table is covered with a colorful tablecloth and holds game pieces and"
flickr30k_retrieval_2000_seed2,qwen_prompt,qwen_prompt__flickr30k_retrieval_2000_seed2,observer_specific_supported,Observer Specific Supported,1634,1634,flickr30k_test_010381,"A man in a gray Adidas t-shirt and khaki shorts stands beside a bright yellow bicycle on a paved sidewalk, holding the handlebars. He wears a yellow helmet, a black wristband, and sandals, and appears to be waiting or pausing. In the background, other pedestrians are walking or standing in what looks"
flickr30k_retrieval_2000_seed2,qwen_prompt,qwen_prompt__flickr30k_retrieval_2000_seed2,observer_specific_supported,Observer Specific Supported,1635,1635,flickr30k_test_024024,"Three silhouetted individuals are seated at a table inside a café or restaurant, viewed through a window. On the left, a person holds a phone, seemingly engaged with it; in the center, a child stands near a large plastic bag, looking down; on the right, a man rests his chin on his"
flickr30k_retrieval_2000_seed2,qwen_prompt,qwen_prompt__flickr30k_retrieval_2000_seed2,observer_specific_supported,Observer Specific Supported,1636,1636,flickr30k_test_013304,"Two people stand in silhouette before a brightly lit carnival-style prize wheel, their backs to the camera, seemingly waiting for their turn to spin. A man in a red hooded jacket stands slightly behind them, observing. The wheel, adorned with colorful prize sections and a starburst center, is set against a vibrant, striped"
flickr30k_retrieval_2000_seed2,qwen_prompt,qwen_prompt__flickr30k_retrieval_2000_seed2,observer_specific_supported,Observer Specific Supported,1637,1637,flickr30k_test_005853,"A young child with tousled hair and sunglasses sits at the top of a bright blue plastic slide, poised to descend, while sand surrounds the base of the structure."
flickr30k_retrieval_2000_seed2,qwen_prompt,qwen_prompt__flickr30k_retrieval_2000_seed2,observer_specific_supported,Observer Specific Supported,1638,1638,flickr30k_test_027312,"A motorcyclist wearing a red and white helmet and protective gear leans into a turn on a yellow and black dirt bike, with spectators standing behind a red-and-white barrier, watching the event."
flickr30k_retrieval_2000_seed2,qwen_prompt,qwen_prompt__flickr30k_retrieval_2000_seed2,observer_specific_supported,Observer Specific Supported,1639,1639,flickr30k_test_010670,"A young man with dark, tousled hair, wearing a red jacket over a black shirt, stands on a city sidewalk and gives a cheerful thumbs-up while holding a Japanese train ticket. His eyes are closed and mouth is open in a wide, expressive grin, suggesting excitement or satisfaction. In the background, a storefront with"
flickr30k_retrieval_2000_seed2,qwen_prompt,qwen_prompt__flickr30k_retrieval_2000_seed2,observer_specific_supported,Observer Specific Supported,1640,1640,flickr30k_test_025653,"Fishermen wade into shallow coastal waters, working together to haul in a large net, with a small blue boat anchored nearby and several other boats visible on the horizon under a calm, bright sky."
flickr30k_retrieval_2000_seed2,qwen_prompt,qwen_prompt__flickr30k_retrieval_2000_seed2,observer_specific_supported,Observer Specific Supported,1641,1641,flickr30k_test_002636,"A vendor with graying hair and a mustache, wearing a black shirt and a silver bracelet, carefully weighs a small item on a scale for a customer. The customer, seen from behind in a blue and white striped shirt, extends their hand to receive the item. They are at an outdoor fruit stand, with crates"
flickr30k_retrieval_2000_seed2,qwen_prompt,qwen_prompt__flickr30k_retrieval_2000_seed2,observer_specific_supported,Observer Specific Supported,1642,1642,flickr30k_test_017264,"A man with a beard and a backward cap, wearing a striped shirt and dark pants, is crouched on the floor, laughing heartily with his head tilted back. He is surrounded by musical equipment, including a guitar case and a small amplifier on a wooden table. Standing nearby, another man in a black t"
flickr30k_retrieval_2000_seed2,qwen_prompt,qwen_prompt__flickr30k_retrieval_2000_seed2,observer_specific_supported,Observer Specific Supported,1643,1643,flickr30k_test_019653,"A young child, bundled in a green fleece jacket, red mittens, and a navy blue beanie with a sheep logo, sits in a colorful folding chair on a grassy lawn. The child is holding a wrapped candy or snack and has one tan work boot propped up, suggesting a relaxed, outdoor moment."
flickr30k_retrieval_2000_seed2,qwen_prompt,qwen_prompt__flickr30k_retrieval_2000_seed2,observer_specific_supported,Observer Specific Supported,1644,1644,flickr30k_test_015735,"A man in a beanie and hoodie stands on a sidewalk, gazing out over a cityscape that includes the iconic Space Needle, while a woman crosses the street nearby under a red traffic light."
flickr30k_retrieval_2000_seed2,qwen_prompt,qwen_prompt__flickr30k_retrieval_2000_seed2,observer_specific_supported,Observer Specific Supported,1645,1645,flickr30k_test_013183,"A woman in a red jacket and jeans stands on a grassy field with bare trees in the background, gesturing with her right hand as if calling or directing a dog. A black and tan Belgian Malinois runs toward her with its mouth open, appearing alert and engaged in the activity. The scene suggests an outdoor training"
flickr30k_retrieval_2000_seed2,qwen_prompt,qwen_prompt__flickr30k_retrieval_2000_seed2,observer_specific_supported,Observer Specific Supported,1646,1646,flickr30k_test_020316,"A young girl in a pink outfit is suspended mid-air on a bungee trampoline, her body arched as she bounces, while a man in a black shirt and white shorts stands below, watching her. The trampoline’s blue and yellow metal frame dominates the foreground, with other people and a multi-story"
flickr30k_retrieval_2000_seed2,qwen_prompt,qwen_prompt__flickr30k_retrieval_2000_seed2,observer_specific_supported,Observer Specific Supported,1647,1647,flickr30k_test_030117,"A maroon Ford Fiesta with license plate CXZ-789 is parked on a dry, grassy field, while a black cow with curved horns stands nearby, calmly facing the camera. The scene suggests a rural or semi-rural setting where vehicles and livestock coexist."
flickr30k_retrieval_2000_seed2,qwen_prompt,qwen_prompt__flickr30k_retrieval_2000_seed2,observer_specific_supported,Observer Specific Supported,1648,1648,flickr30k_test_007712,"A woman with long dark hair, wearing an orange patterned top, sits on a brown checkered couch and gestures with her right hand while looking toward her left. Above her, a modern chandelier with multiple glass teardrop-shaped pendants hangs from the ceiling, casting a warm glow over the marble-patterned wall"
flickr30k_retrieval_2000_seed2,qwen_prompt,qwen_prompt__flickr30k_retrieval_2000_seed2,observer_specific_supported,Observer Specific Supported,1649,1649,flickr30k_test_029002,"A tightly packed group of motorcycle racers leans into a turn on a wet racetrack, kicking up spray as they compete closely for position; the riders, clad in full protective gear and helmets, are aboard brightly colored sportbikes, with one green and white bike in the foreground leading the pack."
flickr30k_retrieval_2000_seed2,qwen_prompt,qwen_prompt__flickr30k_retrieval_2000_seed2,observer_specific_supported,Observer Specific Supported,1650,1650,flickr30k_test_019767,"A man in a dark jacket and cap walks a golden-colored dog on a leash along a paved street in front of a weathered, graffiti-covered building with barred windows and a metal gate. The building’s facade shows signs of decay, with peeling paint and faded markings, while sparse greenery grows along a low stone"
flickr30k_retrieval_2000_seed2,qwen_prompt,qwen_prompt__flickr30k_retrieval_2000_seed2,observer_specific_supported,Observer Specific Supported,1651,1651,flickr30k_test_000604,"A young martial artist in a white gi with a red belt stands barefoot at the center of a green mat, arms extended wide in a formal stance, while other students in similar uniforms perform the same pose behind him, suggesting a synchronized demonstration or ceremonial routine at an outdoor event."
flickr30k_retrieval_2000_seed2,qwen_prompt,qwen_prompt__flickr30k_retrieval_2000_seed2,observer_specific_supported,Observer Specific Supported,1652,1652,flickr30k_test_011290,"A group of six people is gathered around a wooden dining table in a warmly lit, cozy room, sharing a meal. The table is laden with plates of food, including bowls of pasta and salad, glasses, and a bottle of wine. One woman in a green shirt sits near the center, while another in a red"
flickr30k_retrieval_2000_seed2,qwen_prompt,qwen_prompt__flickr30k_retrieval_2000_seed2,observer_specific_supported,Observer Specific Supported,1653,1653,flickr30k_test_009928,"A young boy with blond hair, shirtless and wearing green and black shorts, is crouched on a sandy beach, actively digging a hole with a red toy shovel. Behind him, a blue inflatable pool toy with yellow smiley faces rests on the sand."
flickr30k_retrieval_2000_seed2,qwen_prompt,qwen_prompt__flickr30k_retrieval_2000_seed2,observer_specific_supported,Observer Specific Supported,1654,1654,flickr30k_test_016169,"Three boys are actively engaged in a game of flag football on a grassy field near a body of water, with one boy in a blue shirt running with the ball while two others chase him, attempting to pull his red flag belt."
flickr30k_retrieval_2000_seed2,qwen_prompt,qwen_prompt__flickr30k_retrieval_2000_seed2,observer_specific_supported,Observer Specific Supported,1655,1655,flickr30k_test_004587,"A female tennis player, dressed in a light-colored t-shirt and dark shorts, stands on a red clay court holding a tennis racket in her left hand, her gaze directed downward. She wears a white wristband on her left wrist and a watch on her right. The background shows a dark netting fence and the blurred"
flickr30k_retrieval_2000_seed2,qwen_prompt,qwen_prompt__flickr30k_retrieval_2000_seed2,observer_specific_supported,Observer Specific Supported,1656,1656,flickr30k_test_023401,"A woman with dark hair, wearing a purple long-sleeved shirt, is leaning over a glass display case in a jewelry store, carefully arranging or inspecting red beaded necklaces and other jewelry items on a wooden shelf. The display case, framed in wood, is filled with numerous white mannequin busts"
flickr30k_retrieval_2000_seed2,qwen_prompt,qwen_prompt__flickr30k_retrieval_2000_seed2,observer_specific_supported,Observer Specific Supported,1657,1657,flickr30k_test_023172,"A woman in a white top and khaki shorts stands focused on her smartphone, holding it up as if taking a photo or video, while a man in a dark suit and glasses stands beside her, holding a white paper bag with red text. To their left, a person with a blue and black backpack walks past a"
flickr30k_retrieval_2000_seed2,qwen_prompt,qwen_prompt__flickr30k_retrieval_2000_seed2,observer_specific_supported,Observer Specific Supported,1658,1658,flickr30k_test_001679,"In a casual, lived-in kitchen, four young adults are gathered around a countertop, seemingly engaged in a relaxed, informal activity. A man in a bright green t-shirt and a beige cap is standing at the counter, actively preparing food — he’s holding a small utensil and appears to be stirring or handling something"
flickr30k_retrieval_2000_seed2,qwen_prompt,qwen_prompt__flickr30k_retrieval_2000_seed2,observer_specific_supported,Observer Specific Supported,1659,1659,flickr30k_test_000308,"From an overhead perspective, a large American flag is being carried by a crowd of people gathered on a street, with many individuals kneeling or sitting around it. The flag, with its red and white stripes and blue field of stars, is prominently displayed and appears to be the focal point of the gathering. The people, dressed"
flickr30k_retrieval_2000_seed2,qwen_prompt,qwen_prompt__flickr30k_retrieval_2000_seed2,observer_specific_supported,Observer Specific Supported,1660,1660,flickr30k_test_010807,"A protest march is underway on a city street under a partly cloudy sky, with demonstrators holding signs. In the foreground, a person in a red jacket and dark pants carries a large blue sign that reads “ASTI Save Our Schools.” To their left, another protester in a green jacket and black pants walks alongside. Behind"
flickr30k_retrieval_2000_seed2,qwen_prompt,qwen_prompt__flickr30k_retrieval_2000_seed2,observer_specific_supported,Observer Specific Supported,1661,1661,flickr30k_test_013297,"A soccer player in a white jersey and green shorts is dribbling a black-and-white soccer ball with his right foot on a grass field, while a defender in a light blue jersey with the number 2 attempts to close him down from the left. The scene takes place under stadium lights at night, with spectators visible in"
flickr30k_retrieval_2000_seed2,qwen_prompt,qwen_prompt__flickr30k_retrieval_2000_seed2,observer_specific_supported,Observer Specific Supported,1662,1662,flickr30k_test_015676,"At dusk along a riverside trail, a group of cyclists is actively riding and performing tricks on a grassy, dirt-built pump track. In the foreground, one rider is airborne on a BMX bike, executing a jump over a dirt mound, while another rider in a black helmet is mid-air on a similar bike"
flickr30k_retrieval_2000_seed2,qwen_prompt,qwen_prompt__flickr30k_retrieval_2000_seed2,observer_specific_supported,Observer Specific Supported,1663,1663,flickr30k_test_021344,"A woman with short brown hair, wearing glasses and a colorful patterned dress with a black belt, smiles broadly at the camera while standing outdoors against a red brick wall. She has extensive tattoos on both arms, including a large bird design on her left shoulder. Behind her, another woman with blonde hair, wearing a denim"
flickr30k_retrieval_2000_seed2,qwen_prompt,qwen_prompt__flickr30k_retrieval_2000_seed2,observer_specific_supported,Observer Specific Supported,1664,1664,flickr30k_test_029411,"Under a dim, covered market awning, a vendor in a brown shirt and white apron stands beside large piles of brightly colored marigold garlands—yellow, orange, and red—stacked on tarps and newspapers. Nearby, a man in a light vest and trousers leans against a pile of goods,"
flickr30k_retrieval_2000_seed2,qwen_prompt,qwen_prompt__flickr30k_retrieval_2000_seed2,observer_specific_supported,Observer Specific Supported,1665,1665,flickr30k_test_020100,"A diverse crowd of people walks along a tree-lined path in a park, many carrying bags and some holding signs, suggesting they are participating in a peaceful public gathering or march. In the foreground, a man in a white shirt and cap carries a large yellow tote bag, while others around him wear casual summer clothing. The"
flickr30k_retrieval_2000_seed2,qwen_prompt,qwen_prompt__flickr30k_retrieval_2000_seed2,observer_specific_supported,Observer Specific Supported,1666,1666,flickr30k_test_000163,"A warmly lit restaurant table is set with two plated dishes: one featuring two golden-brown fried items resting in a dark sauce, and the other holding a scoop of pale ice cream alongside a small macaron and garnishes. In the background, wine bottles line shelves, and glasses of water and wine are placed on the"
flickr30k_retrieval_2000_seed2,qwen_prompt,qwen_prompt__flickr30k_retrieval_2000_seed2,observer_specific_supported,Observer Specific Supported,1667,1667,flickr30k_test_028675,"A young girl in a blue hoodie is smiling and pointing at a large, white, hand-drawn clock with black numerals and hands, which she holds up while interacting with two women seated at a white counter. One woman, wearing a black beanie and a dark top, leans in with a smile, while the"
flickr30k_retrieval_2000_seed2,qwen_prompt,qwen_prompt__flickr30k_retrieval_2000_seed2,observer_specific_supported,Observer Specific Supported,1668,1668,flickr30k_test_015799,"A street performer in a vest and bowler hat juggles colorful balls while a young boy in a green “ROCKING” t-shirt watches intently, holding a toy top. They are on a sidewalk in front of a storefront with a “J.P. MUSTARD” sign, surrounded by a small crowd of"
flickr30k_retrieval_2000_seed2,qwen_prompt,qwen_prompt__flickr30k_retrieval_2000_seed2,observer_specific_supported,Observer Specific Supported,1669,1669,flickr30k_test_020934,"A group of people are wading in shallow water at the edge of a calm, expansive lake during twilight, with some standing and others appearing to interact or move through the water, while a grassy shoreline and the silhouette of tree branches frame the foreground."
flickr30k_retrieval_2000_seed2,qwen_prompt,qwen_prompt__flickr30k_retrieval_2000_seed2,observer_specific_supported,Observer Specific Supported,1670,1670,flickr30k_test_029705,"A man in a blue t-shirt and cargo pants stands on a metal scaffold, carefully adjusting or installing a long, white, suspended LED light fixture. He is focused on his task, using his hands to work near the fixture’s edge. The scene is set indoors, under a plain white ceiling with visible suspension wires,"
flickr30k_retrieval_2000_seed2,qwen_prompt,qwen_prompt__flickr30k_retrieval_2000_seed2,observer_specific_supported,Observer Specific Supported,1671,1671,flickr30k_test_018844,"A group of five women are engaged in a lively conversation in what appears to be a conference or event space, with one woman in a colorful patterned blouse gesturing animatedly as she speaks. The woman in the center, wearing a green and blue abstract print blouse, is the focal point of the interaction, her hand"
flickr30k_retrieval_2000_seed2,qwen_prompt,qwen_prompt__flickr30k_retrieval_2000_seed2,observer_specific_supported,Observer Specific Supported,1672,1672,flickr30k_test_006670,"A man in a white lab coat is seated at a microscope in a laboratory, intently looking through the eyepiece while his right hand rests on the control panel. A computer monitor displaying a data interface sits to his right, and a biohazard warning label is affixed to the side of the microscope."
flickr30k_retrieval_2000_seed2,qwen_prompt,qwen_prompt__flickr30k_retrieval_2000_seed2,observer_specific_supported,Observer Specific Supported,1673,1673,flickr30k_test_007305,"A man in a navy blue shirt and shorts stands in shallow water, holding a bright yellow bucket and appearing to scoop or rinse something from it. In the background, a white swan with a black neck and head floats calmly on the rippling water, its reflection visible on the surface. The scene suggests a quiet,"
flickr30k_retrieval_2000_seed2,qwen_prompt,qwen_prompt__flickr30k_retrieval_2000_seed2,observer_specific_supported,Observer Specific Supported,1674,1674,flickr30k_test_024277,"Two young children, a boy in a bright green jacket and blue cap and a girl in a purple top, sit side-by-side on a wooden bench, each intently focused on eating from a small paper cup. The boy, wearing striped pants, holds his cup with both hands, while the girl, in patterned"
flickr30k_retrieval_2000_seed2,qwen_prompt,qwen_prompt__flickr30k_retrieval_2000_seed2,observer_specific_supported,Observer Specific Supported,1675,1675,flickr30k_test_020062,"A young woman with long dark hair, wearing a black leather jacket, a white lace skirt, black tights, and dark boots, walks down a city sidewalk while looking down at her phone. She carries a black shoulder bag. The street is lined with brick buildings and trees, and the pavement shows some wear and scattered"
flickr30k_retrieval_2000_seed2,qwen_prompt,qwen_prompt__flickr30k_retrieval_2000_seed2,observer_specific_supported,Observer Specific Supported,1676,1676,flickr30k_test_010734,"A person with dark hair, wearing a patterned swimsuit, is swimming freestyle in clear, turquoise water, their arms extended as they propel themselves forward through the rippling surface."
flickr30k_retrieval_2000_seed2,qwen_prompt,qwen_prompt__flickr30k_retrieval_2000_seed2,observer_specific_supported,Observer Specific Supported,1677,1677,flickr30k_test_005437,"A street performer wearing an orange hat and white tank top holds a clear glass ball, seemingly offering a reading or fortune-telling service to a young woman in a white t-shirt with a red bull logo. The woman, with blonde hair and sunglasses perched on her head, stands still and watches the performer with a neutral"
flickr30k_retrieval_2000_seed2,qwen_prompt,qwen_prompt__flickr30k_retrieval_2000_seed2,observer_specific_supported,Observer Specific Supported,1678,1678,flickr30k_test_010943,"A woman in a white bathrobe sits on a toilet in a tiled bathroom, looking into a mirror as she applies mascara with her right hand; her reflection is visible, showing her focused expression and the pink mascara wand, while a toothbrush and glass sit on the counter beside her."
flickr30k_retrieval_2000_seed2,qwen_prompt,qwen_prompt__flickr30k_retrieval_2000_seed2,observer_specific_supported,Observer Specific Supported,1679,1679,flickr30k_test_009935,"A brown, medium-sized dog with a slightly shaggy coat is captured mid-leap in a vibrant green grassy field, its body stretched out horizontally as it bounds forward with its front paws extended and mouth slightly open, suggesting energetic motion."
flickr30k_retrieval_2000_seed2,qwen_prompt,qwen_prompt__flickr30k_retrieval_2000_seed2,observer_specific_supported,Observer Specific Supported,1680,1680,flickr30k_test_027203,"A dark horse, harnessed to a wooden cart overloaded with stacked cardboard boxes, is caught mid-rear in a dusty, unpaved street, its front legs lifted high as if startled or struggling. To the left, a man in a dark blue outfit walks toward the scene, while another man in a light-colored"
flickr30k_retrieval_2000_seed2,qwen_prompt,qwen_prompt__flickr30k_retrieval_2000_seed2,observer_specific_supported,Observer Specific Supported,1681,1681,flickr30k_test_012823,"A black-and-tan dog, likely a Rottweiler or similar breed, is intently sniffing or digging in the snow, its head lowered and front paws planted firmly in the white ground. Bare, tangled branches of shrubs stand behind it, lightly dusted with snow, while a small, snow"
flickr30k_retrieval_2000_seed2,qwen_prompt,qwen_prompt__flickr30k_retrieval_2000_seed2,observer_specific_supported,Observer Specific Supported,1682,1682,flickr30k_test_018616,"Two people are leaning over a table, intently arranging small, scattered pieces of paper, possibly assembling a puzzle or sorting documents. The person on the left, wearing glasses and a black t-shirt, is actively placing a piece, while the person on the right, wearing a watch, observes closely. A closed black folder"
flickr30k_retrieval_2000_seed2,qwen_prompt,qwen_prompt__flickr30k_retrieval_2000_seed2,observer_specific_supported,Observer Specific Supported,1683,1683,flickr30k_test_019597,"A procession of men in white robes and blue-trimmed ceremonial uniforms carries a large, ornate wooden cross down a narrow, historic European street lined with colorful buildings. Two men at the front grip the cross’s arms, while others follow in formation, some holding white ribbons. The scene suggests a religious or cultural"
flickr30k_retrieval_2000_seed2,qwen_prompt,qwen_prompt__flickr30k_retrieval_2000_seed2,observer_specific_supported,Observer Specific Supported,1684,1684,flickr30k_test_023796,"A man in a light-colored shirt and dark pants stands on a wet sidewalk, holding a phone to his ear while looking down, with a small child in a yellow shirt standing beside him near a green metal cart. A woman in a purple shirt walks past them on the sidewalk. In the background, several cars are parked"
flickr30k_retrieval_2000_seed2,qwen_prompt,qwen_prompt__flickr30k_retrieval_2000_seed2,observer_specific_supported,Observer Specific Supported,1685,1685,flickr30k_test_015917,"A young boy with short brown hair, wearing a navy and white shirt, is seated comfortably on a beige couch and is intently focused on a white tablet device he holds in his hands. His expression is one of concentration, with his gaze fixed on the screen and his mouth slightly open, suggesting deep engagement with the content"
flickr30k_retrieval_2000_seed2,qwen_prompt,qwen_prompt__flickr30k_retrieval_2000_seed2,observer_specific_supported,Observer Specific Supported,1686,1686,flickr30k_test_015249,"A young skateboarder with curly hair, wearing a blue shirt and jeans, is mid-air performing a trick above a concrete skatepark ramp. He holds the skateboard with one hand while his other arm is raised, and the board’s underside, featuring a colorful graphic design, is visible as it rotates beneath him. The scene"
flickr30k_retrieval_2000_seed2,qwen_prompt,qwen_prompt__flickr30k_retrieval_2000_seed2,observer_specific_supported,Observer Specific Supported,1687,1687,flickr30k_test_024991,"A person in a black hoodie and gloves raises their arms in a crowd, one hand gripping a red flag, while others around them look on in a public gathering."
flickr30k_retrieval_2000_seed2,qwen_prompt,qwen_prompt__flickr30k_retrieval_2000_seed2,observer_specific_supported,Observer Specific Supported,1688,1688,flickr30k_test_009154,"Two young children in dark jackets are running across a gravel path in a sunlit park, with one child slightly ahead and both moving toward the right side of the frame; behind them, a grassy lawn stretches under the shade of tall trees, and a few other people are visible in the distance."
flickr30k_retrieval_2000_seed2,qwen_prompt,qwen_prompt__flickr30k_retrieval_2000_seed2,observer_specific_supported,Observer Specific Supported,1689,1689,flickr30k_test_002814,"A person with long hair, wearing a dark jacket and jeans, is crouched low on a grassy slope beside a gravel path, holding a camera up to their eye and aiming it at a vibrant bed of yellow and purple flowers. A low, dark metal railing runs along the edge of the path and the flower"
flickr30k_retrieval_2000_seed2,qwen_prompt,qwen_prompt__flickr30k_retrieval_2000_seed2,observer_specific_supported,Observer Specific Supported,1690,1690,flickr30k_test_016505,"On a dimly lit stage bathed in greenish spotlights, a rock band performs live. In the foreground, a guitarist with long, wavy hair, wearing a patterned shirt and dark pants, plays a red electric guitar while singing into a microphone. Behind him, a drummer in a dark t-shirt and"
flickr30k_retrieval_2000_seed2,qwen_prompt,qwen_prompt__flickr30k_retrieval_2000_seed2,observer_specific_supported,Observer Specific Supported,1691,1691,flickr30k_test_006998,"A small, reddish-brown dog leaps energetically toward a larger, tan dog standing calmly in a grassy field, their interaction suggesting playful engagement rather than aggression, with a line of trees visible on the horizon under a partly cloudy sky."
flickr30k_retrieval_2000_seed2,qwen_prompt,qwen_prompt__flickr30k_retrieval_2000_seed2,observer_specific_supported,Observer Specific Supported,1692,1692,flickr30k_test_018781,"Three hikers are walking along a snowy, rocky trail on a hillside, with one person in a bright yellow jacket and another in a blue jacket with backpacks ahead of a third person in a black jacket. A tall pine tree stands prominently on the right, and the overcast sky reveals a distant, hazy"
flickr30k_retrieval_2000_seed2,qwen_prompt,qwen_prompt__flickr30k_retrieval_2000_seed2,observer_specific_supported,Observer Specific Supported,1693,1693,flickr30k_test_012025,"A group of young adults stands in a loose, casual cluster on a city sidewalk, seemingly waiting or observing something out of frame. Among them, a man in a brown t-shirt with a yellow graphic and blue jeans stands with his hands in his pockets, while another in a black t-shirt and jeans faces away, his"
flickr30k_retrieval_2000_seed2,qwen_prompt,qwen_prompt__flickr30k_retrieval_2000_seed2,observer_specific_supported,Observer Specific Supported,1694,1694,flickr30k_test_007921,"A man in a dark suit walks briskly across a crosswalk, while two men stand conversing near a parked silver sedan; one wears a brown jacket and a black fedora, the other a light blue shirt and glasses, with a construction fence and a red barrier visible in the background."
flickr30k_retrieval_2000_seed2,qwen_prompt,qwen_prompt__flickr30k_retrieval_2000_seed2,observer_specific_supported,Observer Specific Supported,1695,1695,flickr30k_test_011851,"A Florida State University basketball player, wearing a maroon jersey with the number 41, drives aggressively toward the basket while holding the ball, as he is closely guarded by a University of Cincinnati player in a white and orange jersey with the number 10. The scene takes place on a basketball court under bright arena"
flickr30k_retrieval_2000_seed2,qwen_prompt,qwen_prompt__flickr30k_retrieval_2000_seed2,observer_specific_supported,Observer Specific Supported,1696,1696,flickr30k_test_027702,"A young child wearing a red graphic t-shirt and a patterned bucket hat is wading in shallow ocean water, lifting one foot as if stepping or playing. The bright blue sky and calm sea frame the scene, with a distant pier and beach structures visible on the horizon."
flickr30k_retrieval_2000_seed2,qwen_prompt,qwen_prompt__flickr30k_retrieval_2000_seed2,observer_specific_supported,Observer Specific Supported,1697,1697,flickr30k_test_012182,"A woman in a pink shirt pushes a stroller with a child inside, while several children lean against a metal fence behind a concrete wall, watching the scene unfold."
flickr30k_retrieval_2000_seed2,qwen_prompt,qwen_prompt__flickr30k_retrieval_2000_seed2,observer_specific_supported,Observer Specific Supported,1698,1698,flickr30k_test_026257,"A young boy in a red shirt crouches over a circular arrangement of stones and a small wooden bucket on a white cloth, carefully examining a flat, grayish stone in his hands. Behind him, adults stand near tables covered with red and checkered cloths, one holding a rock and another with a bucket nearby"
flickr30k_retrieval_2000_seed2,qwen_prompt,qwen_prompt__flickr30k_retrieval_2000_seed2,observer_specific_supported,Observer Specific Supported,1699,1699,flickr30k_test_005937,"A young girl in a red shirt and plaid skirt stands outdoors in front of a rustic stone and thatched structure, holding a doll with curly blonde hair and a white dress. She looks directly at the camera with a calm, neutral expression. The ground is dry, dusty earth, and the background shows sparse vegetation and"
flickr30k_retrieval_2000_seed2,qwen_prompt,qwen_prompt__flickr30k_retrieval_2000_seed2,observer_specific_supported,Observer Specific Supported,1700,1700,flickr30k_test_029318,"A man with short hair and glasses, wearing a gray shirt, gently holds a newborn baby dressed in a white onesie with a small blue design. He looks down at the infant with a soft, attentive expression, his hand supporting the baby’s head as they share an intimate, quiet moment."
flickr30k_retrieval_2000_seed2,qwen_prompt,qwen_prompt__flickr30k_retrieval_2000_seed2,observer_specific_supported,Observer Specific Supported,1701,1701,flickr30k_test_007935,"A man with long brown hair, wearing a light blue button-up shirt, is playing a black clarinet, his fingers positioned on the instrument’s keys as he blows into the mouthpiece."
flickr30k_retrieval_2000_seed2,qwen_prompt,qwen_prompt__flickr30k_retrieval_2000_seed2,observer_specific_supported,Observer Specific Supported,1702,1702,flickr30k_test_017665,"A woman with dark hair, wearing a black zip-up jacket over a blue shirt and a lanyard, is seated at a desk and typing on a laptop computer. Her hands are positioned over the keyboard, and she is looking down at the screen with concentration. A silver ring is visible on her left ring finger,"
flickr30k_retrieval_2000_seed2,qwen_prompt,qwen_prompt__flickr30k_retrieval_2000_seed2,observer_specific_supported,Observer Specific Supported,1703,1703,flickr30k_test_026586,"A young man in an orange shirt and blue shorts is mid-motion, throwing a blue and white volleyball toward a light-blue hoop mounted on a white PVC stand in a grassy park. He wears gloves and has his right leg lifted, indicating active play. Another young man, also in an orange shirt and dark shorts,"
flickr30k_retrieval_2000_seed2,qwen_prompt,qwen_prompt__flickr30k_retrieval_2000_seed2,observer_specific_supported,Observer Specific Supported,1704,1704,flickr30k_test_021260,"A woman and a young child are seated in a vintage blue convertible parked on a red-painted curb in a bustling, neon-lit urban street at night. The child, wearing a red top and yellow pants, sits in the driver’s seat, while the woman, in a dark top, sits beside them. A"
flickr30k_retrieval_2000_seed2,qwen_prompt,qwen_prompt__flickr30k_retrieval_2000_seed2,observer_specific_supported,Observer Specific Supported,1705,1705,flickr30k_test_023653,"At a bustling street food stall, two women in aprons stand behind a counter laden with steaming baskets of fried dumplings and a large pot, while customers sit at nearby tables in a warmly lit, traditionally decorated eatery."
flickr30k_retrieval_2000_seed2,qwen_prompt,qwen_prompt__flickr30k_retrieval_2000_seed2,observer_specific_supported,Observer Specific Supported,1706,1706,flickr30k_test_020466,"At night, two silhouetted pedestrians walk away from the camera down a brightly lit, patterned sidewalk in a bustling urban district, flanked by glowing neon signs and storefronts in Japanese script. A woman in a long red robe stands alone near a lit kiosk, while other figures move in the background,"
flickr30k_retrieval_2000_seed2,qwen_prompt,qwen_prompt__flickr30k_retrieval_2000_seed2,observer_specific_supported,Observer Specific Supported,1707,1707,flickr30k_test_007371,"A young child with curly blonde hair, wearing a red shirt, is intently coloring in a brightly illustrated book while seated at a white plastic table outdoors. In the background, an adult in a light-colored shirt holds a glass of orange juice, and a black dog sits calmly nearby on a wooden deck, observing the scene"
flickr30k_retrieval_2000_seed2,qwen_prompt,qwen_prompt__flickr30k_retrieval_2000_seed2,observer_specific_supported,Observer Specific Supported,1708,1708,flickr30k_test_006865,"A baseball batter, wearing a gray uniform and black helmet, is mid-swing, having just made contact with the ball, which is visible in mid-air to his right. Behind him, the catcher in a blue and white uniform and protective gear is crouched in position, glove extended toward the batter, while the"
flickr30k_retrieval_2000_seed2,qwen_prompt,qwen_prompt__flickr30k_retrieval_2000_seed2,observer_specific_supported,Observer Specific Supported,1709,1709,flickr30k_test_019200,"Three people sit on a wooden bench in an urban setting, with a red car visible in the background. A woman on the left, wearing a black top and a green plaid scarf, looks toward the camera. In the center, a man in an orange tank top and a gray beanie is looking down at a"
flickr30k_retrieval_2000_seed2,qwen_prompt,qwen_prompt__flickr30k_retrieval_2000_seed2,observer_specific_supported,Observer Specific Supported,1710,1710,flickr30k_test_015349,"Two young boys in matching blue tracksuits walk along a sunlit, uneven concrete sidewalk, passing a weathered wall covered in posters and graffiti. A man in a dark sweater and jeans walks ahead of them, his back to the camera. The scene suggests a quiet, everyday moment in an urban neighborhood, with the boys"
flickr30k_retrieval_2000_seed2,qwen_prompt,qwen_prompt__flickr30k_retrieval_2000_seed2,observer_specific_supported,Observer Specific Supported,1711,1711,flickr30k_test_007803,"In a brightly lit community room decorated with paper lanterns and an American flag, a group of older adults are joyfully dancing together. A woman in a striped shirt and jeans smiles broadly as she moves, while another woman in a purple shirt and pink shorts dances beside her, both appearing to be enjoying the lively activity."
flickr30k_retrieval_2000_seed2,qwen_prompt,qwen_prompt__flickr30k_retrieval_2000_seed2,observer_specific_supported,Observer Specific Supported,1712,1712,flickr30k_test_013039,"A young girl in a light blue shirt stands in the foreground of a kitchen, holding a bright green plastic bowl and a toothbrush, looking directly at the camera with a serious expression. In the background, slightly out of focus, an adult woman with dark hair, wearing a dark top and purple pants, stands at a"
flickr30k_retrieval_2000_seed2,qwen_prompt,qwen_prompt__flickr30k_retrieval_2000_seed2,observer_specific_supported,Observer Specific Supported,1713,1713,flickr30k_test_028273,"A motocross rider in a yellow and black racing suit and full-face helmet is airborne on a green and white dirt bike, having just launched off a dirt mound on a rugged, tree-lined track. Dirt is kicked up from the rear wheel as the bike ascends, indicating a dynamic jump or cresting maneuver."
flickr30k_retrieval_2000_seed2,qwen_prompt,qwen_prompt__flickr30k_retrieval_2000_seed2,observer_specific_supported,Observer Specific Supported,1714,1714,flickr30k_test_008709,"A man in a brown jacket and cap is riding a bicycle along a paved country road, with a blue bag attached to the rear rack. He is moving from left to right across the frame, surrounded by green hedgerows and a field under a bright blue sky with scattered white clouds."
flickr30k_retrieval_2000_seed2,qwen_prompt,qwen_prompt__flickr30k_retrieval_2000_seed2,observer_specific_supported,Observer Specific Supported,1715,1715,flickr30k_test_019249,"A group of pedestrians navigates a wet, rain-slicked city sidewalk, each sheltering under their own umbrella. In the foreground, a person in a dark coat and patterned scarf holds a large navy blue umbrella, partially obscuring their face. To their right, another individual carries a bright yellow umbrella, while"
flickr30k_retrieval_2000_seed2,qwen_prompt,qwen_prompt__flickr30k_retrieval_2000_seed2,observer_specific_supported,Observer Specific Supported,1716,1716,flickr30k_test_006669,"An older couple walks away from the camera down a paved path in a sunlit park, the woman on the left wearing a red hat and carrying a brown bag, and the man on the right in a light shirt and shorts, holding a walking stick. Their long shadows stretch across the path, indicating the sun is low"
flickr30k_retrieval_2000_seed2,qwen_prompt,qwen_prompt__flickr30k_retrieval_2000_seed2,observer_specific_supported,Observer Specific Supported,1717,1717,flickr30k_test_016738,"A performer in a yellow jacket and curly wig, wearing glasses and holding a large, silver, toy-like object resembling a shoe or boot, leans forward energetically over the railing of a red stage or platform. Behind them, another person in a plaid shirt is partially visible, and the dark background suggests a theatrical"
flickr30k_retrieval_2000_seed2,qwen_prompt,qwen_prompt__flickr30k_retrieval_2000_seed2,observer_specific_supported,Observer Specific Supported,1718,1718,flickr30k_test_028283,"A muddy cyclocross racer, wearing a blue and yellow jersey with the number 48, struggles to push their bike through thick, churned earth at the edge of a fenced course. The rider’s legs and gear are caked in mud, and they grip the handlebars with gloved hands, leaning into"
flickr30k_retrieval_2000_seed2,qwen_prompt,qwen_prompt__flickr30k_retrieval_2000_seed2,observer_specific_supported,Observer Specific Supported,1719,1719,flickr30k_test_005296,"A person with shoulder-length brown hair, wearing a yellow shirt and carrying a dark blue backpack, walks away from the camera along a paved path beside a tall blue tarp fence. In the background, a light-colored building with arched windows is partially visible behind the fence, with trees framing the upper portion of the scene"
flickr30k_retrieval_2000_seed2,qwen_prompt,qwen_prompt__flickr30k_retrieval_2000_seed2,observer_specific_supported,Observer Specific Supported,1720,1720,flickr30k_test_000051,"A martial artist in a white uniform kneels on a red and blue mat, holding two wooden sticks, while another martial artist in a white uniform stands facing them, raising a hand in a defensive or preparatory stance. The kneeling practitioner’s uniform has “J.K. LEE” and “PAN AMERICAN”"
flickr30k_retrieval_2000_seed2,qwen_prompt,qwen_prompt__flickr30k_retrieval_2000_seed2,observer_specific_supported,Observer Specific Supported,1721,1721,flickr30k_test_013295,"Fishermen on a sandy beach are hauling in a large, white fishing net from the ocean, with several men working together to pull it ashore. A small boat is visible in the water nearby, and a dog walks along the shoreline. The scene takes place under a bright, clear sky, suggesting a calm, sunny"
flickr30k_retrieval_2000_seed2,qwen_prompt,qwen_prompt__flickr30k_retrieval_2000_seed2,observer_specific_supported,Observer Specific Supported,1722,1722,flickr30k_test_025137,"A woman with reddish-brown hair, wearing a blue and gray jacket, is carefully arranging or inspecting a floral-patterned tablecloth spread over a market stall. Beside her, a young woman with blonde hair in a black leather jacket observes. The stall is laden with vibrant flowers—gladioli in shades"
flickr30k_retrieval_2000_seed2,qwen_prompt,qwen_prompt__flickr30k_retrieval_2000_seed2,observer_specific_supported,Observer Specific Supported,1723,1723,flickr30k_test_015497,"A rider in a blue helmet and dark riding attire is mounted on a dark brown horse, captured mid-air as they clear a white and red cross-country jump obstacle. The horse’s front legs are extended forward, and its hind legs are tucked beneath its body, showing the dynamic motion of leaping. The rider maintains a"
flickr30k_retrieval_2000_seed2,qwen_prompt,qwen_prompt__flickr30k_retrieval_2000_seed2,observer_specific_supported,Observer Specific Supported,1724,1724,flickr30k_test_024239,"A street photographer, holding a camera, captures a candid moment of a young woman sitting on a bench in front of a clothing store window, while a man in a hoodie walks past, carrying a bag and looking down."
flickr30k_retrieval_2000_seed2,qwen_prompt,qwen_prompt__flickr30k_retrieval_2000_seed2,observer_specific_supported,Observer Specific Supported,1725,1725,flickr30k_test_011854,"A woman in a light-colored dress and carrying a dark shoulder bag walks past a red-painted shopfront labeled “Orthophonie,” which displays posters in its window, while a gray boutique with a mannequin wearing a pink blouse stands adjacent on the cobblestone street."
flickr30k_retrieval_2000_seed2,qwen_prompt,qwen_prompt__flickr30k_retrieval_2000_seed2,observer_specific_supported,Observer Specific Supported,1726,1726,flickr30k_test_005894,"A young girl with blonde hair, wearing a gray t-shirt and blue shorts, is mid-leap on a sunlit, rocky terrain, her arms outstretched for balance. Behind her, two adults and a child are walking along the same rocky path under a clear blue sky, suggesting a family outing in a desert"
flickr30k_retrieval_2000_seed2,qwen_prompt,qwen_prompt__flickr30k_retrieval_2000_seed2,observer_specific_supported,Observer Specific Supported,1727,1727,flickr30k_test_022180,"A young woman with a patterned headband and black t-shirt stands in the foreground of a bustling outdoor café, her hand raised to her temple in a thoughtful or distracted gesture. Behind her, patrons are seated at tables under the shade of awnings, engaged in conversation and dining, while a man in a plaid"
flickr30k_retrieval_2000_seed2,qwen_prompt,qwen_prompt__flickr30k_retrieval_2000_seed2,observer_specific_supported,Observer Specific Supported,1728,1728,flickr30k_test_006493,"Construction workers in high-visibility vests and hard hats are actively working on a subway platform, with one worker on a scaffold and others on the ground near a partially installed sign that reads “Trains to Wembley Park and Stanmore — Please wait for information.” The platform’s walls show exposed concrete and repair work,"
flickr30k_retrieval_2000_seed2,qwen_prompt,qwen_prompt__flickr30k_retrieval_2000_seed2,observer_specific_supported,Observer Specific Supported,1729,1729,flickr30k_test_023810,"A young boy in a red sweater with white stripes runs joyfully through a shallow puddle, his face lit with a wide smile, while other children play around him in the wet, reflective ground."
flickr30k_retrieval_2000_seed2,qwen_prompt,qwen_prompt__flickr30k_retrieval_2000_seed2,observer_specific_supported,Observer Specific Supported,1730,1730,flickr30k_test_022944,"A group of friends is gathered around a table outdoors, sharing a meal together. In the foreground, a woman with dark hair smiles while holding a cup, seated next to a man in a light gray t-shirt who is eating from a pink bowl. Another woman with dark hair sits beside him, also eating. Behind them"
flickr30k_retrieval_2000_seed2,qwen_prompt,qwen_prompt__flickr30k_retrieval_2000_seed2,observer_specific_supported,Observer Specific Supported,1731,1731,flickr30k_test_019895,"A man lies on his back on a dusty, debris-strewn concrete floor, surrounded by tangled black wires and scattered construction materials, appearing to be resting or working with tools near his head."
flickr30k_retrieval_2000_seed2,qwen_prompt,qwen_prompt__flickr30k_retrieval_2000_seed2,observer_specific_supported,Observer Specific Supported,1732,1732,flickr30k_test_005970,"A brown and white Boxer dog, wearing a blue harness, is trotting toward the camera across a patch of gravel and grass, carrying a white toy in its mouth."
flickr30k_retrieval_2000_seed2,qwen_prompt,qwen_prompt__flickr30k_retrieval_2000_seed2,observer_specific_supported,Observer Specific Supported,1733,1733,flickr30k_test_027654,"A man with a beard, wearing a black t-shirt and jeans, stands in front of a large building labeled “MUSEUM CAMPUS,” making a peace sign with both hands and pointing toward the entrance. The scene is outdoors on a bright, sunny day, with a wide paved plaza and a few other people"
flickr30k_retrieval_2000_seed2,qwen_prompt,qwen_prompt__flickr30k_retrieval_2000_seed2,observer_specific_supported,Observer Specific Supported,1734,1734,flickr30k_test_015875,"A man in a white t-shirt and shorts walks toward the camera on a sunlit cobblestone street, holding a cup, while a stone archway behind him frames a second man standing in the distance, creating a layered, almost surreal perspective. The weathered facade of the building above the arch features a decorative stone"
flickr30k_retrieval_2000_seed2,qwen_prompt,qwen_prompt__flickr30k_retrieval_2000_seed2,observer_specific_supported,Observer Specific Supported,1735,1735,flickr30k_test_020158,"A rickshaw puller in traditional attire smiles as he guides a wooden rickshaw along a narrow street, carrying two women dressed in elaborate kimonos seated under a canopy; the scene suggests a cultural or tourist experience in a Japanese urban setting."
flickr30k_retrieval_2000_seed2,qwen_prompt,qwen_prompt__flickr30k_retrieval_2000_seed2,observer_specific_supported,Observer Specific Supported,1736,1736,flickr30k_test_000217,"Two young boys are playfully posing inside a blue tent, looking up at the camera with wide-eyed expressions; the boy on the left sticks his tongue out while the boy on the right smiles broadly, holding a small green object in his hand."
flickr30k_retrieval_2000_seed2,qwen_prompt,qwen_prompt__flickr30k_retrieval_2000_seed2,observer_specific_supported,Observer Specific Supported,1737,1737,flickr30k_test_025919,"Two people are walking across a wide, paved plaza made of rectangular stone tiles. The person in the foreground, seen from behind, wears dark clothing and walks toward the right side of the frame. A second person, further away and also in dark clothing, walks in the same direction. A dark-colored car is partially visible"
flickr30k_retrieval_2000_seed2,qwen_prompt,qwen_prompt__flickr30k_retrieval_2000_seed2,observer_specific_supported,Observer Specific Supported,1738,1738,flickr30k_test_004377,"A man in a striped shirt and jeans is lying down and resting inside the open, black-painted wooden frame of a large, inverted boat or barge, which is positioned upright against a red brick wall with arched wooden structures above. He appears relaxed, with his head tilted back and one hand near his face,"
flickr30k_retrieval_2000_seed2,qwen_prompt,qwen_prompt__flickr30k_retrieval_2000_seed2,observer_specific_supported,Observer Specific Supported,1739,1739,flickr30k_test_030070,"Three athletes in racing wheelchairs compete intensely on a red track, leaning forward with powerful arm strokes as they navigate the curve. The athlete in the foreground, wearing a white helmet and red-and-white top, is in the lead, while two others trail closely behind—one in a green top and another in black—both"
flickr30k_retrieval_2000_seed2,qwen_prompt,qwen_prompt__flickr30k_retrieval_2000_seed2,observer_specific_supported,Observer Specific Supported,1740,1740,flickr30k_test_006880,"A young girl with muddy cheeks and a wide, toothy grin stands in a grassy yard, wearing a pink sweatshirt with a graphic design. Behind her, a red plastic toy wagon with black wheels rests on the ground, and a garden tool with a black handle lies nearby, suggesting she has been playing outdoors."
flickr30k_retrieval_2000_seed2,qwen_prompt,qwen_prompt__flickr30k_retrieval_2000_seed2,observer_specific_supported,Observer Specific Supported,1741,1741,flickr30k_test_023059,"A family of four—two adults and two children—walks across a sunlit, paved plaza, each pulling or carrying a piece of luggage. The adult in front, wearing a backpack and carrying a green bag, walks alongside a man in shorts and a backpack who pulls a large black suitcase. Behind them, a"
flickr30k_retrieval_2000_seed2,qwen_prompt,qwen_prompt__flickr30k_retrieval_2000_seed2,observer_specific_supported,Observer Specific Supported,1742,1742,flickr30k_test_007120,"A woman in a black dress and high heels sits on a green metal railing, holding a blue bag and a small black purse, while a young child in an orange shirt and gray pants crouches on the pavement nearby, playing with a colorful toy truck. The scene takes place outdoors on a paved surface beside a tiled"
flickr30k_retrieval_2000_seed2,qwen_prompt,qwen_prompt__flickr30k_retrieval_2000_seed2,observer_specific_supported,Observer Specific Supported,1743,1743,flickr30k_test_000047,"A white and brown dog with floppy ears, wearing a blue collar, is intently focused on a red and blue ball at the water’s edge, its front paws planted on the wet sand as it prepares to interact with the toy."
flickr30k_retrieval_2000_seed2,qwen_prompt,qwen_prompt__flickr30k_retrieval_2000_seed2,observer_specific_supported,Observer Specific Supported,1744,1744,flickr30k_test_020354,"A woman in a black dress and white thigh-high boots holds a red umbrella while standing on a city street, surrounded by a crowd of people, some holding signs and banners, suggesting she is participating in a public demonstration or parade."
flickr30k_retrieval_2000_seed2,qwen_prompt,qwen_prompt__flickr30k_retrieval_2000_seed2,observer_specific_supported,Observer Specific Supported,1745,1745,flickr30k_test_002749,"A young man in a dark jacket and jeans is walking across a wide, unpaved dirt lot while carrying a large, black plastic trash bag slung over his shoulder. His body is angled forward, and his gaze is directed ahead, suggesting he is in motion. In the background, a distant billboard, some trees,"
flickr30k_retrieval_2000_seed2,qwen_prompt,qwen_prompt__flickr30k_retrieval_2000_seed2,observer_specific_supported,Observer Specific Supported,1746,1746,flickr30k_test_014957,"In a fenced dog park on a sunny day, a black-and-white dog with a fluffy tail is playfully lunging toward a large, white Labrador Retriever that is trotting forward with its mouth open, appearing to be in mid-play. Behind them, another black dog with a red collar stands alert, while"
flickr30k_retrieval_2000_seed2,qwen_prompt,qwen_prompt__flickr30k_retrieval_2000_seed2,observer_specific_supported,Observer Specific Supported,1747,1747,flickr30k_test_025520,"A young woman with glasses and a light gray sweatshirt is crouching in a lush, green forest undergrowth, smiling gently at the camera while holding a small object in her hands. Beside her, a large, light-colored mushroom with a slightly speckled cap stands prominently among broad, vibrant green leaves and"
flickr30k_retrieval_2000_seed2,qwen_prompt,qwen_prompt__flickr30k_retrieval_2000_seed2,observer_specific_supported,Observer Specific Supported,1748,1748,flickr30k_test_020924,"A shirtless man wearing a white cap sits on the tiled ground, holding a clear plastic cup, while three other people walk past him in the background under a covered walkway."
flickr30k_retrieval_2000_seed2,qwen_prompt,qwen_prompt__flickr30k_retrieval_2000_seed2,observer_specific_supported,Observer Specific Supported,1749,1749,flickr30k_test_006453,"A barefoot toddler with blonde hair, wearing a light blue dress, sits on a weathered wooden bench outdoors and sticks her tongue out playfully, her hands resting on the bench’s armrests."
flickr30k_retrieval_2000_seed2,qwen_prompt,qwen_prompt__flickr30k_retrieval_2000_seed2,observer_specific_supported,Observer Specific Supported,1750,1750,flickr30k_test_024286,"A man in a dark polo shirt and khaki shorts sits casually on the stone steps of a large, ornate fountain, sipping from a small cup. Behind him, the fountain’s central column features a weathered, classical statue of a draped female figure, with water cascading down its sides. Chalk writing"
flickr30k_retrieval_2000_seed2,qwen_prompt,qwen_prompt__flickr30k_retrieval_2000_seed2,observer_specific_supported,Observer Specific Supported,1751,1751,flickr30k_test_006058,"A woman and a young boy are running across a grassy area, both in motion and smiling. The woman, wearing a white t-shirt and rolled-up jeans, holds a white ball in her right hand. The boy, in a camouflage-patterned shirt and blue shorts, runs ahead of her with a joyful expression."
flickr30k_retrieval_2000_seed2,qwen_prompt,qwen_prompt__flickr30k_retrieval_2000_seed2,observer_specific_supported,Observer Specific Supported,1752,1752,flickr30k_test_008944,"Four black dogs are running across a grassy field, their bodies in motion with legs extended and tails lifted, suggesting energetic movement. The dogs appear to be of a similar breed, possibly Flat-Coated Retrievers, and are moving in a loose group from left to right across the frame. The background consists of a gently"
flickr30k_retrieval_2000_seed2,qwen_prompt,qwen_prompt__flickr30k_retrieval_2000_seed2,observer_specific_supported,Observer Specific Supported,1753,1753,flickr30k_test_012957,"A large, tightly packed group of people, including women in colorful headscarves and children of various ages, sits closely together on the ground in an outdoor setting, suggesting a communal gathering or a moment of shared rest. Several adults are holding or comforting small children, and the overall posture and proximity indicate a sense of community"
flickr30k_retrieval_2000_seed2,qwen_prompt,qwen_prompt__flickr30k_retrieval_2000_seed2,observer_specific_supported,Observer Specific Supported,1754,1754,flickr30k_test_020212,"A man and a woman walk past a large, graffiti-covered poster of a football player in a white jersey, with the woman carrying a white handbag and the man wearing a colorful tank top and patterned pants."
flickr30k_retrieval_2000_seed2,qwen_prompt,qwen_prompt__flickr30k_retrieval_2000_seed2,observer_specific_supported,Observer Specific Supported,1755,1755,flickr30k_test_027421,"A young male cyclist in a white Skoda-sponsored jersey and a multi-colored helmet is seated on his bike, looking toward the right with a focused expression, while another cyclist in a blue Sengers Metal B.V. jersey and a blue-and-yellow helmet is positioned beside him, also on a bike, suggesting they are part"
flickr30k_retrieval_2000_seed2,qwen_prompt,qwen_prompt__flickr30k_retrieval_2000_seed2,observer_specific_supported,Observer Specific Supported,1756,1756,flickr30k_test_000712,"A woman with curly hair and sunglasses sits in a white outdoor chair, smiling as she holds a small child wearing a pink paper crown and a white dress. The child, seated on the woman’s lap, is eating a pink plate of cookies. Behind them, a potted plant with pink flowers sits on the porch,"
flickr30k_retrieval_2000_seed2,qwen_prompt,qwen_prompt__flickr30k_retrieval_2000_seed2,observer_specific_supported,Observer Specific Supported,1757,1757,flickr30k_test_028753,"A large blue and white sailboat, prominently branded with “Telefónica” and “MAPFRE,” is sailing on calm, open water under an overcast sky, with several smaller motorboats and a red-and-yellow dinghy nearby, suggesting a regatta or organized sailing event."
flickr30k_retrieval_2000_seed2,qwen_prompt,qwen_prompt__flickr30k_retrieval_2000_seed2,observer_specific_supported,Observer Specific Supported,1758,1758,flickr30k_test_003795,"A small, shaggy Yorkshire Terrier sits attentively on a light-colored rug, facing a television that displays a “BREAKING NEWS” banner with an image of a white airplane. Beside the dog lies a brown plush teddy bear, and the dog appears to be interacting with or resting near a gray plush"
flickr30k_retrieval_2000_seed2,qwen_prompt,qwen_prompt__flickr30k_retrieval_2000_seed2,observer_specific_supported,Observer Specific Supported,1759,1759,flickr30k_test_009989,"A young woman in jeans and a black shirt performs a high kick in a residential driveway, her motion captured mid-air as she kicks toward a pumpkin resting on a stone base. A young man in a black jacket and jeans stands beside her, holding a white cup with a straw, his gaze directed toward her as if reacting"
flickr30k_retrieval_2000_seed2,qwen_prompt,qwen_prompt__flickr30k_retrieval_2000_seed2,observer_specific_supported,Observer Specific Supported,1760,1760,flickr30k_test_001168,"A vibrant red and white lion dance costume stands poised on a paved area beneath a traditional Chinese-style pavilion, its ornate roof and hanging red lanterns framing the scene. The costume, detailed with swirling patterns and a painted, expressive face, appears to be in a moment of pause during a performance. A man in"
flickr30k_retrieval_2000_seed2,qwen_prompt,qwen_prompt__flickr30k_retrieval_2000_seed2,observer_specific_supported,Observer Specific Supported,1761,1761,flickr30k_test_018711,"A man in an orange shirt and cap is carefully arranging wooden planks on the roof of a white van, while another person’s arm reaches up from below to assist. The van is equipped with a metal roof rack and black mounting brackets, and the scene takes place outdoors under a clear blue sky."
flickr30k_retrieval_2000_seed2,qwen_prompt,qwen_prompt__flickr30k_retrieval_2000_seed2,observer_specific_supported,Observer Specific Supported,1762,1762,flickr30k_test_015486,"A large, intense fire is actively burning inside a blue industrial building, sending thick, dark smoke billowing into the overcast sky. In the foreground, a red fire engine is parked on a wet asphalt lot, with firefighters and emergency personnel visible near the scene. A person in a bright yellow safety vest is running across"
flickr30k_retrieval_2000_seed2,qwen_prompt,qwen_prompt__flickr30k_retrieval_2000_seed2,observer_specific_supported,Observer Specific Supported,1763,1763,flickr30k_test_012466,"At a Chevron gas station on a clear, sunny day, two uniformed officers from the Albuquerque Police Department are attending to a blue sedan with its driver’s side door open. One officer stands beside the vehicle, while the other, holding a clipboard or folder, leans toward the open door, appearing to speak with the driver"
flickr30k_retrieval_2000_seed2,qwen_prompt,qwen_prompt__flickr30k_retrieval_2000_seed2,observer_specific_supported,Observer Specific Supported,1764,1764,flickr30k_test_003987,"A young boy sits on a folding chair at the end of a wooden dock, holding a fishing rod and casting his line into the rippling water. He wears a light-colored t-shirt, patterned shorts, and sandals, with a baseball cap pulled low over his eyes. The scene is bathed in bright, natural"
flickr30k_retrieval_2000_seed2,qwen_prompt,qwen_prompt__flickr30k_retrieval_2000_seed2,observer_specific_supported,Observer Specific Supported,1765,1765,flickr30k_test_002494,"A man in a red shirt and cap drives a vintage red Ford Model T fire engine down a street during a parade, waving to spectators. The vehicle, featuring wooden ladders and period-appropriate details, is adorned with an American flag and has a license plate reading “B-11.” Onlookers, including"
flickr30k_retrieval_2000_seed2,qwen_prompt,qwen_prompt__flickr30k_retrieval_2000_seed2,observer_specific_supported,Observer Specific Supported,1766,1766,flickr30k_test_015163,"A person with short dark hair, wearing a gray t-shirt and light-colored pants, sits cross-legged on a mossy rock, facing a cascading waterfall that tumbles over dark, wet stones. Lush green foliage frames the scene on both sides, and the water’s motion is blurred, indicating a steady flow."
flickr30k_retrieval_2000_seed2,qwen_prompt,qwen_prompt__flickr30k_retrieval_2000_seed2,observer_specific_supported,Observer Specific Supported,1767,1767,flickr30k_test_005762,"A young boy, likely a patient, sleeps peacefully in a hospital bed, his left arm encased in a black cast and secured with a white bandage, while a white blanket covers his lower body and feet. He wears blue shorts and a blue hospital gown, and a small medical device is visible on his chest."
flickr30k_retrieval_2000_seed2,qwen_prompt,qwen_prompt__flickr30k_retrieval_2000_seed2,observer_specific_supported,Observer Specific Supported,1768,1768,flickr30k_test_004682,"A golden retriever is mid-stride in a snowy yard, actively chasing or pouncing toward a bright orange Wilson soccer ball that lies just ahead of it on the snow. The dog’s body is in motion, with one front paw lifted and its tail extended, conveying energetic play. The scene is set outdoors in winter"
flickr30k_retrieval_2000_seed2,qwen_prompt,qwen_prompt__flickr30k_retrieval_2000_seed2,observer_specific_supported,Observer Specific Supported,1769,1769,flickr30k_test_026376,"A man in a dark shirt and jeans stands in the middle of a wet, yellow-striped crosswalk on a city street, appearing to wait to cross. Behind him, a yellow taxi with “JobsDB.com” advertising on its rear window and a white taxi with “SAY JAS” on its roof are visible"
flickr30k_retrieval_2000_seed2,qwen_prompt,qwen_prompt__flickr30k_retrieval_2000_seed2,observer_specific_supported,Observer Specific Supported,1770,1770,flickr30k_test_028829,"Three people stand in a narrow alleyway beside a small truck, appearing to be engaged in a construction or renovation project. The person on the left, wearing a blue hooded jacket and boots, holds a bundle of metal rods. The person in the center, in a dark hoodie and jeans, stands with hands in pockets"
flickr30k_retrieval_2000_seed2,qwen_prompt,qwen_prompt__flickr30k_retrieval_2000_seed2,observer_specific_supported,Observer Specific Supported,1771,1771,flickr30k_test_028801,"Inside a brightly lit indoor ice hockey arena, players in red and white jerseys are actively engaged in a game on the ice. A goalie, wearing jersey number 20, is positioned in front of the net, ready to defend. Other players are scattered across the rink, some in motion, suggesting active play."
flickr30k_retrieval_2000_seed2,qwen_prompt,qwen_prompt__flickr30k_retrieval_2000_seed2,observer_specific_supported,Observer Specific Supported,1772,1772,flickr30k_test_025242,"A young boy, wearing a blue helmet and a full-body safety harness, smiles broadly while holding onto his climbing gear inside what appears to be an indoor climbing or adventure center. Behind him, thick ropes in red and blue hang from the ceiling, and a wooden structure is visible in the background. Another person, partially visible"
flickr30k_retrieval_2000_seed2,qwen_prompt,qwen_prompt__flickr30k_retrieval_2000_seed2,observer_specific_supported,Observer Specific Supported,1773,1773,flickr30k_test_014874,"A skateboarder in a black shirt and blue jeans is mid-air, performing a trick over a graffiti-covered concrete skate bowl, while several onlookers stand on a stone wall in the background under a clear sky."
flickr30k_retrieval_2000_seed2,qwen_prompt,qwen_prompt__flickr30k_retrieval_2000_seed2,observer_specific_supported,Observer Specific Supported,1774,1774,flickr30k_test_029831,"Two people are wading in a muddy, brown river, surrounded by rocks and a steep, barren hillside. The person on the right, wearing a cap and sitting on a large dark rock, appears to be observing or resting, while the person on the left, in a white shirt and dark shorts, is bent"
flickr30k_retrieval_2000_seed2,qwen_prompt,qwen_prompt__flickr30k_retrieval_2000_seed2,observer_specific_supported,Observer Specific Supported,1775,1775,flickr30k_test_020996,"A red and black vehicle, possibly a minivan or small bus, is overturned on its side on a paved street, with its roof and passenger-side door exposed. A group of people, including men and women of various ages, are gathered around the vehicle, some appearing to inspect the damage or assist, while others stand"
flickr30k_retrieval_2000_seed2,qwen_prompt,qwen_prompt__flickr30k_retrieval_2000_seed2,observer_specific_supported,Observer Specific Supported,1776,1776,flickr30k_test_002060,"Inside a Paris metro station, three individuals are displayed behind a transparent acrylic enclosure labeled “THE HUMAN SHOP,” with a price tag of “4500 €” visible. A man and a woman stand upright, while a third woman sits on the floor, all appearing to be part of a staged performance or protest"
flickr30k_retrieval_2000_seed2,qwen_prompt,qwen_prompt__flickr30k_retrieval_2000_seed2,observer_specific_supported,Observer Specific Supported,1777,1777,flickr30k_test_008746,"A person stands in tall grass in a sunlit, rolling green field, holding a camera up to their eye as if capturing the landscape. Nearby, a blue station wagon is parked partially obscured by the vegetation, with a person visible in the driver’s seat. In the background, tree-covered hills rise under a partly cloudy"
flickr30k_retrieval_2000_seed2,qwen_prompt,qwen_prompt__flickr30k_retrieval_2000_seed2,observer_specific_supported,Observer Specific Supported,1778,1778,flickr30k_test_004842,"A toddler in a blue onesie is crawling on a hardwood floor, reaching toward a black Batmobile toy, while another child’s arm and hand are visible nearby, also interacting with the toy."
flickr30k_retrieval_2000_seed2,qwen_prompt,qwen_prompt__flickr30k_retrieval_2000_seed2,observer_specific_supported,Observer Specific Supported,1779,1779,flickr30k_test_028510,"Two people are standing beside a charcoal grill in a park, grilling food. The woman on the left, wearing a beige jacket over a red shirt and jeans, holds a bottle of beer and smiles at the camera. The man on the right, in a red t-shirt and jeans, holds tongs and also smiles"
flickr30k_retrieval_2000_seed2,qwen_prompt,qwen_prompt__flickr30k_retrieval_2000_seed2,observer_specific_supported,Observer Specific Supported,1780,1780,flickr30k_test_015851,"A motocross rider in a white and black racing suit and helmet is airborne over a dirt track, leaning into a jump with their motorcycle’s front wheel lifted high. The bike, featuring a green and white livery with the number 17, kicks up dust as it clears a mound of reddish-brown"
flickr30k_retrieval_2000_seed2,qwen_prompt,qwen_prompt__flickr30k_retrieval_2000_seed2,observer_specific_supported,Observer Specific Supported,1781,1781,flickr30k_test_017620,"Three people walk away from the camera down a city sidewalk, each wearing a distinct, costume-like outfit: one in a blue robe and Mickey Mouse ears, another in a pink dress with a conical hat, and the third in a polka-dotted robe with the back unbuttoned to reveal a white thong"
flickr30k_retrieval_2000_seed2,qwen_prompt,qwen_prompt__flickr30k_retrieval_2000_seed2,observer_specific_supported,Observer Specific Supported,1782,1782,flickr30k_test_002448,"A woman with long dark hair and sunglasses is standing on the edge of a swimming pool, using a long-handled pool skimmer to clean the water. She wears a striped tank top, rolled-up denim capris, and sneakers, and carries a dark shoulder bag. The pool’s bright blue water reflects the sunlight,"
flickr30k_retrieval_2000_seed2,qwen_prompt,qwen_prompt__flickr30k_retrieval_2000_seed2,observer_specific_supported,Observer Specific Supported,1783,1783,flickr30k_test_029879,"An older man in a black cap plays a black and red accordion with his eyes closed, while a younger man in a white shirt and glasses stands behind him holding a double bass, suggesting they are performing together in a musical setting."
flickr30k_retrieval_2000_seed2,qwen_prompt,qwen_prompt__flickr30k_retrieval_2000_seed2,observer_specific_supported,Observer Specific Supported,1784,1784,flickr30k_test_026470,"In a warmly lit kitchen, two women are actively engaged in preparing food. The woman on the left, with gray hair and wearing a blue sweater and a light green apron, is cutting small pieces of bread or dough on a wooden board. To her right, another woman, wearing a white chef’s hat, glasses"
flickr30k_retrieval_2000_seed2,qwen_prompt,qwen_prompt__flickr30k_retrieval_2000_seed2,observer_specific_supported,Observer Specific Supported,1785,1785,flickr30k_test_029381,"On a large blue and white circular wrestling mat set in the middle of Times Square, two wrestlers—one in red shorts and the other in blue—are engaged in a grappling match, with the red wrestler appearing to have the blue wrestler in a hold. A small group of officials or coaches stands nearby on the mat’s edge,"
flickr30k_retrieval_2000_seed2,qwen_prompt,qwen_prompt__flickr30k_retrieval_2000_seed2,observer_specific_supported,Observer Specific Supported,1786,1786,flickr30k_test_017254,"A person with dark skin stands poised on a rocky outcrop, arms extended as if reaching for or balancing against the branches of a leafy tree overhead. The scene unfolds in a sunlit, natural setting with a backdrop of dense green trees and a pale blue sky streaked with wispy clouds. The tree’s trunk"
flickr30k_retrieval_2000_seed2,qwen_prompt,qwen_prompt__flickr30k_retrieval_2000_seed2,observer_specific_supported,Observer Specific Supported,1787,1787,flickr30k_test_023182,"A shirtless young man with short brown hair stands outdoors, adjusting a pair of black swimming goggles hanging from his neck with his right hand. He is wearing blue swim trunks with a white logo on the left side. In the blurred background, another person is partially visible, and green foliage suggests a park or poolside"
flickr30k_retrieval_2000_seed2,qwen_prompt,qwen_prompt__flickr30k_retrieval_2000_seed2,observer_specific_supported,Observer Specific Supported,1788,1788,flickr30k_test_026177,"A woman in a red shirt and blue jeans stands on the muddy bank of a shallow, murky creek, gesturing toward the water with her right hand. Beside her, a young child in a light blue jacket and dark pants stands in the water up to their knees, while another adult, partially obscured, stands nearby"
flickr30k_retrieval_2000_seed2,qwen_prompt,qwen_prompt__flickr30k_retrieval_2000_seed2,observer_specific_supported,Observer Specific Supported,1789,1789,flickr30k_test_009579,"A skateboarder in a red and black racing suit and white helmet crouches low on a green skateboard, navigating a leaf-strewn paved path, while another rider in a red and black suit lies prone on the ground nearby, seemingly having fallen. In the background, several spectators — including a man in a blue"
flickr30k_retrieval_2000_seed2,qwen_prompt,qwen_prompt__flickr30k_retrieval_2000_seed2,observer_specific_supported,Observer Specific Supported,1790,1790,flickr30k_test_009387,"A BMX rider in mid-air performs a trick above a concrete ramp, with a city street, buses, and a multi-story building visible in the background under a partly cloudy sky."
flickr30k_retrieval_2000_seed2,qwen_prompt,qwen_prompt__flickr30k_retrieval_2000_seed2,observer_specific_supported,Observer Specific Supported,1791,1791,flickr30k_test_030008,"A surfer in a dark wetsuit rides a greenish, rolling ocean wave, carving a path along its face as white foam sprays from the breaking crest behind them. The scene unfolds under a clear, pale sky, with the open sea stretching to the horizon."
flickr30k_retrieval_2000_seed2,qwen_prompt,qwen_prompt__flickr30k_retrieval_2000_seed2,observer_specific_supported,Observer Specific Supported,1792,1792,flickr30k_test_000891,"Four children are running across a paved courtyard, captured mid-stride with dynamic motion blur. From left to right: a boy in a dark blue shirt and khaki shorts; a boy in an orange sweater and blue jeans; a boy in a light blue shirt and dark pants, carrying a black jacket over his shoulder;"
flickr30k_retrieval_2000_seed2,qwen_prompt,qwen_prompt__flickr30k_retrieval_2000_seed2,observer_specific_supported,Observer Specific Supported,1793,1793,flickr30k_test_017922,"Five young men are gathered on a dimly lit outdoor patio at night, focused on a smartphone held by the boy in the center. The boy in the gray “ITALIA” t-shirt sits in a white plastic chair, looking up at the phone, while the boy beside him, wearing a white t-shirt with a"
flickr30k_retrieval_2000_seed2,qwen_prompt,qwen_prompt__flickr30k_retrieval_2000_seed2,observer_specific_supported,Observer Specific Supported,1794,1794,flickr30k_test_029174,"A cheerleading squad performs a synchronized stunt on a red track, with two female cheerleaders being lifted high into the air by two male teammates. The cheerleaders wear matching black and gold uniforms with white stripes, and their arms are raised in a dynamic pose. The supporting cheerleaders stand firmly on the track, looking up"
flickr30k_retrieval_2000_seed2,qwen_prompt,qwen_prompt__flickr30k_retrieval_2000_seed2,observer_specific_supported,Observer Specific Supported,1795,1795,flickr30k_test_018359,"Two street musicians, a woman in a dark skirt and white blouse playing an accordion and a man in a vest and trousers playing a stringed instrument, are seated on a sidewalk next to a weathered wall covered in posters, with their instruments and a red case resting between them."
flickr30k_retrieval_2000_seed2,qwen_prompt,qwen_prompt__flickr30k_retrieval_2000_seed2,observer_specific_supported,Observer Specific Supported,1796,1796,flickr30k_test_006828,"A young woman with long, wavy brown hair, wearing a bright green T-shirt, stands at a wooden podium, smiling broadly as she speaks into a black microphone. Her arms are crossed in front of her, and she appears engaged and joyful. Behind her, a large, framed painting of a group of people is"
flickr30k_retrieval_2000_seed2,qwen_prompt,qwen_prompt__flickr30k_retrieval_2000_seed2,observer_specific_supported,Observer Specific Supported,1797,1797,flickr30k_test_002549,"A young person wearing a bright yellow knitted hat and glasses is seated at a cluttered kitchen counter, gesturing with their hands as if in mid-conversation or explanation. In front of them are a small dish with crumbs, a bottle of what appears to be vodka, and several other bottles, including a Coca-Cola"
flickr30k_retrieval_2000_seed2,qwen_prompt,qwen_prompt__flickr30k_retrieval_2000_seed2,observer_specific_supported,Observer Specific Supported,1798,1798,flickr30k_test_013664,"A man stands beside a brown horse harnessed to a wooden cart, which is loaded with a large, dense bale of hay. The horse is positioned on a dirt and grassy slope, tethered by a rope, and appears to be pausing or preparing to move the load. The man, wearing a"
flickr30k_retrieval_2000_seed2,qwen_prompt,qwen_prompt__flickr30k_retrieval_2000_seed2,observer_specific_supported,Observer Specific Supported,1799,1799,flickr30k_test_029859,"In a brightly lit indoor basketball arena, a player in a black jersey with “VISA” and the number 4 prominently displayed is actively defending against an opponent wearing a white jersey with “PAUL” and the number 13. The defender, with a focused expression and wide stance, is positioned closely in front"
flickr30k_retrieval_2000_seed2,qwen_prompt,qwen_prompt__flickr30k_retrieval_2000_seed2,observer_specific_supported,Observer Specific Supported,1800,1800,flickr30k_test_004117,"A man in a dark pinstripe suit and purple tie stands in profile outdoors, looking toward the right side of the frame, with a modern building and a yellow umbrella pole visible in the background."
flickr30k_retrieval_2000_seed2,qwen_prompt,qwen_prompt__flickr30k_retrieval_2000_seed2,observer_specific_supported,Observer Specific Supported,1801,1801,flickr30k_test_006105,"Two people, one in a red shirt and the other in a light-colored shirt, are seated on a low stone or concrete ledge beside a calm, reflective pond in a sun-dappled park. They appear to be fishing, with rods extending toward the water. The scene is framed by mature trees with green foliage and"
flickr30k_retrieval_2000_seed2,qwen_prompt,qwen_prompt__flickr30k_retrieval_2000_seed2,observer_specific_supported,Observer Specific Supported,1802,1802,flickr30k_test_019229,"A strikingly painted tree with bright red bark and sparse yellow-green leaves stands prominently on a city sidewalk, its vivid color contrasting sharply with the neutral-toned, modern building behind it. A white SUV is parked on the street nearby, and a few pedestrians are visible near the building’s entrance, suggesting normal urban activity."
flickr30k_retrieval_2000_seed2,qwen_prompt,qwen_prompt__flickr30k_retrieval_2000_seed2,observer_specific_supported,Observer Specific Supported,1803,1803,flickr30k_test_015202,"In a warmly lit, red-walled room with ornate ceiling drapery, a person with glasses and dark hair leans over a green pool table, lining up a shot with a cue stick, aiming at a red ball. Two other individuals stand nearby, observing the game. The table holds several balls, including a"
flickr30k_retrieval_2000_seed2,qwen_prompt,qwen_prompt__flickr30k_retrieval_2000_seed2,observer_specific_supported,Observer Specific Supported,1804,1804,flickr30k_test_030313,"A young person in a blue shirt and jeans is mid-air on a bicycle, performing a stunt over a wide set of stone steps in front of a grand, arched building with ornate columns and flower boxes. The rider’s body is angled, and the bike’s front wheel is lifted, suggesting a jump or trick"
flickr30k_retrieval_2000_seed2,qwen_prompt,qwen_prompt__flickr30k_retrieval_2000_seed2,observer_specific_supported,Observer Specific Supported,1805,1805,flickr30k_test_006490,"A construction worker in a bright orange safety vest and hard hat walks along a wet train platform, observing as a red excavator operates beside a yellow freight train on the adjacent track, with gravel ballast visible between the rails."
flickr30k_retrieval_2000_seed2,qwen_prompt,qwen_prompt__flickr30k_retrieval_2000_seed2,observer_specific_supported,Observer Specific Supported,1806,1806,flickr30k_test_028089,"A rugby player in a black jersey, holding the ball securely, is being tackled by an opponent in a white jersey with red and blue striped socks. The tackler has his arms wrapped around the ball carrier’s waist, attempting to bring him down. A third player, wearing a blue headguard and a patterned jersey"
flickr30k_retrieval_2000_seed2,qwen_prompt,qwen_prompt__flickr30k_retrieval_2000_seed2,observer_specific_supported,Observer Specific Supported,1807,1807,flickr30k_test_001282,"A person is crouched on sandy ground beside a coconut tree, manually processing coconuts—some whole, others cracked open with husks and shells scattered around. The individual appears to be extracting or sorting the coconut meat or water, using a tool to pry open the husks. The scene suggests a manual,"
flickr30k_retrieval_2000_seed2,qwen_prompt,qwen_prompt__flickr30k_retrieval_2000_seed2,observer_specific_supported,Observer Specific Supported,1808,1808,flickr30k_test_022817,"A softball player in a blue uniform with the number 15 is sprinting toward first base, her body leaning forward in motion, while a fielder in a dark uniform with red socks and a catcher’s mitt prepares to field the ball. The yellow softball is airborne near the batter’s box, and a scoreboard in"
flickr30k_retrieval_2000_seed2,qwen_prompt,qwen_prompt__flickr30k_retrieval_2000_seed2,observer_specific_supported,Observer Specific Supported,1809,1809,flickr30k_test_011065,"A person in a green shirt and dark pants is mid-bowling motion, having just released a black bowling ball down the lane. The ball is captured in flight, heading toward the pins. The scene is set in a brightly lit bowling alley, with lane markings and score indicators (90, 120"
flickr30k_retrieval_2000_seed2,qwen_prompt,qwen_prompt__flickr30k_retrieval_2000_seed2,observer_specific_supported,Observer Specific Supported,1810,1810,flickr30k_test_015049,"A young boy in a gray t-shirt and plaid shorts is captured mid-air, leaping to dunk a basketball into a hoop mounted on a portable pole. His right hand grips the ball as he extends his body toward the net, his left leg kicked back and his sneakers angled for landing. The scene unfolds outdoors on"
flickr30k_retrieval_2000_seed2,qwen_prompt,qwen_prompt__flickr30k_retrieval_2000_seed2,observer_specific_supported,Observer Specific Supported,1811,1811,flickr30k_test_025674,"A man in a dark shirt and pants is carefully arranging golden, dried reeds or straw onto a thatched roof structure, his hands working methodically as he sits perched on the edge of the roof, surrounded by bundles of the same material."
flickr30k_retrieval_2000_seed2,qwen_prompt,qwen_prompt__flickr30k_retrieval_2000_seed2,observer_specific_supported,Observer Specific Supported,1812,1812,flickr30k_test_002046,"A toddler sits on a hardwood floor, intently focused on playing with a pair of blue jeans, while an adult’s hands gently rest on the child’s head in a comforting gesture. A wooden chair and cream-colored curtains are visible in the background, suggesting a cozy indoor setting."
flickr30k_retrieval_2000_seed2,qwen_prompt,qwen_prompt__flickr30k_retrieval_2000_seed2,observer_specific_supported,Observer Specific Supported,1813,1813,flickr30k_test_005045,"A dense crowd of commuters gathers on a subway platform, waiting near a train marked with the number 213. Many individuals are standing close together, some looking toward the train, while others are engrossed in reading newspapers or personal devices. A woman in a yellow jacket stands near the front, and a person"
flickr30k_retrieval_2000_seed2,qwen_prompt,qwen_prompt__flickr30k_retrieval_2000_seed2,observer_specific_supported,Observer Specific Supported,1814,1814,flickr30k_test_007483,"A young woman wearing a blue helmet and a green shirt is riding a bicycle on a paved path that runs alongside a metal railing, with trees and foliage lining the route. She is looking back over her shoulder toward the camera, smiling. The scene is bathed in warm, golden light, suggesting late afternoon or early evening"
flickr30k_retrieval_2000_seed2,qwen_prompt,qwen_prompt__flickr30k_retrieval_2000_seed2,observer_specific_supported,Observer Specific Supported,1815,1815,flickr30k_test_027966,"A skateboarder wearing a white helmet and gloves is performing a sharp turn on a paved road, leaning low with arms outstretched for balance. The skateboard, with yellow wheels, is angled as he carves along the edge of a grassy area. In the background, a tripod stands on the grass near a residential"
flickr30k_retrieval_2000_seed2,qwen_prompt,qwen_prompt__flickr30k_retrieval_2000_seed2,observer_specific_supported,Observer Specific Supported,1816,1816,flickr30k_test_020271,"Two women stand on a wet platform, each holding an umbrella — one dark gray, the other patterned purple — as a train streaks past them in motion blur, its silver and blue stripes momentarily visible behind them. A black bollard stands between them, and both carry handbags, suggesting they are waiting for"
flickr30k_retrieval_2000_seed2,qwen_prompt,qwen_prompt__flickr30k_retrieval_2000_seed2,observer_specific_supported,Observer Specific Supported,1817,1817,flickr30k_test_011499,"A young woman in traditional embroidered attire stands on a sandy beach, holding colorful woven textiles and a small bag, likely selling handmade crafts to beachgoers. Behind her, rows of blue lounge chairs and a few sunbathers are visible, indicating a tourist-oriented beach setting."
flickr30k_retrieval_2000_seed2,qwen_prompt,qwen_prompt__flickr30k_retrieval_2000_seed2,observer_specific_supported,Observer Specific Supported,1818,1818,flickr30k_test_010049,"A band performs on a dimly lit stage, with a guitarist in the foreground playing a white electric guitar, while a second guitarist to his right strums an acoustic guitar. Behind them, a drummer is seated at a red drum kit, and a third musician stands near a microphone stand. The stage backdrop is decorated with"
flickr30k_retrieval_2000_seed2,qwen_prompt,qwen_prompt__flickr30k_retrieval_2000_seed2,observer_specific_supported,Observer Specific Supported,1819,1819,flickr30k_test_026357,"A person wearing a purple winter jacket and a patterned hat sits on a blue sled in a snowy forest, eating a sandwich while leaning against a large, snow-dusted tree trunk. Snow blankets the ground and branches of surrounding evergreens, and the individual’s snow-covered boots and gloves suggest they are dressed for cold weather"
flickr30k_retrieval_2000_seed2,qwen_prompt,qwen_prompt__flickr30k_retrieval_2000_seed2,observer_specific_supported,Observer Specific Supported,1820,1820,flickr30k_test_022914,"An elderly man wearing a large, ornate sombrero and glasses sits in a red mobility scooter in a well-lit shoe store aisle, holding up a tan moccasin-style shoe to examine it. Behind him, shelves are stocked with rows of shoes, and an American flag hangs on the wall. The scene suggests"
flickr30k_retrieval_2000_seed2,qwen_prompt,qwen_prompt__flickr30k_retrieval_2000_seed2,observer_specific_supported,Observer Specific Supported,1821,1821,flickr30k_test_021136,"A female Ultimate Frisbee player in a white jersey with the number 17 stands alert on a grassy field, facing a teammate who is diving low to the ground in an attempt to catch a white frisbee. Another player in a pink shirt is positioned behind the diving player, and a spectator holding a"
flickr30k_retrieval_2000_seed2,qwen_prompt,qwen_prompt__flickr30k_retrieval_2000_seed2,observer_specific_supported,Observer Specific Supported,1822,1822,flickr30k_test_003542,"Two men in black hoodies and blue jeans walk side by side down a narrow, sunlit street lined with buildings displaying signs for a Turkish bath and other businesses; a third man in a dark jacket walks behind them, carrying a pink bag, while a yellow taxi and other vehicles are parked along the curb."
flickr30k_retrieval_2000_seed2,qwen_prompt,qwen_prompt__flickr30k_retrieval_2000_seed2,observer_specific_supported,Observer Specific Supported,1823,1823,flickr30k_test_006239,"A young child with blonde hair, wearing a striped shirt, is sitting on a couch and intently reading a book while a large, spotted dog with a red collar lies calmly beside them, its head resting near the child’s hand."
flickr30k_retrieval_2000_seed2,qwen_prompt,qwen_prompt__flickr30k_retrieval_2000_seed2,observer_specific_supported,Observer Specific Supported,1824,1824,flickr30k_test_005091,"Two men are rappelling down a steep, cascading waterfall, secured by ropes and wearing helmets and harnesses; one in blue shorts gestures forward while the other in red shorts follows closely behind, both navigating the rushing water."
flickr30k_retrieval_2000_seed2,qwen_prompt,qwen_prompt__flickr30k_retrieval_2000_seed2,observer_specific_supported,Observer Specific Supported,1825,1825,flickr30k_test_026674,"A young child with dark, curly hair, wearing a white t-shirt and patterned shorts, walks away from the camera through tall green grass in a vast, open field under a clear blue sky. The child’s back is to the viewer, and they appear to be moving toward the distant horizon where the grassland meets"
flickr30k_retrieval_2000_seed2,qwen_prompt,qwen_prompt__flickr30k_retrieval_2000_seed2,observer_specific_supported,Observer Specific Supported,1826,1826,flickr30k_test_030213,"A rider in a blue racing suit and full-face helmet leans into a turn on a yellow and black quad bike, kicking up dirt on a muddy off-road track. The vehicle’s front wheel is angled sharply, and the rear wheel is partially obscured by mud, indicating active motion. A white and red striped barrier tape with"
flickr30k_retrieval_2000_seed2,qwen_prompt,qwen_prompt__flickr30k_retrieval_2000_seed2,observer_specific_supported,Observer Specific Supported,1827,1827,flickr30k_test_007285,"A man wearing a red, white, and blue ""England"" jersey with the Union Jack design and a matching red cap stands on a grassy field, holding a wooden cane in his right hand. He is viewed from behind, facing away from the camera toward a distant line of trees and other people scattered across the field"
flickr30k_retrieval_2000_seed2,qwen_prompt,qwen_prompt__flickr30k_retrieval_2000_seed2,observer_specific_supported,Observer Specific Supported,1828,1828,flickr30k_test_000944,"Two male soccer players are intensely competing for control of the ball on a grass field, with one in a white jersey and the other in a red jersey with the number 16. The player in red is actively challenging the player in white, who is positioned near the ball. In the background, spectators are seated in"
flickr30k_retrieval_2000_seed2,qwen_prompt,qwen_prompt__flickr30k_retrieval_2000_seed2,observer_specific_supported,Observer Specific Supported,1829,1829,flickr30k_test_010590,"Four young people are lying on their stomachs in a grassy, leaf-strewn yard, each performing a handstand with their heads down and feet pointed toward the sky. They are arranged in a staggered line, wearing casual clothing — one in a red shirt and brown pants, another in a green shirt and"
flickr30k_retrieval_2000_seed2,qwen_prompt,qwen_prompt__flickr30k_retrieval_2000_seed2,observer_specific_supported,Observer Specific Supported,1830,1830,flickr30k_test_003898,"A shirtless man with sunglasses and a Calvin Klein belt stands prominently in the foreground at a nighttime outdoor gathering, his arms slightly outstretched. Behind him, a woman in a pink top and a man in a maroon shirt are visible, along with a police officer in uniform to the left. A plastic water bottle"
flickr30k_retrieval_2000_seed2,qwen_prompt,qwen_prompt__flickr30k_retrieval_2000_seed2,observer_specific_supported,Observer Specific Supported,1831,1831,flickr30k_test_008936,"A bald man wearing sunglasses, a white shirt, and khaki shorts stands center stage under a white tent, holding and playing a banjo with a colorful, painted headstock. He wears sandals and appears to be performing. Behind him, on a raised platform, another musician sits at a drum kit, partially obscured."
flickr30k_retrieval_2000_seed2,qwen_prompt,qwen_prompt__flickr30k_retrieval_2000_seed2,observer_specific_supported,Observer Specific Supported,1832,1832,flickr30k_test_003395,"A white dog with a wide-open mouth, showing teeth and tongue, is playfully engaging with a brown and black dachshund on a carpeted floor; the dachshund is on its back with paws up, appearing to be in a playful tussle or mock bite."
flickr30k_retrieval_2000_seed2,qwen_prompt,qwen_prompt__flickr30k_retrieval_2000_seed2,observer_specific_supported,Observer Specific Supported,1833,1833,flickr30k_test_012222,"A man in a white polo shirt and khaki pants stands in front of a white metal fence, gesturing with his arms outstretched toward a large, traditional-style building with a tiled roof and red pillars. A Chinese flag flies atop a pole centered above the building’s entrance. The building’s facade is beige with"
flickr30k_retrieval_2000_seed2,qwen_prompt,qwen_prompt__flickr30k_retrieval_2000_seed2,observer_specific_supported,Observer Specific Supported,1834,1834,flickr30k_test_025396,"A cheerleader in a black and gold uniform is captured mid-air during a stunt, being lifted high above a group of teammates on a football field. Below her, several other cheerleaders in matching uniforms form a human pyramid, supporting her with their hands and arms. One teammate directly beneath her is holding her legs, while"
flickr30k_retrieval_2000_seed2,qwen_prompt,qwen_prompt__flickr30k_retrieval_2000_seed2,observer_specific_supported,Observer Specific Supported,1835,1835,flickr30k_test_002347,"A young boy in a red shirt and gray shorts walks briskly along a red-and-gray tiled sidewalk in front of a weathered, light-blue building with a wooden door and a small barred window. The building’s paint is cracked and peeling, and a simple wall-mounted light fixture hangs above the door. The boy"
flickr30k_retrieval_2000_seed2,qwen_prompt,qwen_prompt__flickr30k_retrieval_2000_seed2,observer_specific_supported,Observer Specific Supported,1836,1836,flickr30k_test_016535,"At a bustling outdoor market stall, a woman in a white tank top and denim shorts is actively selecting produce, holding a plastic bag while reaching toward a pile of melons. Nearby, another woman in a yellow shirt is also shopping, holding a white plastic bag and a phone. In the foreground, a person in a"
flickr30k_retrieval_2000_seed2,qwen_prompt,qwen_prompt__flickr30k_retrieval_2000_seed2,observer_specific_supported,Observer Specific Supported,1837,1837,flickr30k_test_026547,"A hand holds a yellow pencil poised over a sheet of music for “Violoncelli,” specifically the “Finale secondo atto” (Act Two Finale) from a work marked “Nº36. Adagio, drammatico.” The pencil tip hovers near the staff, suggesting the"
flickr30k_retrieval_2000_seed2,qwen_prompt,qwen_prompt__flickr30k_retrieval_2000_seed2,observer_specific_supported,Observer Specific Supported,1838,1838,flickr30k_test_027911,"A cricket batsman in white uniform and protective gear is mid-swing, having just struck the ball, which is visible in mid-air above the pitch. The ball is heading toward the boundary. Behind him, the wicketkeeper in full gear crouches near the stumps, ready to react. A bowler"
flickr30k_retrieval_2000_seed2,qwen_prompt,qwen_prompt__flickr30k_retrieval_2000_seed2,observer_specific_supported,Observer Specific Supported,1839,1839,flickr30k_test_023514,"Silhouetted against the bright horizon, several people stand and sit along a wooden pier extending into the calm sea, while in the foreground, a pair of sunglasses rests on a table beneath a large umbrella, suggesting a quiet, contemplative moment at a seaside resort."
flickr30k_retrieval_2000_seed2,qwen_prompt,qwen_prompt__flickr30k_retrieval_2000_seed2,observer_specific_supported,Observer Specific Supported,1840,1840,flickr30k_test_020123,"In a warmly lit hallway, a group of people gathers around a man holding a card, while another man wearing a party hat peeks out from behind a red curtain, appearing to observe or participate in the moment. The scene suggests a casual, possibly celebratory or social gathering, with the participants focused on the card being"
flickr30k_retrieval_2000_seed2,qwen_prompt,qwen_prompt__flickr30k_retrieval_2000_seed2,observer_specific_supported,Observer Specific Supported,1841,1841,flickr30k_test_004445,"An older man wearing a tweed flat cap and a beige jacket stands in the foreground, looking directly at the camera with a slightly open mouth, while a younger boy in a light blue and black jacket stands behind him, looking down and to the side, near a red brick wall."
flickr30k_retrieval_2000_seed2,qwen_prompt,qwen_prompt__flickr30k_retrieval_2000_seed2,observer_specific_supported,Observer Specific Supported,1842,1842,flickr30k_test_011512,"A shirtless man in bright yellow swim trunks crouches on a rocky shoreline, gazing out at the calm, turquoise sea."
flickr30k_retrieval_2000_seed2,qwen_prompt,qwen_prompt__flickr30k_retrieval_2000_seed2,observer_specific_supported,Observer Specific Supported,1843,1843,flickr30k_test_004300,"A woman with blonde hair in a ponytail, wearing a pink shirt and light-colored pants, is riding a light blue bicycle along a waterfront path. A man in a light gray t-shirt and dark shorts walks beside her, holding the bike’s rear rack. In the background, a city skyline is visible across the water"
flickr30k_retrieval_2000_seed2,qwen_prompt,qwen_prompt__flickr30k_retrieval_2000_seed2,observer_specific_supported,Observer Specific Supported,1844,1844,flickr30k_test_013883,"Three dogs are running across a grassy lawn, captured with motion blur that conveys their speed. From left to right: a black dog with a white muzzle and chest, a shaggy white and tan dog, and a black and white dog with a fluffy tail. The background shows a chain-link fence and d"
flickr30k_retrieval_2000_seed2,qwen_prompt,qwen_prompt__flickr30k_retrieval_2000_seed2,observer_specific_supported,Observer Specific Supported,1845,1845,flickr30k_test_024005,"Two young male swimmers in blue TYR swim briefs stand side-by-side at the edge of a pool, both shirtless and focused on their gear. The swimmer on the left, with his mouth slightly open and hand near his chin, appears to be in thought or preparing mentally. The swimmer on the"
flickr30k_retrieval_2000_seed2,qwen_prompt,qwen_prompt__flickr30k_retrieval_2000_seed2,observer_specific_supported,Observer Specific Supported,1846,1846,flickr30k_test_024350,"A man sits on a wooden cart being pulled by a dark-colored donkey along a paved street in a modest urban area, holding reins and a long stick; behind them, weathered buildings and a utility pole frame the scene under an overcast sky."
flickr30k_retrieval_2000_seed2,qwen_prompt,qwen_prompt__flickr30k_retrieval_2000_seed2,observer_specific_supported,Observer Specific Supported,1847,1847,flickr30k_test_006422,"In a small yellow boat marked with the number 80, three men wearing white ""DOGONE"" team jerseys and helmets are seated, each holding a dog. The man in the center, smiling, holds a golden retriever, while the man on the right holds a smaller, brown-and-white dog. The boat"
flickr30k_retrieval_2000_seed2,qwen_prompt,qwen_prompt__flickr30k_retrieval_2000_seed2,observer_specific_supported,Observer Specific Supported,1848,1848,flickr30k_test_010165,"A person with shoulder-length hair, wearing a white shirt with a black floral pattern and dark jeans, is bent over at the waist in a bowling alley, appearing to be in the process of picking up or adjusting a bowling ball. In the background, another person in a dark jacket stands near a lane, looking toward the"
flickr30k_retrieval_2000_seed2,qwen_prompt,qwen_prompt__flickr30k_retrieval_2000_seed2,observer_specific_supported,Observer Specific Supported,1849,1849,flickr30k_test_018125,"In a dimly lit, crowded indoor space—likely a nightclub or party—people are gathered closely together. A young man with glasses, wearing a dark shirt, is the central focus, holding up a smartphone to take a selfie or video. His face is visible in the phone’s screen, and he appears to be"
flickr30k_retrieval_2000_seed2,qwen_prompt,qwen_prompt__flickr30k_retrieval_2000_seed2,observer_specific_supported,Observer Specific Supported,1850,1850,flickr30k_test_024935,"A group of people, including a vendor in a blue-and-white checkered apron and several customers, are gathered around a small outdoor food stall on a street corner. The vendor, positioned under a green awning, appears to be serving or arranging food items on a wooden tray. One customer, wearing a yellow head"
flickr30k_retrieval_2000_seed2,qwen_prompt,qwen_prompt__flickr30k_retrieval_2000_seed2,observer_specific_supported,Observer Specific Supported,1851,1851,flickr30k_test_000666,"A young child with light brown hair, wearing a striped hoodie and blue pants, is asleep on a red cushioned chair, with a blue pacifier in their mouth. A white stuffed animal rests beside them on the cushion."
flickr30k_retrieval_2000_seed2,qwen_prompt,qwen_prompt__flickr30k_retrieval_2000_seed2,observer_specific_supported,Observer Specific Supported,1852,1852,flickr30k_test_024651,"Three snowboarders are captured mid-air during a synchronized jump, each on their own board, against a clear blue sky. The snowboarder in the center, wearing a white helmet and orange plaid pants with the number “21” on their sleeve, is positioned slightly higher and appears to be leading the group"
flickr30k_retrieval_2000_seed2,qwen_prompt,qwen_prompt__flickr30k_retrieval_2000_seed2,observer_specific_supported,Observer Specific Supported,1853,1853,flickr30k_test_000572,"A woman in a white coat and black boots walks beside a man in a dark coat, both holding hands as they stroll along a sidewalk in front of a jewelry store. The woman carries a white tote bag and a black shoulder bag, while the man wears sunglasses and dark pants. The storefront behind them displays posters and a"
flickr30k_retrieval_2000_seed2,qwen_prompt,qwen_prompt__flickr30k_retrieval_2000_seed2,observer_specific_supported,Observer Specific Supported,1854,1854,flickr30k_test_011156,"A young woman with dark hair, wearing a green sweater and a beige apron, is stirring a pale yellow batter in a clear Pyrex measuring cup with a wooden spoon. Her expression is focused and pleasant as she mixes the ingredients, and the warm, dim lighting suggests she is in a home kitchen."
flickr30k_retrieval_2000_seed2,qwen_prompt,qwen_prompt__flickr30k_retrieval_2000_seed2,observer_specific_supported,Observer Specific Supported,1855,1855,flickr30k_test_020932,"A young man in a gray tank top stands in a sun-dappled park, carefully using a fork to lift a piece of grilled meat from a white plate. Behind him, the lush green foliage of trees creates a bright, natural backdrop, and the edge of a grill is visible to his left, suggesting he is"
flickr30k_retrieval_2000_seed2,qwen_prompt,qwen_prompt__flickr30k_retrieval_2000_seed2,observer_specific_supported,Observer Specific Supported,1856,1856,flickr30k_test_004902,"A smiling man wearing a blue climbing helmet and reflective sunglasses poses for the camera against a backdrop of rugged, sunlit red rock cliffs, suggesting he is at a climbing or hiking location."
flickr30k_retrieval_2000_seed2,qwen_prompt,qwen_prompt__flickr30k_retrieval_2000_seed2,observer_specific_supported,Observer Specific Supported,1857,1857,flickr30k_test_023572,"Three people are seated on a metal bench in a park-like setting, with a green metal structure and climbing vines behind them. A man in a blue cap and white shirt sits on the left, holding a phone and looking at it. Beside him, a woman with curly hair, wearing a patterned dress and carrying"
flickr30k_retrieval_2000_seed2,qwen_prompt,qwen_prompt__flickr30k_retrieval_2000_seed2,observer_specific_supported,Observer Specific Supported,1858,1858,flickr30k_test_002412,"A young boy with curly brown hair, wearing a light blue t-shirt, smiles broadly while holding a large, yellow plastic alligator toy with its mouth open. He grips the toy with both hands, presenting it toward the camera. The background consists of a weathered, textured concrete wall with vertical seams."
flickr30k_retrieval_2000_seed2,qwen_prompt,qwen_prompt__flickr30k_retrieval_2000_seed2,observer_specific_supported,Observer Specific Supported,1859,1859,flickr30k_test_028216,"A male diver executes a backward somersault mid-air above a diving platform, his body arched and legs drawn in, while spectators sit on a balcony under a brown canopy, watching the performance."
flickr30k_retrieval_2000_seed2,qwen_prompt,qwen_prompt__flickr30k_retrieval_2000_seed2,observer_specific_supported,Observer Specific Supported,1860,1860,flickr30k_test_017833,"Two people are carrying large bundles of dried grass or straw on their heads across a dry, grassy field under an overcast sky. The person on the left wears a patterned blue shirt and dark pants, while the person on the right wears a colorful patterned dress. Both are walking away from the camera, heading"
flickr30k_retrieval_2000_seed2,qwen_prompt,qwen_prompt__flickr30k_retrieval_2000_seed2,observer_specific_supported,Observer Specific Supported,1861,1861,flickr30k_test_024681,"A young woman with her dark hair pulled back stands outside a storefront, holding an acoustic guitar with a wooden finish and a patterned strap. She looks slightly upward and to her right with a calm, thoughtful expression. Behind her, the glass window reflects the street and displays mannequins dressed in casual clothing, including"
flickr30k_retrieval_2000_seed2,qwen_prompt,qwen_prompt__flickr30k_retrieval_2000_seed2,observer_specific_supported,Observer Specific Supported,1862,1862,flickr30k_test_001567,"A man in a white t-shirt is operating a bright blue forklift on a paved road, surrounded by a crowd of pedestrians. The forklift’s forks are down, and the man is seated in the driver’s seat, looking forward. People in casual clothing, some carrying bags, are walking around the for"
flickr30k_retrieval_2000_seed2,qwen_prompt,qwen_prompt__flickr30k_retrieval_2000_seed2,observer_specific_supported,Observer Specific Supported,1863,1863,flickr30k_test_004485,"A man with a full white beard and sunglasses, wearing a light-colored short-sleeved shirt, is standing at a vendor stall, actively handling clear plastic bags, likely preparing or serving items. Behind him, another person in a cap is partially visible, and the scene appears to be outdoors under a canopy, suggesting a"
flickr30k_retrieval_2000_seed2,qwen_prompt,qwen_prompt__flickr30k_retrieval_2000_seed2,observer_specific_supported,Observer Specific Supported,1864,1864,flickr30k_test_024182,"A young swimmer, wearing pink-tinted goggles, is submerged underwater, with bubbles rising from their mouth and nose as they exhale, creating a frothy, textured effect around their face."
flickr30k_retrieval_2000_seed2,qwen_prompt,qwen_prompt__flickr30k_retrieval_2000_seed2,observer_specific_supported,Observer Specific Supported,1865,1865,flickr30k_test_016162,"Three shirtless men stand in a grassy park area, two with hands on hips and one leaning on a bicycle, while a fourth person in an orange shirt walks in the background near a tree and a lamppost. Palm trees and other foliage frame the scene, suggesting a warm, outdoor setting."
flickr30k_retrieval_2000_seed2,qwen_prompt,qwen_prompt__flickr30k_retrieval_2000_seed2,observer_specific_supported,Observer Specific Supported,1866,1866,flickr30k_test_013670,"A group of female dancers in elaborate, colorful traditional costumes perform a synchronized dance on a dark stage, their arms extended and bodies poised in a dynamic, expressive pose."
flickr30k_retrieval_2000_seed2,qwen_prompt,qwen_prompt__flickr30k_retrieval_2000_seed2,observer_specific_supported,Observer Specific Supported,1867,1867,flickr30k_test_022178,"An elderly man in a light-colored shirt and brown pants sits on a folding stool at a street-side fruit stall, reading a newspaper. In front of him, wooden crates hold piles of red apples, green pears, and purple grapes. Behind him, a woman in a blue sari walks past, carrying a black"
flickr30k_retrieval_2000_seed2,qwen_prompt,qwen_prompt__flickr30k_retrieval_2000_seed2,observer_specific_supported,Observer Specific Supported,1868,1868,flickr30k_test_011732,"A surfer in a dark wetsuit rides a powerful, curling green wave, carving a path through the whitewater as the wave breaks around them."
flickr30k_retrieval_2000_seed2,qwen_prompt,qwen_prompt__flickr30k_retrieval_2000_seed2,observer_specific_supported,Observer Specific Supported,1869,1869,flickr30k_test_015749,"A young girl in a yellow shirt and dark pants walks across a wet street during a heavy rainstorm, holding a small object in her hands. Behind her is a large, ornate black metal gate with gold detailing, set into a building facade with a blue sign reading “JUSTICE LA ROYAL” and “"
flickr30k_retrieval_2000_seed2,qwen_prompt,qwen_prompt__flickr30k_retrieval_2000_seed2,observer_specific_supported,Observer Specific Supported,1870,1870,flickr30k_test_021714,"A young woman in a white apron and cap stands in a rustic, tiled kitchen, pouring a white, viscous substance—likely cheese curds or whey—from a plastic bag into a large, black, metal vat. The scene suggests she is engaged in traditional cheese-making. In the foreground, a bright orange"
flickr30k_retrieval_2000_seed2,qwen_prompt,qwen_prompt__flickr30k_retrieval_2000_seed2,observer_specific_supported,Observer Specific Supported,1871,1871,flickr30k_test_009664,"A young girl wearing a blue helmet and pink sunglasses is riding a purple bicycle on a paved road, her shadow cast long on the asphalt beside her."
flickr30k_retrieval_2000_seed2,qwen_prompt,qwen_prompt__flickr30k_retrieval_2000_seed2,observer_specific_supported,Observer Specific Supported,1872,1872,flickr30k_test_009734,"A family of four stands on a dry, sandy beach scattered with driftwood and sparse vegetation, engaged in a cleanup activity. The father, wearing a blue t-shirt and dark shorts, holds a white plastic bag and gestures toward the ground. Beside him, a young child in a pink shirt and jeans holds a yellow"
flickr30k_retrieval_2000_seed2,qwen_prompt,qwen_prompt__flickr30k_retrieval_2000_seed2,observer_specific_supported,Observer Specific Supported,1873,1873,flickr30k_test_002087,"A golden retriever leaps high into the air in a grassy backyard at sunset, its paws extended toward a green frisbee it is about to catch, silhouetted against the warm, fading light."
flickr30k_retrieval_2000_seed2,qwen_prompt,qwen_prompt__flickr30k_retrieval_2000_seed2,observer_specific_supported,Observer Specific Supported,1874,1874,flickr30k_test_029180,"On a bright day at a construction site, three workers are visible on the upper level of an unfinished concrete structure. On the left, a shirtless man with a bald head is holding a phone to his ear and appears to be talking, while wearing a tool belt. To his right, two other workers are collaborating to"
flickr30k_retrieval_2000_seed2,qwen_prompt,qwen_prompt__flickr30k_retrieval_2000_seed2,observer_specific_supported,Observer Specific Supported,1875,1875,flickr30k_test_020491,"A person wearing a beige jacket and blue jeans is bent over, with a bright blue plastic bag tucked into the back of their jeans, likely holding a small item. Nearby, a small child in a brown vest and gray pants stands beside them, looking up. A woven basket filled with colorful items sits on the ground nearby"
flickr30k_retrieval_2000_seed2,qwen_prompt,qwen_prompt__flickr30k_retrieval_2000_seed2,observer_specific_supported,Observer Specific Supported,1876,1876,flickr30k_test_004931,"A man with a beard and tattoos, wearing an orange checkered shirt, is intently looking through the eyepiece of a black and silver compound microscope, his right hand adjusting a knob on the instrument’s base while his left hand holds a small object near the stage."
flickr30k_retrieval_2000_seed2,qwen_prompt,qwen_prompt__flickr30k_retrieval_2000_seed2,observer_specific_supported,Observer Specific Supported,1877,1877,flickr30k_test_024217,"A man in a green shirt and shorts sleeps curled up on a wooden bench in a public plaza, his head resting on his arm, while other people sit nearby on stone steps and benches, some appearing to be resting or socializing, with a small discarded plastic cup lying on the pavement nearby."
flickr30k_retrieval_2000_seed2,qwen_prompt,qwen_prompt__flickr30k_retrieval_2000_seed2,observer_specific_supported,Observer Specific Supported,1878,1878,flickr30k_test_003764,"At night, several greyhounds race intensely on a dirt track, their bodies low and stretched as they sprint toward the finish line. The dogs, each wearing a distinctively colored racing jacket with a numbered patch (visible numbers include 4, 3, 8, and 2), are tightly packed in a"
flickr30k_retrieval_2000_seed2,qwen_prompt,qwen_prompt__flickr30k_retrieval_2000_seed2,observer_specific_supported,Observer Specific Supported,1879,1879,flickr30k_test_000226,"Two men are working on a rusted, vintage Volkswagen Beetle with its hood open; one, wearing a blue cap and white jacket, stands beside the car while the other, in a dark shirt, leans into the engine bay, appearing to inspect or repair it. The car’s body is heavily corroded, with patches"
flickr30k_retrieval_2000_seed2,qwen_prompt,qwen_prompt__flickr30k_retrieval_2000_seed2,observer_specific_supported,Observer Specific Supported,1880,1880,flickr30k_test_026897,"A woman in a purple costume with long, light-colored hair and face paint strikes a dramatic pose in a parking lot, holding out a purple cloth as if in mid-performance, while another woman in an orange shirt and dark pants stands nearby, holding a small orange ball and gesturing toward her, seemingly engaged in a playful"
flickr30k_retrieval_2000_seed2,qwen_prompt,qwen_prompt__flickr30k_retrieval_2000_seed2,observer_specific_supported,Observer Specific Supported,1881,1881,flickr30k_test_002948,"A woman in a white cowboy hat, plaid cropped shirt, and ripped jeans crouches low on a grassy area near a wire fence, her hands resting on the ground. Behind her, a wooden building with a railing overlooks the scene, where two other people stand watching — one holding a guitar. The"
flickr30k_retrieval_2000_seed2,qwen_prompt,qwen_prompt__flickr30k_retrieval_2000_seed2,observer_specific_supported,Observer Specific Supported,1882,1882,flickr30k_test_029416,"A young girl with dark hair, wearing a patterned rash guard and orange shorts, kneels on a sandy beach and uses a black-handled shovel to dig into the sand, lifting a clump of sand and small rocks. A bright pink bucket with a Minnie Mouse design sits nearby on the sand, and a"
flickr30k_retrieval_2000_seed2,qwen_prompt,qwen_prompt__flickr30k_retrieval_2000_seed2,observer_specific_supported,Observer Specific Supported,1883,1883,flickr30k_test_004676,"Two young children are seated together in a tire swing suspended by yellow ropes, swinging outdoors in a snowy environment. The child in the foreground, wearing a bright green snowsuit and a patterned knit hat, faces away from the camera. Behind them, a second child in a blue snowsuit and striped hat smiles broadly,"
flickr30k_retrieval_2000_seed2,qwen_prompt,qwen_prompt__flickr30k_retrieval_2000_seed2,observer_specific_supported,Observer Specific Supported,1884,1884,flickr30k_test_011542,"Two women wearing headscarves stand close together, their expressions conveying deep sadness or distress; one wears a pink hijab and the other a purple one, both looking downward with heavy brows and downturned mouths. A blurred figure in a blue shirt is visible in the background, and a large, out-of-focus red emblem"
flickr30k_retrieval_2000_seed2,qwen_prompt,qwen_prompt__flickr30k_retrieval_2000_seed2,observer_specific_supported,Observer Specific Supported,1885,1885,flickr30k_test_029166,"A person is water skiing beneath the Golden Gate Bridge, leaving a white wake in the greenish-blue water, while a small kite with a blue and red pattern flies overhead against a clear sky."
flickr30k_retrieval_2000_seed2,qwen_prompt,qwen_prompt__flickr30k_retrieval_2000_seed2,observer_specific_supported,Observer Specific Supported,1886,1886,flickr30k_test_027716,"Two male race car drivers, both wearing red and white racing suits with Red Bull branding and gold medals, stand on a podium celebrating. They are laughing and spraying champagne from bottles, with droplets visible in the air. Behind them, a large banner reads “PortAventura” and “España 20"
flickr30k_retrieval_2000_seed2,qwen_prompt,qwen_prompt__flickr30k_retrieval_2000_seed2,observer_specific_supported,Observer Specific Supported,1887,1887,flickr30k_test_023340,"A man walks away from the camera down a cobblestone street at night, passing a vintage red convertible with its headlights on, parked in front of a brightly lit shop with a green facade and signage reading “KARLOVA 23.” Other modern cars are parked nearby, and the warm glow of shop windows"
flickr30k_retrieval_2000_seed2,qwen_prompt,qwen_prompt__flickr30k_retrieval_2000_seed2,observer_specific_supported,Observer Specific Supported,1888,1888,flickr30k_test_005104,"Two men are walking along a paved road through a rocky, arid landscape under a clear blue sky. The man on the left, wearing a light-colored fedora, sunglasses, a dark long-sleeved shirt, and khaki pants, is holding and looking down at an open book or map. The man on"
flickr30k_retrieval_2000_seed2,qwen_prompt,qwen_prompt__flickr30k_retrieval_2000_seed2,observer_specific_supported,Observer Specific Supported,1889,1889,flickr30k_test_009851,"A person walks briskly past a vibrant, multi-tiered flower stall at night, their silhouette blurred by motion against a backdrop of colorful blooms and potted plants, with three pumpkins resting on the sidewalk in front of the display."
flickr30k_retrieval_2000_seed2,qwen_prompt,qwen_prompt__flickr30k_retrieval_2000_seed2,observer_specific_supported,Observer Specific Supported,1890,1890,flickr30k_test_025430,"A child in a yellow shirt and white shorts is barefoot, mid-stride, splashing through a shallow water feature with vertical jets, while other children in the background play on a low concrete bench under a bright, sunny sky."
flickr30k_retrieval_2000_seed2,qwen_prompt,qwen_prompt__flickr30k_retrieval_2000_seed2,observer_specific_supported,Observer Specific Supported,1891,1891,flickr30k_test_018561,"Three men ride horses along a grassy field bordered by a weathered wire fence with white posts; the man in the center, shirtless and wearing a wide-brimmed hat, rides bareback while the other two, also in hats, carry large white sacks—one on his horse’s back, the other held by"
flickr30k_retrieval_2000_seed2,qwen_prompt,qwen_prompt__flickr30k_retrieval_2000_seed2,observer_specific_supported,Observer Specific Supported,1892,1892,flickr30k_test_022229,"A shirtless man in khaki pants stands in a paved plaza, energetically using a towel to splash water from a tall, active fountain onto his body for cooling relief. Behind him, another person sits on a bench under leafy green trees, while a green metal trash can and a terracotta planter"
flickr30k_retrieval_2000_seed2,qwen_prompt,qwen_prompt__flickr30k_retrieval_2000_seed2,observer_specific_supported,Observer Specific Supported,1893,1893,flickr30k_test_028819,"A shirtless man in swim trunks walks barefoot across a rocky outcrop under a bright blue sky with scattered white clouds, while a yellow kayak and dark gear lie in the foreground, suggesting he is preparing for or has just finished a kayaking trip."
flickr30k_retrieval_2000_seed2,qwen_prompt,qwen_prompt__flickr30k_retrieval_2000_seed2,observer_specific_supported,Observer Specific Supported,1894,1894,flickr30k_test_030211,"Inside a modest, warmly lit church, a woman in a vibrant, patterned traditional dress kneels in prayer before an ornate wooden altar, her head bowed in reverence. Beside her, a man in a white shirt and dark pants sits on a wooden bench, also facing the altar, his posture suggesting quiet contempl"
flickr30k_retrieval_2000_seed2,qwen_prompt,qwen_prompt__flickr30k_retrieval_2000_seed2,observer_specific_supported,Observer Specific Supported,1895,1895,flickr30k_test_017555,"A man in a dark suit stands on platform 3, facing a vintage steam locomotive as it emits a plume of smoke, while another man kneels nearby holding a camera, seemingly photographing the train, with several other passengers observing the scene."
flickr30k_retrieval_2000_seed2,qwen_prompt,qwen_prompt__flickr30k_retrieval_2000_seed2,observer_specific_supported,Observer Specific Supported,1896,1896,flickr30k_test_004229,"A young girl with curly hair, wearing a blue patterned hoodie, stands at a kitchen counter and carefully lifts a large, golden-brown, flaky pastry from a pan with a spatula. The pastry, possibly a savory turnover or pie, is held aloft as she appears to be presenting or serving it."
flickr30k_retrieval_2000_seed2,qwen_prompt,qwen_prompt__flickr30k_retrieval_2000_seed2,observer_specific_supported,Observer Specific Supported,1897,1897,flickr30k_test_002926,"A smiling Black woman with short hair, wearing a pink tank top and blue jeans, is seated on a weight bench and holding a barbell across her upper thighs, appearing to be in the middle of a workout in a gym with a white brick wall behind her."
flickr30k_retrieval_2000_seed2,qwen_prompt,qwen_prompt__flickr30k_retrieval_2000_seed2,observer_specific_supported,Observer Specific Supported,1898,1898,flickr30k_test_030470,"A group of people are kayaking on a calm, overcast day, with one person in a bright yellow kayak in the foreground paddling toward the viewer, while others in various colored kayaks are visible in the background on the same body of water."
flickr30k_retrieval_2000_seed2,qwen_prompt,qwen_prompt__flickr30k_retrieval_2000_seed2,observer_specific_supported,Observer Specific Supported,1899,1899,flickr30k_test_007493,"Under a bright, sunny sky, a group of people are gathered outdoors at what appears to be a vintage machinery or tractor show, seated and standing around a small, red, hand-cranked tractor on display. The tractor, with its large rear wheel and visible crank handle, is positioned on a patch of dry grass"
flickr30k_retrieval_2000_seed2,qwen_prompt,qwen_prompt__flickr30k_retrieval_2000_seed2,observer_specific_supported,Observer Specific Supported,1900,1900,flickr30k_test_018730,"A sleeping infant, dressed in a patterned onesie, rests peacefully on a dark surface, one hand gently near their face."
flickr30k_retrieval_2000_seed2,qwen_prompt,qwen_prompt__flickr30k_retrieval_2000_seed2,observer_specific_supported,Observer Specific Supported,1901,1901,flickr30k_test_023791,"Two women stand beside a row of parked folding bicycles on a paved sidewalk, with one woman holding a small bag and both appearing to be looking down at something in their hands, possibly a phone or map. The bicycles, mostly dark blue and silver, are neatly lined up, suggesting they are part of a rental or shared"
flickr30k_retrieval_2000_seed2,qwen_prompt,qwen_prompt__flickr30k_retrieval_2000_seed2,observer_specific_supported,Observer Specific Supported,1902,1902,flickr30k_test_025523,"Two women sit beside a market stall laden with fresh produce, including eggplants, cucumbers, and green peppers, under the warm glow of an orange wall. One woman, wearing a patterned headscarf and dark clothing, leans back against the wall with her arms crossed, appearing contemplative or resting. The"
flickr30k_retrieval_2000_seed2,qwen_prompt,qwen_prompt__flickr30k_retrieval_2000_seed2,observer_specific_supported,Observer Specific Supported,1903,1903,flickr30k_test_024430,"A woman in a vibrant pink and orange floral sari walks along a wet pavement, holding a dark umbrella to shield herself from rain. She carries a blue shoulder bag and wears a yellow sleeveless top underneath her sari. The scene is set on a residential street with a low concrete curb, patches of grass, and"
flickr30k_retrieval_2000_seed2,qwen_prompt,qwen_prompt__flickr30k_retrieval_2000_seed2,observer_specific_supported,Observer Specific Supported,1904,1904,flickr30k_test_007529,"A cowboy in a white shirt, blue jeans, and a light-colored cowboy hat is riding a brown horse at full gallop across a sandy arena, his left arm extended outward for balance as he holds the reins. The horse’s mane and tail are flowing, and its front legs are lifted off the ground, indicating a"
flickr30k_retrieval_2000_seed2,qwen_prompt,qwen_prompt__flickr30k_retrieval_2000_seed2,observer_specific_supported,Observer Specific Supported,1905,1905,flickr30k_test_026379,"A group of firefighters in full gear stands near a red and white Highland Fire Department truck, with hoses on the ground and other emergency vehicles visible in the background, suggesting they are at an active incident or prepared for one."
flickr30k_retrieval_2000_seed2,qwen_prompt,qwen_prompt__flickr30k_retrieval_2000_seed2,observer_specific_supported,Observer Specific Supported,1906,1906,flickr30k_test_010970,"Two dogs, one black and white and one brown and white, are walking across a wide, green grassy field, with a line of bare and leafy trees forming the background under an overcast sky."
flickr30k_retrieval_2000_seed2,qwen_prompt,qwen_prompt__flickr30k_retrieval_2000_seed2,observer_specific_supported,Observer Specific Supported,1907,1907,flickr30k_test_002955,"A person performs a handstand atop a large, graffiti-covered blue and red circular sculpture in an urban plaza, with modern buildings and a tree visible in the background under a partly cloudy sky."
flickr30k_retrieval_2000_seed2,qwen_prompt,qwen_prompt__flickr30k_retrieval_2000_seed2,observer_specific_supported,Observer Specific Supported,1908,1908,flickr30k_test_028673,"A motorcyclist in full racing gear leans sharply into a turn on a white and blue sportbike, kicking up a spray of gravel as they navigate a paved track bordered by grass and a safety barrier."
flickr30k_retrieval_2000_seed2,qwen_prompt,qwen_prompt__flickr30k_retrieval_2000_seed2,observer_specific_supported,Observer Specific Supported,1909,1909,flickr30k_test_006119,"Four men in cowboy attire are seated on folding chairs in a dirt arena, engaged in conversation while one holds a beverage bottle. Behind them, a rider on a dark horse is positioned near a blue metal fence, with a red, white, and blue banner hanging above. A sign partially visible in the background reads “L"
flickr30k_retrieval_2000_seed2,qwen_prompt,qwen_prompt__flickr30k_retrieval_2000_seed2,observer_specific_supported,Observer Specific Supported,1910,1910,flickr30k_test_021866,"A motorcyclist wearing a full-face helmet and protective gear is performing a wheelie, balancing the bike on its rear wheel while leaning back with both feet planted on the ground for stability. The motorcycle, a sportbike with visible branding including “Suzuki” and “S05,” is angled sharply upward,"
flickr30k_retrieval_2000_seed2,qwen_prompt,qwen_prompt__flickr30k_retrieval_2000_seed2,observer_specific_supported,Observer Specific Supported,1911,1911,flickr30k_test_014321,"A softball player in a white uniform with the number 8 is mid-swing, making contact with a bright yellow ball on a dirt field. Behind her, a catcher in full gear crouches in position, and an umpire stands nearby. A woman in a black and white uniform watches from behind a chain-link"
flickr30k_retrieval_2000_seed2,qwen_prompt,qwen_prompt__flickr30k_retrieval_2000_seed2,observer_specific_supported,Observer Specific Supported,1912,1912,flickr30k_test_006881,"A mountain biker in a red jersey leans into a turn on a narrow, leaf-strewn trail winding through a dense, mossy forest, with a large, weathered rock formation looming to the left."
flickr30k_retrieval_2000_seed2,qwen_prompt,qwen_prompt__flickr30k_retrieval_2000_seed2,observer_specific_supported,Observer Specific Supported,1913,1913,flickr30k_test_013469,"A solitary fisherman, silhouetted against the bright sky, sits on dark, wet rocks at the water’s edge, casting a long fishing rod out over the calm sea. In the distance, a hazy city skyline stretches along the horizon, its buildings softened by atmospheric haze. The fisherman wears a wide"
flickr30k_retrieval_2000_seed2,qwen_prompt,qwen_prompt__flickr30k_retrieval_2000_seed2,observer_specific_supported,Observer Specific Supported,1914,1914,flickr30k_test_021282,"A woman with reddish-brown hair tied back, wearing glasses and a black tank top, sits cross-legged on the grass, holding a clear plastic cup with an orange beverage. She is positioned near a low stone wall, with a white and blue backpack beside her. In the background, other people are seated on folding"
flickr30k_retrieval_2000_seed2,qwen_prompt,qwen_prompt__flickr30k_retrieval_2000_seed2,observer_specific_supported,Observer Specific Supported,1915,1915,flickr30k_test_021521,"A group of pedestrians, including a woman in a cowboy hat carrying a green shopping bag and another in a white shirt and sunglasses, walk along a brick-paved sidewalk in front of a row of storefronts. A large green cutout of a person stands near a shop window, and a hanging sign for “PRINT”"
flickr30k_retrieval_2000_seed2,qwen_prompt,qwen_prompt__flickr30k_retrieval_2000_seed2,observer_specific_supported,Observer Specific Supported,1916,1916,flickr30k_test_001227,"A group of young adults, including a woman holding a baby wrapped in a dark blanket, gather closely for a nighttime photo in front of a building with illuminated windows and a tree. The warm glow of streetlights casts a yellow hue over the scene, highlighting their smiling faces and casual attire, including jackets and backpacks."
flickr30k_retrieval_2000_seed2,qwen_prompt,qwen_prompt__flickr30k_retrieval_2000_seed2,observer_specific_supported,Observer Specific Supported,1917,1917,flickr30k_test_027314,"Two young men are playfully posing on a gravel path in front of a large stone house, with one man dramatically kicking his leg up while the other leans forward, both appearing to be in mid-action. The house, with its multiple windows and central door, stands behind a white picket fence and stone wall, set"
flickr30k_retrieval_2000_seed2,qwen_prompt,qwen_prompt__flickr30k_retrieval_2000_seed2,observer_specific_supported,Observer Specific Supported,1918,1918,flickr30k_test_010949,"A bald woman in a black academic gown with a white satin-trimmed inner garment smiles warmly as she looks down at something being held by a man beside her. The man, with white hair and a beard, is also wearing a black academic robe and is leaning in closely, his hand near the object they are both"
flickr30k_retrieval_2000_seed2,qwen_prompt,qwen_prompt__flickr30k_retrieval_2000_seed2,observer_specific_supported,Observer Specific Supported,1919,1919,flickr30k_test_014063,"A young boy in a navy jacket and dark pants is riding a blue scooter along a concrete path, moving toward the camera with a focused expression. Behind him, a weathered corrugated metal shed stands on a grassy area, with a green water tank visible in the background under an overcast sky."
flickr30k_retrieval_2000_seed2,qwen_prompt,qwen_prompt__flickr30k_retrieval_2000_seed2,observer_specific_supported,Observer Specific Supported,1920,1920,flickr30k_test_030326,"A man in a white polo shirt and light trousers sits calmly on stone steps in front of an arched wooden door, framed by a rustic stone wall with visible brickwork and a small inset religious icon. To his left, a large terracotta pot holds a lush, conical evergreen tree, adding a touch"
flickr30k_retrieval_2000_seed2,qwen_prompt,qwen_prompt__flickr30k_retrieval_2000_seed2,observer_specific_supported,Observer Specific Supported,1921,1921,flickr30k_test_016299,"Three young women walk side-by-side on a paved surface at an outdoor event, likely a festival or race, under large blue umbrellas. The woman on the left, wearing a white tank top and denim shorts, carries a water bottle and looks ahead. The woman in the center, also in a white tank top and"
flickr30k_retrieval_2000_seed2,qwen_prompt,qwen_prompt__flickr30k_retrieval_2000_seed2,observer_specific_supported,Observer Specific Supported,1922,1922,flickr30k_test_021402,"A man and a woman are embracing and kissing in an outdoor setting, with another woman standing nearby observing them. The couple is dressed in dark outerwear, and the woman has a brown textured handbag slung over her shoulder. The observer, wearing a light-colored coat and a red scarf, holds a white object in"
flickr30k_retrieval_2000_seed2,qwen_prompt,qwen_prompt__flickr30k_retrieval_2000_seed2,observer_specific_supported,Observer Specific Supported,1923,1923,flickr30k_test_018358,"A young boy in a striped shirt and dark shorts is crouched low on a paved surface, reaching toward a pigeon that is pecking at the ground near his feet. Behind him, another small child in a tank top and shorts stands watching. Several adults are seated on benches in the background, observing the scene"
flickr30k_retrieval_2000_seed2,qwen_prompt,qwen_prompt__flickr30k_retrieval_2000_seed2,observer_specific_supported,Observer Specific Supported,1924,1924,flickr30k_test_011299,"Two men stand on a raised concrete platform beside a metal railing, with a stone building behind them. The man on the left, wearing sunglasses and a dark jacket, holds a cigarette and gestures with his right hand. The man on the right, in a striped shirt and dark jacket, smiles at the camera while leaning against"
flickr30k_retrieval_2000_seed2,qwen_prompt,qwen_prompt__flickr30k_retrieval_2000_seed2,observer_specific_supported,Observer Specific Supported,1925,1925,flickr30k_test_030287,"A group of football players in red and black kits are gathered on a green pitch during a match, with a large, densely packed crowd in the stands behind them. The players appear to be in a moment of pause or transition, with some standing in a loose cluster and others slightly apart. Visible details include the white boundary"
flickr30k_retrieval_2000_seed2,qwen_prompt,qwen_prompt__flickr30k_retrieval_2000_seed2,observer_specific_supported,Observer Specific Supported,1926,1926,flickr30k_test_006054,"A young girl in a white soccer uniform is being closely challenged by a taller opponent in a red-and-white striped jersey during a girls’ soccer match on a grassy field, with other players and a referee visible in the background under an overcast sky."
flickr30k_retrieval_2000_seed2,qwen_prompt,qwen_prompt__flickr30k_retrieval_2000_seed2,observer_specific_supported,Observer Specific Supported,1927,1927,flickr30k_test_017269,"A woman and a young girl are seated at a wooden table in a restaurant, each eating from their own plate of food. The woman, wearing a blue top, is focused on her meal, using a spoon. The girl, in a patterned shirt, is also eating, holding a spoon near her mouth. On"
flickr30k_retrieval_2000_seed2,qwen_prompt,qwen_prompt__flickr30k_retrieval_2000_seed2,observer_specific_supported,Observer Specific Supported,1928,1928,flickr30k_test_003853,"A long line of uniformed soldiers stands at attention in a precise formation on a paved road, each holding a rifle with a bayonet fixed, under a bright, clear sky. Palm trees line the background, suggesting a coastal or tropical location. The soldiers, wearing olive-drab uniforms and white gloves, appear to be"
flickr30k_retrieval_2000_seed2,qwen_prompt,qwen_prompt__flickr30k_retrieval_2000_seed2,observer_specific_supported,Observer Specific Supported,1929,1929,flickr30k_test_028272,"A live rock concert unfolds under a single, bright blue stage light, illuminating three musicians in the midst of a performance. In the foreground, a guitarist with long, straight blonde hair, wearing a dark t-shirt and shorts, is captured mid-motion, leaning into their instrument. Behind them, a drummer with dark,"
flickr30k_retrieval_2000_seed2,qwen_prompt,qwen_prompt__flickr30k_retrieval_2000_seed2,observer_specific_supported,Observer Specific Supported,1930,1930,flickr30k_test_001407,"Two men are working on the roof of a building under a clear blue sky. One man, wearing a dark uniform and cap, is standing and appears to be using a power tool, possibly a drill or impact driver, connected by a cord. The other man, in a light green shirt and dark pants, is bent"
flickr30k_retrieval_2000_seed2,qwen_prompt,qwen_prompt__flickr30k_retrieval_2000_seed2,observer_specific_supported,Observer Specific Supported,1931,1931,flickr30k_test_004104,"A young child in a yellow patterned dress is crouching down to examine a large pile of watermelons on a tiled floor, surrounded by the green-striped fruits in a market or storage setting."
flickr30k_retrieval_2000_seed2,qwen_prompt,qwen_prompt__flickr30k_retrieval_2000_seed2,observer_specific_supported,Observer Specific Supported,1932,1932,flickr30k_test_022433,"A man with dark hair, wearing a gray fedora and dark sunglasses, sings into a microphone while performing on stage. He is smiling broadly, showing his teeth, and appears engaged in his performance. A gray strap, likely from a guitar or instrument, is visible over his shoulder, and he wears a light-colored shirt"
flickr30k_retrieval_2000_seed2,qwen_prompt,qwen_prompt__flickr30k_retrieval_2000_seed2,observer_specific_supported,Observer Specific Supported,1933,1933,flickr30k_test_012385,"A gray turkey pecks at the ground near a white bucket while a cluster of white lambs huddle together on a wooden pallet, surrounded by several chickens of various colors, including a brown hen with a red comb."
flickr30k_retrieval_2000_seed2,qwen_prompt,qwen_prompt__flickr30k_retrieval_2000_seed2,observer_specific_supported,Observer Specific Supported,1934,1934,flickr30k_test_004747,"A street musician in a black shirt and jeans sits on a white bucket, playing a drum while holding drumsticks, as three men stand nearby playing saxophones. One saxophonist wears a green cap and gray shirt, another wears a blue jacket over a red shirt, and the third wears glasses and a dark shirt"
flickr30k_retrieval_2000_seed2,qwen_prompt,qwen_prompt__flickr30k_retrieval_2000_seed2,observer_specific_supported,Observer Specific Supported,1935,1935,flickr30k_test_013797,"A cyclist in a bright yellow jacket and white helmet rides a dark brown mountain bike with a black backpack, moving quickly along a paved path beside a weathered brick wall."
flickr30k_retrieval_2000_seed2,qwen_prompt,qwen_prompt__flickr30k_retrieval_2000_seed2,observer_specific_supported,Observer Specific Supported,1936,1936,flickr30k_test_025085,"A man in a blue shirt sits on a folding chair, actively playing a large, upright drum with a wooden beater, while another man in a red and white patterned shirt stands beside him, holding a smaller hand drum and a stick, seemingly preparing to play or taking a break. They are part of a street"
flickr30k_retrieval_2000_seed2,qwen_prompt,qwen_prompt__flickr30k_retrieval_2000_seed2,observer_specific_supported,Observer Specific Supported,1937,1937,flickr30k_test_024166,"Two men are working outdoors on a rocky, earthy slope beside a stone retaining wall; one stands upright wearing a straw hat and light shirt, while the other, in a blue shirt and pants, is bent over digging or placing stones near thin metal stakes. A large pile of excavated dirt and scattered rocks surrounds them"
flickr30k_retrieval_2000_seed2,qwen_prompt,qwen_prompt__flickr30k_retrieval_2000_seed2,observer_specific_supported,Observer Specific Supported,1938,1938,flickr30k_test_007311,"A young boy with dark, curly hair and wide eyes is captured mid-bite, enthusiastically eating a bright red popsicle. He wears a white t-shirt with black trim and blue jeans, and holds the popsicle in its partially unwrapped paper sleeve, which has red drips on it. His expression is one of"
flickr30k_retrieval_2000_seed2,qwen_prompt,qwen_prompt__flickr30k_retrieval_2000_seed2,observer_specific_supported,Observer Specific Supported,1939,1939,flickr30k_test_020757,"Three young men sit on separate benches in a park, each absorbed in their own activity. The man on the left, wearing a black hoodie and blue jeans, is eating a sandwich while looking down. The man in the center, in a dark jacket, holds a white napkin and appears to be listening to music via"
flickr30k_retrieval_2000_seed2,qwen_prompt,qwen_prompt__flickr30k_retrieval_2000_seed2,observer_specific_supported,Observer Specific Supported,1940,1940,flickr30k_test_020164,"A bride in a white gown and veil stands on a wide stone staircase, holding a bouquet, while a groom in a dark suit stands beside her, both appearing to be posing for photographs. A crowd of onlookers, many holding cameras and phones, surrounds them on the steps and in the foreground, suggesting a public"
flickr30k_retrieval_2000_seed2,qwen_prompt,qwen_prompt__flickr30k_retrieval_2000_seed2,observer_specific_supported,Observer Specific Supported,1941,1941,flickr30k_test_017703,"A woman with short dark hair, wearing a light-colored striped shirt, holds a small child with light brown hair and a patterned tank top. The child, who is looking toward the camera with a thoughtful expression, rests their hand near their mouth. They are standing outdoors next to a light-colored wall, with a blue"
flickr30k_retrieval_2000_seed2,qwen_prompt,qwen_prompt__flickr30k_retrieval_2000_seed2,observer_specific_supported,Observer Specific Supported,1942,1942,flickr30k_test_022976,"A young man wearing sunglasses, a green jacket, and red sneakers stands in a paved parking lot, gesturing with his right hand as if pointing or directing attention. He carries a blue backpack and is framed by leafless trees and green shrubs, with a commercial building visible in the background under bright daylight. His shadow"
flickr30k_retrieval_2000_seed2,qwen_prompt,qwen_prompt__flickr30k_retrieval_2000_seed2,observer_specific_supported,Observer Specific Supported,1943,1943,flickr30k_test_029642,"A young boy, secured in a red safety harness, is suspended mid-air after bungee jumping from a tall, white rock-climbing wall structure, his body angled downward as he looks toward the ground with a focused expression."
flickr30k_retrieval_2000_seed2,qwen_prompt,qwen_prompt__flickr30k_retrieval_2000_seed2,observer_specific_supported,Observer Specific Supported,1944,1944,flickr30k_test_004060,"A man with glasses, wearing a dark shirt, is leaning over and closely inspecting a large, weathered concrete architectural element—possibly a fragment of a church pew or bench—propped up on a metal scaffold in a construction or restoration site. Behind him, scaffolding and the colorful glass of a stained-glass"
flickr30k_retrieval_2000_seed2,qwen_prompt,qwen_prompt__flickr30k_retrieval_2000_seed2,observer_specific_supported,Observer Specific Supported,1945,1945,flickr30k_test_002821,"A man in a brown sweater and blue jeans stands on a paved surface covered in fallen autumn leaves, lifting his right foot to kick a small cluster of leaves, sending them scattering into the air. He is wearing glasses and appears focused on the action. Behind him, trees with green foliage and a residential building are visible under"
flickr30k_retrieval_2000_seed2,qwen_prompt,qwen_prompt__flickr30k_retrieval_2000_seed2,observer_specific_supported,Observer Specific Supported,1946,1946,flickr30k_test_016857,"A man in a blue shirt and jeans is performing a dynamic dance move with a woman, holding her by the waist as she arches backward with her head tilted up, her hands gripping his shoulders. Both are wearing dark shoes and appear to be on a wooden dance floor, with a blurred audience visible in the background."
flickr30k_retrieval_2000_seed2,qwen_prompt,qwen_prompt__flickr30k_retrieval_2000_seed2,observer_specific_supported,Observer Specific Supported,1947,1947,flickr30k_test_027329,"A white Isuzu truck drives along a paved road, passing a pair of oxen pulling a wooden cart. The truck’s cab contains three men, and the vehicle’s cargo bed is covered with a black tarp. The oxen, harnessed to the cart, walk on the right side of the road,"
flickr30k_retrieval_2000_seed2,qwen_prompt,qwen_prompt__flickr30k_retrieval_2000_seed2,observer_specific_supported,Observer Specific Supported,1948,1948,flickr30k_test_018691,"A woman with her back to the camera, wearing dark sunglasses and a bra, sits in a woven wicker chair and reads an open book. The book’s page displays a photograph of a young child. The scene is warmly lit, with wooden cabinetry visible in the background."
flickr30k_retrieval_2000_seed2,qwen_prompt,qwen_prompt__flickr30k_retrieval_2000_seed2,observer_specific_supported,Observer Specific Supported,1949,1949,flickr30k_test_023609,"A young woman in a shimmering, sequined black mini dress is walking outdoors while talking on a cell phone, her left hand holding the device to her ear and a bright pink wristband visible on her right wrist. She is walking past a person in a white t-shirt, whose back is to the camera, and"
flickr30k_retrieval_2000_seed2,qwen_prompt,qwen_prompt__flickr30k_retrieval_2000_seed2,observer_specific_supported,Observer Specific Supported,1950,1950,flickr30k_test_020283,"A young girl in a purple polka-dot shirt and blue jeans stands on a paved surface covered in scattered dry leaves, holding a red broom with both hands as if preparing to sweep. Behind her, a brick wall with a window and a metal gate are visible, suggesting an outdoor area near a building."
flickr30k_retrieval_2000_seed2,qwen_prompt,qwen_prompt__flickr30k_retrieval_2000_seed2,observer_specific_supported,Observer Specific Supported,1951,1951,flickr30k_test_005809,"In a public swimming pool surrounded by greenery and park benches, several people and dogs are enjoying a swim on a bright day. A dark brown dachshund is prominently visible in the foreground, swimming with its head above water. Behind it, a black Labrador and a white Labrador are also swimming. Other dogs,"
flickr30k_retrieval_2000_seed2,qwen_prompt,qwen_prompt__flickr30k_retrieval_2000_seed2,observer_specific_supported,Observer Specific Supported,1952,1952,flickr30k_test_006512,"Three construction workers in high-visibility orange vests and hard hats are actively breaking up pavement with a jackhammer on a wet, paved sidewalk near a London Underground station entrance. One worker operates the jackhammer, while another stands nearby holding a hose, and a third is partially visible in the background. A large, white London"
flickr30k_retrieval_2000_seed2,qwen_prompt,qwen_prompt__flickr30k_retrieval_2000_seed2,observer_specific_supported,Observer Specific Supported,1953,1953,flickr30k_test_021683,"A young person with spiky, platinum blonde hair and a black jacket is crouched on a paved sidewalk, looking down at something in their hands. Behind them, a group of people, including a woman in a pink beanie and another in a white knit hat, stand and chat near a fence, while"
flickr30k_retrieval_2000_seed2,qwen_prompt,qwen_prompt__flickr30k_retrieval_2000_seed2,observer_specific_supported,Observer Specific Supported,1954,1954,flickr30k_test_020353,"A person with short, light brown hair, wearing a green jacket over a striped shirt, is holding a black DSLR camera up to their face and appears to be taking a photograph. They are standing inside a metal-framed structure, possibly a balcony or viewing platform, with a cityscape visible in the background through the"
flickr30k_retrieval_2000_seed2,qwen_prompt,qwen_prompt__flickr30k_retrieval_2000_seed2,observer_specific_supported,Observer Specific Supported,1955,1955,flickr30k_test_022107,"A person walks away from the camera along a wooden boardwalk that winds through tall, golden reeds under a clear blue sky, with a dense treeline of evergreens visible in the background."
flickr30k_retrieval_2000_seed2,qwen_prompt,qwen_prompt__flickr30k_retrieval_2000_seed2,observer_specific_supported,Observer Specific Supported,1956,1956,flickr30k_test_023254,"A young cricket bowler, dressed in white, is captured mid-delivery, leaning back with his arm extended as he releases the ball toward the batsman. The batsman, also in white uniform and helmet, stands poised at the crease, bat raised in preparation to strike. Behind him, the wicketkeeper"
flickr30k_retrieval_2000_seed2,qwen_prompt,qwen_prompt__flickr30k_retrieval_2000_seed2,observer_specific_supported,Observer Specific Supported,1957,1957,flickr30k_test_002369,"A group of people, including a man in a plaid shirt gesturing with his right hand, are walking across a dark, arched wooden bridge under a bright blue sky. Behind him, a woman with a backpack and a young girl in a striped shirt follow, while another adult and child are visible further along the"
flickr30k_retrieval_2000_seed2,qwen_prompt,qwen_prompt__flickr30k_retrieval_2000_seed2,observer_specific_supported,Observer Specific Supported,1958,1958,flickr30k_test_017600,"A man in a yellow shirt stands on the bank of a muddy waterway, watching as two men sit in a small, blue boat with a red oar resting across it; in the background, two dark-colored cattle graze in a grassy field bordered by tall reeds."
flickr30k_retrieval_2000_seed2,qwen_prompt,qwen_prompt__flickr30k_retrieval_2000_seed2,observer_specific_supported,Observer Specific Supported,1959,1959,flickr30k_test_016468,"A young boy in a light blue shirt and denim shorts stands beside a wooden fence, looking down at a collie wearing a blue harness and a decorative floral headpiece, which is sniffing the grass nearby."
flickr30k_retrieval_2000_seed2,qwen_prompt,qwen_prompt__flickr30k_retrieval_2000_seed2,observer_specific_supported,Observer Specific Supported,1960,1960,flickr30k_test_007774,"A woman in a blue shirt and plaid skirt, wearing white gloves and sandals, is bent over sweeping a wet, muddy patch of asphalt with a yellow-bristled broom. Her focused posture suggests she is actively cleaning the area. In the background, a portion of another person’s legs and feet is visible near"
flickr30k_retrieval_2000_seed2,qwen_prompt,qwen_prompt__flickr30k_retrieval_2000_seed2,observer_specific_supported,Observer Specific Supported,1961,1961,flickr30k_test_007790,"A small, tricolor dog with a black, white, and tan coat is peeking out from beneath a gray-painted wooden staircase, its head and front paws visible as it looks upward. Behind the dog, cardboard boxes, including one labeled “OBSERVATOR,” are stacked against the wall, and exposed"
flickr30k_retrieval_2000_seed2,qwen_prompt,qwen_prompt__flickr30k_retrieval_2000_seed2,observer_specific_supported,Observer Specific Supported,1962,1962,flickr30k_test_022211,"A woman with short gray hair and glasses, wearing a yellow floral shirt, is seated and smiling broadly while holding an acoustic guitar, her hands positioned on the neck and body of the instrument as if she is playing or about to play."
flickr30k_retrieval_2000_seed2,qwen_prompt,qwen_prompt__flickr30k_retrieval_2000_seed2,observer_specific_supported,Observer Specific Supported,1963,1963,flickr30k_test_014920,"A young girl in a pink dress sits on muddy ground, looking directly at the camera with a calm, curious expression, while a small plant with red-tipped leaves grows from a discarded blue shoe beside her. Another child is partially visible in the background."
flickr30k_retrieval_2000_seed2,qwen_prompt,qwen_prompt__flickr30k_retrieval_2000_seed2,observer_specific_supported,Observer Specific Supported,1964,1964,flickr30k_test_022060,"A young female gymnast in a black leotard is captured mid-air, executing a skill on the uneven bars, with her body arched and arms extended. She is the central focus, suspended above a blue mat. To her right, a bald man in a white tank top and black shorts watches intently,"
flickr30k_retrieval_2000_seed2,qwen_prompt,qwen_prompt__flickr30k_retrieval_2000_seed2,observer_specific_supported,Observer Specific Supported,1965,1965,flickr30k_test_013306,"A young girl in a pink robe stands at the head of a large gray sleeping bag, holding its drawstring, while a toddler in blue pajamas lies inside, smiling up at the camera. The scene takes place on a hardwood floor in a room with wooden furniture, including a dresser in the background."
flickr30k_retrieval_2000_seed2,qwen_prompt,qwen_prompt__flickr30k_retrieval_2000_seed2,observer_specific_supported,Observer Specific Supported,1966,1966,flickr30k_test_014940,"Two women in flamenco-style costumes perform a lively dance on a red circular stage in a public square, one wielding a white fan while the other strikes a dynamic pose, as spectators sit on wooden chairs in the background."
flickr30k_retrieval_2000_seed2,qwen_prompt,qwen_prompt__flickr30k_retrieval_2000_seed2,observer_specific_supported,Observer Specific Supported,1967,1967,flickr30k_test_003495,"A lively street band performs in a Parisian plaza, with musicians playing brass instruments, a saxophone, and drums, while a crowd of onlookers watches from nearby benches and sidewalks. A large bronze statue of a winged figure stands prominently in the background, and a red “METRO” sign indicates the proximity"
flickr30k_retrieval_2000_seed2,qwen_prompt,qwen_prompt__flickr30k_retrieval_2000_seed2,observer_specific_supported,Observer Specific Supported,1968,1968,flickr30k_test_010277,"At a nighttime greyhound race, several dogs in numbered racing jackets sprint in close competition along a dirt track, with the dog wearing number 7 prominently in the foreground."
flickr30k_retrieval_2000_seed2,qwen_prompt,qwen_prompt__flickr30k_retrieval_2000_seed2,observer_specific_supported,Observer Specific Supported,1969,1969,flickr30k_test_007604,"An older man in a navy blue polo shirt and white shorts is tending to a black charcoal grill on a concrete patio, using tongs to handle food. Nearby, another older man in a red polo shirt and dark shorts sits on a folding chair, watching him. A third older man in a striped polo shirt stands"
flickr30k_retrieval_2000_seed2,qwen_prompt,qwen_prompt__flickr30k_retrieval_2000_seed2,observer_specific_supported,Observer Specific Supported,1970,1970,flickr30k_test_001564,"A bride and groom are captured mid-air, joyfully jumping on the Great Wall of China, with the groom raising his arms in celebration and the bride smiling, her white wedding dress and veil flowing around her. The ancient stone wall and traditional Chinese architecture frame the scene, set against a backdrop of lush green mountains under a"
flickr30k_retrieval_2000_seed2,qwen_prompt,qwen_prompt__flickr30k_retrieval_2000_seed2,observer_specific_supported,Observer Specific Supported,1971,1971,flickr30k_test_011284,"A woman with dark hair, wearing a beige sweater, holds a young child with dark hair and a striped shirt close to her chest, both looking toward the camera with gentle expressions. The child wears a light-colored bib. They are indoors in a brightly colored, child-friendly space, likely a daycare or preschool, with a"
flickr30k_retrieval_2000_seed2,qwen_prompt,qwen_prompt__flickr30k_retrieval_2000_seed2,observer_specific_supported,Observer Specific Supported,1972,1972,flickr30k_test_003505,"A person with dark, curly hair, wearing a dark long-sleeved shirt and blue pants, stands on a wooden stepladder, carefully peeling back a large, crumpled sheet of paper or poster from a wall covered in layered, colorful graffiti and paint. The wall behind them is a chaotic collage of"
flickr30k_retrieval_2000_seed2,qwen_prompt,qwen_prompt__flickr30k_retrieval_2000_seed2,observer_specific_supported,Observer Specific Supported,1973,1973,flickr30k_test_012899,"An elderly man in a yellow vest sits on a bench at a bus stop, looking down at his hands, while a woman in a red plaid jacket stands nearby, holding a bag. Behind them, a white bus is visible on the street, and a poster for “Casaviv” is mounted on the shelter"
flickr30k_retrieval_2000_seed2,qwen_prompt,qwen_prompt__flickr30k_retrieval_2000_seed2,observer_specific_supported,Observer Specific Supported,1974,1974,flickr30k_test_000597,"Passengers are boarding or alighting from a yellow and silver DART train at a station platform, with some individuals holding bags and others standing near the open doors; the train’s destination display reads “DART” and “VIA,” indicating it is part of the Dublin Area Rapid Transit system."
flickr30k_retrieval_2000_seed2,qwen_prompt,qwen_prompt__flickr30k_retrieval_2000_seed2,observer_specific_supported,Observer Specific Supported,1975,1975,flickr30k_test_018457,"A person in a black hoodie, camouflage pants, and a baseball cap walks away from the camera down a brick sidewalk, carrying a black and yellow toolbox in one hand and wearing a blue backpack. In the background, other pedestrians are walking on the sidewalk near a storefront with a red awning, and a large dark plan"
flickr30k_retrieval_2000_seed2,qwen_prompt,qwen_prompt__flickr30k_retrieval_2000_seed2,observer_specific_supported,Observer Specific Supported,1976,1976,flickr30k_test_003836,"A person in dark clothing is captured mid-air, leaping off a sandy dune, while another person in a maroon coat stands nearby, holding a phone to their ear, and a third person crouches low, holding a camera and appearing to photograph the jump. The scene unfolds under a dramatic, cloudy sky"
flickr30k_retrieval_2000_seed2,qwen_prompt,qwen_prompt__flickr30k_retrieval_2000_seed2,observer_specific_supported,Observer Specific Supported,1977,1977,flickr30k_test_024469,"A young girl with blonde hair, wearing a pink long-sleeved shirt, gently cradles a newborn baby wrapped in a white blanket. The baby, with its eyes closed and mouth slightly open, appears to be sleeping or crying softly. The girl’s hands are carefully positioned around the baby’s head and body,"
flickr30k_retrieval_2000_seed2,qwen_prompt,qwen_prompt__flickr30k_retrieval_2000_seed2,observer_specific_supported,Observer Specific Supported,1978,1978,flickr30k_test_026580,"In a warmly lit, retro-style diner with checkered flooring and vintage decor, a young man in a white t-shirt and denim shorts kneels on the floor beside a small round table, his head bowed and hands clasped near his face in a gesture of distress or exhaustion. Behind him, an older couple — a"
flickr30k_retrieval_2000_seed2,qwen_prompt,qwen_prompt__flickr30k_retrieval_2000_seed2,observer_specific_supported,Observer Specific Supported,1979,1979,flickr30k_test_008489,"A group of people, including a woman in a red shirt with a patterned strap across her body, stands on a lower level of a modern, multi-level public space, possibly a mall or transit hub, while a person in a large, gray mascot costume with a red shirt and white gloves walks up a nearby escal"
flickr30k_retrieval_2000_seed2,qwen_prompt,qwen_prompt__flickr30k_retrieval_2000_seed2,observer_specific_supported,Observer Specific Supported,1980,1980,flickr30k_test_011573,"A choir of children and adults in matching blue robes stands on a decorated balcony in a church, singing during what appears to be a formal performance or service. The balcony is adorned with a green garland and red bows, suggesting a festive or seasonal occasion. A conductor, seated at a piano in the foreground, leads the"
flickr30k_retrieval_2000_seed2,qwen_prompt,qwen_prompt__flickr30k_retrieval_2000_seed2,observer_specific_supported,Observer Specific Supported,1981,1981,flickr30k_test_018175,"A man in a red shirt is lying across the rear of a parked scooter, his head resting on the seat, while another man in a blue shirt stands nearby holding a bag. Several scooters are parked in a row on a paved street, with one prominently displaying the license plate “16-DTK.” In the"
flickr30k_retrieval_2000_seed2,qwen_prompt,qwen_prompt__flickr30k_retrieval_2000_seed2,observer_specific_supported,Observer Specific Supported,1982,1982,flickr30k_test_007883,"A black-and-white dog, likely a spaniel, is captured mid-air as it leaps through a water obstacle during a canine agility competition. The dog’s paws are extended forward, and water droplets spray around it, indicating motion and the splash of the water. In the background, two spectators — a young boy"
flickr30k_retrieval_2000_seed2,qwen_prompt,qwen_prompt__flickr30k_retrieval_2000_seed2,observer_specific_supported,Observer Specific Supported,1983,1983,flickr30k_test_011069,"A smiling Black drummer, wearing a red cap and a maroon shirt, is energetically playing a drum set on a dimly lit stage, holding drumsticks mid-motion as he strikes a cymbal. In the background, another musician with a guitar is partially visible, suggesting a live band performance."
flickr30k_retrieval_2000_seed2,qwen_prompt,qwen_prompt__flickr30k_retrieval_2000_seed2,observer_specific_supported,Observer Specific Supported,1984,1984,flickr30k_test_013863,"Three individuals — a woman with dark hair pulled back, a man in a cap and sunglasses, and another man with a beard and glasses — stand together in front of a blue and white banner that reads “avrovulcan.com.” The banner appears to be attached to a vehicle or trailer, suggesting they are at an"
flickr30k_retrieval_2000_seed2,qwen_prompt,qwen_prompt__flickr30k_retrieval_2000_seed2,observer_specific_supported,Observer Specific Supported,1985,1985,flickr30k_test_007427,"A weathered, bronze-colored statue of a female figure in flowing robes is affixed to the textured, beige concrete facade of a modern building. She is depicted in a dynamic, mid-motion pose, with one arm raised and the other extended, as if caught in a moment of expressive gesture or flight. Below the statue"
flickr30k_retrieval_2000_seed2,qwen_prompt,qwen_prompt__flickr30k_retrieval_2000_seed2,observer_specific_supported,Observer Specific Supported,1986,1986,flickr30k_test_001424,"A man in a dark suit and glasses sits at a table on a dimly lit stage, speaking into a microphone. In front of him are papers, a CD, and a complex audio mixing board. To his left, a water bottle rests on a black equipment case. The setting suggests he is conducting an interview,"
flickr30k_retrieval_2000_seed2,qwen_prompt,qwen_prompt__flickr30k_retrieval_2000_seed2,observer_specific_supported,Observer Specific Supported,1987,1987,flickr30k_test_004581,"A young girl with dark hair in braids, wearing a light purple sweater, smiles broadly at the camera while crouched in a grassy backyard. Behind her, a boy in a black jacket holds a cricket bat, and another boy in a red jacket runs across the lawn, seemingly chasing a bright green ball that"
flickr30k_retrieval_2000_seed2,qwen_prompt,qwen_prompt__flickr30k_retrieval_2000_seed2,observer_specific_supported,Observer Specific Supported,1988,1988,flickr30k_test_005483,"A University of Oklahoma Sooners football player, wearing a red jersey with the number 28 and the word “SOONERS” across the chest, is running with the football tucked under his right arm while being pursued by a Northwestern University Wildcats defender in a white jersey with the number 28. The scene takes"
flickr30k_retrieval_2000_seed2,qwen_prompt,qwen_prompt__flickr30k_retrieval_2000_seed2,observer_specific_supported,Observer Specific Supported,1989,1989,flickr30k_test_004285,"A young boy in a white basketball jersey and red shorts holds an orange basketball with handwritten text, looking upward with focused attention during a game or practice on an indoor court."
flickr30k_retrieval_2000_seed2,qwen_prompt,qwen_prompt__flickr30k_retrieval_2000_seed2,observer_specific_supported,Observer Specific Supported,1990,1990,flickr30k_test_030550,"A baseball batter, wearing a white uniform with the number 13, stands at home plate in a ready stance, bat held high, as the pitcher delivers a pitch. Behind him, the catcher is crouched in position, and an umpire in black stands alert behind the catcher. The scene unfolds on a"
flickr30k_retrieval_2000_seed2,qwen_prompt,qwen_prompt__flickr30k_retrieval_2000_seed2,observer_specific_supported,Observer Specific Supported,1991,1991,flickr30k_test_023863,"Under a blue canopy and striped awning, patrons sit at tables outside “Osteria e Caffè,” a stone-walled café with a sign reading “Bar Gelati Tabacchi.” A man in a white shirt and a woman in a patterned top are seated at a table, engaged in conversation,"
flickr30k_retrieval_2000_seed2,qwen_prompt,qwen_prompt__flickr30k_retrieval_2000_seed2,observer_specific_supported,Observer Specific Supported,1992,1992,flickr30k_test_027225,"A female swimmer in a red racing suit and cap emerges from the pool, water dripping from her body as she walks on the red deck, while a cameraman in a green shirt films her from the side."
flickr30k_retrieval_2000_seed2,qwen_prompt,qwen_prompt__flickr30k_retrieval_2000_seed2,observer_specific_supported,Observer Specific Supported,1993,1993,flickr30k_test_030807,"Two young toddlers stand on a light-colored concrete surface in front of a white vertical-siding wall. The child on the left, wearing a pink sleeveless top and matching pants with pink shoes, is smiling and looking toward the right. The child on the right, dressed in a similar pink outfit, stands beside a red"
flickr30k_retrieval_2000_seed2,qwen_prompt,qwen_prompt__flickr30k_retrieval_2000_seed2,observer_specific_supported,Observer Specific Supported,1994,1994,flickr30k_test_005621,"A young boy in a navy blue soccer jersey and yellow shorts is actively dribbling a white soccer ball across a grassy field, his body leaning forward in motion as he focuses on controlling the ball with his right foot."
flickr30k_retrieval_2000_seed2,qwen_prompt,qwen_prompt__flickr30k_retrieval_2000_seed2,observer_specific_supported,Observer Specific Supported,1995,1995,flickr30k_test_012840,"A man wearing sunglasses and a white tank top rides a blue bicycle with yellow front forks across a street intersection, paused at a red traffic light. Palm trees line the sidewalk and street, and a modern building is visible in the background under bright daylight."
flickr30k_retrieval_2000_seed2,qwen_prompt,qwen_prompt__flickr30k_retrieval_2000_seed2,observer_specific_supported,Observer Specific Supported,1996,1996,flickr30k_test_004948,"A woman with gray hair tied back stands outdoors in a grassy, brush-filled field, holding a small white cat in her arms. She wears a brown, weathered jacket, a blue scarf, and camouflage-patterned pants, with one gloved hand supporting the cat. A gray dog with a pink tongue out walks"
flickr30k_retrieval_2000_seed2,qwen_prompt,qwen_prompt__flickr30k_retrieval_2000_seed2,observer_specific_supported,Observer Specific Supported,1997,1997,flickr30k_test_003418,"A cowboy in a light-colored shirt and white hat rides a brown horse at full gallop across a dusty arena, leaning forward as he lunges toward a small, brown calf running ahead of him. The scene is framed by metal fencing and spectators in cowboy hats, including a man in a blue shirt standing behind the fence"
flickr30k_retrieval_2000_seed2,qwen_prompt,qwen_prompt__flickr30k_retrieval_2000_seed2,observer_specific_supported,Observer Specific Supported,1998,1998,flickr30k_test_021132,"Inside a bustling café, a man in a black shirt and red apron stands holding a green menu, seemingly attending to customers. Seated at a wooden table, a man in a plaid shirt and glasses looks down, possibly at his own menu or phone. Beside him, a woman in a white chef’s"
flickr30k_retrieval_2000_seed2,qwen_prompt,qwen_prompt__flickr30k_retrieval_2000_seed2,observer_specific_supported,Observer Specific Supported,1999,1999,flickr30k_test_009845,"A woman, wearing a red vest over a blue shirt and a blue headband, balances a large woven basket filled with green vegetables on her head while holding a green plastic bag of vegetables in her right hand. She stands on a paved street beside a weathered wooden fence, with more green produce visible on a nearby wooden"
