split_id,order,gallery_index,image_id,image_relpath,image_path
flickr30k_retrieval_2000_seed2,0,0,flickr30k_test_028282,images/flickr30k/flickr30k_test_028282.jpg,data/images/flickr30k/flickr30k_test_028282.jpg
flickr30k_retrieval_2000_seed2,1,1,flickr30k_test_027821,images/flickr30k/flickr30k_test_027821.jpg,data/images/flickr30k/flickr30k_test_027821.jpg
flickr30k_retrieval_2000_seed2,2,2,flickr30k_test_001853,images/flickr30k/flickr30k_test_001853.jpg,data/images/flickr30k/flickr30k_test_001853.jpg
flickr30k_retrieval_2000_seed2,3,3,flickr30k_test_003001,images/flickr30k/flickr30k_test_003001.jpg,data/images/flickr30k/flickr30k_test_003001.jpg
flickr30k_retrieval_2000_seed2,4,4,flickr30k_test_002781,images/flickr30k/flickr30k_test_002781.jpg,data/images/flickr30k/flickr30k_test_002781.jpg
flickr30k_retrieval_2000_seed2,5,5,flickr30k_test_011831,images/flickr30k/flickr30k_test_011831.jpg,data/images/flickr30k/flickr30k_test_011831.jpg
flickr30k_retrieval_2000_seed2,6,6,flickr30k_test_027377,images/flickr30k/flickr30k_test_027377.jpg,data/images/flickr30k/flickr30k_test_027377.jpg
flickr30k_retrieval_2000_seed2,7,7,flickr30k_test_005540,images/flickr30k/flickr30k_test_005540.jpg,data/images/flickr30k/flickr30k_test_005540.jpg
flickr30k_retrieval_2000_seed2,8,8,flickr30k_test_024116,images/flickr30k/flickr30k_test_024116.jpg,data/images/flickr30k/flickr30k_test_024116.jpg
flickr30k_retrieval_2000_seed2,9,9,flickr30k_test_026508,images/flickr30k/flickr30k_test_026508.jpg,data/images/flickr30k/flickr30k_test_026508.jpg
flickr30k_retrieval_2000_seed2,10,10,flickr30k_test_021945,images/flickr30k/flickr30k_test_021945.jpg,data/images/flickr30k/flickr30k_test_021945.jpg
flickr30k_retrieval_2000_seed2,11,11,flickr30k_test_027978,images/flickr30k/flickr30k_test_027978.jpg,data/images/flickr30k/flickr30k_test_027978.jpg
flickr30k_retrieval_2000_seed2,12,12,flickr30k_test_010097,images/flickr30k/flickr30k_test_010097.jpg,data/images/flickr30k/flickr30k_test_010097.jpg
flickr30k_retrieval_2000_seed2,13,13,flickr30k_test_008243,images/flickr30k/flickr30k_test_008243.jpg,data/images/flickr30k/flickr30k_test_008243.jpg
flickr30k_retrieval_2000_seed2,14,14,flickr30k_test_019855,images/flickr30k/flickr30k_test_019855.jpg,data/images/flickr30k/flickr30k_test_019855.jpg
flickr30k_retrieval_2000_seed2,15,15,flickr30k_test_006953,images/flickr30k/flickr30k_test_006953.jpg,data/images/flickr30k/flickr30k_test_006953.jpg
flickr30k_retrieval_2000_seed2,16,16,flickr30k_test_019883,images/flickr30k/flickr30k_test_019883.jpg,data/images/flickr30k/flickr30k_test_019883.jpg
flickr30k_retrieval_2000_seed2,17,17,flickr30k_test_001170,images/flickr30k/flickr30k_test_001170.jpg,data/images/flickr30k/flickr30k_test_001170.jpg
flickr30k_retrieval_2000_seed2,18,18,flickr30k_test_019044,images/flickr30k/flickr30k_test_019044.jpg,data/images/flickr30k/flickr30k_test_019044.jpg
flickr30k_retrieval_2000_seed2,19,19,flickr30k_test_022323,images/flickr30k/flickr30k_test_022323.jpg,data/images/flickr30k/flickr30k_test_022323.jpg
flickr30k_retrieval_2000_seed2,20,20,flickr30k_test_005189,images/flickr30k/flickr30k_test_005189.jpg,data/images/flickr30k/flickr30k_test_005189.jpg
flickr30k_retrieval_2000_seed2,21,21,flickr30k_test_014112,images/flickr30k/flickr30k_test_014112.jpg,data/images/flickr30k/flickr30k_test_014112.jpg
flickr30k_retrieval_2000_seed2,22,22,flickr30k_test_020921,images/flickr30k/flickr30k_test_020921.jpg,data/images/flickr30k/flickr30k_test_020921.jpg
flickr30k_retrieval_2000_seed2,23,23,flickr30k_test_012895,images/flickr30k/flickr30k_test_012895.jpg,data/images/flickr30k/flickr30k_test_012895.jpg
flickr30k_retrieval_2000_seed2,24,24,flickr30k_test_026334,images/flickr30k/flickr30k_test_026334.jpg,data/images/flickr30k/flickr30k_test_026334.jpg
flickr30k_retrieval_2000_seed2,25,25,flickr30k_test_023691,images/flickr30k/flickr30k_test_023691.jpg,data/images/flickr30k/flickr30k_test_023691.jpg
flickr30k_retrieval_2000_seed2,26,26,flickr30k_test_028188,images/flickr30k/flickr30k_test_028188.jpg,data/images/flickr30k/flickr30k_test_028188.jpg
flickr30k_retrieval_2000_seed2,27,27,flickr30k_test_016681,images/flickr30k/flickr30k_test_016681.jpg,data/images/flickr30k/flickr30k_test_016681.jpg
flickr30k_retrieval_2000_seed2,28,28,flickr30k_test_012191,images/flickr30k/flickr30k_test_012191.jpg,data/images/flickr30k/flickr30k_test_012191.jpg
flickr30k_retrieval_2000_seed2,29,29,flickr30k_test_017831,images/flickr30k/flickr30k_test_017831.jpg,data/images/flickr30k/flickr30k_test_017831.jpg
flickr30k_retrieval_2000_seed2,30,30,flickr30k_test_030661,images/flickr30k/flickr30k_test_030661.jpg,data/images/flickr30k/flickr30k_test_030661.jpg
flickr30k_retrieval_2000_seed2,31,31,flickr30k_test_014576,images/flickr30k/flickr30k_test_014576.jpg,data/images/flickr30k/flickr30k_test_014576.jpg
flickr30k_retrieval_2000_seed2,32,32,flickr30k_test_016451,images/flickr30k/flickr30k_test_016451.jpg,data/images/flickr30k/flickr30k_test_016451.jpg
flickr30k_retrieval_2000_seed2,33,33,flickr30k_test_008789,images/flickr30k/flickr30k_test_008789.jpg,data/images/flickr30k/flickr30k_test_008789.jpg
flickr30k_retrieval_2000_seed2,34,34,flickr30k_test_029530,images/flickr30k/flickr30k_test_029530.jpg,data/images/flickr30k/flickr30k_test_029530.jpg
flickr30k_retrieval_2000_seed2,35,35,flickr30k_test_001177,images/flickr30k/flickr30k_test_001177.jpg,data/images/flickr30k/flickr30k_test_001177.jpg
flickr30k_retrieval_2000_seed2,36,36,flickr30k_test_028542,images/flickr30k/flickr30k_test_028542.jpg,data/images/flickr30k/flickr30k_test_028542.jpg
flickr30k_retrieval_2000_seed2,37,37,flickr30k_test_000899,images/flickr30k/flickr30k_test_000899.jpg,data/images/flickr30k/flickr30k_test_000899.jpg
flickr30k_retrieval_2000_seed2,38,38,flickr30k_test_011928,images/flickr30k/flickr30k_test_011928.jpg,data/images/flickr30k/flickr30k_test_011928.jpg
flickr30k_retrieval_2000_seed2,39,39,flickr30k_test_015233,images/flickr30k/flickr30k_test_015233.jpg,data/images/flickr30k/flickr30k_test_015233.jpg
flickr30k_retrieval_2000_seed2,40,40,flickr30k_test_030534,images/flickr30k/flickr30k_test_030534.jpg,data/images/flickr30k/flickr30k_test_030534.jpg
flickr30k_retrieval_2000_seed2,41,41,flickr30k_test_010435,images/flickr30k/flickr30k_test_010435.jpg,data/images/flickr30k/flickr30k_test_010435.jpg
flickr30k_retrieval_2000_seed2,42,42,flickr30k_test_029745,images/flickr30k/flickr30k_test_029745.jpg,data/images/flickr30k/flickr30k_test_029745.jpg
flickr30k_retrieval_2000_seed2,43,43,flickr30k_test_012452,images/flickr30k/flickr30k_test_012452.jpg,data/images/flickr30k/flickr30k_test_012452.jpg
flickr30k_retrieval_2000_seed2,44,44,flickr30k_test_013880,images/flickr30k/flickr30k_test_013880.jpg,data/images/flickr30k/flickr30k_test_013880.jpg
flickr30k_retrieval_2000_seed2,45,45,flickr30k_test_029222,images/flickr30k/flickr30k_test_029222.jpg,data/images/flickr30k/flickr30k_test_029222.jpg
flickr30k_retrieval_2000_seed2,46,46,flickr30k_test_028969,images/flickr30k/flickr30k_test_028969.jpg,data/images/flickr30k/flickr30k_test_028969.jpg
flickr30k_retrieval_2000_seed2,47,47,flickr30k_test_017227,images/flickr30k/flickr30k_test_017227.jpg,data/images/flickr30k/flickr30k_test_017227.jpg
flickr30k_retrieval_2000_seed2,48,48,flickr30k_test_005389,images/flickr30k/flickr30k_test_005389.jpg,data/images/flickr30k/flickr30k_test_005389.jpg
flickr30k_retrieval_2000_seed2,49,49,flickr30k_test_018366,images/flickr30k/flickr30k_test_018366.jpg,data/images/flickr30k/flickr30k_test_018366.jpg
flickr30k_retrieval_2000_seed2,50,50,flickr30k_test_005814,images/flickr30k/flickr30k_test_005814.jpg,data/images/flickr30k/flickr30k_test_005814.jpg
flickr30k_retrieval_2000_seed2,51,51,flickr30k_test_007737,images/flickr30k/flickr30k_test_007737.jpg,data/images/flickr30k/flickr30k_test_007737.jpg
flickr30k_retrieval_2000_seed2,52,52,flickr30k_test_007556,images/flickr30k/flickr30k_test_007556.jpg,data/images/flickr30k/flickr30k_test_007556.jpg
flickr30k_retrieval_2000_seed2,53,53,flickr30k_test_000781,images/flickr30k/flickr30k_test_000781.jpg,data/images/flickr30k/flickr30k_test_000781.jpg
flickr30k_retrieval_2000_seed2,54,54,flickr30k_test_005790,images/flickr30k/flickr30k_test_005790.jpg,data/images/flickr30k/flickr30k_test_005790.jpg
flickr30k_retrieval_2000_seed2,55,55,flickr30k_test_010654,images/flickr30k/flickr30k_test_010654.jpg,data/images/flickr30k/flickr30k_test_010654.jpg
flickr30k_retrieval_2000_seed2,56,56,flickr30k_test_005688,images/flickr30k/flickr30k_test_005688.jpg,data/images/flickr30k/flickr30k_test_005688.jpg
flickr30k_retrieval_2000_seed2,57,57,flickr30k_test_004479,images/flickr30k/flickr30k_test_004479.jpg,data/images/flickr30k/flickr30k_test_004479.jpg
flickr30k_retrieval_2000_seed2,58,58,flickr30k_test_016717,images/flickr30k/flickr30k_test_016717.jpg,data/images/flickr30k/flickr30k_test_016717.jpg
flickr30k_retrieval_2000_seed2,59,59,flickr30k_test_016719,images/flickr30k/flickr30k_test_016719.jpg,data/images/flickr30k/flickr30k_test_016719.jpg
flickr30k_retrieval_2000_seed2,60,60,flickr30k_test_011786,images/flickr30k/flickr30k_test_011786.jpg,data/images/flickr30k/flickr30k_test_011786.jpg
flickr30k_retrieval_2000_seed2,61,61,flickr30k_test_016834,images/flickr30k/flickr30k_test_016834.jpg,data/images/flickr30k/flickr30k_test_016834.jpg
flickr30k_retrieval_2000_seed2,62,62,flickr30k_test_022101,images/flickr30k/flickr30k_test_022101.jpg,data/images/flickr30k/flickr30k_test_022101.jpg
flickr30k_retrieval_2000_seed2,63,63,flickr30k_test_018346,images/flickr30k/flickr30k_test_018346.jpg,data/images/flickr30k/flickr30k_test_018346.jpg
flickr30k_retrieval_2000_seed2,64,64,flickr30k_test_005958,images/flickr30k/flickr30k_test_005958.jpg,data/images/flickr30k/flickr30k_test_005958.jpg
flickr30k_retrieval_2000_seed2,65,65,flickr30k_test_029280,images/flickr30k/flickr30k_test_029280.jpg,data/images/flickr30k/flickr30k_test_029280.jpg
flickr30k_retrieval_2000_seed2,66,66,flickr30k_test_014602,images/flickr30k/flickr30k_test_014602.jpg,data/images/flickr30k/flickr30k_test_014602.jpg
flickr30k_retrieval_2000_seed2,67,67,flickr30k_test_026108,images/flickr30k/flickr30k_test_026108.jpg,data/images/flickr30k/flickr30k_test_026108.jpg
flickr30k_retrieval_2000_seed2,68,68,flickr30k_test_013587,images/flickr30k/flickr30k_test_013587.jpg,data/images/flickr30k/flickr30k_test_013587.jpg
flickr30k_retrieval_2000_seed2,69,69,flickr30k_test_024064,images/flickr30k/flickr30k_test_024064.jpg,data/images/flickr30k/flickr30k_test_024064.jpg
flickr30k_retrieval_2000_seed2,70,70,flickr30k_test_017215,images/flickr30k/flickr30k_test_017215.jpg,data/images/flickr30k/flickr30k_test_017215.jpg
flickr30k_retrieval_2000_seed2,71,71,flickr30k_test_029707,images/flickr30k/flickr30k_test_029707.jpg,data/images/flickr30k/flickr30k_test_029707.jpg
flickr30k_retrieval_2000_seed2,72,72,flickr30k_test_029769,images/flickr30k/flickr30k_test_029769.jpg,data/images/flickr30k/flickr30k_test_029769.jpg
flickr30k_retrieval_2000_seed2,73,73,flickr30k_test_024998,images/flickr30k/flickr30k_test_024998.jpg,data/images/flickr30k/flickr30k_test_024998.jpg
flickr30k_retrieval_2000_seed2,74,74,flickr30k_test_011935,images/flickr30k/flickr30k_test_011935.jpg,data/images/flickr30k/flickr30k_test_011935.jpg
flickr30k_retrieval_2000_seed2,75,75,flickr30k_test_025878,images/flickr30k/flickr30k_test_025878.jpg,data/images/flickr30k/flickr30k_test_025878.jpg
flickr30k_retrieval_2000_seed2,76,76,flickr30k_test_019447,images/flickr30k/flickr30k_test_019447.jpg,data/images/flickr30k/flickr30k_test_019447.jpg
flickr30k_retrieval_2000_seed2,77,77,flickr30k_test_011592,images/flickr30k/flickr30k_test_011592.jpg,data/images/flickr30k/flickr30k_test_011592.jpg
flickr30k_retrieval_2000_seed2,78,78,flickr30k_test_011858,images/flickr30k/flickr30k_test_011858.jpg,data/images/flickr30k/flickr30k_test_011858.jpg
flickr30k_retrieval_2000_seed2,79,79,flickr30k_test_028146,images/flickr30k/flickr30k_test_028146.jpg,data/images/flickr30k/flickr30k_test_028146.jpg
flickr30k_retrieval_2000_seed2,80,80,flickr30k_test_014606,images/flickr30k/flickr30k_test_014606.jpg,data/images/flickr30k/flickr30k_test_014606.jpg
flickr30k_retrieval_2000_seed2,81,81,flickr30k_test_005281,images/flickr30k/flickr30k_test_005281.jpg,data/images/flickr30k/flickr30k_test_005281.jpg
flickr30k_retrieval_2000_seed2,82,82,flickr30k_test_024707,images/flickr30k/flickr30k_test_024707.jpg,data/images/flickr30k/flickr30k_test_024707.jpg
flickr30k_retrieval_2000_seed2,83,83,flickr30k_test_013102,images/flickr30k/flickr30k_test_013102.jpg,data/images/flickr30k/flickr30k_test_013102.jpg
flickr30k_retrieval_2000_seed2,84,84,flickr30k_test_023434,images/flickr30k/flickr30k_test_023434.jpg,data/images/flickr30k/flickr30k_test_023434.jpg
flickr30k_retrieval_2000_seed2,85,85,flickr30k_test_024202,images/flickr30k/flickr30k_test_024202.jpg,data/images/flickr30k/flickr30k_test_024202.jpg
flickr30k_retrieval_2000_seed2,86,86,flickr30k_test_015119,images/flickr30k/flickr30k_test_015119.jpg,data/images/flickr30k/flickr30k_test_015119.jpg
flickr30k_retrieval_2000_seed2,87,87,flickr30k_test_021460,images/flickr30k/flickr30k_test_021460.jpg,data/images/flickr30k/flickr30k_test_021460.jpg
flickr30k_retrieval_2000_seed2,88,88,flickr30k_test_017378,images/flickr30k/flickr30k_test_017378.jpg,data/images/flickr30k/flickr30k_test_017378.jpg
flickr30k_retrieval_2000_seed2,89,89,flickr30k_test_008188,images/flickr30k/flickr30k_test_008188.jpg,data/images/flickr30k/flickr30k_test_008188.jpg
flickr30k_retrieval_2000_seed2,90,90,flickr30k_test_016056,images/flickr30k/flickr30k_test_016056.jpg,data/images/flickr30k/flickr30k_test_016056.jpg
flickr30k_retrieval_2000_seed2,91,91,flickr30k_test_009145,images/flickr30k/flickr30k_test_009145.jpg,data/images/flickr30k/flickr30k_test_009145.jpg
flickr30k_retrieval_2000_seed2,92,92,flickr30k_test_030304,images/flickr30k/flickr30k_test_030304.jpg,data/images/flickr30k/flickr30k_test_030304.jpg
flickr30k_retrieval_2000_seed2,93,93,flickr30k_test_016320,images/flickr30k/flickr30k_test_016320.jpg,data/images/flickr30k/flickr30k_test_016320.jpg
flickr30k_retrieval_2000_seed2,94,94,flickr30k_test_016411,images/flickr30k/flickr30k_test_016411.jpg,data/images/flickr30k/flickr30k_test_016411.jpg
flickr30k_retrieval_2000_seed2,95,95,flickr30k_test_016888,images/flickr30k/flickr30k_test_016888.jpg,data/images/flickr30k/flickr30k_test_016888.jpg
flickr30k_retrieval_2000_seed2,96,96,flickr30k_test_027247,images/flickr30k/flickr30k_test_027247.jpg,data/images/flickr30k/flickr30k_test_027247.jpg
flickr30k_retrieval_2000_seed2,97,97,flickr30k_test_026090,images/flickr30k/flickr30k_test_026090.jpg,data/images/flickr30k/flickr30k_test_026090.jpg
flickr30k_retrieval_2000_seed2,98,98,flickr30k_test_011597,images/flickr30k/flickr30k_test_011597.jpg,data/images/flickr30k/flickr30k_test_011597.jpg
flickr30k_retrieval_2000_seed2,99,99,flickr30k_test_021682,images/flickr30k/flickr30k_test_021682.jpg,data/images/flickr30k/flickr30k_test_021682.jpg
flickr30k_retrieval_2000_seed2,100,100,flickr30k_test_028929,images/flickr30k/flickr30k_test_028929.jpg,data/images/flickr30k/flickr30k_test_028929.jpg
flickr30k_retrieval_2000_seed2,101,101,flickr30k_test_014899,images/flickr30k/flickr30k_test_014899.jpg,data/images/flickr30k/flickr30k_test_014899.jpg
flickr30k_retrieval_2000_seed2,102,102,flickr30k_test_029481,images/flickr30k/flickr30k_test_029481.jpg,data/images/flickr30k/flickr30k_test_029481.jpg
flickr30k_retrieval_2000_seed2,103,103,flickr30k_test_029595,images/flickr30k/flickr30k_test_029595.jpg,data/images/flickr30k/flickr30k_test_029595.jpg
flickr30k_retrieval_2000_seed2,104,104,flickr30k_test_015106,images/flickr30k/flickr30k_test_015106.jpg,data/images/flickr30k/flickr30k_test_015106.jpg
flickr30k_retrieval_2000_seed2,105,105,flickr30k_test_011494,images/flickr30k/flickr30k_test_011494.jpg,data/images/flickr30k/flickr30k_test_011494.jpg
flickr30k_retrieval_2000_seed2,106,106,flickr30k_test_018602,images/flickr30k/flickr30k_test_018602.jpg,data/images/flickr30k/flickr30k_test_018602.jpg
flickr30k_retrieval_2000_seed2,107,107,flickr30k_test_023785,images/flickr30k/flickr30k_test_023785.jpg,data/images/flickr30k/flickr30k_test_023785.jpg
flickr30k_retrieval_2000_seed2,108,108,flickr30k_test_030157,images/flickr30k/flickr30k_test_030157.jpg,data/images/flickr30k/flickr30k_test_030157.jpg
flickr30k_retrieval_2000_seed2,109,109,flickr30k_test_018270,images/flickr30k/flickr30k_test_018270.jpg,data/images/flickr30k/flickr30k_test_018270.jpg
flickr30k_retrieval_2000_seed2,110,110,flickr30k_test_023716,images/flickr30k/flickr30k_test_023716.jpg,data/images/flickr30k/flickr30k_test_023716.jpg
flickr30k_retrieval_2000_seed2,111,111,flickr30k_test_014960,images/flickr30k/flickr30k_test_014960.jpg,data/images/flickr30k/flickr30k_test_014960.jpg
flickr30k_retrieval_2000_seed2,112,112,flickr30k_test_015945,images/flickr30k/flickr30k_test_015945.jpg,data/images/flickr30k/flickr30k_test_015945.jpg
flickr30k_retrieval_2000_seed2,113,113,flickr30k_test_021590,images/flickr30k/flickr30k_test_021590.jpg,data/images/flickr30k/flickr30k_test_021590.jpg
flickr30k_retrieval_2000_seed2,114,114,flickr30k_test_007268,images/flickr30k/flickr30k_test_007268.jpg,data/images/flickr30k/flickr30k_test_007268.jpg
flickr30k_retrieval_2000_seed2,115,115,flickr30k_test_030821,images/flickr30k/flickr30k_test_030821.jpg,data/images/flickr30k/flickr30k_test_030821.jpg
flickr30k_retrieval_2000_seed2,116,116,flickr30k_test_010638,images/flickr30k/flickr30k_test_010638.jpg,data/images/flickr30k/flickr30k_test_010638.jpg
flickr30k_retrieval_2000_seed2,117,117,flickr30k_test_026695,images/flickr30k/flickr30k_test_026695.jpg,data/images/flickr30k/flickr30k_test_026695.jpg
flickr30k_retrieval_2000_seed2,118,118,flickr30k_test_022923,images/flickr30k/flickr30k_test_022923.jpg,data/images/flickr30k/flickr30k_test_022923.jpg
flickr30k_retrieval_2000_seed2,119,119,flickr30k_test_027362,images/flickr30k/flickr30k_test_027362.jpg,data/images/flickr30k/flickr30k_test_027362.jpg
flickr30k_retrieval_2000_seed2,120,120,flickr30k_test_005441,images/flickr30k/flickr30k_test_005441.jpg,data/images/flickr30k/flickr30k_test_005441.jpg
flickr30k_retrieval_2000_seed2,121,121,flickr30k_test_028727,images/flickr30k/flickr30k_test_028727.jpg,data/images/flickr30k/flickr30k_test_028727.jpg
flickr30k_retrieval_2000_seed2,122,122,flickr30k_test_029751,images/flickr30k/flickr30k_test_029751.jpg,data/images/flickr30k/flickr30k_test_029751.jpg
flickr30k_retrieval_2000_seed2,123,123,flickr30k_test_020196,images/flickr30k/flickr30k_test_020196.jpg,data/images/flickr30k/flickr30k_test_020196.jpg
flickr30k_retrieval_2000_seed2,124,124,flickr30k_test_008786,images/flickr30k/flickr30k_test_008786.jpg,data/images/flickr30k/flickr30k_test_008786.jpg
flickr30k_retrieval_2000_seed2,125,125,flickr30k_test_025329,images/flickr30k/flickr30k_test_025329.jpg,data/images/flickr30k/flickr30k_test_025329.jpg
flickr30k_retrieval_2000_seed2,126,126,flickr30k_test_029864,images/flickr30k/flickr30k_test_029864.jpg,data/images/flickr30k/flickr30k_test_029864.jpg
flickr30k_retrieval_2000_seed2,127,127,flickr30k_test_015720,images/flickr30k/flickr30k_test_015720.jpg,data/images/flickr30k/flickr30k_test_015720.jpg
flickr30k_retrieval_2000_seed2,128,128,flickr30k_test_010143,images/flickr30k/flickr30k_test_010143.jpg,data/images/flickr30k/flickr30k_test_010143.jpg
flickr30k_retrieval_2000_seed2,129,129,flickr30k_test_009938,images/flickr30k/flickr30k_test_009938.jpg,data/images/flickr30k/flickr30k_test_009938.jpg
flickr30k_retrieval_2000_seed2,130,130,flickr30k_test_026190,images/flickr30k/flickr30k_test_026190.jpg,data/images/flickr30k/flickr30k_test_026190.jpg
flickr30k_retrieval_2000_seed2,131,131,flickr30k_test_023140,images/flickr30k/flickr30k_test_023140.jpg,data/images/flickr30k/flickr30k_test_023140.jpg
flickr30k_retrieval_2000_seed2,132,132,flickr30k_test_027232,images/flickr30k/flickr30k_test_027232.jpg,data/images/flickr30k/flickr30k_test_027232.jpg
flickr30k_retrieval_2000_seed2,133,133,flickr30k_test_016523,images/flickr30k/flickr30k_test_016523.jpg,data/images/flickr30k/flickr30k_test_016523.jpg
flickr30k_retrieval_2000_seed2,134,134,flickr30k_test_018421,images/flickr30k/flickr30k_test_018421.jpg,data/images/flickr30k/flickr30k_test_018421.jpg
flickr30k_retrieval_2000_seed2,135,135,flickr30k_test_016965,images/flickr30k/flickr30k_test_016965.jpg,data/images/flickr30k/flickr30k_test_016965.jpg
flickr30k_retrieval_2000_seed2,136,136,flickr30k_test_016625,images/flickr30k/flickr30k_test_016625.jpg,data/images/flickr30k/flickr30k_test_016625.jpg
flickr30k_retrieval_2000_seed2,137,137,flickr30k_test_021345,images/flickr30k/flickr30k_test_021345.jpg,data/images/flickr30k/flickr30k_test_021345.jpg
flickr30k_retrieval_2000_seed2,138,138,flickr30k_test_020178,images/flickr30k/flickr30k_test_020178.jpg,data/images/flickr30k/flickr30k_test_020178.jpg
flickr30k_retrieval_2000_seed2,139,139,flickr30k_test_019265,images/flickr30k/flickr30k_test_019265.jpg,data/images/flickr30k/flickr30k_test_019265.jpg
flickr30k_retrieval_2000_seed2,140,140,flickr30k_test_013325,images/flickr30k/flickr30k_test_013325.jpg,data/images/flickr30k/flickr30k_test_013325.jpg
flickr30k_retrieval_2000_seed2,141,141,flickr30k_test_010218,images/flickr30k/flickr30k_test_010218.jpg,data/images/flickr30k/flickr30k_test_010218.jpg
flickr30k_retrieval_2000_seed2,142,142,flickr30k_test_023951,images/flickr30k/flickr30k_test_023951.jpg,data/images/flickr30k/flickr30k_test_023951.jpg
flickr30k_retrieval_2000_seed2,143,143,flickr30k_test_006809,images/flickr30k/flickr30k_test_006809.jpg,data/images/flickr30k/flickr30k_test_006809.jpg
flickr30k_retrieval_2000_seed2,144,144,flickr30k_test_016020,images/flickr30k/flickr30k_test_016020.jpg,data/images/flickr30k/flickr30k_test_016020.jpg
flickr30k_retrieval_2000_seed2,145,145,flickr30k_test_016773,images/flickr30k/flickr30k_test_016773.jpg,data/images/flickr30k/flickr30k_test_016773.jpg
flickr30k_retrieval_2000_seed2,146,146,flickr30k_test_012012,images/flickr30k/flickr30k_test_012012.jpg,data/images/flickr30k/flickr30k_test_012012.jpg
flickr30k_retrieval_2000_seed2,147,147,flickr30k_test_030610,images/flickr30k/flickr30k_test_030610.jpg,data/images/flickr30k/flickr30k_test_030610.jpg
flickr30k_retrieval_2000_seed2,148,148,flickr30k_test_022420,images/flickr30k/flickr30k_test_022420.jpg,data/images/flickr30k/flickr30k_test_022420.jpg
flickr30k_retrieval_2000_seed2,149,149,flickr30k_test_020423,images/flickr30k/flickr30k_test_020423.jpg,data/images/flickr30k/flickr30k_test_020423.jpg
flickr30k_retrieval_2000_seed2,150,150,flickr30k_test_028903,images/flickr30k/flickr30k_test_028903.jpg,data/images/flickr30k/flickr30k_test_028903.jpg
flickr30k_retrieval_2000_seed2,151,151,flickr30k_test_002469,images/flickr30k/flickr30k_test_002469.jpg,data/images/flickr30k/flickr30k_test_002469.jpg
flickr30k_retrieval_2000_seed2,152,152,flickr30k_test_025699,images/flickr30k/flickr30k_test_025699.jpg,data/images/flickr30k/flickr30k_test_025699.jpg
flickr30k_retrieval_2000_seed2,153,153,flickr30k_test_026882,images/flickr30k/flickr30k_test_026882.jpg,data/images/flickr30k/flickr30k_test_026882.jpg
flickr30k_retrieval_2000_seed2,154,154,flickr30k_test_011188,images/flickr30k/flickr30k_test_011188.jpg,data/images/flickr30k/flickr30k_test_011188.jpg
flickr30k_retrieval_2000_seed2,155,155,flickr30k_test_023787,images/flickr30k/flickr30k_test_023787.jpg,data/images/flickr30k/flickr30k_test_023787.jpg
flickr30k_retrieval_2000_seed2,156,156,flickr30k_test_000275,images/flickr30k/flickr30k_test_000275.jpg,data/images/flickr30k/flickr30k_test_000275.jpg
flickr30k_retrieval_2000_seed2,157,157,flickr30k_test_029741,images/flickr30k/flickr30k_test_029741.jpg,data/images/flickr30k/flickr30k_test_029741.jpg
flickr30k_retrieval_2000_seed2,158,158,flickr30k_test_026707,images/flickr30k/flickr30k_test_026707.jpg,data/images/flickr30k/flickr30k_test_026707.jpg
flickr30k_retrieval_2000_seed2,159,159,flickr30k_test_006271,images/flickr30k/flickr30k_test_006271.jpg,data/images/flickr30k/flickr30k_test_006271.jpg
flickr30k_retrieval_2000_seed2,160,160,flickr30k_test_024405,images/flickr30k/flickr30k_test_024405.jpg,data/images/flickr30k/flickr30k_test_024405.jpg
flickr30k_retrieval_2000_seed2,161,161,flickr30k_test_003478,images/flickr30k/flickr30k_test_003478.jpg,data/images/flickr30k/flickr30k_test_003478.jpg
flickr30k_retrieval_2000_seed2,162,162,flickr30k_test_001925,images/flickr30k/flickr30k_test_001925.jpg,data/images/flickr30k/flickr30k_test_001925.jpg
flickr30k_retrieval_2000_seed2,163,163,flickr30k_test_018822,images/flickr30k/flickr30k_test_018822.jpg,data/images/flickr30k/flickr30k_test_018822.jpg
flickr30k_retrieval_2000_seed2,164,164,flickr30k_test_021394,images/flickr30k/flickr30k_test_021394.jpg,data/images/flickr30k/flickr30k_test_021394.jpg
flickr30k_retrieval_2000_seed2,165,165,flickr30k_test_001602,images/flickr30k/flickr30k_test_001602.jpg,data/images/flickr30k/flickr30k_test_001602.jpg
flickr30k_retrieval_2000_seed2,166,166,flickr30k_test_008948,images/flickr30k/flickr30k_test_008948.jpg,data/images/flickr30k/flickr30k_test_008948.jpg
flickr30k_retrieval_2000_seed2,167,167,flickr30k_test_019388,images/flickr30k/flickr30k_test_019388.jpg,data/images/flickr30k/flickr30k_test_019388.jpg
flickr30k_retrieval_2000_seed2,168,168,flickr30k_test_007425,images/flickr30k/flickr30k_test_007425.jpg,data/images/flickr30k/flickr30k_test_007425.jpg
flickr30k_retrieval_2000_seed2,169,169,flickr30k_test_022363,images/flickr30k/flickr30k_test_022363.jpg,data/images/flickr30k/flickr30k_test_022363.jpg
flickr30k_retrieval_2000_seed2,170,170,flickr30k_test_028688,images/flickr30k/flickr30k_test_028688.jpg,data/images/flickr30k/flickr30k_test_028688.jpg
flickr30k_retrieval_2000_seed2,171,171,flickr30k_test_030010,images/flickr30k/flickr30k_test_030010.jpg,data/images/flickr30k/flickr30k_test_030010.jpg
flickr30k_retrieval_2000_seed2,172,172,flickr30k_test_003482,images/flickr30k/flickr30k_test_003482.jpg,data/images/flickr30k/flickr30k_test_003482.jpg
flickr30k_retrieval_2000_seed2,173,173,flickr30k_test_024719,images/flickr30k/flickr30k_test_024719.jpg,data/images/flickr30k/flickr30k_test_024719.jpg
flickr30k_retrieval_2000_seed2,174,174,flickr30k_test_017116,images/flickr30k/flickr30k_test_017116.jpg,data/images/flickr30k/flickr30k_test_017116.jpg
flickr30k_retrieval_2000_seed2,175,175,flickr30k_test_004472,images/flickr30k/flickr30k_test_004472.jpg,data/images/flickr30k/flickr30k_test_004472.jpg
flickr30k_retrieval_2000_seed2,176,176,flickr30k_test_027982,images/flickr30k/flickr30k_test_027982.jpg,data/images/flickr30k/flickr30k_test_027982.jpg
flickr30k_retrieval_2000_seed2,177,177,flickr30k_test_008711,images/flickr30k/flickr30k_test_008711.jpg,data/images/flickr30k/flickr30k_test_008711.jpg
flickr30k_retrieval_2000_seed2,178,178,flickr30k_test_008022,images/flickr30k/flickr30k_test_008022.jpg,data/images/flickr30k/flickr30k_test_008022.jpg
flickr30k_retrieval_2000_seed2,179,179,flickr30k_test_027025,images/flickr30k/flickr30k_test_027025.jpg,data/images/flickr30k/flickr30k_test_027025.jpg
flickr30k_retrieval_2000_seed2,180,180,flickr30k_test_006896,images/flickr30k/flickr30k_test_006896.jpg,data/images/flickr30k/flickr30k_test_006896.jpg
flickr30k_retrieval_2000_seed2,181,181,flickr30k_test_030919,images/flickr30k/flickr30k_test_030919.jpg,data/images/flickr30k/flickr30k_test_030919.jpg
flickr30k_retrieval_2000_seed2,182,182,flickr30k_test_028854,images/flickr30k/flickr30k_test_028854.jpg,data/images/flickr30k/flickr30k_test_028854.jpg
flickr30k_retrieval_2000_seed2,183,183,flickr30k_test_001978,images/flickr30k/flickr30k_test_001978.jpg,data/images/flickr30k/flickr30k_test_001978.jpg
flickr30k_retrieval_2000_seed2,184,184,flickr30k_test_013858,images/flickr30k/flickr30k_test_013858.jpg,data/images/flickr30k/flickr30k_test_013858.jpg
flickr30k_retrieval_2000_seed2,185,185,flickr30k_test_029424,images/flickr30k/flickr30k_test_029424.jpg,data/images/flickr30k/flickr30k_test_029424.jpg
flickr30k_retrieval_2000_seed2,186,186,flickr30k_test_023493,images/flickr30k/flickr30k_test_023493.jpg,data/images/flickr30k/flickr30k_test_023493.jpg
flickr30k_retrieval_2000_seed2,187,187,flickr30k_test_024884,images/flickr30k/flickr30k_test_024884.jpg,data/images/flickr30k/flickr30k_test_024884.jpg
flickr30k_retrieval_2000_seed2,188,188,flickr30k_test_001044,images/flickr30k/flickr30k_test_001044.jpg,data/images/flickr30k/flickr30k_test_001044.jpg
flickr30k_retrieval_2000_seed2,189,189,flickr30k_test_001861,images/flickr30k/flickr30k_test_001861.jpg,data/images/flickr30k/flickr30k_test_001861.jpg
flickr30k_retrieval_2000_seed2,190,190,flickr30k_test_011873,images/flickr30k/flickr30k_test_011873.jpg,data/images/flickr30k/flickr30k_test_011873.jpg
flickr30k_retrieval_2000_seed2,191,191,flickr30k_test_011803,images/flickr30k/flickr30k_test_011803.jpg,data/images/flickr30k/flickr30k_test_011803.jpg
flickr30k_retrieval_2000_seed2,192,192,flickr30k_test_005632,images/flickr30k/flickr30k_test_005632.jpg,data/images/flickr30k/flickr30k_test_005632.jpg
flickr30k_retrieval_2000_seed2,193,193,flickr30k_test_008175,images/flickr30k/flickr30k_test_008175.jpg,data/images/flickr30k/flickr30k_test_008175.jpg
flickr30k_retrieval_2000_seed2,194,194,flickr30k_test_022045,images/flickr30k/flickr30k_test_022045.jpg,data/images/flickr30k/flickr30k_test_022045.jpg
flickr30k_retrieval_2000_seed2,195,195,flickr30k_test_000768,images/flickr30k/flickr30k_test_000768.jpg,data/images/flickr30k/flickr30k_test_000768.jpg
flickr30k_retrieval_2000_seed2,196,196,flickr30k_test_002716,images/flickr30k/flickr30k_test_002716.jpg,data/images/flickr30k/flickr30k_test_002716.jpg
flickr30k_retrieval_2000_seed2,197,197,flickr30k_test_003775,images/flickr30k/flickr30k_test_003775.jpg,data/images/flickr30k/flickr30k_test_003775.jpg
flickr30k_retrieval_2000_seed2,198,198,flickr30k_test_002210,images/flickr30k/flickr30k_test_002210.jpg,data/images/flickr30k/flickr30k_test_002210.jpg
flickr30k_retrieval_2000_seed2,199,199,flickr30k_test_000830,images/flickr30k/flickr30k_test_000830.jpg,data/images/flickr30k/flickr30k_test_000830.jpg
flickr30k_retrieval_2000_seed2,200,200,flickr30k_test_001339,images/flickr30k/flickr30k_test_001339.jpg,data/images/flickr30k/flickr30k_test_001339.jpg
flickr30k_retrieval_2000_seed2,201,201,flickr30k_test_023901,images/flickr30k/flickr30k_test_023901.jpg,data/images/flickr30k/flickr30k_test_023901.jpg
flickr30k_retrieval_2000_seed2,202,202,flickr30k_test_030101,images/flickr30k/flickr30k_test_030101.jpg,data/images/flickr30k/flickr30k_test_030101.jpg
flickr30k_retrieval_2000_seed2,203,203,flickr30k_test_000692,images/flickr30k/flickr30k_test_000692.jpg,data/images/flickr30k/flickr30k_test_000692.jpg
flickr30k_retrieval_2000_seed2,204,204,flickr30k_test_012225,images/flickr30k/flickr30k_test_012225.jpg,data/images/flickr30k/flickr30k_test_012225.jpg
flickr30k_retrieval_2000_seed2,205,205,flickr30k_test_008378,images/flickr30k/flickr30k_test_008378.jpg,data/images/flickr30k/flickr30k_test_008378.jpg
flickr30k_retrieval_2000_seed2,206,206,flickr30k_test_004187,images/flickr30k/flickr30k_test_004187.jpg,data/images/flickr30k/flickr30k_test_004187.jpg
flickr30k_retrieval_2000_seed2,207,207,flickr30k_test_026651,images/flickr30k/flickr30k_test_026651.jpg,data/images/flickr30k/flickr30k_test_026651.jpg
flickr30k_retrieval_2000_seed2,208,208,flickr30k_test_030669,images/flickr30k/flickr30k_test_030669.jpg,data/images/flickr30k/flickr30k_test_030669.jpg
flickr30k_retrieval_2000_seed2,209,209,flickr30k_test_005148,images/flickr30k/flickr30k_test_005148.jpg,data/images/flickr30k/flickr30k_test_005148.jpg
flickr30k_retrieval_2000_seed2,210,210,flickr30k_test_024077,images/flickr30k/flickr30k_test_024077.jpg,data/images/flickr30k/flickr30k_test_024077.jpg
flickr30k_retrieval_2000_seed2,211,211,flickr30k_test_006020,images/flickr30k/flickr30k_test_006020.jpg,data/images/flickr30k/flickr30k_test_006020.jpg
flickr30k_retrieval_2000_seed2,212,212,flickr30k_test_017140,images/flickr30k/flickr30k_test_017140.jpg,data/images/flickr30k/flickr30k_test_017140.jpg
flickr30k_retrieval_2000_seed2,213,213,flickr30k_test_022658,images/flickr30k/flickr30k_test_022658.jpg,data/images/flickr30k/flickr30k_test_022658.jpg
flickr30k_retrieval_2000_seed2,214,214,flickr30k_test_000063,images/flickr30k/flickr30k_test_000063.jpg,data/images/flickr30k/flickr30k_test_000063.jpg
flickr30k_retrieval_2000_seed2,215,215,flickr30k_test_012634,images/flickr30k/flickr30k_test_012634.jpg,data/images/flickr30k/flickr30k_test_012634.jpg
flickr30k_retrieval_2000_seed2,216,216,flickr30k_test_019315,images/flickr30k/flickr30k_test_019315.jpg,data/images/flickr30k/flickr30k_test_019315.jpg
flickr30k_retrieval_2000_seed2,217,217,flickr30k_test_001414,images/flickr30k/flickr30k_test_001414.jpg,data/images/flickr30k/flickr30k_test_001414.jpg
flickr30k_retrieval_2000_seed2,218,218,flickr30k_test_026022,images/flickr30k/flickr30k_test_026022.jpg,data/images/flickr30k/flickr30k_test_026022.jpg
flickr30k_retrieval_2000_seed2,219,219,flickr30k_test_008120,images/flickr30k/flickr30k_test_008120.jpg,data/images/flickr30k/flickr30k_test_008120.jpg
flickr30k_retrieval_2000_seed2,220,220,flickr30k_test_004961,images/flickr30k/flickr30k_test_004961.jpg,data/images/flickr30k/flickr30k_test_004961.jpg
flickr30k_retrieval_2000_seed2,221,221,flickr30k_test_001188,images/flickr30k/flickr30k_test_001188.jpg,data/images/flickr30k/flickr30k_test_001188.jpg
flickr30k_retrieval_2000_seed2,222,222,flickr30k_test_000137,images/flickr30k/flickr30k_test_000137.jpg,data/images/flickr30k/flickr30k_test_000137.jpg
flickr30k_retrieval_2000_seed2,223,223,flickr30k_test_011278,images/flickr30k/flickr30k_test_011278.jpg,data/images/flickr30k/flickr30k_test_011278.jpg
flickr30k_retrieval_2000_seed2,224,224,flickr30k_test_030751,images/flickr30k/flickr30k_test_030751.jpg,data/images/flickr30k/flickr30k_test_030751.jpg
flickr30k_retrieval_2000_seed2,225,225,flickr30k_test_020160,images/flickr30k/flickr30k_test_020160.jpg,data/images/flickr30k/flickr30k_test_020160.jpg
flickr30k_retrieval_2000_seed2,226,226,flickr30k_test_020570,images/flickr30k/flickr30k_test_020570.jpg,data/images/flickr30k/flickr30k_test_020570.jpg
flickr30k_retrieval_2000_seed2,227,227,flickr30k_test_024328,images/flickr30k/flickr30k_test_024328.jpg,data/images/flickr30k/flickr30k_test_024328.jpg
flickr30k_retrieval_2000_seed2,228,228,flickr30k_test_024499,images/flickr30k/flickr30k_test_024499.jpg,data/images/flickr30k/flickr30k_test_024499.jpg
flickr30k_retrieval_2000_seed2,229,229,flickr30k_test_003706,images/flickr30k/flickr30k_test_003706.jpg,data/images/flickr30k/flickr30k_test_003706.jpg
flickr30k_retrieval_2000_seed2,230,230,flickr30k_test_009372,images/flickr30k/flickr30k_test_009372.jpg,data/images/flickr30k/flickr30k_test_009372.jpg
flickr30k_retrieval_2000_seed2,231,231,flickr30k_test_011049,images/flickr30k/flickr30k_test_011049.jpg,data/images/flickr30k/flickr30k_test_011049.jpg
flickr30k_retrieval_2000_seed2,232,232,flickr30k_test_016015,images/flickr30k/flickr30k_test_016015.jpg,data/images/flickr30k/flickr30k_test_016015.jpg
flickr30k_retrieval_2000_seed2,233,233,flickr30k_test_001009,images/flickr30k/flickr30k_test_001009.jpg,data/images/flickr30k/flickr30k_test_001009.jpg
flickr30k_retrieval_2000_seed2,234,234,flickr30k_test_010105,images/flickr30k/flickr30k_test_010105.jpg,data/images/flickr30k/flickr30k_test_010105.jpg
flickr30k_retrieval_2000_seed2,235,235,flickr30k_test_014701,images/flickr30k/flickr30k_test_014701.jpg,data/images/flickr30k/flickr30k_test_014701.jpg
flickr30k_retrieval_2000_seed2,236,236,flickr30k_test_018071,images/flickr30k/flickr30k_test_018071.jpg,data/images/flickr30k/flickr30k_test_018071.jpg
flickr30k_retrieval_2000_seed2,237,237,flickr30k_test_025099,images/flickr30k/flickr30k_test_025099.jpg,data/images/flickr30k/flickr30k_test_025099.jpg
flickr30k_retrieval_2000_seed2,238,238,flickr30k_test_019829,images/flickr30k/flickr30k_test_019829.jpg,data/images/flickr30k/flickr30k_test_019829.jpg
flickr30k_retrieval_2000_seed2,239,239,flickr30k_test_024246,images/flickr30k/flickr30k_test_024246.jpg,data/images/flickr30k/flickr30k_test_024246.jpg
flickr30k_retrieval_2000_seed2,240,240,flickr30k_test_001499,images/flickr30k/flickr30k_test_001499.jpg,data/images/flickr30k/flickr30k_test_001499.jpg
flickr30k_retrieval_2000_seed2,241,241,flickr30k_test_029557,images/flickr30k/flickr30k_test_029557.jpg,data/images/flickr30k/flickr30k_test_029557.jpg
flickr30k_retrieval_2000_seed2,242,242,flickr30k_test_008648,images/flickr30k/flickr30k_test_008648.jpg,data/images/flickr30k/flickr30k_test_008648.jpg
flickr30k_retrieval_2000_seed2,243,243,flickr30k_test_024761,images/flickr30k/flickr30k_test_024761.jpg,data/images/flickr30k/flickr30k_test_024761.jpg
flickr30k_retrieval_2000_seed2,244,244,flickr30k_test_013167,images/flickr30k/flickr30k_test_013167.jpg,data/images/flickr30k/flickr30k_test_013167.jpg
flickr30k_retrieval_2000_seed2,245,245,flickr30k_test_028260,images/flickr30k/flickr30k_test_028260.jpg,data/images/flickr30k/flickr30k_test_028260.jpg
flickr30k_retrieval_2000_seed2,246,246,flickr30k_test_020368,images/flickr30k/flickr30k_test_020368.jpg,data/images/flickr30k/flickr30k_test_020368.jpg
flickr30k_retrieval_2000_seed2,247,247,flickr30k_test_023112,images/flickr30k/flickr30k_test_023112.jpg,data/images/flickr30k/flickr30k_test_023112.jpg
flickr30k_retrieval_2000_seed2,248,248,flickr30k_test_005028,images/flickr30k/flickr30k_test_005028.jpg,data/images/flickr30k/flickr30k_test_005028.jpg
flickr30k_retrieval_2000_seed2,249,249,flickr30k_test_015492,images/flickr30k/flickr30k_test_015492.jpg,data/images/flickr30k/flickr30k_test_015492.jpg
flickr30k_retrieval_2000_seed2,250,250,flickr30k_test_007390,images/flickr30k/flickr30k_test_007390.jpg,data/images/flickr30k/flickr30k_test_007390.jpg
flickr30k_retrieval_2000_seed2,251,251,flickr30k_test_003062,images/flickr30k/flickr30k_test_003062.jpg,data/images/flickr30k/flickr30k_test_003062.jpg
flickr30k_retrieval_2000_seed2,252,252,flickr30k_test_021654,images/flickr30k/flickr30k_test_021654.jpg,data/images/flickr30k/flickr30k_test_021654.jpg
flickr30k_retrieval_2000_seed2,253,253,flickr30k_test_022524,images/flickr30k/flickr30k_test_022524.jpg,data/images/flickr30k/flickr30k_test_022524.jpg
flickr30k_retrieval_2000_seed2,254,254,flickr30k_test_010364,images/flickr30k/flickr30k_test_010364.jpg,data/images/flickr30k/flickr30k_test_010364.jpg
flickr30k_retrieval_2000_seed2,255,255,flickr30k_test_027472,images/flickr30k/flickr30k_test_027472.jpg,data/images/flickr30k/flickr30k_test_027472.jpg
flickr30k_retrieval_2000_seed2,256,256,flickr30k_test_003343,images/flickr30k/flickr30k_test_003343.jpg,data/images/flickr30k/flickr30k_test_003343.jpg
flickr30k_retrieval_2000_seed2,257,257,flickr30k_test_000793,images/flickr30k/flickr30k_test_000793.jpg,data/images/flickr30k/flickr30k_test_000793.jpg
flickr30k_retrieval_2000_seed2,258,258,flickr30k_test_014674,images/flickr30k/flickr30k_test_014674.jpg,data/images/flickr30k/flickr30k_test_014674.jpg
flickr30k_retrieval_2000_seed2,259,259,flickr30k_test_025834,images/flickr30k/flickr30k_test_025834.jpg,data/images/flickr30k/flickr30k_test_025834.jpg
flickr30k_retrieval_2000_seed2,260,260,flickr30k_test_028664,images/flickr30k/flickr30k_test_028664.jpg,data/images/flickr30k/flickr30k_test_028664.jpg
flickr30k_retrieval_2000_seed2,261,261,flickr30k_test_004179,images/flickr30k/flickr30k_test_004179.jpg,data/images/flickr30k/flickr30k_test_004179.jpg
flickr30k_retrieval_2000_seed2,262,262,flickr30k_test_016983,images/flickr30k/flickr30k_test_016983.jpg,data/images/flickr30k/flickr30k_test_016983.jpg
flickr30k_retrieval_2000_seed2,263,263,flickr30k_test_019167,images/flickr30k/flickr30k_test_019167.jpg,data/images/flickr30k/flickr30k_test_019167.jpg
flickr30k_retrieval_2000_seed2,264,264,flickr30k_test_025593,images/flickr30k/flickr30k_test_025593.jpg,data/images/flickr30k/flickr30k_test_025593.jpg
flickr30k_retrieval_2000_seed2,265,265,flickr30k_test_012876,images/flickr30k/flickr30k_test_012876.jpg,data/images/flickr30k/flickr30k_test_012876.jpg
flickr30k_retrieval_2000_seed2,266,266,flickr30k_test_015955,images/flickr30k/flickr30k_test_015955.jpg,data/images/flickr30k/flickr30k_test_015955.jpg
flickr30k_retrieval_2000_seed2,267,267,flickr30k_test_016869,images/flickr30k/flickr30k_test_016869.jpg,data/images/flickr30k/flickr30k_test_016869.jpg
flickr30k_retrieval_2000_seed2,268,268,flickr30k_test_010746,images/flickr30k/flickr30k_test_010746.jpg,data/images/flickr30k/flickr30k_test_010746.jpg
flickr30k_retrieval_2000_seed2,269,269,flickr30k_test_004713,images/flickr30k/flickr30k_test_004713.jpg,data/images/flickr30k/flickr30k_test_004713.jpg
flickr30k_retrieval_2000_seed2,270,270,flickr30k_test_028653,images/flickr30k/flickr30k_test_028653.jpg,data/images/flickr30k/flickr30k_test_028653.jpg
flickr30k_retrieval_2000_seed2,271,271,flickr30k_test_011175,images/flickr30k/flickr30k_test_011175.jpg,data/images/flickr30k/flickr30k_test_011175.jpg
flickr30k_retrieval_2000_seed2,272,272,flickr30k_test_008490,images/flickr30k/flickr30k_test_008490.jpg,data/images/flickr30k/flickr30k_test_008490.jpg
flickr30k_retrieval_2000_seed2,273,273,flickr30k_test_008579,images/flickr30k/flickr30k_test_008579.jpg,data/images/flickr30k/flickr30k_test_008579.jpg
flickr30k_retrieval_2000_seed2,274,274,flickr30k_test_019859,images/flickr30k/flickr30k_test_019859.jpg,data/images/flickr30k/flickr30k_test_019859.jpg
flickr30k_retrieval_2000_seed2,275,275,flickr30k_test_013754,images/flickr30k/flickr30k_test_013754.jpg,data/images/flickr30k/flickr30k_test_013754.jpg
flickr30k_retrieval_2000_seed2,276,276,flickr30k_test_021407,images/flickr30k/flickr30k_test_021407.jpg,data/images/flickr30k/flickr30k_test_021407.jpg
flickr30k_retrieval_2000_seed2,277,277,flickr30k_test_000590,images/flickr30k/flickr30k_test_000590.jpg,data/images/flickr30k/flickr30k_test_000590.jpg
flickr30k_retrieval_2000_seed2,278,278,flickr30k_test_022920,images/flickr30k/flickr30k_test_022920.jpg,data/images/flickr30k/flickr30k_test_022920.jpg
flickr30k_retrieval_2000_seed2,279,279,flickr30k_test_018282,images/flickr30k/flickr30k_test_018282.jpg,data/images/flickr30k/flickr30k_test_018282.jpg
flickr30k_retrieval_2000_seed2,280,280,flickr30k_test_004606,images/flickr30k/flickr30k_test_004606.jpg,data/images/flickr30k/flickr30k_test_004606.jpg
flickr30k_retrieval_2000_seed2,281,281,flickr30k_test_021972,images/flickr30k/flickr30k_test_021972.jpg,data/images/flickr30k/flickr30k_test_021972.jpg
flickr30k_retrieval_2000_seed2,282,282,flickr30k_test_001860,images/flickr30k/flickr30k_test_001860.jpg,data/images/flickr30k/flickr30k_test_001860.jpg
flickr30k_retrieval_2000_seed2,283,283,flickr30k_test_008289,images/flickr30k/flickr30k_test_008289.jpg,data/images/flickr30k/flickr30k_test_008289.jpg
flickr30k_retrieval_2000_seed2,284,284,flickr30k_test_001099,images/flickr30k/flickr30k_test_001099.jpg,data/images/flickr30k/flickr30k_test_001099.jpg
flickr30k_retrieval_2000_seed2,285,285,flickr30k_test_004315,images/flickr30k/flickr30k_test_004315.jpg,data/images/flickr30k/flickr30k_test_004315.jpg
flickr30k_retrieval_2000_seed2,286,286,flickr30k_test_005593,images/flickr30k/flickr30k_test_005593.jpg,data/images/flickr30k/flickr30k_test_005593.jpg
flickr30k_retrieval_2000_seed2,287,287,flickr30k_test_003141,images/flickr30k/flickr30k_test_003141.jpg,data/images/flickr30k/flickr30k_test_003141.jpg
flickr30k_retrieval_2000_seed2,288,288,flickr30k_test_014856,images/flickr30k/flickr30k_test_014856.jpg,data/images/flickr30k/flickr30k_test_014856.jpg
flickr30k_retrieval_2000_seed2,289,289,flickr30k_test_020810,images/flickr30k/flickr30k_test_020810.jpg,data/images/flickr30k/flickr30k_test_020810.jpg
flickr30k_retrieval_2000_seed2,290,290,flickr30k_test_007590,images/flickr30k/flickr30k_test_007590.jpg,data/images/flickr30k/flickr30k_test_007590.jpg
flickr30k_retrieval_2000_seed2,291,291,flickr30k_test_016654,images/flickr30k/flickr30k_test_016654.jpg,data/images/flickr30k/flickr30k_test_016654.jpg
flickr30k_retrieval_2000_seed2,292,292,flickr30k_test_030028,images/flickr30k/flickr30k_test_030028.jpg,data/images/flickr30k/flickr30k_test_030028.jpg
flickr30k_retrieval_2000_seed2,293,293,flickr30k_test_023202,images/flickr30k/flickr30k_test_023202.jpg,data/images/flickr30k/flickr30k_test_023202.jpg
flickr30k_retrieval_2000_seed2,294,294,flickr30k_test_030609,images/flickr30k/flickr30k_test_030609.jpg,data/images/flickr30k/flickr30k_test_030609.jpg
flickr30k_retrieval_2000_seed2,295,295,flickr30k_test_001028,images/flickr30k/flickr30k_test_001028.jpg,data/images/flickr30k/flickr30k_test_001028.jpg
flickr30k_retrieval_2000_seed2,296,296,flickr30k_test_008085,images/flickr30k/flickr30k_test_008085.jpg,data/images/flickr30k/flickr30k_test_008085.jpg
flickr30k_retrieval_2000_seed2,297,297,flickr30k_test_007617,images/flickr30k/flickr30k_test_007617.jpg,data/images/flickr30k/flickr30k_test_007617.jpg
flickr30k_retrieval_2000_seed2,298,298,flickr30k_test_023392,images/flickr30k/flickr30k_test_023392.jpg,data/images/flickr30k/flickr30k_test_023392.jpg
flickr30k_retrieval_2000_seed2,299,299,flickr30k_test_014571,images/flickr30k/flickr30k_test_014571.jpg,data/images/flickr30k/flickr30k_test_014571.jpg
flickr30k_retrieval_2000_seed2,300,300,flickr30k_test_002410,images/flickr30k/flickr30k_test_002410.jpg,data/images/flickr30k/flickr30k_test_002410.jpg
flickr30k_retrieval_2000_seed2,301,301,flickr30k_test_008217,images/flickr30k/flickr30k_test_008217.jpg,data/images/flickr30k/flickr30k_test_008217.jpg
flickr30k_retrieval_2000_seed2,302,302,flickr30k_test_002635,images/flickr30k/flickr30k_test_002635.jpg,data/images/flickr30k/flickr30k_test_002635.jpg
flickr30k_retrieval_2000_seed2,303,303,flickr30k_test_019373,images/flickr30k/flickr30k_test_019373.jpg,data/images/flickr30k/flickr30k_test_019373.jpg
flickr30k_retrieval_2000_seed2,304,304,flickr30k_test_007477,images/flickr30k/flickr30k_test_007477.jpg,data/images/flickr30k/flickr30k_test_007477.jpg
flickr30k_retrieval_2000_seed2,305,305,flickr30k_test_020452,images/flickr30k/flickr30k_test_020452.jpg,data/images/flickr30k/flickr30k_test_020452.jpg
flickr30k_retrieval_2000_seed2,306,306,flickr30k_test_025938,images/flickr30k/flickr30k_test_025938.jpg,data/images/flickr30k/flickr30k_test_025938.jpg
flickr30k_retrieval_2000_seed2,307,307,flickr30k_test_026221,images/flickr30k/flickr30k_test_026221.jpg,data/images/flickr30k/flickr30k_test_026221.jpg
flickr30k_retrieval_2000_seed2,308,308,flickr30k_test_020444,images/flickr30k/flickr30k_test_020444.jpg,data/images/flickr30k/flickr30k_test_020444.jpg
flickr30k_retrieval_2000_seed2,309,309,flickr30k_test_023248,images/flickr30k/flickr30k_test_023248.jpg,data/images/flickr30k/flickr30k_test_023248.jpg
flickr30k_retrieval_2000_seed2,310,310,flickr30k_test_011790,images/flickr30k/flickr30k_test_011790.jpg,data/images/flickr30k/flickr30k_test_011790.jpg
flickr30k_retrieval_2000_seed2,311,311,flickr30k_test_008408,images/flickr30k/flickr30k_test_008408.jpg,data/images/flickr30k/flickr30k_test_008408.jpg
flickr30k_retrieval_2000_seed2,312,312,flickr30k_test_022431,images/flickr30k/flickr30k_test_022431.jpg,data/images/flickr30k/flickr30k_test_022431.jpg
flickr30k_retrieval_2000_seed2,313,313,flickr30k_test_013861,images/flickr30k/flickr30k_test_013861.jpg,data/images/flickr30k/flickr30k_test_013861.jpg
flickr30k_retrieval_2000_seed2,314,314,flickr30k_test_009133,images/flickr30k/flickr30k_test_009133.jpg,data/images/flickr30k/flickr30k_test_009133.jpg
flickr30k_retrieval_2000_seed2,315,315,flickr30k_test_017242,images/flickr30k/flickr30k_test_017242.jpg,data/images/flickr30k/flickr30k_test_017242.jpg
flickr30k_retrieval_2000_seed2,316,316,flickr30k_test_024598,images/flickr30k/flickr30k_test_024598.jpg,data/images/flickr30k/flickr30k_test_024598.jpg
flickr30k_retrieval_2000_seed2,317,317,flickr30k_test_000158,images/flickr30k/flickr30k_test_000158.jpg,data/images/flickr30k/flickr30k_test_000158.jpg
flickr30k_retrieval_2000_seed2,318,318,flickr30k_test_004951,images/flickr30k/flickr30k_test_004951.jpg,data/images/flickr30k/flickr30k_test_004951.jpg
flickr30k_retrieval_2000_seed2,319,319,flickr30k_test_001163,images/flickr30k/flickr30k_test_001163.jpg,data/images/flickr30k/flickr30k_test_001163.jpg
flickr30k_retrieval_2000_seed2,320,320,flickr30k_test_012607,images/flickr30k/flickr30k_test_012607.jpg,data/images/flickr30k/flickr30k_test_012607.jpg
flickr30k_retrieval_2000_seed2,321,321,flickr30k_test_013393,images/flickr30k/flickr30k_test_013393.jpg,data/images/flickr30k/flickr30k_test_013393.jpg
flickr30k_retrieval_2000_seed2,322,322,flickr30k_test_005250,images/flickr30k/flickr30k_test_005250.jpg,data/images/flickr30k/flickr30k_test_005250.jpg
flickr30k_retrieval_2000_seed2,323,323,flickr30k_test_003642,images/flickr30k/flickr30k_test_003642.jpg,data/images/flickr30k/flickr30k_test_003642.jpg
flickr30k_retrieval_2000_seed2,324,324,flickr30k_test_016779,images/flickr30k/flickr30k_test_016779.jpg,data/images/flickr30k/flickr30k_test_016779.jpg
flickr30k_retrieval_2000_seed2,325,325,flickr30k_test_002877,images/flickr30k/flickr30k_test_002877.jpg,data/images/flickr30k/flickr30k_test_002877.jpg
flickr30k_retrieval_2000_seed2,326,326,flickr30k_test_007892,images/flickr30k/flickr30k_test_007892.jpg,data/images/flickr30k/flickr30k_test_007892.jpg
flickr30k_retrieval_2000_seed2,327,327,flickr30k_test_003339,images/flickr30k/flickr30k_test_003339.jpg,data/images/flickr30k/flickr30k_test_003339.jpg
flickr30k_retrieval_2000_seed2,328,328,flickr30k_test_003269,images/flickr30k/flickr30k_test_003269.jpg,data/images/flickr30k/flickr30k_test_003269.jpg
flickr30k_retrieval_2000_seed2,329,329,flickr30k_test_000648,images/flickr30k/flickr30k_test_000648.jpg,data/images/flickr30k/flickr30k_test_000648.jpg
flickr30k_retrieval_2000_seed2,330,330,flickr30k_test_005955,images/flickr30k/flickr30k_test_005955.jpg,data/images/flickr30k/flickr30k_test_005955.jpg
flickr30k_retrieval_2000_seed2,331,331,flickr30k_test_024595,images/flickr30k/flickr30k_test_024595.jpg,data/images/flickr30k/flickr30k_test_024595.jpg
flickr30k_retrieval_2000_seed2,332,332,flickr30k_test_007586,images/flickr30k/flickr30k_test_007586.jpg,data/images/flickr30k/flickr30k_test_007586.jpg
flickr30k_retrieval_2000_seed2,333,333,flickr30k_test_003447,images/flickr30k/flickr30k_test_003447.jpg,data/images/flickr30k/flickr30k_test_003447.jpg
flickr30k_retrieval_2000_seed2,334,334,flickr30k_test_007122,images/flickr30k/flickr30k_test_007122.jpg,data/images/flickr30k/flickr30k_test_007122.jpg
flickr30k_retrieval_2000_seed2,335,335,flickr30k_test_000800,images/flickr30k/flickr30k_test_000800.jpg,data/images/flickr30k/flickr30k_test_000800.jpg
flickr30k_retrieval_2000_seed2,336,336,flickr30k_test_017063,images/flickr30k/flickr30k_test_017063.jpg,data/images/flickr30k/flickr30k_test_017063.jpg
flickr30k_retrieval_2000_seed2,337,337,flickr30k_test_021937,images/flickr30k/flickr30k_test_021937.jpg,data/images/flickr30k/flickr30k_test_021937.jpg
flickr30k_retrieval_2000_seed2,338,338,flickr30k_test_015217,images/flickr30k/flickr30k_test_015217.jpg,data/images/flickr30k/flickr30k_test_015217.jpg
flickr30k_retrieval_2000_seed2,339,339,flickr30k_test_014872,images/flickr30k/flickr30k_test_014872.jpg,data/images/flickr30k/flickr30k_test_014872.jpg
flickr30k_retrieval_2000_seed2,340,340,flickr30k_test_010149,images/flickr30k/flickr30k_test_010149.jpg,data/images/flickr30k/flickr30k_test_010149.jpg
flickr30k_retrieval_2000_seed2,341,341,flickr30k_test_017548,images/flickr30k/flickr30k_test_017548.jpg,data/images/flickr30k/flickr30k_test_017548.jpg
flickr30k_retrieval_2000_seed2,342,342,flickr30k_test_021029,images/flickr30k/flickr30k_test_021029.jpg,data/images/flickr30k/flickr30k_test_021029.jpg
flickr30k_retrieval_2000_seed2,343,343,flickr30k_test_012451,images/flickr30k/flickr30k_test_012451.jpg,data/images/flickr30k/flickr30k_test_012451.jpg
flickr30k_retrieval_2000_seed2,344,344,flickr30k_test_006961,images/flickr30k/flickr30k_test_006961.jpg,data/images/flickr30k/flickr30k_test_006961.jpg
flickr30k_retrieval_2000_seed2,345,345,flickr30k_test_022435,images/flickr30k/flickr30k_test_022435.jpg,data/images/flickr30k/flickr30k_test_022435.jpg
flickr30k_retrieval_2000_seed2,346,346,flickr30k_test_029706,images/flickr30k/flickr30k_test_029706.jpg,data/images/flickr30k/flickr30k_test_029706.jpg
flickr30k_retrieval_2000_seed2,347,347,flickr30k_test_024920,images/flickr30k/flickr30k_test_024920.jpg,data/images/flickr30k/flickr30k_test_024920.jpg
flickr30k_retrieval_2000_seed2,348,348,flickr30k_test_006885,images/flickr30k/flickr30k_test_006885.jpg,data/images/flickr30k/flickr30k_test_006885.jpg
flickr30k_retrieval_2000_seed2,349,349,flickr30k_test_023885,images/flickr30k/flickr30k_test_023885.jpg,data/images/flickr30k/flickr30k_test_023885.jpg
flickr30k_retrieval_2000_seed2,350,350,flickr30k_test_026413,images/flickr30k/flickr30k_test_026413.jpg,data/images/flickr30k/flickr30k_test_026413.jpg
flickr30k_retrieval_2000_seed2,351,351,flickr30k_test_014212,images/flickr30k/flickr30k_test_014212.jpg,data/images/flickr30k/flickr30k_test_014212.jpg
flickr30k_retrieval_2000_seed2,352,352,flickr30k_test_013946,images/flickr30k/flickr30k_test_013946.jpg,data/images/flickr30k/flickr30k_test_013946.jpg
flickr30k_retrieval_2000_seed2,353,353,flickr30k_test_016760,images/flickr30k/flickr30k_test_016760.jpg,data/images/flickr30k/flickr30k_test_016760.jpg
flickr30k_retrieval_2000_seed2,354,354,flickr30k_test_000698,images/flickr30k/flickr30k_test_000698.jpg,data/images/flickr30k/flickr30k_test_000698.jpg
flickr30k_retrieval_2000_seed2,355,355,flickr30k_test_019040,images/flickr30k/flickr30k_test_019040.jpg,data/images/flickr30k/flickr30k_test_019040.jpg
flickr30k_retrieval_2000_seed2,356,356,flickr30k_test_019377,images/flickr30k/flickr30k_test_019377.jpg,data/images/flickr30k/flickr30k_test_019377.jpg
flickr30k_retrieval_2000_seed2,357,357,flickr30k_test_001678,images/flickr30k/flickr30k_test_001678.jpg,data/images/flickr30k/flickr30k_test_001678.jpg
flickr30k_retrieval_2000_seed2,358,358,flickr30k_test_028882,images/flickr30k/flickr30k_test_028882.jpg,data/images/flickr30k/flickr30k_test_028882.jpg
flickr30k_retrieval_2000_seed2,359,359,flickr30k_test_013697,images/flickr30k/flickr30k_test_013697.jpg,data/images/flickr30k/flickr30k_test_013697.jpg
flickr30k_retrieval_2000_seed2,360,360,flickr30k_test_030437,images/flickr30k/flickr30k_test_030437.jpg,data/images/flickr30k/flickr30k_test_030437.jpg
flickr30k_retrieval_2000_seed2,361,361,flickr30k_test_017205,images/flickr30k/flickr30k_test_017205.jpg,data/images/flickr30k/flickr30k_test_017205.jpg
flickr30k_retrieval_2000_seed2,362,362,flickr30k_test_019049,images/flickr30k/flickr30k_test_019049.jpg,data/images/flickr30k/flickr30k_test_019049.jpg
flickr30k_retrieval_2000_seed2,363,363,flickr30k_test_005938,images/flickr30k/flickr30k_test_005938.jpg,data/images/flickr30k/flickr30k_test_005938.jpg
flickr30k_retrieval_2000_seed2,364,364,flickr30k_test_030166,images/flickr30k/flickr30k_test_030166.jpg,data/images/flickr30k/flickr30k_test_030166.jpg
flickr30k_retrieval_2000_seed2,365,365,flickr30k_test_003073,images/flickr30k/flickr30k_test_003073.jpg,data/images/flickr30k/flickr30k_test_003073.jpg
flickr30k_retrieval_2000_seed2,366,366,flickr30k_test_021734,images/flickr30k/flickr30k_test_021734.jpg,data/images/flickr30k/flickr30k_test_021734.jpg
flickr30k_retrieval_2000_seed2,367,367,flickr30k_test_026301,images/flickr30k/flickr30k_test_026301.jpg,data/images/flickr30k/flickr30k_test_026301.jpg
flickr30k_retrieval_2000_seed2,368,368,flickr30k_test_015722,images/flickr30k/flickr30k_test_015722.jpg,data/images/flickr30k/flickr30k_test_015722.jpg
flickr30k_retrieval_2000_seed2,369,369,flickr30k_test_011999,images/flickr30k/flickr30k_test_011999.jpg,data/images/flickr30k/flickr30k_test_011999.jpg
flickr30k_retrieval_2000_seed2,370,370,flickr30k_test_000638,images/flickr30k/flickr30k_test_000638.jpg,data/images/flickr30k/flickr30k_test_000638.jpg
flickr30k_retrieval_2000_seed2,371,371,flickr30k_test_017013,images/flickr30k/flickr30k_test_017013.jpg,data/images/flickr30k/flickr30k_test_017013.jpg
flickr30k_retrieval_2000_seed2,372,372,flickr30k_test_030194,images/flickr30k/flickr30k_test_030194.jpg,data/images/flickr30k/flickr30k_test_030194.jpg
flickr30k_retrieval_2000_seed2,373,373,flickr30k_test_003885,images/flickr30k/flickr30k_test_003885.jpg,data/images/flickr30k/flickr30k_test_003885.jpg
flickr30k_retrieval_2000_seed2,374,374,flickr30k_test_020005,images/flickr30k/flickr30k_test_020005.jpg,data/images/flickr30k/flickr30k_test_020005.jpg
flickr30k_retrieval_2000_seed2,375,375,flickr30k_test_012008,images/flickr30k/flickr30k_test_012008.jpg,data/images/flickr30k/flickr30k_test_012008.jpg
flickr30k_retrieval_2000_seed2,376,376,flickr30k_test_009488,images/flickr30k/flickr30k_test_009488.jpg,data/images/flickr30k/flickr30k_test_009488.jpg
flickr30k_retrieval_2000_seed2,377,377,flickr30k_test_022622,images/flickr30k/flickr30k_test_022622.jpg,data/images/flickr30k/flickr30k_test_022622.jpg
flickr30k_retrieval_2000_seed2,378,378,flickr30k_test_030554,images/flickr30k/flickr30k_test_030554.jpg,data/images/flickr30k/flickr30k_test_030554.jpg
flickr30k_retrieval_2000_seed2,379,379,flickr30k_test_012197,images/flickr30k/flickr30k_test_012197.jpg,data/images/flickr30k/flickr30k_test_012197.jpg
flickr30k_retrieval_2000_seed2,380,380,flickr30k_test_010101,images/flickr30k/flickr30k_test_010101.jpg,data/images/flickr30k/flickr30k_test_010101.jpg
flickr30k_retrieval_2000_seed2,381,381,flickr30k_test_000624,images/flickr30k/flickr30k_test_000624.jpg,data/images/flickr30k/flickr30k_test_000624.jpg
flickr30k_retrieval_2000_seed2,382,382,flickr30k_test_028650,images/flickr30k/flickr30k_test_028650.jpg,data/images/flickr30k/flickr30k_test_028650.jpg
flickr30k_retrieval_2000_seed2,383,383,flickr30k_test_022456,images/flickr30k/flickr30k_test_022456.jpg,data/images/flickr30k/flickr30k_test_022456.jpg
flickr30k_retrieval_2000_seed2,384,384,flickr30k_test_013508,images/flickr30k/flickr30k_test_013508.jpg,data/images/flickr30k/flickr30k_test_013508.jpg
flickr30k_retrieval_2000_seed2,385,385,flickr30k_test_003314,images/flickr30k/flickr30k_test_003314.jpg,data/images/flickr30k/flickr30k_test_003314.jpg
flickr30k_retrieval_2000_seed2,386,386,flickr30k_test_003441,images/flickr30k/flickr30k_test_003441.jpg,data/images/flickr30k/flickr30k_test_003441.jpg
flickr30k_retrieval_2000_seed2,387,387,flickr30k_test_010024,images/flickr30k/flickr30k_test_010024.jpg,data/images/flickr30k/flickr30k_test_010024.jpg
flickr30k_retrieval_2000_seed2,388,388,flickr30k_test_006500,images/flickr30k/flickr30k_test_006500.jpg,data/images/flickr30k/flickr30k_test_006500.jpg
flickr30k_retrieval_2000_seed2,389,389,flickr30k_test_027545,images/flickr30k/flickr30k_test_027545.jpg,data/images/flickr30k/flickr30k_test_027545.jpg
flickr30k_retrieval_2000_seed2,390,390,flickr30k_test_025406,images/flickr30k/flickr30k_test_025406.jpg,data/images/flickr30k/flickr30k_test_025406.jpg
flickr30k_retrieval_2000_seed2,391,391,flickr30k_test_022038,images/flickr30k/flickr30k_test_022038.jpg,data/images/flickr30k/flickr30k_test_022038.jpg
flickr30k_retrieval_2000_seed2,392,392,flickr30k_test_027046,images/flickr30k/flickr30k_test_027046.jpg,data/images/flickr30k/flickr30k_test_027046.jpg
flickr30k_retrieval_2000_seed2,393,393,flickr30k_test_000515,images/flickr30k/flickr30k_test_000515.jpg,data/images/flickr30k/flickr30k_test_000515.jpg
flickr30k_retrieval_2000_seed2,394,394,flickr30k_test_026609,images/flickr30k/flickr30k_test_026609.jpg,data/images/flickr30k/flickr30k_test_026609.jpg
flickr30k_retrieval_2000_seed2,395,395,flickr30k_test_014792,images/flickr30k/flickr30k_test_014792.jpg,data/images/flickr30k/flickr30k_test_014792.jpg
flickr30k_retrieval_2000_seed2,396,396,flickr30k_test_001965,images/flickr30k/flickr30k_test_001965.jpg,data/images/flickr30k/flickr30k_test_001965.jpg
flickr30k_retrieval_2000_seed2,397,397,flickr30k_test_013456,images/flickr30k/flickr30k_test_013456.jpg,data/images/flickr30k/flickr30k_test_013456.jpg
flickr30k_retrieval_2000_seed2,398,398,flickr30k_test_020882,images/flickr30k/flickr30k_test_020882.jpg,data/images/flickr30k/flickr30k_test_020882.jpg
flickr30k_retrieval_2000_seed2,399,399,flickr30k_test_015920,images/flickr30k/flickr30k_test_015920.jpg,data/images/flickr30k/flickr30k_test_015920.jpg
flickr30k_retrieval_2000_seed2,400,400,flickr30k_test_015182,images/flickr30k/flickr30k_test_015182.jpg,data/images/flickr30k/flickr30k_test_015182.jpg
flickr30k_retrieval_2000_seed2,401,401,flickr30k_test_006823,images/flickr30k/flickr30k_test_006823.jpg,data/images/flickr30k/flickr30k_test_006823.jpg
flickr30k_retrieval_2000_seed2,402,402,flickr30k_test_029148,images/flickr30k/flickr30k_test_029148.jpg,data/images/flickr30k/flickr30k_test_029148.jpg
flickr30k_retrieval_2000_seed2,403,403,flickr30k_test_019291,images/flickr30k/flickr30k_test_019291.jpg,data/images/flickr30k/flickr30k_test_019291.jpg
flickr30k_retrieval_2000_seed2,404,404,flickr30k_test_020105,images/flickr30k/flickr30k_test_020105.jpg,data/images/flickr30k/flickr30k_test_020105.jpg
flickr30k_retrieval_2000_seed2,405,405,flickr30k_test_002417,images/flickr30k/flickr30k_test_002417.jpg,data/images/flickr30k/flickr30k_test_002417.jpg
flickr30k_retrieval_2000_seed2,406,406,flickr30k_test_000174,images/flickr30k/flickr30k_test_000174.jpg,data/images/flickr30k/flickr30k_test_000174.jpg
flickr30k_retrieval_2000_seed2,407,407,flickr30k_test_009317,images/flickr30k/flickr30k_test_009317.jpg,data/images/flickr30k/flickr30k_test_009317.jpg
flickr30k_retrieval_2000_seed2,408,408,flickr30k_test_000791,images/flickr30k/flickr30k_test_000791.jpg,data/images/flickr30k/flickr30k_test_000791.jpg
flickr30k_retrieval_2000_seed2,409,409,flickr30k_test_012219,images/flickr30k/flickr30k_test_012219.jpg,data/images/flickr30k/flickr30k_test_012219.jpg
flickr30k_retrieval_2000_seed2,410,410,flickr30k_test_010021,images/flickr30k/flickr30k_test_010021.jpg,data/images/flickr30k/flickr30k_test_010021.jpg
flickr30k_retrieval_2000_seed2,411,411,flickr30k_test_030646,images/flickr30k/flickr30k_test_030646.jpg,data/images/flickr30k/flickr30k_test_030646.jpg
flickr30k_retrieval_2000_seed2,412,412,flickr30k_test_023709,images/flickr30k/flickr30k_test_023709.jpg,data/images/flickr30k/flickr30k_test_023709.jpg
flickr30k_retrieval_2000_seed2,413,413,flickr30k_test_002508,images/flickr30k/flickr30k_test_002508.jpg,data/images/flickr30k/flickr30k_test_002508.jpg
flickr30k_retrieval_2000_seed2,414,414,flickr30k_test_007181,images/flickr30k/flickr30k_test_007181.jpg,data/images/flickr30k/flickr30k_test_007181.jpg
flickr30k_retrieval_2000_seed2,415,415,flickr30k_test_024739,images/flickr30k/flickr30k_test_024739.jpg,data/images/flickr30k/flickr30k_test_024739.jpg
flickr30k_retrieval_2000_seed2,416,416,flickr30k_test_016070,images/flickr30k/flickr30k_test_016070.jpg,data/images/flickr30k/flickr30k_test_016070.jpg
flickr30k_retrieval_2000_seed2,417,417,flickr30k_test_006303,images/flickr30k/flickr30k_test_006303.jpg,data/images/flickr30k/flickr30k_test_006303.jpg
flickr30k_retrieval_2000_seed2,418,418,flickr30k_test_003793,images/flickr30k/flickr30k_test_003793.jpg,data/images/flickr30k/flickr30k_test_003793.jpg
flickr30k_retrieval_2000_seed2,419,419,flickr30k_test_018728,images/flickr30k/flickr30k_test_018728.jpg,data/images/flickr30k/flickr30k_test_018728.jpg
flickr30k_retrieval_2000_seed2,420,420,flickr30k_test_012235,images/flickr30k/flickr30k_test_012235.jpg,data/images/flickr30k/flickr30k_test_012235.jpg
flickr30k_retrieval_2000_seed2,421,421,flickr30k_test_012837,images/flickr30k/flickr30k_test_012837.jpg,data/images/flickr30k/flickr30k_test_012837.jpg
flickr30k_retrieval_2000_seed2,422,422,flickr30k_test_023459,images/flickr30k/flickr30k_test_023459.jpg,data/images/flickr30k/flickr30k_test_023459.jpg
flickr30k_retrieval_2000_seed2,423,423,flickr30k_test_015178,images/flickr30k/flickr30k_test_015178.jpg,data/images/flickr30k/flickr30k_test_015178.jpg
flickr30k_retrieval_2000_seed2,424,424,flickr30k_test_004576,images/flickr30k/flickr30k_test_004576.jpg,data/images/flickr30k/flickr30k_test_004576.jpg
flickr30k_retrieval_2000_seed2,425,425,flickr30k_test_024693,images/flickr30k/flickr30k_test_024693.jpg,data/images/flickr30k/flickr30k_test_024693.jpg
flickr30k_retrieval_2000_seed2,426,426,flickr30k_test_011302,images/flickr30k/flickr30k_test_011302.jpg,data/images/flickr30k/flickr30k_test_011302.jpg
flickr30k_retrieval_2000_seed2,427,427,flickr30k_test_012944,images/flickr30k/flickr30k_test_012944.jpg,data/images/flickr30k/flickr30k_test_012944.jpg
flickr30k_retrieval_2000_seed2,428,428,flickr30k_test_029087,images/flickr30k/flickr30k_test_029087.jpg,data/images/flickr30k/flickr30k_test_029087.jpg
flickr30k_retrieval_2000_seed2,429,429,flickr30k_test_003988,images/flickr30k/flickr30k_test_003988.jpg,data/images/flickr30k/flickr30k_test_003988.jpg
flickr30k_retrieval_2000_seed2,430,430,flickr30k_test_008328,images/flickr30k/flickr30k_test_008328.jpg,data/images/flickr30k/flickr30k_test_008328.jpg
flickr30k_retrieval_2000_seed2,431,431,flickr30k_test_003990,images/flickr30k/flickr30k_test_003990.jpg,data/images/flickr30k/flickr30k_test_003990.jpg
flickr30k_retrieval_2000_seed2,432,432,flickr30k_test_004029,images/flickr30k/flickr30k_test_004029.jpg,data/images/flickr30k/flickr30k_test_004029.jpg
flickr30k_retrieval_2000_seed2,433,433,flickr30k_test_002638,images/flickr30k/flickr30k_test_002638.jpg,data/images/flickr30k/flickr30k_test_002638.jpg
flickr30k_retrieval_2000_seed2,434,434,flickr30k_test_020202,images/flickr30k/flickr30k_test_020202.jpg,data/images/flickr30k/flickr30k_test_020202.jpg
flickr30k_retrieval_2000_seed2,435,435,flickr30k_test_027855,images/flickr30k/flickr30k_test_027855.jpg,data/images/flickr30k/flickr30k_test_027855.jpg
flickr30k_retrieval_2000_seed2,436,436,flickr30k_test_010960,images/flickr30k/flickr30k_test_010960.jpg,data/images/flickr30k/flickr30k_test_010960.jpg
flickr30k_retrieval_2000_seed2,437,437,flickr30k_test_021004,images/flickr30k/flickr30k_test_021004.jpg,data/images/flickr30k/flickr30k_test_021004.jpg
flickr30k_retrieval_2000_seed2,438,438,flickr30k_test_012815,images/flickr30k/flickr30k_test_012815.jpg,data/images/flickr30k/flickr30k_test_012815.jpg
flickr30k_retrieval_2000_seed2,439,439,flickr30k_test_006947,images/flickr30k/flickr30k_test_006947.jpg,data/images/flickr30k/flickr30k_test_006947.jpg
flickr30k_retrieval_2000_seed2,440,440,flickr30k_test_022696,images/flickr30k/flickr30k_test_022696.jpg,data/images/flickr30k/flickr30k_test_022696.jpg
flickr30k_retrieval_2000_seed2,441,441,flickr30k_test_003453,images/flickr30k/flickr30k_test_003453.jpg,data/images/flickr30k/flickr30k_test_003453.jpg
flickr30k_retrieval_2000_seed2,442,442,flickr30k_test_000808,images/flickr30k/flickr30k_test_000808.jpg,data/images/flickr30k/flickr30k_test_000808.jpg
flickr30k_retrieval_2000_seed2,443,443,flickr30k_test_020256,images/flickr30k/flickr30k_test_020256.jpg,data/images/flickr30k/flickr30k_test_020256.jpg
flickr30k_retrieval_2000_seed2,444,444,flickr30k_test_021599,images/flickr30k/flickr30k_test_021599.jpg,data/images/flickr30k/flickr30k_test_021599.jpg
flickr30k_retrieval_2000_seed2,445,445,flickr30k_test_015413,images/flickr30k/flickr30k_test_015413.jpg,data/images/flickr30k/flickr30k_test_015413.jpg
flickr30k_retrieval_2000_seed2,446,446,flickr30k_test_025467,images/flickr30k/flickr30k_test_025467.jpg,data/images/flickr30k/flickr30k_test_025467.jpg
flickr30k_retrieval_2000_seed2,447,447,flickr30k_test_023708,images/flickr30k/flickr30k_test_023708.jpg,data/images/flickr30k/flickr30k_test_023708.jpg
flickr30k_retrieval_2000_seed2,448,448,flickr30k_test_023127,images/flickr30k/flickr30k_test_023127.jpg,data/images/flickr30k/flickr30k_test_023127.jpg
flickr30k_retrieval_2000_seed2,449,449,flickr30k_test_016316,images/flickr30k/flickr30k_test_016316.jpg,data/images/flickr30k/flickr30k_test_016316.jpg
flickr30k_retrieval_2000_seed2,450,450,flickr30k_test_009527,images/flickr30k/flickr30k_test_009527.jpg,data/images/flickr30k/flickr30k_test_009527.jpg
flickr30k_retrieval_2000_seed2,451,451,flickr30k_test_011717,images/flickr30k/flickr30k_test_011717.jpg,data/images/flickr30k/flickr30k_test_011717.jpg
flickr30k_retrieval_2000_seed2,452,452,flickr30k_test_014976,images/flickr30k/flickr30k_test_014976.jpg,data/images/flickr30k/flickr30k_test_014976.jpg
flickr30k_retrieval_2000_seed2,453,453,flickr30k_test_004635,images/flickr30k/flickr30k_test_004635.jpg,data/images/flickr30k/flickr30k_test_004635.jpg
flickr30k_retrieval_2000_seed2,454,454,flickr30k_test_026172,images/flickr30k/flickr30k_test_026172.jpg,data/images/flickr30k/flickr30k_test_026172.jpg
flickr30k_retrieval_2000_seed2,455,455,flickr30k_test_012285,images/flickr30k/flickr30k_test_012285.jpg,data/images/flickr30k/flickr30k_test_012285.jpg
flickr30k_retrieval_2000_seed2,456,456,flickr30k_test_008812,images/flickr30k/flickr30k_test_008812.jpg,data/images/flickr30k/flickr30k_test_008812.jpg
flickr30k_retrieval_2000_seed2,457,457,flickr30k_test_015866,images/flickr30k/flickr30k_test_015866.jpg,data/images/flickr30k/flickr30k_test_015866.jpg
flickr30k_retrieval_2000_seed2,458,458,flickr30k_test_017245,images/flickr30k/flickr30k_test_017245.jpg,data/images/flickr30k/flickr30k_test_017245.jpg
flickr30k_retrieval_2000_seed2,459,459,flickr30k_test_028370,images/flickr30k/flickr30k_test_028370.jpg,data/images/flickr30k/flickr30k_test_028370.jpg
flickr30k_retrieval_2000_seed2,460,460,flickr30k_test_015648,images/flickr30k/flickr30k_test_015648.jpg,data/images/flickr30k/flickr30k_test_015648.jpg
flickr30k_retrieval_2000_seed2,461,461,flickr30k_test_023578,images/flickr30k/flickr30k_test_023578.jpg,data/images/flickr30k/flickr30k_test_023578.jpg
flickr30k_retrieval_2000_seed2,462,462,flickr30k_test_023852,images/flickr30k/flickr30k_test_023852.jpg,data/images/flickr30k/flickr30k_test_023852.jpg
flickr30k_retrieval_2000_seed2,463,463,flickr30k_test_026356,images/flickr30k/flickr30k_test_026356.jpg,data/images/flickr30k/flickr30k_test_026356.jpg
flickr30k_retrieval_2000_seed2,464,464,flickr30k_test_013728,images/flickr30k/flickr30k_test_013728.jpg,data/images/flickr30k/flickr30k_test_013728.jpg
flickr30k_retrieval_2000_seed2,465,465,flickr30k_test_030541,images/flickr30k/flickr30k_test_030541.jpg,data/images/flickr30k/flickr30k_test_030541.jpg
flickr30k_retrieval_2000_seed2,466,466,flickr30k_test_016125,images/flickr30k/flickr30k_test_016125.jpg,data/images/flickr30k/flickr30k_test_016125.jpg
flickr30k_retrieval_2000_seed2,467,467,flickr30k_test_027394,images/flickr30k/flickr30k_test_027394.jpg,data/images/flickr30k/flickr30k_test_027394.jpg
flickr30k_retrieval_2000_seed2,468,468,flickr30k_test_022289,images/flickr30k/flickr30k_test_022289.jpg,data/images/flickr30k/flickr30k_test_022289.jpg
flickr30k_retrieval_2000_seed2,469,469,flickr30k_test_009724,images/flickr30k/flickr30k_test_009724.jpg,data/images/flickr30k/flickr30k_test_009724.jpg
flickr30k_retrieval_2000_seed2,470,470,flickr30k_test_012932,images/flickr30k/flickr30k_test_012932.jpg,data/images/flickr30k/flickr30k_test_012932.jpg
flickr30k_retrieval_2000_seed2,471,471,flickr30k_test_007589,images/flickr30k/flickr30k_test_007589.jpg,data/images/flickr30k/flickr30k_test_007589.jpg
flickr30k_retrieval_2000_seed2,472,472,flickr30k_test_005124,images/flickr30k/flickr30k_test_005124.jpg,data/images/flickr30k/flickr30k_test_005124.jpg
flickr30k_retrieval_2000_seed2,473,473,flickr30k_test_016016,images/flickr30k/flickr30k_test_016016.jpg,data/images/flickr30k/flickr30k_test_016016.jpg
flickr30k_retrieval_2000_seed2,474,474,flickr30k_test_019547,images/flickr30k/flickr30k_test_019547.jpg,data/images/flickr30k/flickr30k_test_019547.jpg
flickr30k_retrieval_2000_seed2,475,475,flickr30k_test_008500,images/flickr30k/flickr30k_test_008500.jpg,data/images/flickr30k/flickr30k_test_008500.jpg
flickr30k_retrieval_2000_seed2,476,476,flickr30k_test_017975,images/flickr30k/flickr30k_test_017975.jpg,data/images/flickr30k/flickr30k_test_017975.jpg
flickr30k_retrieval_2000_seed2,477,477,flickr30k_test_014013,images/flickr30k/flickr30k_test_014013.jpg,data/images/flickr30k/flickr30k_test_014013.jpg
flickr30k_retrieval_2000_seed2,478,478,flickr30k_test_022794,images/flickr30k/flickr30k_test_022794.jpg,data/images/flickr30k/flickr30k_test_022794.jpg
flickr30k_retrieval_2000_seed2,479,479,flickr30k_test_022254,images/flickr30k/flickr30k_test_022254.jpg,data/images/flickr30k/flickr30k_test_022254.jpg
flickr30k_retrieval_2000_seed2,480,480,flickr30k_test_022911,images/flickr30k/flickr30k_test_022911.jpg,data/images/flickr30k/flickr30k_test_022911.jpg
flickr30k_retrieval_2000_seed2,481,481,flickr30k_test_030100,images/flickr30k/flickr30k_test_030100.jpg,data/images/flickr30k/flickr30k_test_030100.jpg
flickr30k_retrieval_2000_seed2,482,482,flickr30k_test_002762,images/flickr30k/flickr30k_test_002762.jpg,data/images/flickr30k/flickr30k_test_002762.jpg
flickr30k_retrieval_2000_seed2,483,483,flickr30k_test_019198,images/flickr30k/flickr30k_test_019198.jpg,data/images/flickr30k/flickr30k_test_019198.jpg
flickr30k_retrieval_2000_seed2,484,484,flickr30k_test_023848,images/flickr30k/flickr30k_test_023848.jpg,data/images/flickr30k/flickr30k_test_023848.jpg
flickr30k_retrieval_2000_seed2,485,485,flickr30k_test_026799,images/flickr30k/flickr30k_test_026799.jpg,data/images/flickr30k/flickr30k_test_026799.jpg
flickr30k_retrieval_2000_seed2,486,486,flickr30k_test_018866,images/flickr30k/flickr30k_test_018866.jpg,data/images/flickr30k/flickr30k_test_018866.jpg
flickr30k_retrieval_2000_seed2,487,487,flickr30k_test_003144,images/flickr30k/flickr30k_test_003144.jpg,data/images/flickr30k/flickr30k_test_003144.jpg
flickr30k_retrieval_2000_seed2,488,488,flickr30k_test_002331,images/flickr30k/flickr30k_test_002331.jpg,data/images/flickr30k/flickr30k_test_002331.jpg
flickr30k_retrieval_2000_seed2,489,489,flickr30k_test_011667,images/flickr30k/flickr30k_test_011667.jpg,data/images/flickr30k/flickr30k_test_011667.jpg
flickr30k_retrieval_2000_seed2,490,490,flickr30k_test_005771,images/flickr30k/flickr30k_test_005771.jpg,data/images/flickr30k/flickr30k_test_005771.jpg
flickr30k_retrieval_2000_seed2,491,491,flickr30k_test_017867,images/flickr30k/flickr30k_test_017867.jpg,data/images/flickr30k/flickr30k_test_017867.jpg
flickr30k_retrieval_2000_seed2,492,492,flickr30k_test_004800,images/flickr30k/flickr30k_test_004800.jpg,data/images/flickr30k/flickr30k_test_004800.jpg
flickr30k_retrieval_2000_seed2,493,493,flickr30k_test_026420,images/flickr30k/flickr30k_test_026420.jpg,data/images/flickr30k/flickr30k_test_026420.jpg
flickr30k_retrieval_2000_seed2,494,494,flickr30k_test_013656,images/flickr30k/flickr30k_test_013656.jpg,data/images/flickr30k/flickr30k_test_013656.jpg
flickr30k_retrieval_2000_seed2,495,495,flickr30k_test_029432,images/flickr30k/flickr30k_test_029432.jpg,data/images/flickr30k/flickr30k_test_029432.jpg
flickr30k_retrieval_2000_seed2,496,496,flickr30k_test_002190,images/flickr30k/flickr30k_test_002190.jpg,data/images/flickr30k/flickr30k_test_002190.jpg
flickr30k_retrieval_2000_seed2,497,497,flickr30k_test_026167,images/flickr30k/flickr30k_test_026167.jpg,data/images/flickr30k/flickr30k_test_026167.jpg
flickr30k_retrieval_2000_seed2,498,498,flickr30k_test_002822,images/flickr30k/flickr30k_test_002822.jpg,data/images/flickr30k/flickr30k_test_002822.jpg
flickr30k_retrieval_2000_seed2,499,499,flickr30k_test_029863,images/flickr30k/flickr30k_test_029863.jpg,data/images/flickr30k/flickr30k_test_029863.jpg
flickr30k_retrieval_2000_seed2,500,500,flickr30k_test_029343,images/flickr30k/flickr30k_test_029343.jpg,data/images/flickr30k/flickr30k_test_029343.jpg
flickr30k_retrieval_2000_seed2,501,501,flickr30k_test_022326,images/flickr30k/flickr30k_test_022326.jpg,data/images/flickr30k/flickr30k_test_022326.jpg
flickr30k_retrieval_2000_seed2,502,502,flickr30k_test_026535,images/flickr30k/flickr30k_test_026535.jpg,data/images/flickr30k/flickr30k_test_026535.jpg
flickr30k_retrieval_2000_seed2,503,503,flickr30k_test_021236,images/flickr30k/flickr30k_test_021236.jpg,data/images/flickr30k/flickr30k_test_021236.jpg
flickr30k_retrieval_2000_seed2,504,504,flickr30k_test_001231,images/flickr30k/flickr30k_test_001231.jpg,data/images/flickr30k/flickr30k_test_001231.jpg
flickr30k_retrieval_2000_seed2,505,505,flickr30k_test_004211,images/flickr30k/flickr30k_test_004211.jpg,data/images/flickr30k/flickr30k_test_004211.jpg
flickr30k_retrieval_2000_seed2,506,506,flickr30k_test_009711,images/flickr30k/flickr30k_test_009711.jpg,data/images/flickr30k/flickr30k_test_009711.jpg
flickr30k_retrieval_2000_seed2,507,507,flickr30k_test_012798,images/flickr30k/flickr30k_test_012798.jpg,data/images/flickr30k/flickr30k_test_012798.jpg
flickr30k_retrieval_2000_seed2,508,508,flickr30k_test_007592,images/flickr30k/flickr30k_test_007592.jpg,data/images/flickr30k/flickr30k_test_007592.jpg
flickr30k_retrieval_2000_seed2,509,509,flickr30k_test_023212,images/flickr30k/flickr30k_test_023212.jpg,data/images/flickr30k/flickr30k_test_023212.jpg
flickr30k_retrieval_2000_seed2,510,510,flickr30k_test_021978,images/flickr30k/flickr30k_test_021978.jpg,data/images/flickr30k/flickr30k_test_021978.jpg
flickr30k_retrieval_2000_seed2,511,511,flickr30k_test_029004,images/flickr30k/flickr30k_test_029004.jpg,data/images/flickr30k/flickr30k_test_029004.jpg
flickr30k_retrieval_2000_seed2,512,512,flickr30k_test_022318,images/flickr30k/flickr30k_test_022318.jpg,data/images/flickr30k/flickr30k_test_022318.jpg
flickr30k_retrieval_2000_seed2,513,513,flickr30k_test_010794,images/flickr30k/flickr30k_test_010794.jpg,data/images/flickr30k/flickr30k_test_010794.jpg
flickr30k_retrieval_2000_seed2,514,514,flickr30k_test_014380,images/flickr30k/flickr30k_test_014380.jpg,data/images/flickr30k/flickr30k_test_014380.jpg
flickr30k_retrieval_2000_seed2,515,515,flickr30k_test_005653,images/flickr30k/flickr30k_test_005653.jpg,data/images/flickr30k/flickr30k_test_005653.jpg
flickr30k_retrieval_2000_seed2,516,516,flickr30k_test_017170,images/flickr30k/flickr30k_test_017170.jpg,data/images/flickr30k/flickr30k_test_017170.jpg
flickr30k_retrieval_2000_seed2,517,517,flickr30k_test_009404,images/flickr30k/flickr30k_test_009404.jpg,data/images/flickr30k/flickr30k_test_009404.jpg
flickr30k_retrieval_2000_seed2,518,518,flickr30k_test_003672,images/flickr30k/flickr30k_test_003672.jpg,data/images/flickr30k/flickr30k_test_003672.jpg
flickr30k_retrieval_2000_seed2,519,519,flickr30k_test_005112,images/flickr30k/flickr30k_test_005112.jpg,data/images/flickr30k/flickr30k_test_005112.jpg
flickr30k_retrieval_2000_seed2,520,520,flickr30k_test_017723,images/flickr30k/flickr30k_test_017723.jpg,data/images/flickr30k/flickr30k_test_017723.jpg
flickr30k_retrieval_2000_seed2,521,521,flickr30k_test_024765,images/flickr30k/flickr30k_test_024765.jpg,data/images/flickr30k/flickr30k_test_024765.jpg
flickr30k_retrieval_2000_seed2,522,522,flickr30k_test_013884,images/flickr30k/flickr30k_test_013884.jpg,data/images/flickr30k/flickr30k_test_013884.jpg
flickr30k_retrieval_2000_seed2,523,523,flickr30k_test_003150,images/flickr30k/flickr30k_test_003150.jpg,data/images/flickr30k/flickr30k_test_003150.jpg
flickr30k_retrieval_2000_seed2,524,524,flickr30k_test_010775,images/flickr30k/flickr30k_test_010775.jpg,data/images/flickr30k/flickr30k_test_010775.jpg
flickr30k_retrieval_2000_seed2,525,525,flickr30k_test_016924,images/flickr30k/flickr30k_test_016924.jpg,data/images/flickr30k/flickr30k_test_016924.jpg
flickr30k_retrieval_2000_seed2,526,526,flickr30k_test_008146,images/flickr30k/flickr30k_test_008146.jpg,data/images/flickr30k/flickr30k_test_008146.jpg
flickr30k_retrieval_2000_seed2,527,527,flickr30k_test_023441,images/flickr30k/flickr30k_test_023441.jpg,data/images/flickr30k/flickr30k_test_023441.jpg
flickr30k_retrieval_2000_seed2,528,528,flickr30k_test_016848,images/flickr30k/flickr30k_test_016848.jpg,data/images/flickr30k/flickr30k_test_016848.jpg
flickr30k_retrieval_2000_seed2,529,529,flickr30k_test_008429,images/flickr30k/flickr30k_test_008429.jpg,data/images/flickr30k/flickr30k_test_008429.jpg
flickr30k_retrieval_2000_seed2,530,530,flickr30k_test_005556,images/flickr30k/flickr30k_test_005556.jpg,data/images/flickr30k/flickr30k_test_005556.jpg
flickr30k_retrieval_2000_seed2,531,531,flickr30k_test_029323,images/flickr30k/flickr30k_test_029323.jpg,data/images/flickr30k/flickr30k_test_029323.jpg
flickr30k_retrieval_2000_seed2,532,532,flickr30k_test_005161,images/flickr30k/flickr30k_test_005161.jpg,data/images/flickr30k/flickr30k_test_005161.jpg
flickr30k_retrieval_2000_seed2,533,533,flickr30k_test_015104,images/flickr30k/flickr30k_test_015104.jpg,data/images/flickr30k/flickr30k_test_015104.jpg
flickr30k_retrieval_2000_seed2,534,534,flickr30k_test_023043,images/flickr30k/flickr30k_test_023043.jpg,data/images/flickr30k/flickr30k_test_023043.jpg
flickr30k_retrieval_2000_seed2,535,535,flickr30k_test_007682,images/flickr30k/flickr30k_test_007682.jpg,data/images/flickr30k/flickr30k_test_007682.jpg
flickr30k_retrieval_2000_seed2,536,536,flickr30k_test_013243,images/flickr30k/flickr30k_test_013243.jpg,data/images/flickr30k/flickr30k_test_013243.jpg
flickr30k_retrieval_2000_seed2,537,537,flickr30k_test_028654,images/flickr30k/flickr30k_test_028654.jpg,data/images/flickr30k/flickr30k_test_028654.jpg
flickr30k_retrieval_2000_seed2,538,538,flickr30k_test_011749,images/flickr30k/flickr30k_test_011749.jpg,data/images/flickr30k/flickr30k_test_011749.jpg
flickr30k_retrieval_2000_seed2,539,539,flickr30k_test_025651,images/flickr30k/flickr30k_test_025651.jpg,data/images/flickr30k/flickr30k_test_025651.jpg
flickr30k_retrieval_2000_seed2,540,540,flickr30k_test_025045,images/flickr30k/flickr30k_test_025045.jpg,data/images/flickr30k/flickr30k_test_025045.jpg
flickr30k_retrieval_2000_seed2,541,541,flickr30k_test_018790,images/flickr30k/flickr30k_test_018790.jpg,data/images/flickr30k/flickr30k_test_018790.jpg
flickr30k_retrieval_2000_seed2,542,542,flickr30k_test_004743,images/flickr30k/flickr30k_test_004743.jpg,data/images/flickr30k/flickr30k_test_004743.jpg
flickr30k_retrieval_2000_seed2,543,543,flickr30k_test_015291,images/flickr30k/flickr30k_test_015291.jpg,data/images/flickr30k/flickr30k_test_015291.jpg
flickr30k_retrieval_2000_seed2,544,544,flickr30k_test_014456,images/flickr30k/flickr30k_test_014456.jpg,data/images/flickr30k/flickr30k_test_014456.jpg
flickr30k_retrieval_2000_seed2,545,545,flickr30k_test_023555,images/flickr30k/flickr30k_test_023555.jpg,data/images/flickr30k/flickr30k_test_023555.jpg
flickr30k_retrieval_2000_seed2,546,546,flickr30k_test_000962,images/flickr30k/flickr30k_test_000962.jpg,data/images/flickr30k/flickr30k_test_000962.jpg
flickr30k_retrieval_2000_seed2,547,547,flickr30k_test_026533,images/flickr30k/flickr30k_test_026533.jpg,data/images/flickr30k/flickr30k_test_026533.jpg
flickr30k_retrieval_2000_seed2,548,548,flickr30k_test_019502,images/flickr30k/flickr30k_test_019502.jpg,data/images/flickr30k/flickr30k_test_019502.jpg
flickr30k_retrieval_2000_seed2,549,549,flickr30k_test_012558,images/flickr30k/flickr30k_test_012558.jpg,data/images/flickr30k/flickr30k_test_012558.jpg
flickr30k_retrieval_2000_seed2,550,550,flickr30k_test_028895,images/flickr30k/flickr30k_test_028895.jpg,data/images/flickr30k/flickr30k_test_028895.jpg
flickr30k_retrieval_2000_seed2,551,551,flickr30k_test_024141,images/flickr30k/flickr30k_test_024141.jpg,data/images/flickr30k/flickr30k_test_024141.jpg
flickr30k_retrieval_2000_seed2,552,552,flickr30k_test_005912,images/flickr30k/flickr30k_test_005912.jpg,data/images/flickr30k/flickr30k_test_005912.jpg
flickr30k_retrieval_2000_seed2,553,553,flickr30k_test_012873,images/flickr30k/flickr30k_test_012873.jpg,data/images/flickr30k/flickr30k_test_012873.jpg
flickr30k_retrieval_2000_seed2,554,554,flickr30k_test_001755,images/flickr30k/flickr30k_test_001755.jpg,data/images/flickr30k/flickr30k_test_001755.jpg
flickr30k_retrieval_2000_seed2,555,555,flickr30k_test_015809,images/flickr30k/flickr30k_test_015809.jpg,data/images/flickr30k/flickr30k_test_015809.jpg
flickr30k_retrieval_2000_seed2,556,556,flickr30k_test_008976,images/flickr30k/flickr30k_test_008976.jpg,data/images/flickr30k/flickr30k_test_008976.jpg
flickr30k_retrieval_2000_seed2,557,557,flickr30k_test_013268,images/flickr30k/flickr30k_test_013268.jpg,data/images/flickr30k/flickr30k_test_013268.jpg
flickr30k_retrieval_2000_seed2,558,558,flickr30k_test_008313,images/flickr30k/flickr30k_test_008313.jpg,data/images/flickr30k/flickr30k_test_008313.jpg
flickr30k_retrieval_2000_seed2,559,559,flickr30k_test_023280,images/flickr30k/flickr30k_test_023280.jpg,data/images/flickr30k/flickr30k_test_023280.jpg
flickr30k_retrieval_2000_seed2,560,560,flickr30k_test_023961,images/flickr30k/flickr30k_test_023961.jpg,data/images/flickr30k/flickr30k_test_023961.jpg
flickr30k_retrieval_2000_seed2,561,561,flickr30k_test_030692,images/flickr30k/flickr30k_test_030692.jpg,data/images/flickr30k/flickr30k_test_030692.jpg
flickr30k_retrieval_2000_seed2,562,562,flickr30k_test_013505,images/flickr30k/flickr30k_test_013505.jpg,data/images/flickr30k/flickr30k_test_013505.jpg
flickr30k_retrieval_2000_seed2,563,563,flickr30k_test_023114,images/flickr30k/flickr30k_test_023114.jpg,data/images/flickr30k/flickr30k_test_023114.jpg
flickr30k_retrieval_2000_seed2,564,564,flickr30k_test_021231,images/flickr30k/flickr30k_test_021231.jpg,data/images/flickr30k/flickr30k_test_021231.jpg
flickr30k_retrieval_2000_seed2,565,565,flickr30k_test_015482,images/flickr30k/flickr30k_test_015482.jpg,data/images/flickr30k/flickr30k_test_015482.jpg
flickr30k_retrieval_2000_seed2,566,566,flickr30k_test_011799,images/flickr30k/flickr30k_test_011799.jpg,data/images/flickr30k/flickr30k_test_011799.jpg
flickr30k_retrieval_2000_seed2,567,567,flickr30k_test_017943,images/flickr30k/flickr30k_test_017943.jpg,data/images/flickr30k/flickr30k_test_017943.jpg
flickr30k_retrieval_2000_seed2,568,568,flickr30k_test_010837,images/flickr30k/flickr30k_test_010837.jpg,data/images/flickr30k/flickr30k_test_010837.jpg
flickr30k_retrieval_2000_seed2,569,569,flickr30k_test_023372,images/flickr30k/flickr30k_test_023372.jpg,data/images/flickr30k/flickr30k_test_023372.jpg
flickr30k_retrieval_2000_seed2,570,570,flickr30k_test_024432,images/flickr30k/flickr30k_test_024432.jpg,data/images/flickr30k/flickr30k_test_024432.jpg
flickr30k_retrieval_2000_seed2,571,571,flickr30k_test_029883,images/flickr30k/flickr30k_test_029883.jpg,data/images/flickr30k/flickr30k_test_029883.jpg
flickr30k_retrieval_2000_seed2,572,572,flickr30k_test_021577,images/flickr30k/flickr30k_test_021577.jpg,data/images/flickr30k/flickr30k_test_021577.jpg
flickr30k_retrieval_2000_seed2,573,573,flickr30k_test_002667,images/flickr30k/flickr30k_test_002667.jpg,data/images/flickr30k/flickr30k_test_002667.jpg
flickr30k_retrieval_2000_seed2,574,574,flickr30k_test_024956,images/flickr30k/flickr30k_test_024956.jpg,data/images/flickr30k/flickr30k_test_024956.jpg
flickr30k_retrieval_2000_seed2,575,575,flickr30k_test_026859,images/flickr30k/flickr30k_test_026859.jpg,data/images/flickr30k/flickr30k_test_026859.jpg
flickr30k_retrieval_2000_seed2,576,576,flickr30k_test_027920,images/flickr30k/flickr30k_test_027920.jpg,data/images/flickr30k/flickr30k_test_027920.jpg
flickr30k_retrieval_2000_seed2,577,577,flickr30k_test_023782,images/flickr30k/flickr30k_test_023782.jpg,data/images/flickr30k/flickr30k_test_023782.jpg
flickr30k_retrieval_2000_seed2,578,578,flickr30k_test_007372,images/flickr30k/flickr30k_test_007372.jpg,data/images/flickr30k/flickr30k_test_007372.jpg
flickr30k_retrieval_2000_seed2,579,579,flickr30k_test_017460,images/flickr30k/flickr30k_test_017460.jpg,data/images/flickr30k/flickr30k_test_017460.jpg
flickr30k_retrieval_2000_seed2,580,580,flickr30k_test_020357,images/flickr30k/flickr30k_test_020357.jpg,data/images/flickr30k/flickr30k_test_020357.jpg
flickr30k_retrieval_2000_seed2,581,581,flickr30k_test_006156,images/flickr30k/flickr30k_test_006156.jpg,data/images/flickr30k/flickr30k_test_006156.jpg
flickr30k_retrieval_2000_seed2,582,582,flickr30k_test_013196,images/flickr30k/flickr30k_test_013196.jpg,data/images/flickr30k/flickr30k_test_013196.jpg
flickr30k_retrieval_2000_seed2,583,583,flickr30k_test_026748,images/flickr30k/flickr30k_test_026748.jpg,data/images/flickr30k/flickr30k_test_026748.jpg
flickr30k_retrieval_2000_seed2,584,584,flickr30k_test_021855,images/flickr30k/flickr30k_test_021855.jpg,data/images/flickr30k/flickr30k_test_021855.jpg
flickr30k_retrieval_2000_seed2,585,585,flickr30k_test_012535,images/flickr30k/flickr30k_test_012535.jpg,data/images/flickr30k/flickr30k_test_012535.jpg
flickr30k_retrieval_2000_seed2,586,586,flickr30k_test_028866,images/flickr30k/flickr30k_test_028866.jpg,data/images/flickr30k/flickr30k_test_028866.jpg
flickr30k_retrieval_2000_seed2,587,587,flickr30k_test_020802,images/flickr30k/flickr30k_test_020802.jpg,data/images/flickr30k/flickr30k_test_020802.jpg
flickr30k_retrieval_2000_seed2,588,588,flickr30k_test_029981,images/flickr30k/flickr30k_test_029981.jpg,data/images/flickr30k/flickr30k_test_029981.jpg
flickr30k_retrieval_2000_seed2,589,589,flickr30k_test_000380,images/flickr30k/flickr30k_test_000380.jpg,data/images/flickr30k/flickr30k_test_000380.jpg
flickr30k_retrieval_2000_seed2,590,590,flickr30k_test_010254,images/flickr30k/flickr30k_test_010254.jpg,data/images/flickr30k/flickr30k_test_010254.jpg
flickr30k_retrieval_2000_seed2,591,591,flickr30k_test_015222,images/flickr30k/flickr30k_test_015222.jpg,data/images/flickr30k/flickr30k_test_015222.jpg
flickr30k_retrieval_2000_seed2,592,592,flickr30k_test_017156,images/flickr30k/flickr30k_test_017156.jpg,data/images/flickr30k/flickr30k_test_017156.jpg
flickr30k_retrieval_2000_seed2,593,593,flickr30k_test_023316,images/flickr30k/flickr30k_test_023316.jpg,data/images/flickr30k/flickr30k_test_023316.jpg
flickr30k_retrieval_2000_seed2,594,594,flickr30k_test_029711,images/flickr30k/flickr30k_test_029711.jpg,data/images/flickr30k/flickr30k_test_029711.jpg
flickr30k_retrieval_2000_seed2,595,595,flickr30k_test_028941,images/flickr30k/flickr30k_test_028941.jpg,data/images/flickr30k/flickr30k_test_028941.jpg
flickr30k_retrieval_2000_seed2,596,596,flickr30k_test_015279,images/flickr30k/flickr30k_test_015279.jpg,data/images/flickr30k/flickr30k_test_015279.jpg
flickr30k_retrieval_2000_seed2,597,597,flickr30k_test_021301,images/flickr30k/flickr30k_test_021301.jpg,data/images/flickr30k/flickr30k_test_021301.jpg
flickr30k_retrieval_2000_seed2,598,598,flickr30k_test_005812,images/flickr30k/flickr30k_test_005812.jpg,data/images/flickr30k/flickr30k_test_005812.jpg
flickr30k_retrieval_2000_seed2,599,599,flickr30k_test_026740,images/flickr30k/flickr30k_test_026740.jpg,data/images/flickr30k/flickr30k_test_026740.jpg
flickr30k_retrieval_2000_seed2,600,600,flickr30k_test_003094,images/flickr30k/flickr30k_test_003094.jpg,data/images/flickr30k/flickr30k_test_003094.jpg
flickr30k_retrieval_2000_seed2,601,601,flickr30k_test_000561,images/flickr30k/flickr30k_test_000561.jpg,data/images/flickr30k/flickr30k_test_000561.jpg
flickr30k_retrieval_2000_seed2,602,602,flickr30k_test_013202,images/flickr30k/flickr30k_test_013202.jpg,data/images/flickr30k/flickr30k_test_013202.jpg
flickr30k_retrieval_2000_seed2,603,603,flickr30k_test_030907,images/flickr30k/flickr30k_test_030907.jpg,data/images/flickr30k/flickr30k_test_030907.jpg
flickr30k_retrieval_2000_seed2,604,604,flickr30k_test_007095,images/flickr30k/flickr30k_test_007095.jpg,data/images/flickr30k/flickr30k_test_007095.jpg
flickr30k_retrieval_2000_seed2,605,605,flickr30k_test_023903,images/flickr30k/flickr30k_test_023903.jpg,data/images/flickr30k/flickr30k_test_023903.jpg
flickr30k_retrieval_2000_seed2,606,606,flickr30k_test_018653,images/flickr30k/flickr30k_test_018653.jpg,data/images/flickr30k/flickr30k_test_018653.jpg
flickr30k_retrieval_2000_seed2,607,607,flickr30k_test_019871,images/flickr30k/flickr30k_test_019871.jpg,data/images/flickr30k/flickr30k_test_019871.jpg
flickr30k_retrieval_2000_seed2,608,608,flickr30k_test_012641,images/flickr30k/flickr30k_test_012641.jpg,data/images/flickr30k/flickr30k_test_012641.jpg
flickr30k_retrieval_2000_seed2,609,609,flickr30k_test_029665,images/flickr30k/flickr30k_test_029665.jpg,data/images/flickr30k/flickr30k_test_029665.jpg
flickr30k_retrieval_2000_seed2,610,610,flickr30k_test_007061,images/flickr30k/flickr30k_test_007061.jpg,data/images/flickr30k/flickr30k_test_007061.jpg
flickr30k_retrieval_2000_seed2,611,611,flickr30k_test_028989,images/flickr30k/flickr30k_test_028989.jpg,data/images/flickr30k/flickr30k_test_028989.jpg
flickr30k_retrieval_2000_seed2,612,612,flickr30k_test_003291,images/flickr30k/flickr30k_test_003291.jpg,data/images/flickr30k/flickr30k_test_003291.jpg
flickr30k_retrieval_2000_seed2,613,613,flickr30k_test_012779,images/flickr30k/flickr30k_test_012779.jpg,data/images/flickr30k/flickr30k_test_012779.jpg
flickr30k_retrieval_2000_seed2,614,614,flickr30k_test_026726,images/flickr30k/flickr30k_test_026726.jpg,data/images/flickr30k/flickr30k_test_026726.jpg
flickr30k_retrieval_2000_seed2,615,615,flickr30k_test_018275,images/flickr30k/flickr30k_test_018275.jpg,data/images/flickr30k/flickr30k_test_018275.jpg
flickr30k_retrieval_2000_seed2,616,616,flickr30k_test_025133,images/flickr30k/flickr30k_test_025133.jpg,data/images/flickr30k/flickr30k_test_025133.jpg
flickr30k_retrieval_2000_seed2,617,617,flickr30k_test_026266,images/flickr30k/flickr30k_test_026266.jpg,data/images/flickr30k/flickr30k_test_026266.jpg
flickr30k_retrieval_2000_seed2,618,618,flickr30k_test_006538,images/flickr30k/flickr30k_test_006538.jpg,data/images/flickr30k/flickr30k_test_006538.jpg
flickr30k_retrieval_2000_seed2,619,619,flickr30k_test_008991,images/flickr30k/flickr30k_test_008991.jpg,data/images/flickr30k/flickr30k_test_008991.jpg
flickr30k_retrieval_2000_seed2,620,620,flickr30k_test_024387,images/flickr30k/flickr30k_test_024387.jpg,data/images/flickr30k/flickr30k_test_024387.jpg
flickr30k_retrieval_2000_seed2,621,621,flickr30k_test_030192,images/flickr30k/flickr30k_test_030192.jpg,data/images/flickr30k/flickr30k_test_030192.jpg
flickr30k_retrieval_2000_seed2,622,622,flickr30k_test_019209,images/flickr30k/flickr30k_test_019209.jpg,data/images/flickr30k/flickr30k_test_019209.jpg
flickr30k_retrieval_2000_seed2,623,623,flickr30k_test_019012,images/flickr30k/flickr30k_test_019012.jpg,data/images/flickr30k/flickr30k_test_019012.jpg
flickr30k_retrieval_2000_seed2,624,624,flickr30k_test_006274,images/flickr30k/flickr30k_test_006274.jpg,data/images/flickr30k/flickr30k_test_006274.jpg
flickr30k_retrieval_2000_seed2,625,625,flickr30k_test_016049,images/flickr30k/flickr30k_test_016049.jpg,data/images/flickr30k/flickr30k_test_016049.jpg
flickr30k_retrieval_2000_seed2,626,626,flickr30k_test_026351,images/flickr30k/flickr30k_test_026351.jpg,data/images/flickr30k/flickr30k_test_026351.jpg
flickr30k_retrieval_2000_seed2,627,627,flickr30k_test_020051,images/flickr30k/flickr30k_test_020051.jpg,data/images/flickr30k/flickr30k_test_020051.jpg
flickr30k_retrieval_2000_seed2,628,628,flickr30k_test_004517,images/flickr30k/flickr30k_test_004517.jpg,data/images/flickr30k/flickr30k_test_004517.jpg
flickr30k_retrieval_2000_seed2,629,629,flickr30k_test_000278,images/flickr30k/flickr30k_test_000278.jpg,data/images/flickr30k/flickr30k_test_000278.jpg
flickr30k_retrieval_2000_seed2,630,630,flickr30k_test_020064,images/flickr30k/flickr30k_test_020064.jpg,data/images/flickr30k/flickr30k_test_020064.jpg
flickr30k_retrieval_2000_seed2,631,631,flickr30k_test_022239,images/flickr30k/flickr30k_test_022239.jpg,data/images/flickr30k/flickr30k_test_022239.jpg
flickr30k_retrieval_2000_seed2,632,632,flickr30k_test_014234,images/flickr30k/flickr30k_test_014234.jpg,data/images/flickr30k/flickr30k_test_014234.jpg
flickr30k_retrieval_2000_seed2,633,633,flickr30k_test_015796,images/flickr30k/flickr30k_test_015796.jpg,data/images/flickr30k/flickr30k_test_015796.jpg
flickr30k_retrieval_2000_seed2,634,634,flickr30k_test_008312,images/flickr30k/flickr30k_test_008312.jpg,data/images/flickr30k/flickr30k_test_008312.jpg
flickr30k_retrieval_2000_seed2,635,635,flickr30k_test_016824,images/flickr30k/flickr30k_test_016824.jpg,data/images/flickr30k/flickr30k_test_016824.jpg
flickr30k_retrieval_2000_seed2,636,636,flickr30k_test_018549,images/flickr30k/flickr30k_test_018549.jpg,data/images/flickr30k/flickr30k_test_018549.jpg
flickr30k_retrieval_2000_seed2,637,637,flickr30k_test_005687,images/flickr30k/flickr30k_test_005687.jpg,data/images/flickr30k/flickr30k_test_005687.jpg
flickr30k_retrieval_2000_seed2,638,638,flickr30k_test_015305,images/flickr30k/flickr30k_test_015305.jpg,data/images/flickr30k/flickr30k_test_015305.jpg
flickr30k_retrieval_2000_seed2,639,639,flickr30k_test_023354,images/flickr30k/flickr30k_test_023354.jpg,data/images/flickr30k/flickr30k_test_023354.jpg
flickr30k_retrieval_2000_seed2,640,640,flickr30k_test_006717,images/flickr30k/flickr30k_test_006717.jpg,data/images/flickr30k/flickr30k_test_006717.jpg
flickr30k_retrieval_2000_seed2,641,641,flickr30k_test_024908,images/flickr30k/flickr30k_test_024908.jpg,data/images/flickr30k/flickr30k_test_024908.jpg
flickr30k_retrieval_2000_seed2,642,642,flickr30k_test_002386,images/flickr30k/flickr30k_test_002386.jpg,data/images/flickr30k/flickr30k_test_002386.jpg
flickr30k_retrieval_2000_seed2,643,643,flickr30k_test_011476,images/flickr30k/flickr30k_test_011476.jpg,data/images/flickr30k/flickr30k_test_011476.jpg
flickr30k_retrieval_2000_seed2,644,644,flickr30k_test_000099,images/flickr30k/flickr30k_test_000099.jpg,data/images/flickr30k/flickr30k_test_000099.jpg
flickr30k_retrieval_2000_seed2,645,645,flickr30k_test_029677,images/flickr30k/flickr30k_test_029677.jpg,data/images/flickr30k/flickr30k_test_029677.jpg
flickr30k_retrieval_2000_seed2,646,646,flickr30k_test_015906,images/flickr30k/flickr30k_test_015906.jpg,data/images/flickr30k/flickr30k_test_015906.jpg
flickr30k_retrieval_2000_seed2,647,647,flickr30k_test_017470,images/flickr30k/flickr30k_test_017470.jpg,data/images/flickr30k/flickr30k_test_017470.jpg
flickr30k_retrieval_2000_seed2,648,648,flickr30k_test_027433,images/flickr30k/flickr30k_test_027433.jpg,data/images/flickr30k/flickr30k_test_027433.jpg
flickr30k_retrieval_2000_seed2,649,649,flickr30k_test_021924,images/flickr30k/flickr30k_test_021924.jpg,data/images/flickr30k/flickr30k_test_021924.jpg
flickr30k_retrieval_2000_seed2,650,650,flickr30k_test_021574,images/flickr30k/flickr30k_test_021574.jpg,data/images/flickr30k/flickr30k_test_021574.jpg
flickr30k_retrieval_2000_seed2,651,651,flickr30k_test_002144,images/flickr30k/flickr30k_test_002144.jpg,data/images/flickr30k/flickr30k_test_002144.jpg
flickr30k_retrieval_2000_seed2,652,652,flickr30k_test_024729,images/flickr30k/flickr30k_test_024729.jpg,data/images/flickr30k/flickr30k_test_024729.jpg
flickr30k_retrieval_2000_seed2,653,653,flickr30k_test_019384,images/flickr30k/flickr30k_test_019384.jpg,data/images/flickr30k/flickr30k_test_019384.jpg
flickr30k_retrieval_2000_seed2,654,654,flickr30k_test_015892,images/flickr30k/flickr30k_test_015892.jpg,data/images/flickr30k/flickr30k_test_015892.jpg
flickr30k_retrieval_2000_seed2,655,655,flickr30k_test_030308,images/flickr30k/flickr30k_test_030308.jpg,data/images/flickr30k/flickr30k_test_030308.jpg
flickr30k_retrieval_2000_seed2,656,656,flickr30k_test_022111,images/flickr30k/flickr30k_test_022111.jpg,data/images/flickr30k/flickr30k_test_022111.jpg
flickr30k_retrieval_2000_seed2,657,657,flickr30k_test_030220,images/flickr30k/flickr30k_test_030220.jpg,data/images/flickr30k/flickr30k_test_030220.jpg
flickr30k_retrieval_2000_seed2,658,658,flickr30k_test_010973,images/flickr30k/flickr30k_test_010973.jpg,data/images/flickr30k/flickr30k_test_010973.jpg
flickr30k_retrieval_2000_seed2,659,659,flickr30k_test_015050,images/flickr30k/flickr30k_test_015050.jpg,data/images/flickr30k/flickr30k_test_015050.jpg
flickr30k_retrieval_2000_seed2,660,660,flickr30k_test_008747,images/flickr30k/flickr30k_test_008747.jpg,data/images/flickr30k/flickr30k_test_008747.jpg
flickr30k_retrieval_2000_seed2,661,661,flickr30k_test_028754,images/flickr30k/flickr30k_test_028754.jpg,data/images/flickr30k/flickr30k_test_028754.jpg
flickr30k_retrieval_2000_seed2,662,662,flickr30k_test_016479,images/flickr30k/flickr30k_test_016479.jpg,data/images/flickr30k/flickr30k_test_016479.jpg
flickr30k_retrieval_2000_seed2,663,663,flickr30k_test_015083,images/flickr30k/flickr30k_test_015083.jpg,data/images/flickr30k/flickr30k_test_015083.jpg
flickr30k_retrieval_2000_seed2,664,664,flickr30k_test_000902,images/flickr30k/flickr30k_test_000902.jpg,data/images/flickr30k/flickr30k_test_000902.jpg
flickr30k_retrieval_2000_seed2,665,665,flickr30k_test_002615,images/flickr30k/flickr30k_test_002615.jpg,data/images/flickr30k/flickr30k_test_002615.jpg
flickr30k_retrieval_2000_seed2,666,666,flickr30k_test_020102,images/flickr30k/flickr30k_test_020102.jpg,data/images/flickr30k/flickr30k_test_020102.jpg
flickr30k_retrieval_2000_seed2,667,667,flickr30k_test_024705,images/flickr30k/flickr30k_test_024705.jpg,data/images/flickr30k/flickr30k_test_024705.jpg
flickr30k_retrieval_2000_seed2,668,668,flickr30k_test_011391,images/flickr30k/flickr30k_test_011391.jpg,data/images/flickr30k/flickr30k_test_011391.jpg
flickr30k_retrieval_2000_seed2,669,669,flickr30k_test_005691,images/flickr30k/flickr30k_test_005691.jpg,data/images/flickr30k/flickr30k_test_005691.jpg
flickr30k_retrieval_2000_seed2,670,670,flickr30k_test_024891,images/flickr30k/flickr30k_test_024891.jpg,data/images/flickr30k/flickr30k_test_024891.jpg
flickr30k_retrieval_2000_seed2,671,671,flickr30k_test_024584,images/flickr30k/flickr30k_test_024584.jpg,data/images/flickr30k/flickr30k_test_024584.jpg
flickr30k_retrieval_2000_seed2,672,672,flickr30k_test_030753,images/flickr30k/flickr30k_test_030753.jpg,data/images/flickr30k/flickr30k_test_030753.jpg
flickr30k_retrieval_2000_seed2,673,673,flickr30k_test_025702,images/flickr30k/flickr30k_test_025702.jpg,data/images/flickr30k/flickr30k_test_025702.jpg
flickr30k_retrieval_2000_seed2,674,674,flickr30k_test_013254,images/flickr30k/flickr30k_test_013254.jpg,data/images/flickr30k/flickr30k_test_013254.jpg
flickr30k_retrieval_2000_seed2,675,675,flickr30k_test_008365,images/flickr30k/flickr30k_test_008365.jpg,data/images/flickr30k/flickr30k_test_008365.jpg
flickr30k_retrieval_2000_seed2,676,676,flickr30k_test_022118,images/flickr30k/flickr30k_test_022118.jpg,data/images/flickr30k/flickr30k_test_022118.jpg
flickr30k_retrieval_2000_seed2,677,677,flickr30k_test_020484,images/flickr30k/flickr30k_test_020484.jpg,data/images/flickr30k/flickr30k_test_020484.jpg
flickr30k_retrieval_2000_seed2,678,678,flickr30k_test_025802,images/flickr30k/flickr30k_test_025802.jpg,data/images/flickr30k/flickr30k_test_025802.jpg
flickr30k_retrieval_2000_seed2,679,679,flickr30k_test_027310,images/flickr30k/flickr30k_test_027310.jpg,data/images/flickr30k/flickr30k_test_027310.jpg
flickr30k_retrieval_2000_seed2,680,680,flickr30k_test_028312,images/flickr30k/flickr30k_test_028312.jpg,data/images/flickr30k/flickr30k_test_028312.jpg
flickr30k_retrieval_2000_seed2,681,681,flickr30k_test_004419,images/flickr30k/flickr30k_test_004419.jpg,data/images/flickr30k/flickr30k_test_004419.jpg
flickr30k_retrieval_2000_seed2,682,682,flickr30k_test_001772,images/flickr30k/flickr30k_test_001772.jpg,data/images/flickr30k/flickr30k_test_001772.jpg
flickr30k_retrieval_2000_seed2,683,683,flickr30k_test_005327,images/flickr30k/flickr30k_test_005327.jpg,data/images/flickr30k/flickr30k_test_005327.jpg
flickr30k_retrieval_2000_seed2,684,684,flickr30k_test_016367,images/flickr30k/flickr30k_test_016367.jpg,data/images/flickr30k/flickr30k_test_016367.jpg
flickr30k_retrieval_2000_seed2,685,685,flickr30k_test_012506,images/flickr30k/flickr30k_test_012506.jpg,data/images/flickr30k/flickr30k_test_012506.jpg
flickr30k_retrieval_2000_seed2,686,686,flickr30k_test_015225,images/flickr30k/flickr30k_test_015225.jpg,data/images/flickr30k/flickr30k_test_015225.jpg
flickr30k_retrieval_2000_seed2,687,687,flickr30k_test_022140,images/flickr30k/flickr30k_test_022140.jpg,data/images/flickr30k/flickr30k_test_022140.jpg
flickr30k_retrieval_2000_seed2,688,688,flickr30k_test_009660,images/flickr30k/flickr30k_test_009660.jpg,data/images/flickr30k/flickr30k_test_009660.jpg
flickr30k_retrieval_2000_seed2,689,689,flickr30k_test_005106,images/flickr30k/flickr30k_test_005106.jpg,data/images/flickr30k/flickr30k_test_005106.jpg
flickr30k_retrieval_2000_seed2,690,690,flickr30k_test_000340,images/flickr30k/flickr30k_test_000340.jpg,data/images/flickr30k/flickr30k_test_000340.jpg
flickr30k_retrieval_2000_seed2,691,691,flickr30k_test_009262,images/flickr30k/flickr30k_test_009262.jpg,data/images/flickr30k/flickr30k_test_009262.jpg
flickr30k_retrieval_2000_seed2,692,692,flickr30k_test_018265,images/flickr30k/flickr30k_test_018265.jpg,data/images/flickr30k/flickr30k_test_018265.jpg
flickr30k_retrieval_2000_seed2,693,693,flickr30k_test_015315,images/flickr30k/flickr30k_test_015315.jpg,data/images/flickr30k/flickr30k_test_015315.jpg
flickr30k_retrieval_2000_seed2,694,694,flickr30k_test_000059,images/flickr30k/flickr30k_test_000059.jpg,data/images/flickr30k/flickr30k_test_000059.jpg
flickr30k_retrieval_2000_seed2,695,695,flickr30k_test_001114,images/flickr30k/flickr30k_test_001114.jpg,data/images/flickr30k/flickr30k_test_001114.jpg
flickr30k_retrieval_2000_seed2,696,696,flickr30k_test_017629,images/flickr30k/flickr30k_test_017629.jpg,data/images/flickr30k/flickr30k_test_017629.jpg
flickr30k_retrieval_2000_seed2,697,697,flickr30k_test_027853,images/flickr30k/flickr30k_test_027853.jpg,data/images/flickr30k/flickr30k_test_027853.jpg
flickr30k_retrieval_2000_seed2,698,698,flickr30k_test_012528,images/flickr30k/flickr30k_test_012528.jpg,data/images/flickr30k/flickr30k_test_012528.jpg
flickr30k_retrieval_2000_seed2,699,699,flickr30k_test_018491,images/flickr30k/flickr30k_test_018491.jpg,data/images/flickr30k/flickr30k_test_018491.jpg
flickr30k_retrieval_2000_seed2,700,700,flickr30k_test_014509,images/flickr30k/flickr30k_test_014509.jpg,data/images/flickr30k/flickr30k_test_014509.jpg
flickr30k_retrieval_2000_seed2,701,701,flickr30k_test_006698,images/flickr30k/flickr30k_test_006698.jpg,data/images/flickr30k/flickr30k_test_006698.jpg
flickr30k_retrieval_2000_seed2,702,702,flickr30k_test_028524,images/flickr30k/flickr30k_test_028524.jpg,data/images/flickr30k/flickr30k_test_028524.jpg
flickr30k_retrieval_2000_seed2,703,703,flickr30k_test_022164,images/flickr30k/flickr30k_test_022164.jpg,data/images/flickr30k/flickr30k_test_022164.jpg
flickr30k_retrieval_2000_seed2,704,704,flickr30k_test_010106,images/flickr30k/flickr30k_test_010106.jpg,data/images/flickr30k/flickr30k_test_010106.jpg
flickr30k_retrieval_2000_seed2,705,705,flickr30k_test_016327,images/flickr30k/flickr30k_test_016327.jpg,data/images/flickr30k/flickr30k_test_016327.jpg
flickr30k_retrieval_2000_seed2,706,706,flickr30k_test_021268,images/flickr30k/flickr30k_test_021268.jpg,data/images/flickr30k/flickr30k_test_021268.jpg
flickr30k_retrieval_2000_seed2,707,707,flickr30k_test_004370,images/flickr30k/flickr30k_test_004370.jpg,data/images/flickr30k/flickr30k_test_004370.jpg
flickr30k_retrieval_2000_seed2,708,708,flickr30k_test_015852,images/flickr30k/flickr30k_test_015852.jpg,data/images/flickr30k/flickr30k_test_015852.jpg
flickr30k_retrieval_2000_seed2,709,709,flickr30k_test_022597,images/flickr30k/flickr30k_test_022597.jpg,data/images/flickr30k/flickr30k_test_022597.jpg
flickr30k_retrieval_2000_seed2,710,710,flickr30k_test_017647,images/flickr30k/flickr30k_test_017647.jpg,data/images/flickr30k/flickr30k_test_017647.jpg
flickr30k_retrieval_2000_seed2,711,711,flickr30k_test_023301,images/flickr30k/flickr30k_test_023301.jpg,data/images/flickr30k/flickr30k_test_023301.jpg
flickr30k_retrieval_2000_seed2,712,712,flickr30k_test_029972,images/flickr30k/flickr30k_test_029972.jpg,data/images/flickr30k/flickr30k_test_029972.jpg
flickr30k_retrieval_2000_seed2,713,713,flickr30k_test_009919,images/flickr30k/flickr30k_test_009919.jpg,data/images/flickr30k/flickr30k_test_009919.jpg
flickr30k_retrieval_2000_seed2,714,714,flickr30k_test_002513,images/flickr30k/flickr30k_test_002513.jpg,data/images/flickr30k/flickr30k_test_002513.jpg
flickr30k_retrieval_2000_seed2,715,715,flickr30k_test_008453,images/flickr30k/flickr30k_test_008453.jpg,data/images/flickr30k/flickr30k_test_008453.jpg
flickr30k_retrieval_2000_seed2,716,716,flickr30k_test_027012,images/flickr30k/flickr30k_test_027012.jpg,data/images/flickr30k/flickr30k_test_027012.jpg
flickr30k_retrieval_2000_seed2,717,717,flickr30k_test_010258,images/flickr30k/flickr30k_test_010258.jpg,data/images/flickr30k/flickr30k_test_010258.jpg
flickr30k_retrieval_2000_seed2,718,718,flickr30k_test_009967,images/flickr30k/flickr30k_test_009967.jpg,data/images/flickr30k/flickr30k_test_009967.jpg
flickr30k_retrieval_2000_seed2,719,719,flickr30k_test_010934,images/flickr30k/flickr30k_test_010934.jpg,data/images/flickr30k/flickr30k_test_010934.jpg
flickr30k_retrieval_2000_seed2,720,720,flickr30k_test_021178,images/flickr30k/flickr30k_test_021178.jpg,data/images/flickr30k/flickr30k_test_021178.jpg
flickr30k_retrieval_2000_seed2,721,721,flickr30k_test_026078,images/flickr30k/flickr30k_test_026078.jpg,data/images/flickr30k/flickr30k_test_026078.jpg
flickr30k_retrieval_2000_seed2,722,722,flickr30k_test_010229,images/flickr30k/flickr30k_test_010229.jpg,data/images/flickr30k/flickr30k_test_010229.jpg
flickr30k_retrieval_2000_seed2,723,723,flickr30k_test_021410,images/flickr30k/flickr30k_test_021410.jpg,data/images/flickr30k/flickr30k_test_021410.jpg
flickr30k_retrieval_2000_seed2,724,724,flickr30k_test_021062,images/flickr30k/flickr30k_test_021062.jpg,data/images/flickr30k/flickr30k_test_021062.jpg
flickr30k_retrieval_2000_seed2,725,725,flickr30k_test_016976,images/flickr30k/flickr30k_test_016976.jpg,data/images/flickr30k/flickr30k_test_016976.jpg
flickr30k_retrieval_2000_seed2,726,726,flickr30k_test_027548,images/flickr30k/flickr30k_test_027548.jpg,data/images/flickr30k/flickr30k_test_027548.jpg
flickr30k_retrieval_2000_seed2,727,727,flickr30k_test_030162,images/flickr30k/flickr30k_test_030162.jpg,data/images/flickr30k/flickr30k_test_030162.jpg
flickr30k_retrieval_2000_seed2,728,728,flickr30k_test_003045,images/flickr30k/flickr30k_test_003045.jpg,data/images/flickr30k/flickr30k_test_003045.jpg
flickr30k_retrieval_2000_seed2,729,729,flickr30k_test_016661,images/flickr30k/flickr30k_test_016661.jpg,data/images/flickr30k/flickr30k_test_016661.jpg
flickr30k_retrieval_2000_seed2,730,730,flickr30k_test_020752,images/flickr30k/flickr30k_test_020752.jpg,data/images/flickr30k/flickr30k_test_020752.jpg
flickr30k_retrieval_2000_seed2,731,731,flickr30k_test_006901,images/flickr30k/flickr30k_test_006901.jpg,data/images/flickr30k/flickr30k_test_006901.jpg
flickr30k_retrieval_2000_seed2,732,732,flickr30k_test_012816,images/flickr30k/flickr30k_test_012816.jpg,data/images/flickr30k/flickr30k_test_012816.jpg
flickr30k_retrieval_2000_seed2,733,733,flickr30k_test_019536,images/flickr30k/flickr30k_test_019536.jpg,data/images/flickr30k/flickr30k_test_019536.jpg
flickr30k_retrieval_2000_seed2,734,734,flickr30k_test_017382,images/flickr30k/flickr30k_test_017382.jpg,data/images/flickr30k/flickr30k_test_017382.jpg
flickr30k_retrieval_2000_seed2,735,735,flickr30k_test_027792,images/flickr30k/flickr30k_test_027792.jpg,data/images/flickr30k/flickr30k_test_027792.jpg
flickr30k_retrieval_2000_seed2,736,736,flickr30k_test_027883,images/flickr30k/flickr30k_test_027883.jpg,data/images/flickr30k/flickr30k_test_027883.jpg
flickr30k_retrieval_2000_seed2,737,737,flickr30k_test_004900,images/flickr30k/flickr30k_test_004900.jpg,data/images/flickr30k/flickr30k_test_004900.jpg
flickr30k_retrieval_2000_seed2,738,738,flickr30k_test_026144,images/flickr30k/flickr30k_test_026144.jpg,data/images/flickr30k/flickr30k_test_026144.jpg
flickr30k_retrieval_2000_seed2,739,739,flickr30k_test_016537,images/flickr30k/flickr30k_test_016537.jpg,data/images/flickr30k/flickr30k_test_016537.jpg
flickr30k_retrieval_2000_seed2,740,740,flickr30k_test_020605,images/flickr30k/flickr30k_test_020605.jpg,data/images/flickr30k/flickr30k_test_020605.jpg
flickr30k_retrieval_2000_seed2,741,741,flickr30k_test_002920,images/flickr30k/flickr30k_test_002920.jpg,data/images/flickr30k/flickr30k_test_002920.jpg
flickr30k_retrieval_2000_seed2,742,742,flickr30k_test_010095,images/flickr30k/flickr30k_test_010095.jpg,data/images/flickr30k/flickr30k_test_010095.jpg
flickr30k_retrieval_2000_seed2,743,743,flickr30k_test_001342,images/flickr30k/flickr30k_test_001342.jpg,data/images/flickr30k/flickr30k_test_001342.jpg
flickr30k_retrieval_2000_seed2,744,744,flickr30k_test_007632,images/flickr30k/flickr30k_test_007632.jpg,data/images/flickr30k/flickr30k_test_007632.jpg
flickr30k_retrieval_2000_seed2,745,745,flickr30k_test_014992,images/flickr30k/flickr30k_test_014992.jpg,data/images/flickr30k/flickr30k_test_014992.jpg
flickr30k_retrieval_2000_seed2,746,746,flickr30k_test_018392,images/flickr30k/flickr30k_test_018392.jpg,data/images/flickr30k/flickr30k_test_018392.jpg
flickr30k_retrieval_2000_seed2,747,747,flickr30k_test_007605,images/flickr30k/flickr30k_test_007605.jpg,data/images/flickr30k/flickr30k_test_007605.jpg
flickr30k_retrieval_2000_seed2,748,748,flickr30k_test_017125,images/flickr30k/flickr30k_test_017125.jpg,data/images/flickr30k/flickr30k_test_017125.jpg
flickr30k_retrieval_2000_seed2,749,749,flickr30k_test_009092,images/flickr30k/flickr30k_test_009092.jpg,data/images/flickr30k/flickr30k_test_009092.jpg
flickr30k_retrieval_2000_seed2,750,750,flickr30k_test_002007,images/flickr30k/flickr30k_test_002007.jpg,data/images/flickr30k/flickr30k_test_002007.jpg
flickr30k_retrieval_2000_seed2,751,751,flickr30k_test_003667,images/flickr30k/flickr30k_test_003667.jpg,data/images/flickr30k/flickr30k_test_003667.jpg
flickr30k_retrieval_2000_seed2,752,752,flickr30k_test_003668,images/flickr30k/flickr30k_test_003668.jpg,data/images/flickr30k/flickr30k_test_003668.jpg
flickr30k_retrieval_2000_seed2,753,753,flickr30k_test_022130,images/flickr30k/flickr30k_test_022130.jpg,data/images/flickr30k/flickr30k_test_022130.jpg
flickr30k_retrieval_2000_seed2,754,754,flickr30k_test_026824,images/flickr30k/flickr30k_test_026824.jpg,data/images/flickr30k/flickr30k_test_026824.jpg
flickr30k_retrieval_2000_seed2,755,755,flickr30k_test_025801,images/flickr30k/flickr30k_test_025801.jpg,data/images/flickr30k/flickr30k_test_025801.jpg
flickr30k_retrieval_2000_seed2,756,756,flickr30k_test_012426,images/flickr30k/flickr30k_test_012426.jpg,data/images/flickr30k/flickr30k_test_012426.jpg
flickr30k_retrieval_2000_seed2,757,757,flickr30k_test_028068,images/flickr30k/flickr30k_test_028068.jpg,data/images/flickr30k/flickr30k_test_028068.jpg
flickr30k_retrieval_2000_seed2,758,758,flickr30k_test_011947,images/flickr30k/flickr30k_test_011947.jpg,data/images/flickr30k/flickr30k_test_011947.jpg
flickr30k_retrieval_2000_seed2,759,759,flickr30k_test_007003,images/flickr30k/flickr30k_test_007003.jpg,data/images/flickr30k/flickr30k_test_007003.jpg
flickr30k_retrieval_2000_seed2,760,760,flickr30k_test_010433,images/flickr30k/flickr30k_test_010433.jpg,data/images/flickr30k/flickr30k_test_010433.jpg
flickr30k_retrieval_2000_seed2,761,761,flickr30k_test_011668,images/flickr30k/flickr30k_test_011668.jpg,data/images/flickr30k/flickr30k_test_011668.jpg
flickr30k_retrieval_2000_seed2,762,762,flickr30k_test_002535,images/flickr30k/flickr30k_test_002535.jpg,data/images/flickr30k/flickr30k_test_002535.jpg
flickr30k_retrieval_2000_seed2,763,763,flickr30k_test_010967,images/flickr30k/flickr30k_test_010967.jpg,data/images/flickr30k/flickr30k_test_010967.jpg
flickr30k_retrieval_2000_seed2,764,764,flickr30k_test_014987,images/flickr30k/flickr30k_test_014987.jpg,data/images/flickr30k/flickr30k_test_014987.jpg
flickr30k_retrieval_2000_seed2,765,765,flickr30k_test_011884,images/flickr30k/flickr30k_test_011884.jpg,data/images/flickr30k/flickr30k_test_011884.jpg
flickr30k_retrieval_2000_seed2,766,766,flickr30k_test_005455,images/flickr30k/flickr30k_test_005455.jpg,data/images/flickr30k/flickr30k_test_005455.jpg
flickr30k_retrieval_2000_seed2,767,767,flickr30k_test_016304,images/flickr30k/flickr30k_test_016304.jpg,data/images/flickr30k/flickr30k_test_016304.jpg
flickr30k_retrieval_2000_seed2,768,768,flickr30k_test_014483,images/flickr30k/flickr30k_test_014483.jpg,data/images/flickr30k/flickr30k_test_014483.jpg
flickr30k_retrieval_2000_seed2,769,769,flickr30k_test_028488,images/flickr30k/flickr30k_test_028488.jpg,data/images/flickr30k/flickr30k_test_028488.jpg
flickr30k_retrieval_2000_seed2,770,770,flickr30k_test_009567,images/flickr30k/flickr30k_test_009567.jpg,data/images/flickr30k/flickr30k_test_009567.jpg
flickr30k_retrieval_2000_seed2,771,771,flickr30k_test_015108,images/flickr30k/flickr30k_test_015108.jpg,data/images/flickr30k/flickr30k_test_015108.jpg
flickr30k_retrieval_2000_seed2,772,772,flickr30k_test_029313,images/flickr30k/flickr30k_test_029313.jpg,data/images/flickr30k/flickr30k_test_029313.jpg
flickr30k_retrieval_2000_seed2,773,773,flickr30k_test_004386,images/flickr30k/flickr30k_test_004386.jpg,data/images/flickr30k/flickr30k_test_004386.jpg
flickr30k_retrieval_2000_seed2,774,774,flickr30k_test_030203,images/flickr30k/flickr30k_test_030203.jpg,data/images/flickr30k/flickr30k_test_030203.jpg
flickr30k_retrieval_2000_seed2,775,775,flickr30k_test_023543,images/flickr30k/flickr30k_test_023543.jpg,data/images/flickr30k/flickr30k_test_023543.jpg
flickr30k_retrieval_2000_seed2,776,776,flickr30k_test_020959,images/flickr30k/flickr30k_test_020959.jpg,data/images/flickr30k/flickr30k_test_020959.jpg
flickr30k_retrieval_2000_seed2,777,777,flickr30k_test_007074,images/flickr30k/flickr30k_test_007074.jpg,data/images/flickr30k/flickr30k_test_007074.jpg
flickr30k_retrieval_2000_seed2,778,778,flickr30k_test_030462,images/flickr30k/flickr30k_test_030462.jpg,data/images/flickr30k/flickr30k_test_030462.jpg
flickr30k_retrieval_2000_seed2,779,779,flickr30k_test_008946,images/flickr30k/flickr30k_test_008946.jpg,data/images/flickr30k/flickr30k_test_008946.jpg
flickr30k_retrieval_2000_seed2,780,780,flickr30k_test_010689,images/flickr30k/flickr30k_test_010689.jpg,data/images/flickr30k/flickr30k_test_010689.jpg
flickr30k_retrieval_2000_seed2,781,781,flickr30k_test_005209,images/flickr30k/flickr30k_test_005209.jpg,data/images/flickr30k/flickr30k_test_005209.jpg
flickr30k_retrieval_2000_seed2,782,782,flickr30k_test_003262,images/flickr30k/flickr30k_test_003262.jpg,data/images/flickr30k/flickr30k_test_003262.jpg
flickr30k_retrieval_2000_seed2,783,783,flickr30k_test_029088,images/flickr30k/flickr30k_test_029088.jpg,data/images/flickr30k/flickr30k_test_029088.jpg
flickr30k_retrieval_2000_seed2,784,784,flickr30k_test_007793,images/flickr30k/flickr30k_test_007793.jpg,data/images/flickr30k/flickr30k_test_007793.jpg
flickr30k_retrieval_2000_seed2,785,785,flickr30k_test_015364,images/flickr30k/flickr30k_test_015364.jpg,data/images/flickr30k/flickr30k_test_015364.jpg
flickr30k_retrieval_2000_seed2,786,786,flickr30k_test_006211,images/flickr30k/flickr30k_test_006211.jpg,data/images/flickr30k/flickr30k_test_006211.jpg
flickr30k_retrieval_2000_seed2,787,787,flickr30k_test_024652,images/flickr30k/flickr30k_test_024652.jpg,data/images/flickr30k/flickr30k_test_024652.jpg
flickr30k_retrieval_2000_seed2,788,788,flickr30k_test_022232,images/flickr30k/flickr30k_test_022232.jpg,data/images/flickr30k/flickr30k_test_022232.jpg
flickr30k_retrieval_2000_seed2,789,789,flickr30k_test_027728,images/flickr30k/flickr30k_test_027728.jpg,data/images/flickr30k/flickr30k_test_027728.jpg
flickr30k_retrieval_2000_seed2,790,790,flickr30k_test_012248,images/flickr30k/flickr30k_test_012248.jpg,data/images/flickr30k/flickr30k_test_012248.jpg
flickr30k_retrieval_2000_seed2,791,791,flickr30k_test_006073,images/flickr30k/flickr30k_test_006073.jpg,data/images/flickr30k/flickr30k_test_006073.jpg
flickr30k_retrieval_2000_seed2,792,792,flickr30k_test_004595,images/flickr30k/flickr30k_test_004595.jpg,data/images/flickr30k/flickr30k_test_004595.jpg
flickr30k_retrieval_2000_seed2,793,793,flickr30k_test_026053,images/flickr30k/flickr30k_test_026053.jpg,data/images/flickr30k/flickr30k_test_026053.jpg
flickr30k_retrieval_2000_seed2,794,794,flickr30k_test_004436,images/flickr30k/flickr30k_test_004436.jpg,data/images/flickr30k/flickr30k_test_004436.jpg
flickr30k_retrieval_2000_seed2,795,795,flickr30k_test_007640,images/flickr30k/flickr30k_test_007640.jpg,data/images/flickr30k/flickr30k_test_007640.jpg
flickr30k_retrieval_2000_seed2,796,796,flickr30k_test_008802,images/flickr30k/flickr30k_test_008802.jpg,data/images/flickr30k/flickr30k_test_008802.jpg
flickr30k_retrieval_2000_seed2,797,797,flickr30k_test_026494,images/flickr30k/flickr30k_test_026494.jpg,data/images/flickr30k/flickr30k_test_026494.jpg
flickr30k_retrieval_2000_seed2,798,798,flickr30k_test_018042,images/flickr30k/flickr30k_test_018042.jpg,data/images/flickr30k/flickr30k_test_018042.jpg
flickr30k_retrieval_2000_seed2,799,799,flickr30k_test_020739,images/flickr30k/flickr30k_test_020739.jpg,data/images/flickr30k/flickr30k_test_020739.jpg
flickr30k_retrieval_2000_seed2,800,800,flickr30k_test_012386,images/flickr30k/flickr30k_test_012386.jpg,data/images/flickr30k/flickr30k_test_012386.jpg
flickr30k_retrieval_2000_seed2,801,801,flickr30k_test_013115,images/flickr30k/flickr30k_test_013115.jpg,data/images/flickr30k/flickr30k_test_013115.jpg
flickr30k_retrieval_2000_seed2,802,802,flickr30k_test_026492,images/flickr30k/flickr30k_test_026492.jpg,data/images/flickr30k/flickr30k_test_026492.jpg
flickr30k_retrieval_2000_seed2,803,803,flickr30k_test_026985,images/flickr30k/flickr30k_test_026985.jpg,data/images/flickr30k/flickr30k_test_026985.jpg
flickr30k_retrieval_2000_seed2,804,804,flickr30k_test_024556,images/flickr30k/flickr30k_test_024556.jpg,data/images/flickr30k/flickr30k_test_024556.jpg
flickr30k_retrieval_2000_seed2,805,805,flickr30k_test_011214,images/flickr30k/flickr30k_test_011214.jpg,data/images/flickr30k/flickr30k_test_011214.jpg
flickr30k_retrieval_2000_seed2,806,806,flickr30k_test_009199,images/flickr30k/flickr30k_test_009199.jpg,data/images/flickr30k/flickr30k_test_009199.jpg
flickr30k_retrieval_2000_seed2,807,807,flickr30k_test_028789,images/flickr30k/flickr30k_test_028789.jpg,data/images/flickr30k/flickr30k_test_028789.jpg
flickr30k_retrieval_2000_seed2,808,808,flickr30k_test_023595,images/flickr30k/flickr30k_test_023595.jpg,data/images/flickr30k/flickr30k_test_023595.jpg
flickr30k_retrieval_2000_seed2,809,809,flickr30k_test_030340,images/flickr30k/flickr30k_test_030340.jpg,data/images/flickr30k/flickr30k_test_030340.jpg
flickr30k_retrieval_2000_seed2,810,810,flickr30k_test_019500,images/flickr30k/flickr30k_test_019500.jpg,data/images/flickr30k/flickr30k_test_019500.jpg
flickr30k_retrieval_2000_seed2,811,811,flickr30k_test_016469,images/flickr30k/flickr30k_test_016469.jpg,data/images/flickr30k/flickr30k_test_016469.jpg
flickr30k_retrieval_2000_seed2,812,812,flickr30k_test_019033,images/flickr30k/flickr30k_test_019033.jpg,data/images/flickr30k/flickr30k_test_019033.jpg
flickr30k_retrieval_2000_seed2,813,813,flickr30k_test_022609,images/flickr30k/flickr30k_test_022609.jpg,data/images/flickr30k/flickr30k_test_022609.jpg
flickr30k_retrieval_2000_seed2,814,814,flickr30k_test_023989,images/flickr30k/flickr30k_test_023989.jpg,data/images/flickr30k/flickr30k_test_023989.jpg
flickr30k_retrieval_2000_seed2,815,815,flickr30k_test_010501,images/flickr30k/flickr30k_test_010501.jpg,data/images/flickr30k/flickr30k_test_010501.jpg
flickr30k_retrieval_2000_seed2,816,816,flickr30k_test_024332,images/flickr30k/flickr30k_test_024332.jpg,data/images/flickr30k/flickr30k_test_024332.jpg
flickr30k_retrieval_2000_seed2,817,817,flickr30k_test_013088,images/flickr30k/flickr30k_test_013088.jpg,data/images/flickr30k/flickr30k_test_013088.jpg
flickr30k_retrieval_2000_seed2,818,818,flickr30k_test_024608,images/flickr30k/flickr30k_test_024608.jpg,data/images/flickr30k/flickr30k_test_024608.jpg
flickr30k_retrieval_2000_seed2,819,819,flickr30k_test_023390,images/flickr30k/flickr30k_test_023390.jpg,data/images/flickr30k/flickr30k_test_023390.jpg
flickr30k_retrieval_2000_seed2,820,820,flickr30k_test_028485,images/flickr30k/flickr30k_test_028485.jpg,data/images/flickr30k/flickr30k_test_028485.jpg
flickr30k_retrieval_2000_seed2,821,821,flickr30k_test_023085,images/flickr30k/flickr30k_test_023085.jpg,data/images/flickr30k/flickr30k_test_023085.jpg
flickr30k_retrieval_2000_seed2,822,822,flickr30k_test_030656,images/flickr30k/flickr30k_test_030656.jpg,data/images/flickr30k/flickr30k_test_030656.jpg
flickr30k_retrieval_2000_seed2,823,823,flickr30k_test_020714,images/flickr30k/flickr30k_test_020714.jpg,data/images/flickr30k/flickr30k_test_020714.jpg
flickr30k_retrieval_2000_seed2,824,824,flickr30k_test_024691,images/flickr30k/flickr30k_test_024691.jpg,data/images/flickr30k/flickr30k_test_024691.jpg
flickr30k_retrieval_2000_seed2,825,825,flickr30k_test_023473,images/flickr30k/flickr30k_test_023473.jpg,data/images/flickr30k/flickr30k_test_023473.jpg
flickr30k_retrieval_2000_seed2,826,826,flickr30k_test_009555,images/flickr30k/flickr30k_test_009555.jpg,data/images/flickr30k/flickr30k_test_009555.jpg
flickr30k_retrieval_2000_seed2,827,827,flickr30k_test_017430,images/flickr30k/flickr30k_test_017430.jpg,data/images/flickr30k/flickr30k_test_017430.jpg
flickr30k_retrieval_2000_seed2,828,828,flickr30k_test_020397,images/flickr30k/flickr30k_test_020397.jpg,data/images/flickr30k/flickr30k_test_020397.jpg
flickr30k_retrieval_2000_seed2,829,829,flickr30k_test_020872,images/flickr30k/flickr30k_test_020872.jpg,data/images/flickr30k/flickr30k_test_020872.jpg
flickr30k_retrieval_2000_seed2,830,830,flickr30k_test_021976,images/flickr30k/flickr30k_test_021976.jpg,data/images/flickr30k/flickr30k_test_021976.jpg
flickr30k_retrieval_2000_seed2,831,831,flickr30k_test_002381,images/flickr30k/flickr30k_test_002381.jpg,data/images/flickr30k/flickr30k_test_002381.jpg
flickr30k_retrieval_2000_seed2,832,832,flickr30k_test_012040,images/flickr30k/flickr30k_test_012040.jpg,data/images/flickr30k/flickr30k_test_012040.jpg
flickr30k_retrieval_2000_seed2,833,833,flickr30k_test_010111,images/flickr30k/flickr30k_test_010111.jpg,data/images/flickr30k/flickr30k_test_010111.jpg
flickr30k_retrieval_2000_seed2,834,834,flickr30k_test_012949,images/flickr30k/flickr30k_test_012949.jpg,data/images/flickr30k/flickr30k_test_012949.jpg
flickr30k_retrieval_2000_seed2,835,835,flickr30k_test_015859,images/flickr30k/flickr30k_test_015859.jpg,data/images/flickr30k/flickr30k_test_015859.jpg
flickr30k_retrieval_2000_seed2,836,836,flickr30k_test_005727,images/flickr30k/flickr30k_test_005727.jpg,data/images/flickr30k/flickr30k_test_005727.jpg
flickr30k_retrieval_2000_seed2,837,837,flickr30k_test_008451,images/flickr30k/flickr30k_test_008451.jpg,data/images/flickr30k/flickr30k_test_008451.jpg
flickr30k_retrieval_2000_seed2,838,838,flickr30k_test_029534,images/flickr30k/flickr30k_test_029534.jpg,data/images/flickr30k/flickr30k_test_029534.jpg
flickr30k_retrieval_2000_seed2,839,839,flickr30k_test_011599,images/flickr30k/flickr30k_test_011599.jpg,data/images/flickr30k/flickr30k_test_011599.jpg
flickr30k_retrieval_2000_seed2,840,840,flickr30k_test_014441,images/flickr30k/flickr30k_test_014441.jpg,data/images/flickr30k/flickr30k_test_014441.jpg
flickr30k_retrieval_2000_seed2,841,841,flickr30k_test_015618,images/flickr30k/flickr30k_test_015618.jpg,data/images/flickr30k/flickr30k_test_015618.jpg
flickr30k_retrieval_2000_seed2,842,842,flickr30k_test_002873,images/flickr30k/flickr30k_test_002873.jpg,data/images/flickr30k/flickr30k_test_002873.jpg
flickr30k_retrieval_2000_seed2,843,843,flickr30k_test_030261,images/flickr30k/flickr30k_test_030261.jpg,data/images/flickr30k/flickr30k_test_030261.jpg
flickr30k_retrieval_2000_seed2,844,844,flickr30k_test_006109,images/flickr30k/flickr30k_test_006109.jpg,data/images/flickr30k/flickr30k_test_006109.jpg
flickr30k_retrieval_2000_seed2,845,845,flickr30k_test_010317,images/flickr30k/flickr30k_test_010317.jpg,data/images/flickr30k/flickr30k_test_010317.jpg
flickr30k_retrieval_2000_seed2,846,846,flickr30k_test_012419,images/flickr30k/flickr30k_test_012419.jpg,data/images/flickr30k/flickr30k_test_012419.jpg
flickr30k_retrieval_2000_seed2,847,847,flickr30k_test_004163,images/flickr30k/flickr30k_test_004163.jpg,data/images/flickr30k/flickr30k_test_004163.jpg
flickr30k_retrieval_2000_seed2,848,848,flickr30k_test_000918,images/flickr30k/flickr30k_test_000918.jpg,data/images/flickr30k/flickr30k_test_000918.jpg
flickr30k_retrieval_2000_seed2,849,849,flickr30k_test_003416,images/flickr30k/flickr30k_test_003416.jpg,data/images/flickr30k/flickr30k_test_003416.jpg
flickr30k_retrieval_2000_seed2,850,850,flickr30k_test_005475,images/flickr30k/flickr30k_test_005475.jpg,data/images/flickr30k/flickr30k_test_005475.jpg
flickr30k_retrieval_2000_seed2,851,851,flickr30k_test_011769,images/flickr30k/flickr30k_test_011769.jpg,data/images/flickr30k/flickr30k_test_011769.jpg
flickr30k_retrieval_2000_seed2,852,852,flickr30k_test_002524,images/flickr30k/flickr30k_test_002524.jpg,data/images/flickr30k/flickr30k_test_002524.jpg
flickr30k_retrieval_2000_seed2,853,853,flickr30k_test_030069,images/flickr30k/flickr30k_test_030069.jpg,data/images/flickr30k/flickr30k_test_030069.jpg
flickr30k_retrieval_2000_seed2,854,854,flickr30k_test_028783,images/flickr30k/flickr30k_test_028783.jpg,data/images/flickr30k/flickr30k_test_028783.jpg
flickr30k_retrieval_2000_seed2,855,855,flickr30k_test_028940,images/flickr30k/flickr30k_test_028940.jpg,data/images/flickr30k/flickr30k_test_028940.jpg
flickr30k_retrieval_2000_seed2,856,856,flickr30k_test_023997,images/flickr30k/flickr30k_test_023997.jpg,data/images/flickr30k/flickr30k_test_023997.jpg
flickr30k_retrieval_2000_seed2,857,857,flickr30k_test_024954,images/flickr30k/flickr30k_test_024954.jpg,data/images/flickr30k/flickr30k_test_024954.jpg
flickr30k_retrieval_2000_seed2,858,858,flickr30k_test_021356,images/flickr30k/flickr30k_test_021356.jpg,data/images/flickr30k/flickr30k_test_021356.jpg
flickr30k_retrieval_2000_seed2,859,859,flickr30k_test_014300,images/flickr30k/flickr30k_test_014300.jpg,data/images/flickr30k/flickr30k_test_014300.jpg
flickr30k_retrieval_2000_seed2,860,860,flickr30k_test_000274,images/flickr30k/flickr30k_test_000274.jpg,data/images/flickr30k/flickr30k_test_000274.jpg
flickr30k_retrieval_2000_seed2,861,861,flickr30k_test_017782,images/flickr30k/flickr30k_test_017782.jpg,data/images/flickr30k/flickr30k_test_017782.jpg
flickr30k_retrieval_2000_seed2,862,862,flickr30k_test_010498,images/flickr30k/flickr30k_test_010498.jpg,data/images/flickr30k/flickr30k_test_010498.jpg
flickr30k_retrieval_2000_seed2,863,863,flickr30k_test_007758,images/flickr30k/flickr30k_test_007758.jpg,data/images/flickr30k/flickr30k_test_007758.jpg
flickr30k_retrieval_2000_seed2,864,864,flickr30k_test_027035,images/flickr30k/flickr30k_test_027035.jpg,data/images/flickr30k/flickr30k_test_027035.jpg
flickr30k_retrieval_2000_seed2,865,865,flickr30k_test_027313,images/flickr30k/flickr30k_test_027313.jpg,data/images/flickr30k/flickr30k_test_027313.jpg
flickr30k_retrieval_2000_seed2,866,866,flickr30k_test_019485,images/flickr30k/flickr30k_test_019485.jpg,data/images/flickr30k/flickr30k_test_019485.jpg
flickr30k_retrieval_2000_seed2,867,867,flickr30k_test_012776,images/flickr30k/flickr30k_test_012776.jpg,data/images/flickr30k/flickr30k_test_012776.jpg
flickr30k_retrieval_2000_seed2,868,868,flickr30k_test_017732,images/flickr30k/flickr30k_test_017732.jpg,data/images/flickr30k/flickr30k_test_017732.jpg
flickr30k_retrieval_2000_seed2,869,869,flickr30k_test_009327,images/flickr30k/flickr30k_test_009327.jpg,data/images/flickr30k/flickr30k_test_009327.jpg
flickr30k_retrieval_2000_seed2,870,870,flickr30k_test_020899,images/flickr30k/flickr30k_test_020899.jpg,data/images/flickr30k/flickr30k_test_020899.jpg
flickr30k_retrieval_2000_seed2,871,871,flickr30k_test_029514,images/flickr30k/flickr30k_test_029514.jpg,data/images/flickr30k/flickr30k_test_029514.jpg
flickr30k_retrieval_2000_seed2,872,872,flickr30k_test_004934,images/flickr30k/flickr30k_test_004934.jpg,data/images/flickr30k/flickr30k_test_004934.jpg
flickr30k_retrieval_2000_seed2,873,873,flickr30k_test_010366,images/flickr30k/flickr30k_test_010366.jpg,data/images/flickr30k/flickr30k_test_010366.jpg
flickr30k_retrieval_2000_seed2,874,874,flickr30k_test_006623,images/flickr30k/flickr30k_test_006623.jpg,data/images/flickr30k/flickr30k_test_006623.jpg
flickr30k_retrieval_2000_seed2,875,875,flickr30k_test_030348,images/flickr30k/flickr30k_test_030348.jpg,data/images/flickr30k/flickr30k_test_030348.jpg
flickr30k_retrieval_2000_seed2,876,876,flickr30k_test_016333,images/flickr30k/flickr30k_test_016333.jpg,data/images/flickr30k/flickr30k_test_016333.jpg
flickr30k_retrieval_2000_seed2,877,877,flickr30k_test_003114,images/flickr30k/flickr30k_test_003114.jpg,data/images/flickr30k/flickr30k_test_003114.jpg
flickr30k_retrieval_2000_seed2,878,878,flickr30k_test_004659,images/flickr30k/flickr30k_test_004659.jpg,data/images/flickr30k/flickr30k_test_004659.jpg
flickr30k_retrieval_2000_seed2,879,879,flickr30k_test_025686,images/flickr30k/flickr30k_test_025686.jpg,data/images/flickr30k/flickr30k_test_025686.jpg
flickr30k_retrieval_2000_seed2,880,880,flickr30k_test_006695,images/flickr30k/flickr30k_test_006695.jpg,data/images/flickr30k/flickr30k_test_006695.jpg
flickr30k_retrieval_2000_seed2,881,881,flickr30k_test_010857,images/flickr30k/flickr30k_test_010857.jpg,data/images/flickr30k/flickr30k_test_010857.jpg
flickr30k_retrieval_2000_seed2,882,882,flickr30k_test_008224,images/flickr30k/flickr30k_test_008224.jpg,data/images/flickr30k/flickr30k_test_008224.jpg
flickr30k_retrieval_2000_seed2,883,883,flickr30k_test_004632,images/flickr30k/flickr30k_test_004632.jpg,data/images/flickr30k/flickr30k_test_004632.jpg
flickr30k_retrieval_2000_seed2,884,884,flickr30k_test_013775,images/flickr30k/flickr30k_test_013775.jpg,data/images/flickr30k/flickr30k_test_013775.jpg
flickr30k_retrieval_2000_seed2,885,885,flickr30k_test_011809,images/flickr30k/flickr30k_test_011809.jpg,data/images/flickr30k/flickr30k_test_011809.jpg
flickr30k_retrieval_2000_seed2,886,886,flickr30k_test_008197,images/flickr30k/flickr30k_test_008197.jpg,data/images/flickr30k/flickr30k_test_008197.jpg
flickr30k_retrieval_2000_seed2,887,887,flickr30k_test_011229,images/flickr30k/flickr30k_test_011229.jpg,data/images/flickr30k/flickr30k_test_011229.jpg
flickr30k_retrieval_2000_seed2,888,888,flickr30k_test_006144,images/flickr30k/flickr30k_test_006144.jpg,data/images/flickr30k/flickr30k_test_006144.jpg
flickr30k_retrieval_2000_seed2,889,889,flickr30k_test_008076,images/flickr30k/flickr30k_test_008076.jpg,data/images/flickr30k/flickr30k_test_008076.jpg
flickr30k_retrieval_2000_seed2,890,890,flickr30k_test_023178,images/flickr30k/flickr30k_test_023178.jpg,data/images/flickr30k/flickr30k_test_023178.jpg
flickr30k_retrieval_2000_seed2,891,891,flickr30k_test_007867,images/flickr30k/flickr30k_test_007867.jpg,data/images/flickr30k/flickr30k_test_007867.jpg
flickr30k_retrieval_2000_seed2,892,892,flickr30k_test_023856,images/flickr30k/flickr30k_test_023856.jpg,data/images/flickr30k/flickr30k_test_023856.jpg
flickr30k_retrieval_2000_seed2,893,893,flickr30k_test_020008,images/flickr30k/flickr30k_test_020008.jpg,data/images/flickr30k/flickr30k_test_020008.jpg
flickr30k_retrieval_2000_seed2,894,894,flickr30k_test_001535,images/flickr30k/flickr30k_test_001535.jpg,data/images/flickr30k/flickr30k_test_001535.jpg
flickr30k_retrieval_2000_seed2,895,895,flickr30k_test_011025,images/flickr30k/flickr30k_test_011025.jpg,data/images/flickr30k/flickr30k_test_011025.jpg
flickr30k_retrieval_2000_seed2,896,896,flickr30k_test_030805,images/flickr30k/flickr30k_test_030805.jpg,data/images/flickr30k/flickr30k_test_030805.jpg
flickr30k_retrieval_2000_seed2,897,897,flickr30k_test_012215,images/flickr30k/flickr30k_test_012215.jpg,data/images/flickr30k/flickr30k_test_012215.jpg
flickr30k_retrieval_2000_seed2,898,898,flickr30k_test_021232,images/flickr30k/flickr30k_test_021232.jpg,data/images/flickr30k/flickr30k_test_021232.jpg
flickr30k_retrieval_2000_seed2,899,899,flickr30k_test_025159,images/flickr30k/flickr30k_test_025159.jpg,data/images/flickr30k/flickr30k_test_025159.jpg
flickr30k_retrieval_2000_seed2,900,900,flickr30k_test_020036,images/flickr30k/flickr30k_test_020036.jpg,data/images/flickr30k/flickr30k_test_020036.jpg
flickr30k_retrieval_2000_seed2,901,901,flickr30k_test_002021,images/flickr30k/flickr30k_test_002021.jpg,data/images/flickr30k/flickr30k_test_002021.jpg
flickr30k_retrieval_2000_seed2,902,902,flickr30k_test_028255,images/flickr30k/flickr30k_test_028255.jpg,data/images/flickr30k/flickr30k_test_028255.jpg
flickr30k_retrieval_2000_seed2,903,903,flickr30k_test_004719,images/flickr30k/flickr30k_test_004719.jpg,data/images/flickr30k/flickr30k_test_004719.jpg
flickr30k_retrieval_2000_seed2,904,904,flickr30k_test_005815,images/flickr30k/flickr30k_test_005815.jpg,data/images/flickr30k/flickr30k_test_005815.jpg
flickr30k_retrieval_2000_seed2,905,905,flickr30k_test_027879,images/flickr30k/flickr30k_test_027879.jpg,data/images/flickr30k/flickr30k_test_027879.jpg
flickr30k_retrieval_2000_seed2,906,906,flickr30k_test_002066,images/flickr30k/flickr30k_test_002066.jpg,data/images/flickr30k/flickr30k_test_002066.jpg
flickr30k_retrieval_2000_seed2,907,907,flickr30k_test_014082,images/flickr30k/flickr30k_test_014082.jpg,data/images/flickr30k/flickr30k_test_014082.jpg
flickr30k_retrieval_2000_seed2,908,908,flickr30k_test_014535,images/flickr30k/flickr30k_test_014535.jpg,data/images/flickr30k/flickr30k_test_014535.jpg
flickr30k_retrieval_2000_seed2,909,909,flickr30k_test_025519,images/flickr30k/flickr30k_test_025519.jpg,data/images/flickr30k/flickr30k_test_025519.jpg
flickr30k_retrieval_2000_seed2,910,910,flickr30k_test_008910,images/flickr30k/flickr30k_test_008910.jpg,data/images/flickr30k/flickr30k_test_008910.jpg
flickr30k_retrieval_2000_seed2,911,911,flickr30k_test_004351,images/flickr30k/flickr30k_test_004351.jpg,data/images/flickr30k/flickr30k_test_004351.jpg
flickr30k_retrieval_2000_seed2,912,912,flickr30k_test_010517,images/flickr30k/flickr30k_test_010517.jpg,data/images/flickr30k/flickr30k_test_010517.jpg
flickr30k_retrieval_2000_seed2,913,913,flickr30k_test_017137,images/flickr30k/flickr30k_test_017137.jpg,data/images/flickr30k/flickr30k_test_017137.jpg
flickr30k_retrieval_2000_seed2,914,914,flickr30k_test_018900,images/flickr30k/flickr30k_test_018900.jpg,data/images/flickr30k/flickr30k_test_018900.jpg
flickr30k_retrieval_2000_seed2,915,915,flickr30k_test_027701,images/flickr30k/flickr30k_test_027701.jpg,data/images/flickr30k/flickr30k_test_027701.jpg
flickr30k_retrieval_2000_seed2,916,916,flickr30k_test_003814,images/flickr30k/flickr30k_test_003814.jpg,data/images/flickr30k/flickr30k_test_003814.jpg
flickr30k_retrieval_2000_seed2,917,917,flickr30k_test_011076,images/flickr30k/flickr30k_test_011076.jpg,data/images/flickr30k/flickr30k_test_011076.jpg
flickr30k_retrieval_2000_seed2,918,918,flickr30k_test_021240,images/flickr30k/flickr30k_test_021240.jpg,data/images/flickr30k/flickr30k_test_021240.jpg
flickr30k_retrieval_2000_seed2,919,919,flickr30k_test_025171,images/flickr30k/flickr30k_test_025171.jpg,data/images/flickr30k/flickr30k_test_025171.jpg
flickr30k_retrieval_2000_seed2,920,920,flickr30k_test_023284,images/flickr30k/flickr30k_test_023284.jpg,data/images/flickr30k/flickr30k_test_023284.jpg
flickr30k_retrieval_2000_seed2,921,921,flickr30k_test_020000,images/flickr30k/flickr30k_test_020000.jpg,data/images/flickr30k/flickr30k_test_020000.jpg
flickr30k_retrieval_2000_seed2,922,922,flickr30k_test_012929,images/flickr30k/flickr30k_test_012929.jpg,data/images/flickr30k/flickr30k_test_012929.jpg
flickr30k_retrieval_2000_seed2,923,923,flickr30k_test_007463,images/flickr30k/flickr30k_test_007463.jpg,data/images/flickr30k/flickr30k_test_007463.jpg
flickr30k_retrieval_2000_seed2,924,924,flickr30k_test_001774,images/flickr30k/flickr30k_test_001774.jpg,data/images/flickr30k/flickr30k_test_001774.jpg
flickr30k_retrieval_2000_seed2,925,925,flickr30k_test_012854,images/flickr30k/flickr30k_test_012854.jpg,data/images/flickr30k/flickr30k_test_012854.jpg
flickr30k_retrieval_2000_seed2,926,926,flickr30k_test_025119,images/flickr30k/flickr30k_test_025119.jpg,data/images/flickr30k/flickr30k_test_025119.jpg
flickr30k_retrieval_2000_seed2,927,927,flickr30k_test_015525,images/flickr30k/flickr30k_test_015525.jpg,data/images/flickr30k/flickr30k_test_015525.jpg
flickr30k_retrieval_2000_seed2,928,928,flickr30k_test_016051,images/flickr30k/flickr30k_test_016051.jpg,data/images/flickr30k/flickr30k_test_016051.jpg
flickr30k_retrieval_2000_seed2,929,929,flickr30k_test_020299,images/flickr30k/flickr30k_test_020299.jpg,data/images/flickr30k/flickr30k_test_020299.jpg
flickr30k_retrieval_2000_seed2,930,930,flickr30k_test_028553,images/flickr30k/flickr30k_test_028553.jpg,data/images/flickr30k/flickr30k_test_028553.jpg
flickr30k_retrieval_2000_seed2,931,931,flickr30k_test_010382,images/flickr30k/flickr30k_test_010382.jpg,data/images/flickr30k/flickr30k_test_010382.jpg
flickr30k_retrieval_2000_seed2,932,932,flickr30k_test_017846,images/flickr30k/flickr30k_test_017846.jpg,data/images/flickr30k/flickr30k_test_017846.jpg
flickr30k_retrieval_2000_seed2,933,933,flickr30k_test_027447,images/flickr30k/flickr30k_test_027447.jpg,data/images/flickr30k/flickr30k_test_027447.jpg
flickr30k_retrieval_2000_seed2,934,934,flickr30k_test_020366,images/flickr30k/flickr30k_test_020366.jpg,data/images/flickr30k/flickr30k_test_020366.jpg
flickr30k_retrieval_2000_seed2,935,935,flickr30k_test_019580,images/flickr30k/flickr30k_test_019580.jpg,data/images/flickr30k/flickr30k_test_019580.jpg
flickr30k_retrieval_2000_seed2,936,936,flickr30k_test_002967,images/flickr30k/flickr30k_test_002967.jpg,data/images/flickr30k/flickr30k_test_002967.jpg
flickr30k_retrieval_2000_seed2,937,937,flickr30k_test_019267,images/flickr30k/flickr30k_test_019267.jpg,data/images/flickr30k/flickr30k_test_019267.jpg
flickr30k_retrieval_2000_seed2,938,938,flickr30k_test_016725,images/flickr30k/flickr30k_test_016725.jpg,data/images/flickr30k/flickr30k_test_016725.jpg
flickr30k_retrieval_2000_seed2,939,939,flickr30k_test_017648,images/flickr30k/flickr30k_test_017648.jpg,data/images/flickr30k/flickr30k_test_017648.jpg
flickr30k_retrieval_2000_seed2,940,940,flickr30k_test_021780,images/flickr30k/flickr30k_test_021780.jpg,data/images/flickr30k/flickr30k_test_021780.jpg
flickr30k_retrieval_2000_seed2,941,941,flickr30k_test_016243,images/flickr30k/flickr30k_test_016243.jpg,data/images/flickr30k/flickr30k_test_016243.jpg
flickr30k_retrieval_2000_seed2,942,942,flickr30k_test_013149,images/flickr30k/flickr30k_test_013149.jpg,data/images/flickr30k/flickr30k_test_013149.jpg
flickr30k_retrieval_2000_seed2,943,943,flickr30k_test_027551,images/flickr30k/flickr30k_test_027551.jpg,data/images/flickr30k/flickr30k_test_027551.jpg
flickr30k_retrieval_2000_seed2,944,944,flickr30k_test_022660,images/flickr30k/flickr30k_test_022660.jpg,data/images/flickr30k/flickr30k_test_022660.jpg
flickr30k_retrieval_2000_seed2,945,945,flickr30k_test_014895,images/flickr30k/flickr30k_test_014895.jpg,data/images/flickr30k/flickr30k_test_014895.jpg
flickr30k_retrieval_2000_seed2,946,946,flickr30k_test_005550,images/flickr30k/flickr30k_test_005550.jpg,data/images/flickr30k/flickr30k_test_005550.jpg
flickr30k_retrieval_2000_seed2,947,947,flickr30k_test_013493,images/flickr30k/flickr30k_test_013493.jpg,data/images/flickr30k/flickr30k_test_013493.jpg
flickr30k_retrieval_2000_seed2,948,948,flickr30k_test_012648,images/flickr30k/flickr30k_test_012648.jpg,data/images/flickr30k/flickr30k_test_012648.jpg
flickr30k_retrieval_2000_seed2,949,949,flickr30k_test_017195,images/flickr30k/flickr30k_test_017195.jpg,data/images/flickr30k/flickr30k_test_017195.jpg
flickr30k_retrieval_2000_seed2,950,950,flickr30k_test_014832,images/flickr30k/flickr30k_test_014832.jpg,data/images/flickr30k/flickr30k_test_014832.jpg
flickr30k_retrieval_2000_seed2,951,951,flickr30k_test_001512,images/flickr30k/flickr30k_test_001512.jpg,data/images/flickr30k/flickr30k_test_001512.jpg
flickr30k_retrieval_2000_seed2,952,952,flickr30k_test_028798,images/flickr30k/flickr30k_test_028798.jpg,data/images/flickr30k/flickr30k_test_028798.jpg
flickr30k_retrieval_2000_seed2,953,953,flickr30k_test_003547,images/flickr30k/flickr30k_test_003547.jpg,data/images/flickr30k/flickr30k_test_003547.jpg
flickr30k_retrieval_2000_seed2,954,954,flickr30k_test_014789,images/flickr30k/flickr30k_test_014789.jpg,data/images/flickr30k/flickr30k_test_014789.jpg
flickr30k_retrieval_2000_seed2,955,955,flickr30k_test_004201,images/flickr30k/flickr30k_test_004201.jpg,data/images/flickr30k/flickr30k_test_004201.jpg
flickr30k_retrieval_2000_seed2,956,956,flickr30k_test_003881,images/flickr30k/flickr30k_test_003881.jpg,data/images/flickr30k/flickr30k_test_003881.jpg
flickr30k_retrieval_2000_seed2,957,957,flickr30k_test_030716,images/flickr30k/flickr30k_test_030716.jpg,data/images/flickr30k/flickr30k_test_030716.jpg
flickr30k_retrieval_2000_seed2,958,958,flickr30k_test_030189,images/flickr30k/flickr30k_test_030189.jpg,data/images/flickr30k/flickr30k_test_030189.jpg
flickr30k_retrieval_2000_seed2,959,959,flickr30k_test_022273,images/flickr30k/flickr30k_test_022273.jpg,data/images/flickr30k/flickr30k_test_022273.jpg
flickr30k_retrieval_2000_seed2,960,960,flickr30k_test_016384,images/flickr30k/flickr30k_test_016384.jpg,data/images/flickr30k/flickr30k_test_016384.jpg
flickr30k_retrieval_2000_seed2,961,961,flickr30k_test_029985,images/flickr30k/flickr30k_test_029985.jpg,data/images/flickr30k/flickr30k_test_029985.jpg
flickr30k_retrieval_2000_seed2,962,962,flickr30k_test_005737,images/flickr30k/flickr30k_test_005737.jpg,data/images/flickr30k/flickr30k_test_005737.jpg
flickr30k_retrieval_2000_seed2,963,963,flickr30k_test_002534,images/flickr30k/flickr30k_test_002534.jpg,data/images/flickr30k/flickr30k_test_002534.jpg
flickr30k_retrieval_2000_seed2,964,964,flickr30k_test_012865,images/flickr30k/flickr30k_test_012865.jpg,data/images/flickr30k/flickr30k_test_012865.jpg
flickr30k_retrieval_2000_seed2,965,965,flickr30k_test_010020,images/flickr30k/flickr30k_test_010020.jpg,data/images/flickr30k/flickr30k_test_010020.jpg
flickr30k_retrieval_2000_seed2,966,966,flickr30k_test_014997,images/flickr30k/flickr30k_test_014997.jpg,data/images/flickr30k/flickr30k_test_014997.jpg
flickr30k_retrieval_2000_seed2,967,967,flickr30k_test_026146,images/flickr30k/flickr30k_test_026146.jpg,data/images/flickr30k/flickr30k_test_026146.jpg
flickr30k_retrieval_2000_seed2,968,968,flickr30k_test_023177,images/flickr30k/flickr30k_test_023177.jpg,data/images/flickr30k/flickr30k_test_023177.jpg
flickr30k_retrieval_2000_seed2,969,969,flickr30k_test_000289,images/flickr30k/flickr30k_test_000289.jpg,data/images/flickr30k/flickr30k_test_000289.jpg
flickr30k_retrieval_2000_seed2,970,970,flickr30k_test_008288,images/flickr30k/flickr30k_test_008288.jpg,data/images/flickr30k/flickr30k_test_008288.jpg
flickr30k_retrieval_2000_seed2,971,971,flickr30k_test_003472,images/flickr30k/flickr30k_test_003472.jpg,data/images/flickr30k/flickr30k_test_003472.jpg
flickr30k_retrieval_2000_seed2,972,972,flickr30k_test_021911,images/flickr30k/flickr30k_test_021911.jpg,data/images/flickr30k/flickr30k_test_021911.jpg
flickr30k_retrieval_2000_seed2,973,973,flickr30k_test_011489,images/flickr30k/flickr30k_test_011489.jpg,data/images/flickr30k/flickr30k_test_011489.jpg
flickr30k_retrieval_2000_seed2,974,974,flickr30k_test_007228,images/flickr30k/flickr30k_test_007228.jpg,data/images/flickr30k/flickr30k_test_007228.jpg
flickr30k_retrieval_2000_seed2,975,975,flickr30k_test_005673,images/flickr30k/flickr30k_test_005673.jpg,data/images/flickr30k/flickr30k_test_005673.jpg
flickr30k_retrieval_2000_seed2,976,976,flickr30k_test_000817,images/flickr30k/flickr30k_test_000817.jpg,data/images/flickr30k/flickr30k_test_000817.jpg
flickr30k_retrieval_2000_seed2,977,977,flickr30k_test_004812,images/flickr30k/flickr30k_test_004812.jpg,data/images/flickr30k/flickr30k_test_004812.jpg
flickr30k_retrieval_2000_seed2,978,978,flickr30k_test_014001,images/flickr30k/flickr30k_test_014001.jpg,data/images/flickr30k/flickr30k_test_014001.jpg
flickr30k_retrieval_2000_seed2,979,979,flickr30k_test_021946,images/flickr30k/flickr30k_test_021946.jpg,data/images/flickr30k/flickr30k_test_021946.jpg
flickr30k_retrieval_2000_seed2,980,980,flickr30k_test_003012,images/flickr30k/flickr30k_test_003012.jpg,data/images/flickr30k/flickr30k_test_003012.jpg
flickr30k_retrieval_2000_seed2,981,981,flickr30k_test_011010,images/flickr30k/flickr30k_test_011010.jpg,data/images/flickr30k/flickr30k_test_011010.jpg
flickr30k_retrieval_2000_seed2,982,982,flickr30k_test_026860,images/flickr30k/flickr30k_test_026860.jpg,data/images/flickr30k/flickr30k_test_026860.jpg
flickr30k_retrieval_2000_seed2,983,983,flickr30k_test_021278,images/flickr30k/flickr30k_test_021278.jpg,data/images/flickr30k/flickr30k_test_021278.jpg
flickr30k_retrieval_2000_seed2,984,984,flickr30k_test_015251,images/flickr30k/flickr30k_test_015251.jpg,data/images/flickr30k/flickr30k_test_015251.jpg
flickr30k_retrieval_2000_seed2,985,985,flickr30k_test_001630,images/flickr30k/flickr30k_test_001630.jpg,data/images/flickr30k/flickr30k_test_001630.jpg
flickr30k_retrieval_2000_seed2,986,986,flickr30k_test_028122,images/flickr30k/flickr30k_test_028122.jpg,data/images/flickr30k/flickr30k_test_028122.jpg
flickr30k_retrieval_2000_seed2,987,987,flickr30k_test_029449,images/flickr30k/flickr30k_test_029449.jpg,data/images/flickr30k/flickr30k_test_029449.jpg
flickr30k_retrieval_2000_seed2,988,988,flickr30k_test_015559,images/flickr30k/flickr30k_test_015559.jpg,data/images/flickr30k/flickr30k_test_015559.jpg
flickr30k_retrieval_2000_seed2,989,989,flickr30k_test_007914,images/flickr30k/flickr30k_test_007914.jpg,data/images/flickr30k/flickr30k_test_007914.jpg
flickr30k_retrieval_2000_seed2,990,990,flickr30k_test_002117,images/flickr30k/flickr30k_test_002117.jpg,data/images/flickr30k/flickr30k_test_002117.jpg
flickr30k_retrieval_2000_seed2,991,991,flickr30k_test_015776,images/flickr30k/flickr30k_test_015776.jpg,data/images/flickr30k/flickr30k_test_015776.jpg
flickr30k_retrieval_2000_seed2,992,992,flickr30k_test_004571,images/flickr30k/flickr30k_test_004571.jpg,data/images/flickr30k/flickr30k_test_004571.jpg
flickr30k_retrieval_2000_seed2,993,993,flickr30k_test_018309,images/flickr30k/flickr30k_test_018309.jpg,data/images/flickr30k/flickr30k_test_018309.jpg
flickr30k_retrieval_2000_seed2,994,994,flickr30k_test_000995,images/flickr30k/flickr30k_test_000995.jpg,data/images/flickr30k/flickr30k_test_000995.jpg
flickr30k_retrieval_2000_seed2,995,995,flickr30k_test_004542,images/flickr30k/flickr30k_test_004542.jpg,data/images/flickr30k/flickr30k_test_004542.jpg
flickr30k_retrieval_2000_seed2,996,996,flickr30k_test_022798,images/flickr30k/flickr30k_test_022798.jpg,data/images/flickr30k/flickr30k_test_022798.jpg
flickr30k_retrieval_2000_seed2,997,997,flickr30k_test_016454,images/flickr30k/flickr30k_test_016454.jpg,data/images/flickr30k/flickr30k_test_016454.jpg
flickr30k_retrieval_2000_seed2,998,998,flickr30k_test_017765,images/flickr30k/flickr30k_test_017765.jpg,data/images/flickr30k/flickr30k_test_017765.jpg
flickr30k_retrieval_2000_seed2,999,999,flickr30k_test_001976,images/flickr30k/flickr30k_test_001976.jpg,data/images/flickr30k/flickr30k_test_001976.jpg
flickr30k_retrieval_2000_seed2,1000,1000,flickr30k_test_001584,images/flickr30k/flickr30k_test_001584.jpg,data/images/flickr30k/flickr30k_test_001584.jpg
flickr30k_retrieval_2000_seed2,1001,1001,flickr30k_test_006540,images/flickr30k/flickr30k_test_006540.jpg,data/images/flickr30k/flickr30k_test_006540.jpg
flickr30k_retrieval_2000_seed2,1002,1002,flickr30k_test_017896,images/flickr30k/flickr30k_test_017896.jpg,data/images/flickr30k/flickr30k_test_017896.jpg
flickr30k_retrieval_2000_seed2,1003,1003,flickr30k_test_030099,images/flickr30k/flickr30k_test_030099.jpg,data/images/flickr30k/flickr30k_test_030099.jpg
flickr30k_retrieval_2000_seed2,1004,1004,flickr30k_test_000204,images/flickr30k/flickr30k_test_000204.jpg,data/images/flickr30k/flickr30k_test_000204.jpg
flickr30k_retrieval_2000_seed2,1005,1005,flickr30k_test_026936,images/flickr30k/flickr30k_test_026936.jpg,data/images/flickr30k/flickr30k_test_026936.jpg
flickr30k_retrieval_2000_seed2,1006,1006,flickr30k_test_026681,images/flickr30k/flickr30k_test_026681.jpg,data/images/flickr30k/flickr30k_test_026681.jpg
flickr30k_retrieval_2000_seed2,1007,1007,flickr30k_test_017133,images/flickr30k/flickr30k_test_017133.jpg,data/images/flickr30k/flickr30k_test_017133.jpg
flickr30k_retrieval_2000_seed2,1008,1008,flickr30k_test_011062,images/flickr30k/flickr30k_test_011062.jpg,data/images/flickr30k/flickr30k_test_011062.jpg
flickr30k_retrieval_2000_seed2,1009,1009,flickr30k_test_022342,images/flickr30k/flickr30k_test_022342.jpg,data/images/flickr30k/flickr30k_test_022342.jpg
flickr30k_retrieval_2000_seed2,1010,1010,flickr30k_test_017317,images/flickr30k/flickr30k_test_017317.jpg,data/images/flickr30k/flickr30k_test_017317.jpg
flickr30k_retrieval_2000_seed2,1011,1011,flickr30k_test_007814,images/flickr30k/flickr30k_test_007814.jpg,data/images/flickr30k/flickr30k_test_007814.jpg
flickr30k_retrieval_2000_seed2,1012,1012,flickr30k_test_004586,images/flickr30k/flickr30k_test_004586.jpg,data/images/flickr30k/flickr30k_test_004586.jpg
flickr30k_retrieval_2000_seed2,1013,1013,flickr30k_test_012174,images/flickr30k/flickr30k_test_012174.jpg,data/images/flickr30k/flickr30k_test_012174.jpg
flickr30k_retrieval_2000_seed2,1014,1014,flickr30k_test_000049,images/flickr30k/flickr30k_test_000049.jpg,data/images/flickr30k/flickr30k_test_000049.jpg
flickr30k_retrieval_2000_seed2,1015,1015,flickr30k_test_004317,images/flickr30k/flickr30k_test_004317.jpg,data/images/flickr30k/flickr30k_test_004317.jpg
flickr30k_retrieval_2000_seed2,1016,1016,flickr30k_test_017699,images/flickr30k/flickr30k_test_017699.jpg,data/images/flickr30k/flickr30k_test_017699.jpg
flickr30k_retrieval_2000_seed2,1017,1017,flickr30k_test_003818,images/flickr30k/flickr30k_test_003818.jpg,data/images/flickr30k/flickr30k_test_003818.jpg
flickr30k_retrieval_2000_seed2,1018,1018,flickr30k_test_008083,images/flickr30k/flickr30k_test_008083.jpg,data/images/flickr30k/flickr30k_test_008083.jpg
flickr30k_retrieval_2000_seed2,1019,1019,flickr30k_test_003546,images/flickr30k/flickr30k_test_003546.jpg,data/images/flickr30k/flickr30k_test_003546.jpg
flickr30k_retrieval_2000_seed2,1020,1020,flickr30k_test_015281,images/flickr30k/flickr30k_test_015281.jpg,data/images/flickr30k/flickr30k_test_015281.jpg
flickr30k_retrieval_2000_seed2,1021,1021,flickr30k_test_006939,images/flickr30k/flickr30k_test_006939.jpg,data/images/flickr30k/flickr30k_test_006939.jpg
flickr30k_retrieval_2000_seed2,1022,1022,flickr30k_test_026147,images/flickr30k/flickr30k_test_026147.jpg,data/images/flickr30k/flickr30k_test_026147.jpg
flickr30k_retrieval_2000_seed2,1023,1023,flickr30k_test_001741,images/flickr30k/flickr30k_test_001741.jpg,data/images/flickr30k/flickr30k_test_001741.jpg
flickr30k_retrieval_2000_seed2,1024,1024,flickr30k_test_020186,images/flickr30k/flickr30k_test_020186.jpg,data/images/flickr30k/flickr30k_test_020186.jpg
flickr30k_retrieval_2000_seed2,1025,1025,flickr30k_test_007052,images/flickr30k/flickr30k_test_007052.jpg,data/images/flickr30k/flickr30k_test_007052.jpg
flickr30k_retrieval_2000_seed2,1026,1026,flickr30k_test_020525,images/flickr30k/flickr30k_test_020525.jpg,data/images/flickr30k/flickr30k_test_020525.jpg
flickr30k_retrieval_2000_seed2,1027,1027,flickr30k_test_012423,images/flickr30k/flickr30k_test_012423.jpg,data/images/flickr30k/flickr30k_test_012423.jpg
flickr30k_retrieval_2000_seed2,1028,1028,flickr30k_test_011034,images/flickr30k/flickr30k_test_011034.jpg,data/images/flickr30k/flickr30k_test_011034.jpg
flickr30k_retrieval_2000_seed2,1029,1029,flickr30k_test_020404,images/flickr30k/flickr30k_test_020404.jpg,data/images/flickr30k/flickr30k_test_020404.jpg
flickr30k_retrieval_2000_seed2,1030,1030,flickr30k_test_021220,images/flickr30k/flickr30k_test_021220.jpg,data/images/flickr30k/flickr30k_test_021220.jpg
flickr30k_retrieval_2000_seed2,1031,1031,flickr30k_test_028134,images/flickr30k/flickr30k_test_028134.jpg,data/images/flickr30k/flickr30k_test_028134.jpg
flickr30k_retrieval_2000_seed2,1032,1032,flickr30k_test_012905,images/flickr30k/flickr30k_test_012905.jpg,data/images/flickr30k/flickr30k_test_012905.jpg
flickr30k_retrieval_2000_seed2,1033,1033,flickr30k_test_029628,images/flickr30k/flickr30k_test_029628.jpg,data/images/flickr30k/flickr30k_test_029628.jpg
flickr30k_retrieval_2000_seed2,1034,1034,flickr30k_test_030637,images/flickr30k/flickr30k_test_030637.jpg,data/images/flickr30k/flickr30k_test_030637.jpg
flickr30k_retrieval_2000_seed2,1035,1035,flickr30k_test_023513,images/flickr30k/flickr30k_test_023513.jpg,data/images/flickr30k/flickr30k_test_023513.jpg
flickr30k_retrieval_2000_seed2,1036,1036,flickr30k_test_017186,images/flickr30k/flickr30k_test_017186.jpg,data/images/flickr30k/flickr30k_test_017186.jpg
flickr30k_retrieval_2000_seed2,1037,1037,flickr30k_test_016616,images/flickr30k/flickr30k_test_016616.jpg,data/images/flickr30k/flickr30k_test_016616.jpg
flickr30k_retrieval_2000_seed2,1038,1038,flickr30k_test_025590,images/flickr30k/flickr30k_test_025590.jpg,data/images/flickr30k/flickr30k_test_025590.jpg
flickr30k_retrieval_2000_seed2,1039,1039,flickr30k_test_030047,images/flickr30k/flickr30k_test_030047.jpg,data/images/flickr30k/flickr30k_test_030047.jpg
flickr30k_retrieval_2000_seed2,1040,1040,flickr30k_test_022132,images/flickr30k/flickr30k_test_022132.jpg,data/images/flickr30k/flickr30k_test_022132.jpg
flickr30k_retrieval_2000_seed2,1041,1041,flickr30k_test_005341,images/flickr30k/flickr30k_test_005341.jpg,data/images/flickr30k/flickr30k_test_005341.jpg
flickr30k_retrieval_2000_seed2,1042,1042,flickr30k_test_016743,images/flickr30k/flickr30k_test_016743.jpg,data/images/flickr30k/flickr30k_test_016743.jpg
flickr30k_retrieval_2000_seed2,1043,1043,flickr30k_test_003455,images/flickr30k/flickr30k_test_003455.jpg,data/images/flickr30k/flickr30k_test_003455.jpg
flickr30k_retrieval_2000_seed2,1044,1044,flickr30k_test_027306,images/flickr30k/flickr30k_test_027306.jpg,data/images/flickr30k/flickr30k_test_027306.jpg
flickr30k_retrieval_2000_seed2,1045,1045,flickr30k_test_026797,images/flickr30k/flickr30k_test_026797.jpg,data/images/flickr30k/flickr30k_test_026797.jpg
flickr30k_retrieval_2000_seed2,1046,1046,flickr30k_test_004960,images/flickr30k/flickr30k_test_004960.jpg,data/images/flickr30k/flickr30k_test_004960.jpg
flickr30k_retrieval_2000_seed2,1047,1047,flickr30k_test_020549,images/flickr30k/flickr30k_test_020549.jpg,data/images/flickr30k/flickr30k_test_020549.jpg
flickr30k_retrieval_2000_seed2,1048,1048,flickr30k_test_006891,images/flickr30k/flickr30k_test_006891.jpg,data/images/flickr30k/flickr30k_test_006891.jpg
flickr30k_retrieval_2000_seed2,1049,1049,flickr30k_test_005684,images/flickr30k/flickr30k_test_005684.jpg,data/images/flickr30k/flickr30k_test_005684.jpg
flickr30k_retrieval_2000_seed2,1050,1050,flickr30k_test_012363,images/flickr30k/flickr30k_test_012363.jpg,data/images/flickr30k/flickr30k_test_012363.jpg
flickr30k_retrieval_2000_seed2,1051,1051,flickr30k_test_006615,images/flickr30k/flickr30k_test_006615.jpg,data/images/flickr30k/flickr30k_test_006615.jpg
flickr30k_retrieval_2000_seed2,1052,1052,flickr30k_test_009745,images/flickr30k/flickr30k_test_009745.jpg,data/images/flickr30k/flickr30k_test_009745.jpg
flickr30k_retrieval_2000_seed2,1053,1053,flickr30k_test_011162,images/flickr30k/flickr30k_test_011162.jpg,data/images/flickr30k/flickr30k_test_011162.jpg
flickr30k_retrieval_2000_seed2,1054,1054,flickr30k_test_014118,images/flickr30k/flickr30k_test_014118.jpg,data/images/flickr30k/flickr30k_test_014118.jpg
flickr30k_retrieval_2000_seed2,1055,1055,flickr30k_test_004709,images/flickr30k/flickr30k_test_004709.jpg,data/images/flickr30k/flickr30k_test_004709.jpg
flickr30k_retrieval_2000_seed2,1056,1056,flickr30k_test_014015,images/flickr30k/flickr30k_test_014015.jpg,data/images/flickr30k/flickr30k_test_014015.jpg
flickr30k_retrieval_2000_seed2,1057,1057,flickr30k_test_004273,images/flickr30k/flickr30k_test_004273.jpg,data/images/flickr30k/flickr30k_test_004273.jpg
flickr30k_retrieval_2000_seed2,1058,1058,flickr30k_test_013046,images/flickr30k/flickr30k_test_013046.jpg,data/images/flickr30k/flickr30k_test_013046.jpg
flickr30k_retrieval_2000_seed2,1059,1059,flickr30k_test_010278,images/flickr30k/flickr30k_test_010278.jpg,data/images/flickr30k/flickr30k_test_010278.jpg
flickr30k_retrieval_2000_seed2,1060,1060,flickr30k_test_026140,images/flickr30k/flickr30k_test_026140.jpg,data/images/flickr30k/flickr30k_test_026140.jpg
flickr30k_retrieval_2000_seed2,1061,1061,flickr30k_test_009807,images/flickr30k/flickr30k_test_009807.jpg,data/images/flickr30k/flickr30k_test_009807.jpg
flickr30k_retrieval_2000_seed2,1062,1062,flickr30k_test_026591,images/flickr30k/flickr30k_test_026591.jpg,data/images/flickr30k/flickr30k_test_026591.jpg
flickr30k_retrieval_2000_seed2,1063,1063,flickr30k_test_003254,images/flickr30k/flickr30k_test_003254.jpg,data/images/flickr30k/flickr30k_test_003254.jpg
flickr30k_retrieval_2000_seed2,1064,1064,flickr30k_test_018430,images/flickr30k/flickr30k_test_018430.jpg,data/images/flickr30k/flickr30k_test_018430.jpg
flickr30k_retrieval_2000_seed2,1065,1065,flickr30k_test_003275,images/flickr30k/flickr30k_test_003275.jpg,data/images/flickr30k/flickr30k_test_003275.jpg
flickr30k_retrieval_2000_seed2,1066,1066,flickr30k_test_008925,images/flickr30k/flickr30k_test_008925.jpg,data/images/flickr30k/flickr30k_test_008925.jpg
flickr30k_retrieval_2000_seed2,1067,1067,flickr30k_test_009321,images/flickr30k/flickr30k_test_009321.jpg,data/images/flickr30k/flickr30k_test_009321.jpg
flickr30k_retrieval_2000_seed2,1068,1068,flickr30k_test_017281,images/flickr30k/flickr30k_test_017281.jpg,data/images/flickr30k/flickr30k_test_017281.jpg
flickr30k_retrieval_2000_seed2,1069,1069,flickr30k_test_025079,images/flickr30k/flickr30k_test_025079.jpg,data/images/flickr30k/flickr30k_test_025079.jpg
flickr30k_retrieval_2000_seed2,1070,1070,flickr30k_test_009170,images/flickr30k/flickr30k_test_009170.jpg,data/images/flickr30k/flickr30k_test_009170.jpg
flickr30k_retrieval_2000_seed2,1071,1071,flickr30k_test_007507,images/flickr30k/flickr30k_test_007507.jpg,data/images/flickr30k/flickr30k_test_007507.jpg
flickr30k_retrieval_2000_seed2,1072,1072,flickr30k_test_013784,images/flickr30k/flickr30k_test_013784.jpg,data/images/flickr30k/flickr30k_test_013784.jpg
flickr30k_retrieval_2000_seed2,1073,1073,flickr30k_test_023038,images/flickr30k/flickr30k_test_023038.jpg,data/images/flickr30k/flickr30k_test_023038.jpg
flickr30k_retrieval_2000_seed2,1074,1074,flickr30k_test_004509,images/flickr30k/flickr30k_test_004509.jpg,data/images/flickr30k/flickr30k_test_004509.jpg
flickr30k_retrieval_2000_seed2,1075,1075,flickr30k_test_022906,images/flickr30k/flickr30k_test_022906.jpg,data/images/flickr30k/flickr30k_test_022906.jpg
flickr30k_retrieval_2000_seed2,1076,1076,flickr30k_test_017925,images/flickr30k/flickr30k_test_017925.jpg,data/images/flickr30k/flickr30k_test_017925.jpg
flickr30k_retrieval_2000_seed2,1077,1077,flickr30k_test_021568,images/flickr30k/flickr30k_test_021568.jpg,data/images/flickr30k/flickr30k_test_021568.jpg
flickr30k_retrieval_2000_seed2,1078,1078,flickr30k_test_003407,images/flickr30k/flickr30k_test_003407.jpg,data/images/flickr30k/flickr30k_test_003407.jpg
flickr30k_retrieval_2000_seed2,1079,1079,flickr30k_test_001003,images/flickr30k/flickr30k_test_001003.jpg,data/images/flickr30k/flickr30k_test_001003.jpg
flickr30k_retrieval_2000_seed2,1080,1080,flickr30k_test_019724,images/flickr30k/flickr30k_test_019724.jpg,data/images/flickr30k/flickr30k_test_019724.jpg
flickr30k_retrieval_2000_seed2,1081,1081,flickr30k_test_018078,images/flickr30k/flickr30k_test_018078.jpg,data/images/flickr30k/flickr30k_test_018078.jpg
flickr30k_retrieval_2000_seed2,1082,1082,flickr30k_test_024633,images/flickr30k/flickr30k_test_024633.jpg,data/images/flickr30k/flickr30k_test_024633.jpg
flickr30k_retrieval_2000_seed2,1083,1083,flickr30k_test_006619,images/flickr30k/flickr30k_test_006619.jpg,data/images/flickr30k/flickr30k_test_006619.jpg
flickr30k_retrieval_2000_seed2,1084,1084,flickr30k_test_006957,images/flickr30k/flickr30k_test_006957.jpg,data/images/flickr30k/flickr30k_test_006957.jpg
flickr30k_retrieval_2000_seed2,1085,1085,flickr30k_test_006368,images/flickr30k/flickr30k_test_006368.jpg,data/images/flickr30k/flickr30k_test_006368.jpg
flickr30k_retrieval_2000_seed2,1086,1086,flickr30k_test_012827,images/flickr30k/flickr30k_test_012827.jpg,data/images/flickr30k/flickr30k_test_012827.jpg
flickr30k_retrieval_2000_seed2,1087,1087,flickr30k_test_018998,images/flickr30k/flickr30k_test_018998.jpg,data/images/flickr30k/flickr30k_test_018998.jpg
flickr30k_retrieval_2000_seed2,1088,1088,flickr30k_test_001281,images/flickr30k/flickr30k_test_001281.jpg,data/images/flickr30k/flickr30k_test_001281.jpg
flickr30k_retrieval_2000_seed2,1089,1089,flickr30k_test_021138,images/flickr30k/flickr30k_test_021138.jpg,data/images/flickr30k/flickr30k_test_021138.jpg
flickr30k_retrieval_2000_seed2,1090,1090,flickr30k_test_004525,images/flickr30k/flickr30k_test_004525.jpg,data/images/flickr30k/flickr30k_test_004525.jpg
flickr30k_retrieval_2000_seed2,1091,1091,flickr30k_test_020494,images/flickr30k/flickr30k_test_020494.jpg,data/images/flickr30k/flickr30k_test_020494.jpg
flickr30k_retrieval_2000_seed2,1092,1092,flickr30k_test_000770,images/flickr30k/flickr30k_test_000770.jpg,data/images/flickr30k/flickr30k_test_000770.jpg
flickr30k_retrieval_2000_seed2,1093,1093,flickr30k_test_024320,images/flickr30k/flickr30k_test_024320.jpg,data/images/flickr30k/flickr30k_test_024320.jpg
flickr30k_retrieval_2000_seed2,1094,1094,flickr30k_test_008601,images/flickr30k/flickr30k_test_008601.jpg,data/images/flickr30k/flickr30k_test_008601.jpg
flickr30k_retrieval_2000_seed2,1095,1095,flickr30k_test_023024,images/flickr30k/flickr30k_test_023024.jpg,data/images/flickr30k/flickr30k_test_023024.jpg
flickr30k_retrieval_2000_seed2,1096,1096,flickr30k_test_023652,images/flickr30k/flickr30k_test_023652.jpg,data/images/flickr30k/flickr30k_test_023652.jpg
flickr30k_retrieval_2000_seed2,1097,1097,flickr30k_test_015569,images/flickr30k/flickr30k_test_015569.jpg,data/images/flickr30k/flickr30k_test_015569.jpg
flickr30k_retrieval_2000_seed2,1098,1098,flickr30k_test_017684,images/flickr30k/flickr30k_test_017684.jpg,data/images/flickr30k/flickr30k_test_017684.jpg
flickr30k_retrieval_2000_seed2,1099,1099,flickr30k_test_001566,images/flickr30k/flickr30k_test_001566.jpg,data/images/flickr30k/flickr30k_test_001566.jpg
flickr30k_retrieval_2000_seed2,1100,1100,flickr30k_test_024134,images/flickr30k/flickr30k_test_024134.jpg,data/images/flickr30k/flickr30k_test_024134.jpg
flickr30k_retrieval_2000_seed2,1101,1101,flickr30k_test_025304,images/flickr30k/flickr30k_test_025304.jpg,data/images/flickr30k/flickr30k_test_025304.jpg
flickr30k_retrieval_2000_seed2,1102,1102,flickr30k_test_028221,images/flickr30k/flickr30k_test_028221.jpg,data/images/flickr30k/flickr30k_test_028221.jpg
flickr30k_retrieval_2000_seed2,1103,1103,flickr30k_test_026970,images/flickr30k/flickr30k_test_026970.jpg,data/images/flickr30k/flickr30k_test_026970.jpg
flickr30k_retrieval_2000_seed2,1104,1104,flickr30k_test_007357,images/flickr30k/flickr30k_test_007357.jpg,data/images/flickr30k/flickr30k_test_007357.jpg
flickr30k_retrieval_2000_seed2,1105,1105,flickr30k_test_027376,images/flickr30k/flickr30k_test_027376.jpg,data/images/flickr30k/flickr30k_test_027376.jpg
flickr30k_retrieval_2000_seed2,1106,1106,flickr30k_test_004733,images/flickr30k/flickr30k_test_004733.jpg,data/images/flickr30k/flickr30k_test_004733.jpg
flickr30k_retrieval_2000_seed2,1107,1107,flickr30k_test_019598,images/flickr30k/flickr30k_test_019598.jpg,data/images/flickr30k/flickr30k_test_019598.jpg
flickr30k_retrieval_2000_seed2,1108,1108,flickr30k_test_010241,images/flickr30k/flickr30k_test_010241.jpg,data/images/flickr30k/flickr30k_test_010241.jpg
flickr30k_retrieval_2000_seed2,1109,1109,flickr30k_test_001250,images/flickr30k/flickr30k_test_001250.jpg,data/images/flickr30k/flickr30k_test_001250.jpg
flickr30k_retrieval_2000_seed2,1110,1110,flickr30k_test_022578,images/flickr30k/flickr30k_test_022578.jpg,data/images/flickr30k/flickr30k_test_022578.jpg
flickr30k_retrieval_2000_seed2,1111,1111,flickr30k_test_006418,images/flickr30k/flickr30k_test_006418.jpg,data/images/flickr30k/flickr30k_test_006418.jpg
flickr30k_retrieval_2000_seed2,1112,1112,flickr30k_test_003550,images/flickr30k/flickr30k_test_003550.jpg,data/images/flickr30k/flickr30k_test_003550.jpg
flickr30k_retrieval_2000_seed2,1113,1113,flickr30k_test_004601,images/flickr30k/flickr30k_test_004601.jpg,data/images/flickr30k/flickr30k_test_004601.jpg
flickr30k_retrieval_2000_seed2,1114,1114,flickr30k_test_020835,images/flickr30k/flickr30k_test_020835.jpg,data/images/flickr30k/flickr30k_test_020835.jpg
flickr30k_retrieval_2000_seed2,1115,1115,flickr30k_test_022736,images/flickr30k/flickr30k_test_022736.jpg,data/images/flickr30k/flickr30k_test_022736.jpg
flickr30k_retrieval_2000_seed2,1116,1116,flickr30k_test_017835,images/flickr30k/flickr30k_test_017835.jpg,data/images/flickr30k/flickr30k_test_017835.jpg
flickr30k_retrieval_2000_seed2,1117,1117,flickr30k_test_006110,images/flickr30k/flickr30k_test_006110.jpg,data/images/flickr30k/flickr30k_test_006110.jpg
flickr30k_retrieval_2000_seed2,1118,1118,flickr30k_test_003023,images/flickr30k/flickr30k_test_003023.jpg,data/images/flickr30k/flickr30k_test_003023.jpg
flickr30k_retrieval_2000_seed2,1119,1119,flickr30k_test_022503,images/flickr30k/flickr30k_test_022503.jpg,data/images/flickr30k/flickr30k_test_022503.jpg
flickr30k_retrieval_2000_seed2,1120,1120,flickr30k_test_029467,images/flickr30k/flickr30k_test_029467.jpg,data/images/flickr30k/flickr30k_test_029467.jpg
flickr30k_retrieval_2000_seed2,1121,1121,flickr30k_test_028448,images/flickr30k/flickr30k_test_028448.jpg,data/images/flickr30k/flickr30k_test_028448.jpg
flickr30k_retrieval_2000_seed2,1122,1122,flickr30k_test_015200,images/flickr30k/flickr30k_test_015200.jpg,data/images/flickr30k/flickr30k_test_015200.jpg
flickr30k_retrieval_2000_seed2,1123,1123,flickr30k_test_020630,images/flickr30k/flickr30k_test_020630.jpg,data/images/flickr30k/flickr30k_test_020630.jpg
flickr30k_retrieval_2000_seed2,1124,1124,flickr30k_test_009561,images/flickr30k/flickr30k_test_009561.jpg,data/images/flickr30k/flickr30k_test_009561.jpg
flickr30k_retrieval_2000_seed2,1125,1125,flickr30k_test_006844,images/flickr30k/flickr30k_test_006844.jpg,data/images/flickr30k/flickr30k_test_006844.jpg
flickr30k_retrieval_2000_seed2,1126,1126,flickr30k_test_005162,images/flickr30k/flickr30k_test_005162.jpg,data/images/flickr30k/flickr30k_test_005162.jpg
flickr30k_retrieval_2000_seed2,1127,1127,flickr30k_test_027004,images/flickr30k/flickr30k_test_027004.jpg,data/images/flickr30k/flickr30k_test_027004.jpg
flickr30k_retrieval_2000_seed2,1128,1128,flickr30k_test_010627,images/flickr30k/flickr30k_test_010627.jpg,data/images/flickr30k/flickr30k_test_010627.jpg
flickr30k_retrieval_2000_seed2,1129,1129,flickr30k_test_022968,images/flickr30k/flickr30k_test_022968.jpg,data/images/flickr30k/flickr30k_test_022968.jpg
flickr30k_retrieval_2000_seed2,1130,1130,flickr30k_test_026869,images/flickr30k/flickr30k_test_026869.jpg,data/images/flickr30k/flickr30k_test_026869.jpg
flickr30k_retrieval_2000_seed2,1131,1131,flickr30k_test_009087,images/flickr30k/flickr30k_test_009087.jpg,data/images/flickr30k/flickr30k_test_009087.jpg
flickr30k_retrieval_2000_seed2,1132,1132,flickr30k_test_027846,images/flickr30k/flickr30k_test_027846.jpg,data/images/flickr30k/flickr30k_test_027846.jpg
flickr30k_retrieval_2000_seed2,1133,1133,flickr30k_test_029571,images/flickr30k/flickr30k_test_029571.jpg,data/images/flickr30k/flickr30k_test_029571.jpg
flickr30k_retrieval_2000_seed2,1134,1134,flickr30k_test_016986,images/flickr30k/flickr30k_test_016986.jpg,data/images/flickr30k/flickr30k_test_016986.jpg
flickr30k_retrieval_2000_seed2,1135,1135,flickr30k_test_018642,images/flickr30k/flickr30k_test_018642.jpg,data/images/flickr30k/flickr30k_test_018642.jpg
flickr30k_retrieval_2000_seed2,1136,1136,flickr30k_test_002212,images/flickr30k/flickr30k_test_002212.jpg,data/images/flickr30k/flickr30k_test_002212.jpg
flickr30k_retrieval_2000_seed2,1137,1137,flickr30k_test_013522,images/flickr30k/flickr30k_test_013522.jpg,data/images/flickr30k/flickr30k_test_013522.jpg
flickr30k_retrieval_2000_seed2,1138,1138,flickr30k_test_029427,images/flickr30k/flickr30k_test_029427.jpg,data/images/flickr30k/flickr30k_test_029427.jpg
flickr30k_retrieval_2000_seed2,1139,1139,flickr30k_test_013613,images/flickr30k/flickr30k_test_013613.jpg,data/images/flickr30k/flickr30k_test_013613.jpg
flickr30k_retrieval_2000_seed2,1140,1140,flickr30k_test_021881,images/flickr30k/flickr30k_test_021881.jpg,data/images/flickr30k/flickr30k_test_021881.jpg
flickr30k_retrieval_2000_seed2,1141,1141,flickr30k_test_023608,images/flickr30k/flickr30k_test_023608.jpg,data/images/flickr30k/flickr30k_test_023608.jpg
flickr30k_retrieval_2000_seed2,1142,1142,flickr30k_test_001104,images/flickr30k/flickr30k_test_001104.jpg,data/images/flickr30k/flickr30k_test_001104.jpg
flickr30k_retrieval_2000_seed2,1143,1143,flickr30k_test_014921,images/flickr30k/flickr30k_test_014921.jpg,data/images/flickr30k/flickr30k_test_014921.jpg
flickr30k_retrieval_2000_seed2,1144,1144,flickr30k_test_021602,images/flickr30k/flickr30k_test_021602.jpg,data/images/flickr30k/flickr30k_test_021602.jpg
flickr30k_retrieval_2000_seed2,1145,1145,flickr30k_test_028248,images/flickr30k/flickr30k_test_028248.jpg,data/images/flickr30k/flickr30k_test_028248.jpg
flickr30k_retrieval_2000_seed2,1146,1146,flickr30k_test_003998,images/flickr30k/flickr30k_test_003998.jpg,data/images/flickr30k/flickr30k_test_003998.jpg
flickr30k_retrieval_2000_seed2,1147,1147,flickr30k_test_020855,images/flickr30k/flickr30k_test_020855.jpg,data/images/flickr30k/flickr30k_test_020855.jpg
flickr30k_retrieval_2000_seed2,1148,1148,flickr30k_test_023013,images/flickr30k/flickr30k_test_023013.jpg,data/images/flickr30k/flickr30k_test_023013.jpg
flickr30k_retrieval_2000_seed2,1149,1149,flickr30k_test_024060,images/flickr30k/flickr30k_test_024060.jpg,data/images/flickr30k/flickr30k_test_024060.jpg
flickr30k_retrieval_2000_seed2,1150,1150,flickr30k_test_008920,images/flickr30k/flickr30k_test_008920.jpg,data/images/flickr30k/flickr30k_test_008920.jpg
flickr30k_retrieval_2000_seed2,1151,1151,flickr30k_test_030942,images/flickr30k/flickr30k_test_030942.jpg,data/images/flickr30k/flickr30k_test_030942.jpg
flickr30k_retrieval_2000_seed2,1152,1152,flickr30k_test_029834,images/flickr30k/flickr30k_test_029834.jpg,data/images/flickr30k/flickr30k_test_029834.jpg
flickr30k_retrieval_2000_seed2,1153,1153,flickr30k_test_000516,images/flickr30k/flickr30k_test_000516.jpg,data/images/flickr30k/flickr30k_test_000516.jpg
flickr30k_retrieval_2000_seed2,1154,1154,flickr30k_test_007025,images/flickr30k/flickr30k_test_007025.jpg,data/images/flickr30k/flickr30k_test_007025.jpg
flickr30k_retrieval_2000_seed2,1155,1155,flickr30k_test_013716,images/flickr30k/flickr30k_test_013716.jpg,data/images/flickr30k/flickr30k_test_013716.jpg
flickr30k_retrieval_2000_seed2,1156,1156,flickr30k_test_010918,images/flickr30k/flickr30k_test_010918.jpg,data/images/flickr30k/flickr30k_test_010918.jpg
flickr30k_retrieval_2000_seed2,1157,1157,flickr30k_test_008568,images/flickr30k/flickr30k_test_008568.jpg,data/images/flickr30k/flickr30k_test_008568.jpg
flickr30k_retrieval_2000_seed2,1158,1158,flickr30k_test_023851,images/flickr30k/flickr30k_test_023851.jpg,data/images/flickr30k/flickr30k_test_023851.jpg
flickr30k_retrieval_2000_seed2,1159,1159,flickr30k_test_012858,images/flickr30k/flickr30k_test_012858.jpg,data/images/flickr30k/flickr30k_test_012858.jpg
flickr30k_retrieval_2000_seed2,1160,1160,flickr30k_test_019448,images/flickr30k/flickr30k_test_019448.jpg,data/images/flickr30k/flickr30k_test_019448.jpg
flickr30k_retrieval_2000_seed2,1161,1161,flickr30k_test_017218,images/flickr30k/flickr30k_test_017218.jpg,data/images/flickr30k/flickr30k_test_017218.jpg
flickr30k_retrieval_2000_seed2,1162,1162,flickr30k_test_024501,images/flickr30k/flickr30k_test_024501.jpg,data/images/flickr30k/flickr30k_test_024501.jpg
flickr30k_retrieval_2000_seed2,1163,1163,flickr30k_test_030271,images/flickr30k/flickr30k_test_030271.jpg,data/images/flickr30k/flickr30k_test_030271.jpg
flickr30k_retrieval_2000_seed2,1164,1164,flickr30k_test_006591,images/flickr30k/flickr30k_test_006591.jpg,data/images/flickr30k/flickr30k_test_006591.jpg
flickr30k_retrieval_2000_seed2,1165,1165,flickr30k_test_014081,images/flickr30k/flickr30k_test_014081.jpg,data/images/flickr30k/flickr30k_test_014081.jpg
flickr30k_retrieval_2000_seed2,1166,1166,flickr30k_test_025302,images/flickr30k/flickr30k_test_025302.jpg,data/images/flickr30k/flickr30k_test_025302.jpg
flickr30k_retrieval_2000_seed2,1167,1167,flickr30k_test_004218,images/flickr30k/flickr30k_test_004218.jpg,data/images/flickr30k/flickr30k_test_004218.jpg
flickr30k_retrieval_2000_seed2,1168,1168,flickr30k_test_022717,images/flickr30k/flickr30k_test_022717.jpg,data/images/flickr30k/flickr30k_test_022717.jpg
flickr30k_retrieval_2000_seed2,1169,1169,flickr30k_test_005597,images/flickr30k/flickr30k_test_005597.jpg,data/images/flickr30k/flickr30k_test_005597.jpg
flickr30k_retrieval_2000_seed2,1170,1170,flickr30k_test_025763,images/flickr30k/flickr30k_test_025763.jpg,data/images/flickr30k/flickr30k_test_025763.jpg
flickr30k_retrieval_2000_seed2,1171,1171,flickr30k_test_014669,images/flickr30k/flickr30k_test_014669.jpg,data/images/flickr30k/flickr30k_test_014669.jpg
flickr30k_retrieval_2000_seed2,1172,1172,flickr30k_test_028555,images/flickr30k/flickr30k_test_028555.jpg,data/images/flickr30k/flickr30k_test_028555.jpg
flickr30k_retrieval_2000_seed2,1173,1173,flickr30k_test_014893,images/flickr30k/flickr30k_test_014893.jpg,data/images/flickr30k/flickr30k_test_014893.jpg
flickr30k_retrieval_2000_seed2,1174,1174,flickr30k_test_011332,images/flickr30k/flickr30k_test_011332.jpg,data/images/flickr30k/flickr30k_test_011332.jpg
flickr30k_retrieval_2000_seed2,1175,1175,flickr30k_test_012545,images/flickr30k/flickr30k_test_012545.jpg,data/images/flickr30k/flickr30k_test_012545.jpg
flickr30k_retrieval_2000_seed2,1176,1176,flickr30k_test_015507,images/flickr30k/flickr30k_test_015507.jpg,data/images/flickr30k/flickr30k_test_015507.jpg
flickr30k_retrieval_2000_seed2,1177,1177,flickr30k_test_020076,images/flickr30k/flickr30k_test_020076.jpg,data/images/flickr30k/flickr30k_test_020076.jpg
flickr30k_retrieval_2000_seed2,1178,1178,flickr30k_test_008342,images/flickr30k/flickr30k_test_008342.jpg,data/images/flickr30k/flickr30k_test_008342.jpg
flickr30k_retrieval_2000_seed2,1179,1179,flickr30k_test_020157,images/flickr30k/flickr30k_test_020157.jpg,data/images/flickr30k/flickr30k_test_020157.jpg
flickr30k_retrieval_2000_seed2,1180,1180,flickr30k_test_006253,images/flickr30k/flickr30k_test_006253.jpg,data/images/flickr30k/flickr30k_test_006253.jpg
flickr30k_retrieval_2000_seed2,1181,1181,flickr30k_test_019032,images/flickr30k/flickr30k_test_019032.jpg,data/images/flickr30k/flickr30k_test_019032.jpg
flickr30k_retrieval_2000_seed2,1182,1182,flickr30k_test_015601,images/flickr30k/flickr30k_test_015601.jpg,data/images/flickr30k/flickr30k_test_015601.jpg
flickr30k_retrieval_2000_seed2,1183,1183,flickr30k_test_014579,images/flickr30k/flickr30k_test_014579.jpg,data/images/flickr30k/flickr30k_test_014579.jpg
flickr30k_retrieval_2000_seed2,1184,1184,flickr30k_test_006295,images/flickr30k/flickr30k_test_006295.jpg,data/images/flickr30k/flickr30k_test_006295.jpg
flickr30k_retrieval_2000_seed2,1185,1185,flickr30k_test_024749,images/flickr30k/flickr30k_test_024749.jpg,data/images/flickr30k/flickr30k_test_024749.jpg
flickr30k_retrieval_2000_seed2,1186,1186,flickr30k_test_015379,images/flickr30k/flickr30k_test_015379.jpg,data/images/flickr30k/flickr30k_test_015379.jpg
flickr30k_retrieval_2000_seed2,1187,1187,flickr30k_test_018786,images/flickr30k/flickr30k_test_018786.jpg,data/images/flickr30k/flickr30k_test_018786.jpg
flickr30k_retrieval_2000_seed2,1188,1188,flickr30k_test_011067,images/flickr30k/flickr30k_test_011067.jpg,data/images/flickr30k/flickr30k_test_011067.jpg
flickr30k_retrieval_2000_seed2,1189,1189,flickr30k_test_010140,images/flickr30k/flickr30k_test_010140.jpg,data/images/flickr30k/flickr30k_test_010140.jpg
flickr30k_retrieval_2000_seed2,1190,1190,flickr30k_test_002318,images/flickr30k/flickr30k_test_002318.jpg,data/images/flickr30k/flickr30k_test_002318.jpg
flickr30k_retrieval_2000_seed2,1191,1191,flickr30k_test_005584,images/flickr30k/flickr30k_test_005584.jpg,data/images/flickr30k/flickr30k_test_005584.jpg
flickr30k_retrieval_2000_seed2,1192,1192,flickr30k_test_012106,images/flickr30k/flickr30k_test_012106.jpg,data/images/flickr30k/flickr30k_test_012106.jpg
flickr30k_retrieval_2000_seed2,1193,1193,flickr30k_test_019827,images/flickr30k/flickr30k_test_019827.jpg,data/images/flickr30k/flickr30k_test_019827.jpg
flickr30k_retrieval_2000_seed2,1194,1194,flickr30k_test_020522,images/flickr30k/flickr30k_test_020522.jpg,data/images/flickr30k/flickr30k_test_020522.jpg
flickr30k_retrieval_2000_seed2,1195,1195,flickr30k_test_028186,images/flickr30k/flickr30k_test_028186.jpg,data/images/flickr30k/flickr30k_test_028186.jpg
flickr30k_retrieval_2000_seed2,1196,1196,flickr30k_test_015444,images/flickr30k/flickr30k_test_015444.jpg,data/images/flickr30k/flickr30k_test_015444.jpg
flickr30k_retrieval_2000_seed2,1197,1197,flickr30k_test_007282,images/flickr30k/flickr30k_test_007282.jpg,data/images/flickr30k/flickr30k_test_007282.jpg
flickr30k_retrieval_2000_seed2,1198,1198,flickr30k_test_025183,images/flickr30k/flickr30k_test_025183.jpg,data/images/flickr30k/flickr30k_test_025183.jpg
flickr30k_retrieval_2000_seed2,1199,1199,flickr30k_test_020174,images/flickr30k/flickr30k_test_020174.jpg,data/images/flickr30k/flickr30k_test_020174.jpg
flickr30k_retrieval_2000_seed2,1200,1200,flickr30k_test_021431,images/flickr30k/flickr30k_test_021431.jpg,data/images/flickr30k/flickr30k_test_021431.jpg
flickr30k_retrieval_2000_seed2,1201,1201,flickr30k_test_021583,images/flickr30k/flickr30k_test_021583.jpg,data/images/flickr30k/flickr30k_test_021583.jpg
flickr30k_retrieval_2000_seed2,1202,1202,flickr30k_test_018903,images/flickr30k/flickr30k_test_018903.jpg,data/images/flickr30k/flickr30k_test_018903.jpg
flickr30k_retrieval_2000_seed2,1203,1203,flickr30k_test_028994,images/flickr30k/flickr30k_test_028994.jpg,data/images/flickr30k/flickr30k_test_028994.jpg
flickr30k_retrieval_2000_seed2,1204,1204,flickr30k_test_004197,images/flickr30k/flickr30k_test_004197.jpg,data/images/flickr30k/flickr30k_test_004197.jpg
flickr30k_retrieval_2000_seed2,1205,1205,flickr30k_test_022352,images/flickr30k/flickr30k_test_022352.jpg,data/images/flickr30k/flickr30k_test_022352.jpg
flickr30k_retrieval_2000_seed2,1206,1206,flickr30k_test_030608,images/flickr30k/flickr30k_test_030608.jpg,data/images/flickr30k/flickr30k_test_030608.jpg
flickr30k_retrieval_2000_seed2,1207,1207,flickr30k_test_010086,images/flickr30k/flickr30k_test_010086.jpg,data/images/flickr30k/flickr30k_test_010086.jpg
flickr30k_retrieval_2000_seed2,1208,1208,flickr30k_test_028480,images/flickr30k/flickr30k_test_028480.jpg,data/images/flickr30k/flickr30k_test_028480.jpg
flickr30k_retrieval_2000_seed2,1209,1209,flickr30k_test_006793,images/flickr30k/flickr30k_test_006793.jpg,data/images/flickr30k/flickr30k_test_006793.jpg
flickr30k_retrieval_2000_seed2,1210,1210,flickr30k_test_017540,images/flickr30k/flickr30k_test_017540.jpg,data/images/flickr30k/flickr30k_test_017540.jpg
flickr30k_retrieval_2000_seed2,1211,1211,flickr30k_test_027422,images/flickr30k/flickr30k_test_027422.jpg,data/images/flickr30k/flickr30k_test_027422.jpg
flickr30k_retrieval_2000_seed2,1212,1212,flickr30k_test_026976,images/flickr30k/flickr30k_test_026976.jpg,data/images/flickr30k/flickr30k_test_026976.jpg
flickr30k_retrieval_2000_seed2,1213,1213,flickr30k_test_009803,images/flickr30k/flickr30k_test_009803.jpg,data/images/flickr30k/flickr30k_test_009803.jpg
flickr30k_retrieval_2000_seed2,1214,1214,flickr30k_test_003214,images/flickr30k/flickr30k_test_003214.jpg,data/images/flickr30k/flickr30k_test_003214.jpg
flickr30k_retrieval_2000_seed2,1215,1215,flickr30k_test_000413,images/flickr30k/flickr30k_test_000413.jpg,data/images/flickr30k/flickr30k_test_000413.jpg
flickr30k_retrieval_2000_seed2,1216,1216,flickr30k_test_025852,images/flickr30k/flickr30k_test_025852.jpg,data/images/flickr30k/flickr30k_test_025852.jpg
flickr30k_retrieval_2000_seed2,1217,1217,flickr30k_test_028522,images/flickr30k/flickr30k_test_028522.jpg,data/images/flickr30k/flickr30k_test_028522.jpg
flickr30k_retrieval_2000_seed2,1218,1218,flickr30k_test_000951,images/flickr30k/flickr30k_test_000951.jpg,data/images/flickr30k/flickr30k_test_000951.jpg
flickr30k_retrieval_2000_seed2,1219,1219,flickr30k_test_006485,images/flickr30k/flickr30k_test_006485.jpg,data/images/flickr30k/flickr30k_test_006485.jpg
flickr30k_retrieval_2000_seed2,1220,1220,flickr30k_test_010259,images/flickr30k/flickr30k_test_010259.jpg,data/images/flickr30k/flickr30k_test_010259.jpg
flickr30k_retrieval_2000_seed2,1221,1221,flickr30k_test_001919,images/flickr30k/flickr30k_test_001919.jpg,data/images/flickr30k/flickr30k_test_001919.jpg
flickr30k_retrieval_2000_seed2,1222,1222,flickr30k_test_010450,images/flickr30k/flickr30k_test_010450.jpg,data/images/flickr30k/flickr30k_test_010450.jpg
flickr30k_retrieval_2000_seed2,1223,1223,flickr30k_test_017477,images/flickr30k/flickr30k_test_017477.jpg,data/images/flickr30k/flickr30k_test_017477.jpg
flickr30k_retrieval_2000_seed2,1224,1224,flickr30k_test_008385,images/flickr30k/flickr30k_test_008385.jpg,data/images/flickr30k/flickr30k_test_008385.jpg
flickr30k_retrieval_2000_seed2,1225,1225,flickr30k_test_025965,images/flickr30k/flickr30k_test_025965.jpg,data/images/flickr30k/flickr30k_test_025965.jpg
flickr30k_retrieval_2000_seed2,1226,1226,flickr30k_test_023728,images/flickr30k/flickr30k_test_023728.jpg,data/images/flickr30k/flickr30k_test_023728.jpg
flickr30k_retrieval_2000_seed2,1227,1227,flickr30k_test_021775,images/flickr30k/flickr30k_test_021775.jpg,data/images/flickr30k/flickr30k_test_021775.jpg
flickr30k_retrieval_2000_seed2,1228,1228,flickr30k_test_011234,images/flickr30k/flickr30k_test_011234.jpg,data/images/flickr30k/flickr30k_test_011234.jpg
flickr30k_retrieval_2000_seed2,1229,1229,flickr30k_test_026956,images/flickr30k/flickr30k_test_026956.jpg,data/images/flickr30k/flickr30k_test_026956.jpg
flickr30k_retrieval_2000_seed2,1230,1230,flickr30k_test_014436,images/flickr30k/flickr30k_test_014436.jpg,data/images/flickr30k/flickr30k_test_014436.jpg
flickr30k_retrieval_2000_seed2,1231,1231,flickr30k_test_002359,images/flickr30k/flickr30k_test_002359.jpg,data/images/flickr30k/flickr30k_test_002359.jpg
flickr30k_retrieval_2000_seed2,1232,1232,flickr30k_test_013741,images/flickr30k/flickr30k_test_013741.jpg,data/images/flickr30k/flickr30k_test_013741.jpg
flickr30k_retrieval_2000_seed2,1233,1233,flickr30k_test_015421,images/flickr30k/flickr30k_test_015421.jpg,data/images/flickr30k/flickr30k_test_015421.jpg
flickr30k_retrieval_2000_seed2,1234,1234,flickr30k_test_027311,images/flickr30k/flickr30k_test_027311.jpg,data/images/flickr30k/flickr30k_test_027311.jpg
flickr30k_retrieval_2000_seed2,1235,1235,flickr30k_test_023320,images/flickr30k/flickr30k_test_023320.jpg,data/images/flickr30k/flickr30k_test_023320.jpg
flickr30k_retrieval_2000_seed2,1236,1236,flickr30k_test_000598,images/flickr30k/flickr30k_test_000598.jpg,data/images/flickr30k/flickr30k_test_000598.jpg
flickr30k_retrieval_2000_seed2,1237,1237,flickr30k_test_009261,images/flickr30k/flickr30k_test_009261.jpg,data/images/flickr30k/flickr30k_test_009261.jpg
flickr30k_retrieval_2000_seed2,1238,1238,flickr30k_test_018816,images/flickr30k/flickr30k_test_018816.jpg,data/images/flickr30k/flickr30k_test_018816.jpg
flickr30k_retrieval_2000_seed2,1239,1239,flickr30k_test_004320,images/flickr30k/flickr30k_test_004320.jpg,data/images/flickr30k/flickr30k_test_004320.jpg
flickr30k_retrieval_2000_seed2,1240,1240,flickr30k_test_006954,images/flickr30k/flickr30k_test_006954.jpg,data/images/flickr30k/flickr30k_test_006954.jpg
flickr30k_retrieval_2000_seed2,1241,1241,flickr30k_test_004932,images/flickr30k/flickr30k_test_004932.jpg,data/images/flickr30k/flickr30k_test_004932.jpg
flickr30k_retrieval_2000_seed2,1242,1242,flickr30k_test_005317,images/flickr30k/flickr30k_test_005317.jpg,data/images/flickr30k/flickr30k_test_005317.jpg
flickr30k_retrieval_2000_seed2,1243,1243,flickr30k_test_019885,images/flickr30k/flickr30k_test_019885.jpg,data/images/flickr30k/flickr30k_test_019885.jpg
flickr30k_retrieval_2000_seed2,1244,1244,flickr30k_test_025270,images/flickr30k/flickr30k_test_025270.jpg,data/images/flickr30k/flickr30k_test_025270.jpg
flickr30k_retrieval_2000_seed2,1245,1245,flickr30k_test_012310,images/flickr30k/flickr30k_test_012310.jpg,data/images/flickr30k/flickr30k_test_012310.jpg
flickr30k_retrieval_2000_seed2,1246,1246,flickr30k_test_023628,images/flickr30k/flickr30k_test_023628.jpg,data/images/flickr30k/flickr30k_test_023628.jpg
flickr30k_retrieval_2000_seed2,1247,1247,flickr30k_test_002125,images/flickr30k/flickr30k_test_002125.jpg,data/images/flickr30k/flickr30k_test_002125.jpg
flickr30k_retrieval_2000_seed2,1248,1248,flickr30k_test_020747,images/flickr30k/flickr30k_test_020747.jpg,data/images/flickr30k/flickr30k_test_020747.jpg
flickr30k_retrieval_2000_seed2,1249,1249,flickr30k_test_019273,images/flickr30k/flickr30k_test_019273.jpg,data/images/flickr30k/flickr30k_test_019273.jpg
flickr30k_retrieval_2000_seed2,1250,1250,flickr30k_test_014654,images/flickr30k/flickr30k_test_014654.jpg,data/images/flickr30k/flickr30k_test_014654.jpg
flickr30k_retrieval_2000_seed2,1251,1251,flickr30k_test_029962,images/flickr30k/flickr30k_test_029962.jpg,data/images/flickr30k/flickr30k_test_029962.jpg
flickr30k_retrieval_2000_seed2,1252,1252,flickr30k_test_009148,images/flickr30k/flickr30k_test_009148.jpg,data/images/flickr30k/flickr30k_test_009148.jpg
flickr30k_retrieval_2000_seed2,1253,1253,flickr30k_test_002695,images/flickr30k/flickr30k_test_002695.jpg,data/images/flickr30k/flickr30k_test_002695.jpg
flickr30k_retrieval_2000_seed2,1254,1254,flickr30k_test_016237,images/flickr30k/flickr30k_test_016237.jpg,data/images/flickr30k/flickr30k_test_016237.jpg
flickr30k_retrieval_2000_seed2,1255,1255,flickr30k_test_015689,images/flickr30k/flickr30k_test_015689.jpg,data/images/flickr30k/flickr30k_test_015689.jpg
flickr30k_retrieval_2000_seed2,1256,1256,flickr30k_test_026240,images/flickr30k/flickr30k_test_026240.jpg,data/images/flickr30k/flickr30k_test_026240.jpg
flickr30k_retrieval_2000_seed2,1257,1257,flickr30k_test_025836,images/flickr30k/flickr30k_test_025836.jpg,data/images/flickr30k/flickr30k_test_025836.jpg
flickr30k_retrieval_2000_seed2,1258,1258,flickr30k_test_030011,images/flickr30k/flickr30k_test_030011.jpg,data/images/flickr30k/flickr30k_test_030011.jpg
flickr30k_retrieval_2000_seed2,1259,1259,flickr30k_test_007784,images/flickr30k/flickr30k_test_007784.jpg,data/images/flickr30k/flickr30k_test_007784.jpg
flickr30k_retrieval_2000_seed2,1260,1260,flickr30k_test_004956,images/flickr30k/flickr30k_test_004956.jpg,data/images/flickr30k/flickr30k_test_004956.jpg
flickr30k_retrieval_2000_seed2,1261,1261,flickr30k_test_018510,images/flickr30k/flickr30k_test_018510.jpg,data/images/flickr30k/flickr30k_test_018510.jpg
flickr30k_retrieval_2000_seed2,1262,1262,flickr30k_test_027820,images/flickr30k/flickr30k_test_027820.jpg,data/images/flickr30k/flickr30k_test_027820.jpg
flickr30k_retrieval_2000_seed2,1263,1263,flickr30k_test_028057,images/flickr30k/flickr30k_test_028057.jpg,data/images/flickr30k/flickr30k_test_028057.jpg
flickr30k_retrieval_2000_seed2,1264,1264,flickr30k_test_030341,images/flickr30k/flickr30k_test_030341.jpg,data/images/flickr30k/flickr30k_test_030341.jpg
flickr30k_retrieval_2000_seed2,1265,1265,flickr30k_test_007442,images/flickr30k/flickr30k_test_007442.jpg,data/images/flickr30k/flickr30k_test_007442.jpg
flickr30k_retrieval_2000_seed2,1266,1266,flickr30k_test_006649,images/flickr30k/flickr30k_test_006649.jpg,data/images/flickr30k/flickr30k_test_006649.jpg
flickr30k_retrieval_2000_seed2,1267,1267,flickr30k_test_020260,images/flickr30k/flickr30k_test_020260.jpg,data/images/flickr30k/flickr30k_test_020260.jpg
flickr30k_retrieval_2000_seed2,1268,1268,flickr30k_test_023056,images/flickr30k/flickr30k_test_023056.jpg,data/images/flickr30k/flickr30k_test_023056.jpg
flickr30k_retrieval_2000_seed2,1269,1269,flickr30k_test_030238,images/flickr30k/flickr30k_test_030238.jpg,data/images/flickr30k/flickr30k_test_030238.jpg
flickr30k_retrieval_2000_seed2,1270,1270,flickr30k_test_028649,images/flickr30k/flickr30k_test_028649.jpg,data/images/flickr30k/flickr30k_test_028649.jpg
flickr30k_retrieval_2000_seed2,1271,1271,flickr30k_test_010974,images/flickr30k/flickr30k_test_010974.jpg,data/images/flickr30k/flickr30k_test_010974.jpg
flickr30k_retrieval_2000_seed2,1272,1272,flickr30k_test_019376,images/flickr30k/flickr30k_test_019376.jpg,data/images/flickr30k/flickr30k_test_019376.jpg
flickr30k_retrieval_2000_seed2,1273,1273,flickr30k_test_020177,images/flickr30k/flickr30k_test_020177.jpg,data/images/flickr30k/flickr30k_test_020177.jpg
flickr30k_retrieval_2000_seed2,1274,1274,flickr30k_test_023010,images/flickr30k/flickr30k_test_023010.jpg,data/images/flickr30k/flickr30k_test_023010.jpg
flickr30k_retrieval_2000_seed2,1275,1275,flickr30k_test_012841,images/flickr30k/flickr30k_test_012841.jpg,data/images/flickr30k/flickr30k_test_012841.jpg
flickr30k_retrieval_2000_seed2,1276,1276,flickr30k_test_017169,images/flickr30k/flickr30k_test_017169.jpg,data/images/flickr30k/flickr30k_test_017169.jpg
flickr30k_retrieval_2000_seed2,1277,1277,flickr30k_test_013328,images/flickr30k/flickr30k_test_013328.jpg,data/images/flickr30k/flickr30k_test_013328.jpg
flickr30k_retrieval_2000_seed2,1278,1278,flickr30k_test_007690,images/flickr30k/flickr30k_test_007690.jpg,data/images/flickr30k/flickr30k_test_007690.jpg
flickr30k_retrieval_2000_seed2,1279,1279,flickr30k_test_021105,images/flickr30k/flickr30k_test_021105.jpg,data/images/flickr30k/flickr30k_test_021105.jpg
flickr30k_retrieval_2000_seed2,1280,1280,flickr30k_test_006981,images/flickr30k/flickr30k_test_006981.jpg,data/images/flickr30k/flickr30k_test_006981.jpg
flickr30k_retrieval_2000_seed2,1281,1281,flickr30k_test_018388,images/flickr30k/flickr30k_test_018388.jpg,data/images/flickr30k/flickr30k_test_018388.jpg
flickr30k_retrieval_2000_seed2,1282,1282,flickr30k_test_002028,images/flickr30k/flickr30k_test_002028.jpg,data/images/flickr30k/flickr30k_test_002028.jpg
flickr30k_retrieval_2000_seed2,1283,1283,flickr30k_test_021811,images/flickr30k/flickr30k_test_021811.jpg,data/images/flickr30k/flickr30k_test_021811.jpg
flickr30k_retrieval_2000_seed2,1284,1284,flickr30k_test_008172,images/flickr30k/flickr30k_test_008172.jpg,data/images/flickr30k/flickr30k_test_008172.jpg
flickr30k_retrieval_2000_seed2,1285,1285,flickr30k_test_004533,images/flickr30k/flickr30k_test_004533.jpg,data/images/flickr30k/flickr30k_test_004533.jpg
flickr30k_retrieval_2000_seed2,1286,1286,flickr30k_test_020363,images/flickr30k/flickr30k_test_020363.jpg,data/images/flickr30k/flickr30k_test_020363.jpg
flickr30k_retrieval_2000_seed2,1287,1287,flickr30k_test_023991,images/flickr30k/flickr30k_test_023991.jpg,data/images/flickr30k/flickr30k_test_023991.jpg
flickr30k_retrieval_2000_seed2,1288,1288,flickr30k_test_012820,images/flickr30k/flickr30k_test_012820.jpg,data/images/flickr30k/flickr30k_test_012820.jpg
flickr30k_retrieval_2000_seed2,1289,1289,flickr30k_test_027016,images/flickr30k/flickr30k_test_027016.jpg,data/images/flickr30k/flickr30k_test_027016.jpg
flickr30k_retrieval_2000_seed2,1290,1290,flickr30k_test_014290,images/flickr30k/flickr30k_test_014290.jpg,data/images/flickr30k/flickr30k_test_014290.jpg
flickr30k_retrieval_2000_seed2,1291,1291,flickr30k_test_003912,images/flickr30k/flickr30k_test_003912.jpg,data/images/flickr30k/flickr30k_test_003912.jpg
flickr30k_retrieval_2000_seed2,1292,1292,flickr30k_test_014935,images/flickr30k/flickr30k_test_014935.jpg,data/images/flickr30k/flickr30k_test_014935.jpg
flickr30k_retrieval_2000_seed2,1293,1293,flickr30k_test_012838,images/flickr30k/flickr30k_test_012838.jpg,data/images/flickr30k/flickr30k_test_012838.jpg
flickr30k_retrieval_2000_seed2,1294,1294,flickr30k_test_012943,images/flickr30k/flickr30k_test_012943.jpg,data/images/flickr30k/flickr30k_test_012943.jpg
flickr30k_retrieval_2000_seed2,1295,1295,flickr30k_test_015557,images/flickr30k/flickr30k_test_015557.jpg,data/images/flickr30k/flickr30k_test_015557.jpg
flickr30k_retrieval_2000_seed2,1296,1296,flickr30k_test_012449,images/flickr30k/flickr30k_test_012449.jpg,data/images/flickr30k/flickr30k_test_012449.jpg
flickr30k_retrieval_2000_seed2,1297,1297,flickr30k_test_009333,images/flickr30k/flickr30k_test_009333.jpg,data/images/flickr30k/flickr30k_test_009333.jpg
flickr30k_retrieval_2000_seed2,1298,1298,flickr30k_test_007048,images/flickr30k/flickr30k_test_007048.jpg,data/images/flickr30k/flickr30k_test_007048.jpg
flickr30k_retrieval_2000_seed2,1299,1299,flickr30k_test_007884,images/flickr30k/flickr30k_test_007884.jpg,data/images/flickr30k/flickr30k_test_007884.jpg
flickr30k_retrieval_2000_seed2,1300,1300,flickr30k_test_007342,images/flickr30k/flickr30k_test_007342.jpg,data/images/flickr30k/flickr30k_test_007342.jpg
flickr30k_retrieval_2000_seed2,1301,1301,flickr30k_test_001800,images/flickr30k/flickr30k_test_001800.jpg,data/images/flickr30k/flickr30k_test_001800.jpg
flickr30k_retrieval_2000_seed2,1302,1302,flickr30k_test_017452,images/flickr30k/flickr30k_test_017452.jpg,data/images/flickr30k/flickr30k_test_017452.jpg
flickr30k_retrieval_2000_seed2,1303,1303,flickr30k_test_017199,images/flickr30k/flickr30k_test_017199.jpg,data/images/flickr30k/flickr30k_test_017199.jpg
flickr30k_retrieval_2000_seed2,1304,1304,flickr30k_test_026785,images/flickr30k/flickr30k_test_026785.jpg,data/images/flickr30k/flickr30k_test_026785.jpg
flickr30k_retrieval_2000_seed2,1305,1305,flickr30k_test_029036,images/flickr30k/flickr30k_test_029036.jpg,data/images/flickr30k/flickr30k_test_029036.jpg
flickr30k_retrieval_2000_seed2,1306,1306,flickr30k_test_002965,images/flickr30k/flickr30k_test_002965.jpg,data/images/flickr30k/flickr30k_test_002965.jpg
flickr30k_retrieval_2000_seed2,1307,1307,flickr30k_test_019756,images/flickr30k/flickr30k_test_019756.jpg,data/images/flickr30k/flickr30k_test_019756.jpg
flickr30k_retrieval_2000_seed2,1308,1308,flickr30k_test_030986,images/flickr30k/flickr30k_test_030986.jpg,data/images/flickr30k/flickr30k_test_030986.jpg
flickr30k_retrieval_2000_seed2,1309,1309,flickr30k_test_017810,images/flickr30k/flickr30k_test_017810.jpg,data/images/flickr30k/flickr30k_test_017810.jpg
flickr30k_retrieval_2000_seed2,1310,1310,flickr30k_test_022102,images/flickr30k/flickr30k_test_022102.jpg,data/images/flickr30k/flickr30k_test_022102.jpg
flickr30k_retrieval_2000_seed2,1311,1311,flickr30k_test_000117,images/flickr30k/flickr30k_test_000117.jpg,data/images/flickr30k/flickr30k_test_000117.jpg
flickr30k_retrieval_2000_seed2,1312,1312,flickr30k_test_001763,images/flickr30k/flickr30k_test_001763.jpg,data/images/flickr30k/flickr30k_test_001763.jpg
flickr30k_retrieval_2000_seed2,1313,1313,flickr30k_test_012689,images/flickr30k/flickr30k_test_012689.jpg,data/images/flickr30k/flickr30k_test_012689.jpg
flickr30k_retrieval_2000_seed2,1314,1314,flickr30k_test_023168,images/flickr30k/flickr30k_test_023168.jpg,data/images/flickr30k/flickr30k_test_023168.jpg
flickr30k_retrieval_2000_seed2,1315,1315,flickr30k_test_014110,images/flickr30k/flickr30k_test_014110.jpg,data/images/flickr30k/flickr30k_test_014110.jpg
flickr30k_retrieval_2000_seed2,1316,1316,flickr30k_test_013157,images/flickr30k/flickr30k_test_013157.jpg,data/images/flickr30k/flickr30k_test_013157.jpg
flickr30k_retrieval_2000_seed2,1317,1317,flickr30k_test_007583,images/flickr30k/flickr30k_test_007583.jpg,data/images/flickr30k/flickr30k_test_007583.jpg
flickr30k_retrieval_2000_seed2,1318,1318,flickr30k_test_016865,images/flickr30k/flickr30k_test_016865.jpg,data/images/flickr30k/flickr30k_test_016865.jpg
flickr30k_retrieval_2000_seed2,1319,1319,flickr30k_test_008938,images/flickr30k/flickr30k_test_008938.jpg,data/images/flickr30k/flickr30k_test_008938.jpg
flickr30k_retrieval_2000_seed2,1320,1320,flickr30k_test_003308,images/flickr30k/flickr30k_test_003308.jpg,data/images/flickr30k/flickr30k_test_003308.jpg
flickr30k_retrieval_2000_seed2,1321,1321,flickr30k_test_011942,images/flickr30k/flickr30k_test_011942.jpg,data/images/flickr30k/flickr30k_test_011942.jpg
flickr30k_retrieval_2000_seed2,1322,1322,flickr30k_test_016721,images/flickr30k/flickr30k_test_016721.jpg,data/images/flickr30k/flickr30k_test_016721.jpg
flickr30k_retrieval_2000_seed2,1323,1323,flickr30k_test_011836,images/flickr30k/flickr30k_test_011836.jpg,data/images/flickr30k/flickr30k_test_011836.jpg
flickr30k_retrieval_2000_seed2,1324,1324,flickr30k_test_017036,images/flickr30k/flickr30k_test_017036.jpg,data/images/flickr30k/flickr30k_test_017036.jpg
flickr30k_retrieval_2000_seed2,1325,1325,flickr30k_test_030868,images/flickr30k/flickr30k_test_030868.jpg,data/images/flickr30k/flickr30k_test_030868.jpg
flickr30k_retrieval_2000_seed2,1326,1326,flickr30k_test_025639,images/flickr30k/flickr30k_test_025639.jpg,data/images/flickr30k/flickr30k_test_025639.jpg
flickr30k_retrieval_2000_seed2,1327,1327,flickr30k_test_016146,images/flickr30k/flickr30k_test_016146.jpg,data/images/flickr30k/flickr30k_test_016146.jpg
flickr30k_retrieval_2000_seed2,1328,1328,flickr30k_test_019034,images/flickr30k/flickr30k_test_019034.jpg,data/images/flickr30k/flickr30k_test_019034.jpg
flickr30k_retrieval_2000_seed2,1329,1329,flickr30k_test_002303,images/flickr30k/flickr30k_test_002303.jpg,data/images/flickr30k/flickr30k_test_002303.jpg
flickr30k_retrieval_2000_seed2,1330,1330,flickr30k_test_023095,images/flickr30k/flickr30k_test_023095.jpg,data/images/flickr30k/flickr30k_test_023095.jpg
flickr30k_retrieval_2000_seed2,1331,1331,flickr30k_test_015079,images/flickr30k/flickr30k_test_015079.jpg,data/images/flickr30k/flickr30k_test_015079.jpg
flickr30k_retrieval_2000_seed2,1332,1332,flickr30k_test_024069,images/flickr30k/flickr30k_test_024069.jpg,data/images/flickr30k/flickr30k_test_024069.jpg
flickr30k_retrieval_2000_seed2,1333,1333,flickr30k_test_023021,images/flickr30k/flickr30k_test_023021.jpg,data/images/flickr30k/flickr30k_test_023021.jpg
flickr30k_retrieval_2000_seed2,1334,1334,flickr30k_test_007246,images/flickr30k/flickr30k_test_007246.jpg,data/images/flickr30k/flickr30k_test_007246.jpg
flickr30k_retrieval_2000_seed2,1335,1335,flickr30k_test_009163,images/flickr30k/flickr30k_test_009163.jpg,data/images/flickr30k/flickr30k_test_009163.jpg
flickr30k_retrieval_2000_seed2,1336,1336,flickr30k_test_000811,images/flickr30k/flickr30k_test_000811.jpg,data/images/flickr30k/flickr30k_test_000811.jpg
flickr30k_retrieval_2000_seed2,1337,1337,flickr30k_test_015680,images/flickr30k/flickr30k_test_015680.jpg,data/images/flickr30k/flickr30k_test_015680.jpg
flickr30k_retrieval_2000_seed2,1338,1338,flickr30k_test_001368,images/flickr30k/flickr30k_test_001368.jpg,data/images/flickr30k/flickr30k_test_001368.jpg
flickr30k_retrieval_2000_seed2,1339,1339,flickr30k_test_004237,images/flickr30k/flickr30k_test_004237.jpg,data/images/flickr30k/flickr30k_test_004237.jpg
flickr30k_retrieval_2000_seed2,1340,1340,flickr30k_test_021263,images/flickr30k/flickr30k_test_021263.jpg,data/images/flickr30k/flickr30k_test_021263.jpg
flickr30k_retrieval_2000_seed2,1341,1341,flickr30k_test_004645,images/flickr30k/flickr30k_test_004645.jpg,data/images/flickr30k/flickr30k_test_004645.jpg
flickr30k_retrieval_2000_seed2,1342,1342,flickr30k_test_006766,images/flickr30k/flickr30k_test_006766.jpg,data/images/flickr30k/flickr30k_test_006766.jpg
flickr30k_retrieval_2000_seed2,1343,1343,flickr30k_test_010540,images/flickr30k/flickr30k_test_010540.jpg,data/images/flickr30k/flickr30k_test_010540.jpg
flickr30k_retrieval_2000_seed2,1344,1344,flickr30k_test_007904,images/flickr30k/flickr30k_test_007904.jpg,data/images/flickr30k/flickr30k_test_007904.jpg
flickr30k_retrieval_2000_seed2,1345,1345,flickr30k_test_017619,images/flickr30k/flickr30k_test_017619.jpg,data/images/flickr30k/flickr30k_test_017619.jpg
flickr30k_retrieval_2000_seed2,1346,1346,flickr30k_test_001591,images/flickr30k/flickr30k_test_001591.jpg,data/images/flickr30k/flickr30k_test_001591.jpg
flickr30k_retrieval_2000_seed2,1347,1347,flickr30k_test_020176,images/flickr30k/flickr30k_test_020176.jpg,data/images/flickr30k/flickr30k_test_020176.jpg
flickr30k_retrieval_2000_seed2,1348,1348,flickr30k_test_004746,images/flickr30k/flickr30k_test_004746.jpg,data/images/flickr30k/flickr30k_test_004746.jpg
flickr30k_retrieval_2000_seed2,1349,1349,flickr30k_test_021180,images/flickr30k/flickr30k_test_021180.jpg,data/images/flickr30k/flickr30k_test_021180.jpg
flickr30k_retrieval_2000_seed2,1350,1350,flickr30k_test_009676,images/flickr30k/flickr30k_test_009676.jpg,data/images/flickr30k/flickr30k_test_009676.jpg
flickr30k_retrieval_2000_seed2,1351,1351,flickr30k_test_030888,images/flickr30k/flickr30k_test_030888.jpg,data/images/flickr30k/flickr30k_test_030888.jpg
flickr30k_retrieval_2000_seed2,1352,1352,flickr30k_test_024970,images/flickr30k/flickr30k_test_024970.jpg,data/images/flickr30k/flickr30k_test_024970.jpg
flickr30k_retrieval_2000_seed2,1353,1353,flickr30k_test_003345,images/flickr30k/flickr30k_test_003345.jpg,data/images/flickr30k/flickr30k_test_003345.jpg
flickr30k_retrieval_2000_seed2,1354,1354,flickr30k_test_021020,images/flickr30k/flickr30k_test_021020.jpg,data/images/flickr30k/flickr30k_test_021020.jpg
flickr30k_retrieval_2000_seed2,1355,1355,flickr30k_test_018283,images/flickr30k/flickr30k_test_018283.jpg,data/images/flickr30k/flickr30k_test_018283.jpg
flickr30k_retrieval_2000_seed2,1356,1356,flickr30k_test_002837,images/flickr30k/flickr30k_test_002837.jpg,data/images/flickr30k/flickr30k_test_002837.jpg
flickr30k_retrieval_2000_seed2,1357,1357,flickr30k_test_022227,images/flickr30k/flickr30k_test_022227.jpg,data/images/flickr30k/flickr30k_test_022227.jpg
flickr30k_retrieval_2000_seed2,1358,1358,flickr30k_test_021955,images/flickr30k/flickr30k_test_021955.jpg,data/images/flickr30k/flickr30k_test_021955.jpg
flickr30k_retrieval_2000_seed2,1359,1359,flickr30k_test_004469,images/flickr30k/flickr30k_test_004469.jpg,data/images/flickr30k/flickr30k_test_004469.jpg
flickr30k_retrieval_2000_seed2,1360,1360,flickr30k_test_014332,images/flickr30k/flickr30k_test_014332.jpg,data/images/flickr30k/flickr30k_test_014332.jpg
flickr30k_retrieval_2000_seed2,1361,1361,flickr30k_test_023175,images/flickr30k/flickr30k_test_023175.jpg,data/images/flickr30k/flickr30k_test_023175.jpg
flickr30k_retrieval_2000_seed2,1362,1362,flickr30k_test_004592,images/flickr30k/flickr30k_test_004592.jpg,data/images/flickr30k/flickr30k_test_004592.jpg
flickr30k_retrieval_2000_seed2,1363,1363,flickr30k_test_001110,images/flickr30k/flickr30k_test_001110.jpg,data/images/flickr30k/flickr30k_test_001110.jpg
flickr30k_retrieval_2000_seed2,1364,1364,flickr30k_test_010175,images/flickr30k/flickr30k_test_010175.jpg,data/images/flickr30k/flickr30k_test_010175.jpg
flickr30k_retrieval_2000_seed2,1365,1365,flickr30k_test_016759,images/flickr30k/flickr30k_test_016759.jpg,data/images/flickr30k/flickr30k_test_016759.jpg
flickr30k_retrieval_2000_seed2,1366,1366,flickr30k_test_021644,images/flickr30k/flickr30k_test_021644.jpg,data/images/flickr30k/flickr30k_test_021644.jpg
flickr30k_retrieval_2000_seed2,1367,1367,flickr30k_test_008791,images/flickr30k/flickr30k_test_008791.jpg,data/images/flickr30k/flickr30k_test_008791.jpg
flickr30k_retrieval_2000_seed2,1368,1368,flickr30k_test_015506,images/flickr30k/flickr30k_test_015506.jpg,data/images/flickr30k/flickr30k_test_015506.jpg
flickr30k_retrieval_2000_seed2,1369,1369,flickr30k_test_001541,images/flickr30k/flickr30k_test_001541.jpg,data/images/flickr30k/flickr30k_test_001541.jpg
flickr30k_retrieval_2000_seed2,1370,1370,flickr30k_test_030946,images/flickr30k/flickr30k_test_030946.jpg,data/images/flickr30k/flickr30k_test_030946.jpg
flickr30k_retrieval_2000_seed2,1371,1371,flickr30k_test_018228,images/flickr30k/flickr30k_test_018228.jpg,data/images/flickr30k/flickr30k_test_018228.jpg
flickr30k_retrieval_2000_seed2,1372,1372,flickr30k_test_011638,images/flickr30k/flickr30k_test_011638.jpg,data/images/flickr30k/flickr30k_test_011638.jpg
flickr30k_retrieval_2000_seed2,1373,1373,flickr30k_test_025026,images/flickr30k/flickr30k_test_025026.jpg,data/images/flickr30k/flickr30k_test_025026.jpg
flickr30k_retrieval_2000_seed2,1374,1374,flickr30k_test_011143,images/flickr30k/flickr30k_test_011143.jpg,data/images/flickr30k/flickr30k_test_011143.jpg
flickr30k_retrieval_2000_seed2,1375,1375,flickr30k_test_022489,images/flickr30k/flickr30k_test_022489.jpg,data/images/flickr30k/flickr30k_test_022489.jpg
flickr30k_retrieval_2000_seed2,1376,1376,flickr30k_test_030231,images/flickr30k/flickr30k_test_030231.jpg,data/images/flickr30k/flickr30k_test_030231.jpg
flickr30k_retrieval_2000_seed2,1377,1377,flickr30k_test_003189,images/flickr30k/flickr30k_test_003189.jpg,data/images/flickr30k/flickr30k_test_003189.jpg
flickr30k_retrieval_2000_seed2,1378,1378,flickr30k_test_019856,images/flickr30k/flickr30k_test_019856.jpg,data/images/flickr30k/flickr30k_test_019856.jpg
flickr30k_retrieval_2000_seed2,1379,1379,flickr30k_test_011782,images/flickr30k/flickr30k_test_011782.jpg,data/images/flickr30k/flickr30k_test_011782.jpg
flickr30k_retrieval_2000_seed2,1380,1380,flickr30k_test_003507,images/flickr30k/flickr30k_test_003507.jpg,data/images/flickr30k/flickr30k_test_003507.jpg
flickr30k_retrieval_2000_seed2,1381,1381,flickr30k_test_019958,images/flickr30k/flickr30k_test_019958.jpg,data/images/flickr30k/flickr30k_test_019958.jpg
flickr30k_retrieval_2000_seed2,1382,1382,flickr30k_test_025696,images/flickr30k/flickr30k_test_025696.jpg,data/images/flickr30k/flickr30k_test_025696.jpg
flickr30k_retrieval_2000_seed2,1383,1383,flickr30k_test_011406,images/flickr30k/flickr30k_test_011406.jpg,data/images/flickr30k/flickr30k_test_011406.jpg
flickr30k_retrieval_2000_seed2,1384,1384,flickr30k_test_011908,images/flickr30k/flickr30k_test_011908.jpg,data/images/flickr30k/flickr30k_test_011908.jpg
flickr30k_retrieval_2000_seed2,1385,1385,flickr30k_test_026051,images/flickr30k/flickr30k_test_026051.jpg,data/images/flickr30k/flickr30k_test_026051.jpg
flickr30k_retrieval_2000_seed2,1386,1386,flickr30k_test_030819,images/flickr30k/flickr30k_test_030819.jpg,data/images/flickr30k/flickr30k_test_030819.jpg
flickr30k_retrieval_2000_seed2,1387,1387,flickr30k_test_020836,images/flickr30k/flickr30k_test_020836.jpg,data/images/flickr30k/flickr30k_test_020836.jpg
flickr30k_retrieval_2000_seed2,1388,1388,flickr30k_test_009028,images/flickr30k/flickr30k_test_009028.jpg,data/images/flickr30k/flickr30k_test_009028.jpg
flickr30k_retrieval_2000_seed2,1389,1389,flickr30k_test_026375,images/flickr30k/flickr30k_test_026375.jpg,data/images/flickr30k/flickr30k_test_026375.jpg
flickr30k_retrieval_2000_seed2,1390,1390,flickr30k_test_015668,images/flickr30k/flickr30k_test_015668.jpg,data/images/flickr30k/flickr30k_test_015668.jpg
flickr30k_retrieval_2000_seed2,1391,1391,flickr30k_test_029358,images/flickr30k/flickr30k_test_029358.jpg,data/images/flickr30k/flickr30k_test_029358.jpg
flickr30k_retrieval_2000_seed2,1392,1392,flickr30k_test_009273,images/flickr30k/flickr30k_test_009273.jpg,data/images/flickr30k/flickr30k_test_009273.jpg
flickr30k_retrieval_2000_seed2,1393,1393,flickr30k_test_016689,images/flickr30k/flickr30k_test_016689.jpg,data/images/flickr30k/flickr30k_test_016689.jpg
flickr30k_retrieval_2000_seed2,1394,1394,flickr30k_test_019667,images/flickr30k/flickr30k_test_019667.jpg,data/images/flickr30k/flickr30k_test_019667.jpg
flickr30k_retrieval_2000_seed2,1395,1395,flickr30k_test_004908,images/flickr30k/flickr30k_test_004908.jpg,data/images/flickr30k/flickr30k_test_004908.jpg
flickr30k_retrieval_2000_seed2,1396,1396,flickr30k_test_000838,images/flickr30k/flickr30k_test_000838.jpg,data/images/flickr30k/flickr30k_test_000838.jpg
flickr30k_retrieval_2000_seed2,1397,1397,flickr30k_test_001452,images/flickr30k/flickr30k_test_001452.jpg,data/images/flickr30k/flickr30k_test_001452.jpg
flickr30k_retrieval_2000_seed2,1398,1398,flickr30k_test_011153,images/flickr30k/flickr30k_test_011153.jpg,data/images/flickr30k/flickr30k_test_011153.jpg
flickr30k_retrieval_2000_seed2,1399,1399,flickr30k_test_014223,images/flickr30k/flickr30k_test_014223.jpg,data/images/flickr30k/flickr30k_test_014223.jpg
flickr30k_retrieval_2000_seed2,1400,1400,flickr30k_test_027452,images/flickr30k/flickr30k_test_027452.jpg,data/images/flickr30k/flickr30k_test_027452.jpg
flickr30k_retrieval_2000_seed2,1401,1401,flickr30k_test_020749,images/flickr30k/flickr30k_test_020749.jpg,data/images/flickr30k/flickr30k_test_020749.jpg
flickr30k_retrieval_2000_seed2,1402,1402,flickr30k_test_000269,images/flickr30k/flickr30k_test_000269.jpg,data/images/flickr30k/flickr30k_test_000269.jpg
flickr30k_retrieval_2000_seed2,1403,1403,flickr30k_test_011450,images/flickr30k/flickr30k_test_011450.jpg,data/images/flickr30k/flickr30k_test_011450.jpg
flickr30k_retrieval_2000_seed2,1404,1404,flickr30k_test_022035,images/flickr30k/flickr30k_test_022035.jpg,data/images/flickr30k/flickr30k_test_022035.jpg
flickr30k_retrieval_2000_seed2,1405,1405,flickr30k_test_017514,images/flickr30k/flickr30k_test_017514.jpg,data/images/flickr30k/flickr30k_test_017514.jpg
flickr30k_retrieval_2000_seed2,1406,1406,flickr30k_test_023440,images/flickr30k/flickr30k_test_023440.jpg,data/images/flickr30k/flickr30k_test_023440.jpg
flickr30k_retrieval_2000_seed2,1407,1407,flickr30k_test_001661,images/flickr30k/flickr30k_test_001661.jpg,data/images/flickr30k/flickr30k_test_001661.jpg
flickr30k_retrieval_2000_seed2,1408,1408,flickr30k_test_028251,images/flickr30k/flickr30k_test_028251.jpg,data/images/flickr30k/flickr30k_test_028251.jpg
flickr30k_retrieval_2000_seed2,1409,1409,flickr30k_test_021701,images/flickr30k/flickr30k_test_021701.jpg,data/images/flickr30k/flickr30k_test_021701.jpg
flickr30k_retrieval_2000_seed2,1410,1410,flickr30k_test_002514,images/flickr30k/flickr30k_test_002514.jpg,data/images/flickr30k/flickr30k_test_002514.jpg
flickr30k_retrieval_2000_seed2,1411,1411,flickr30k_test_022623,images/flickr30k/flickr30k_test_022623.jpg,data/images/flickr30k/flickr30k_test_022623.jpg
flickr30k_retrieval_2000_seed2,1412,1412,flickr30k_test_017705,images/flickr30k/flickr30k_test_017705.jpg,data/images/flickr30k/flickr30k_test_017705.jpg
flickr30k_retrieval_2000_seed2,1413,1413,flickr30k_test_016600,images/flickr30k/flickr30k_test_016600.jpg,data/images/flickr30k/flickr30k_test_016600.jpg
flickr30k_retrieval_2000_seed2,1414,1414,flickr30k_test_019975,images/flickr30k/flickr30k_test_019975.jpg,data/images/flickr30k/flickr30k_test_019975.jpg
flickr30k_retrieval_2000_seed2,1415,1415,flickr30k_test_025234,images/flickr30k/flickr30k_test_025234.jpg,data/images/flickr30k/flickr30k_test_025234.jpg
flickr30k_retrieval_2000_seed2,1416,1416,flickr30k_test_014271,images/flickr30k/flickr30k_test_014271.jpg,data/images/flickr30k/flickr30k_test_014271.jpg
flickr30k_retrieval_2000_seed2,1417,1417,flickr30k_test_014044,images/flickr30k/flickr30k_test_014044.jpg,data/images/flickr30k/flickr30k_test_014044.jpg
flickr30k_retrieval_2000_seed2,1418,1418,flickr30k_test_013743,images/flickr30k/flickr30k_test_013743.jpg,data/images/flickr30k/flickr30k_test_013743.jpg
flickr30k_retrieval_2000_seed2,1419,1419,flickr30k_test_007860,images/flickr30k/flickr30k_test_007860.jpg,data/images/flickr30k/flickr30k_test_007860.jpg
flickr30k_retrieval_2000_seed2,1420,1420,flickr30k_test_025905,images/flickr30k/flickr30k_test_025905.jpg,data/images/flickr30k/flickr30k_test_025905.jpg
flickr30k_retrieval_2000_seed2,1421,1421,flickr30k_test_005959,images/flickr30k/flickr30k_test_005959.jpg,data/images/flickr30k/flickr30k_test_005959.jpg
flickr30k_retrieval_2000_seed2,1422,1422,flickr30k_test_020110,images/flickr30k/flickr30k_test_020110.jpg,data/images/flickr30k/flickr30k_test_020110.jpg
flickr30k_retrieval_2000_seed2,1423,1423,flickr30k_test_001474,images/flickr30k/flickr30k_test_001474.jpg,data/images/flickr30k/flickr30k_test_001474.jpg
flickr30k_retrieval_2000_seed2,1424,1424,flickr30k_test_000520,images/flickr30k/flickr30k_test_000520.jpg,data/images/flickr30k/flickr30k_test_000520.jpg
flickr30k_retrieval_2000_seed2,1425,1425,flickr30k_test_019433,images/flickr30k/flickr30k_test_019433.jpg,data/images/flickr30k/flickr30k_test_019433.jpg
flickr30k_retrieval_2000_seed2,1426,1426,flickr30k_test_024900,images/flickr30k/flickr30k_test_024900.jpg,data/images/flickr30k/flickr30k_test_024900.jpg
flickr30k_retrieval_2000_seed2,1427,1427,flickr30k_test_023575,images/flickr30k/flickr30k_test_023575.jpg,data/images/flickr30k/flickr30k_test_023575.jpg
flickr30k_retrieval_2000_seed2,1428,1428,flickr30k_test_027103,images/flickr30k/flickr30k_test_027103.jpg,data/images/flickr30k/flickr30k_test_027103.jpg
flickr30k_retrieval_2000_seed2,1429,1429,flickr30k_test_011569,images/flickr30k/flickr30k_test_011569.jpg,data/images/flickr30k/flickr30k_test_011569.jpg
flickr30k_retrieval_2000_seed2,1430,1430,flickr30k_test_022058,images/flickr30k/flickr30k_test_022058.jpg,data/images/flickr30k/flickr30k_test_022058.jpg
flickr30k_retrieval_2000_seed2,1431,1431,flickr30k_test_005944,images/flickr30k/flickr30k_test_005944.jpg,data/images/flickr30k/flickr30k_test_005944.jpg
flickr30k_retrieval_2000_seed2,1432,1432,flickr30k_test_009658,images/flickr30k/flickr30k_test_009658.jpg,data/images/flickr30k/flickr30k_test_009658.jpg
flickr30k_retrieval_2000_seed2,1433,1433,flickr30k_test_000651,images/flickr30k/flickr30k_test_000651.jpg,data/images/flickr30k/flickr30k_test_000651.jpg
flickr30k_retrieval_2000_seed2,1434,1434,flickr30k_test_029633,images/flickr30k/flickr30k_test_029633.jpg,data/images/flickr30k/flickr30k_test_029633.jpg
flickr30k_retrieval_2000_seed2,1435,1435,flickr30k_test_028492,images/flickr30k/flickr30k_test_028492.jpg,data/images/flickr30k/flickr30k_test_028492.jpg
flickr30k_retrieval_2000_seed2,1436,1436,flickr30k_test_001317,images/flickr30k/flickr30k_test_001317.jpg,data/images/flickr30k/flickr30k_test_001317.jpg
flickr30k_retrieval_2000_seed2,1437,1437,flickr30k_test_008081,images/flickr30k/flickr30k_test_008081.jpg,data/images/flickr30k/flickr30k_test_008081.jpg
flickr30k_retrieval_2000_seed2,1438,1438,flickr30k_test_018544,images/flickr30k/flickr30k_test_018544.jpg,data/images/flickr30k/flickr30k_test_018544.jpg
flickr30k_retrieval_2000_seed2,1439,1439,flickr30k_test_025823,images/flickr30k/flickr30k_test_025823.jpg,data/images/flickr30k/flickr30k_test_025823.jpg
flickr30k_retrieval_2000_seed2,1440,1440,flickr30k_test_030595,images/flickr30k/flickr30k_test_030595.jpg,data/images/flickr30k/flickr30k_test_030595.jpg
flickr30k_retrieval_2000_seed2,1441,1441,flickr30k_test_029317,images/flickr30k/flickr30k_test_029317.jpg,data/images/flickr30k/flickr30k_test_029317.jpg
flickr30k_retrieval_2000_seed2,1442,1442,flickr30k_test_007195,images/flickr30k/flickr30k_test_007195.jpg,data/images/flickr30k/flickr30k_test_007195.jpg
flickr30k_retrieval_2000_seed2,1443,1443,flickr30k_test_013200,images/flickr30k/flickr30k_test_013200.jpg,data/images/flickr30k/flickr30k_test_013200.jpg
flickr30k_retrieval_2000_seed2,1444,1444,flickr30k_test_002074,images/flickr30k/flickr30k_test_002074.jpg,data/images/flickr30k/flickr30k_test_002074.jpg
flickr30k_retrieval_2000_seed2,1445,1445,flickr30k_test_029791,images/flickr30k/flickr30k_test_029791.jpg,data/images/flickr30k/flickr30k_test_029791.jpg
flickr30k_retrieval_2000_seed2,1446,1446,flickr30k_test_011801,images/flickr30k/flickr30k_test_011801.jpg,data/images/flickr30k/flickr30k_test_011801.jpg
flickr30k_retrieval_2000_seed2,1447,1447,flickr30k_test_003632,images/flickr30k/flickr30k_test_003632.jpg,data/images/flickr30k/flickr30k_test_003632.jpg
flickr30k_retrieval_2000_seed2,1448,1448,flickr30k_test_030453,images/flickr30k/flickr30k_test_030453.jpg,data/images/flickr30k/flickr30k_test_030453.jpg
flickr30k_retrieval_2000_seed2,1449,1449,flickr30k_test_019560,images/flickr30k/flickr30k_test_019560.jpg,data/images/flickr30k/flickr30k_test_019560.jpg
flickr30k_retrieval_2000_seed2,1450,1450,flickr30k_test_029906,images/flickr30k/flickr30k_test_029906.jpg,data/images/flickr30k/flickr30k_test_029906.jpg
flickr30k_retrieval_2000_seed2,1451,1451,flickr30k_test_002215,images/flickr30k/flickr30k_test_002215.jpg,data/images/flickr30k/flickr30k_test_002215.jpg
flickr30k_retrieval_2000_seed2,1452,1452,flickr30k_test_007950,images/flickr30k/flickr30k_test_007950.jpg,data/images/flickr30k/flickr30k_test_007950.jpg
flickr30k_retrieval_2000_seed2,1453,1453,flickr30k_test_007646,images/flickr30k/flickr30k_test_007646.jpg,data/images/flickr30k/flickr30k_test_007646.jpg
flickr30k_retrieval_2000_seed2,1454,1454,flickr30k_test_018027,images/flickr30k/flickr30k_test_018027.jpg,data/images/flickr30k/flickr30k_test_018027.jpg
flickr30k_retrieval_2000_seed2,1455,1455,flickr30k_test_006223,images/flickr30k/flickr30k_test_006223.jpg,data/images/flickr30k/flickr30k_test_006223.jpg
flickr30k_retrieval_2000_seed2,1456,1456,flickr30k_test_003373,images/flickr30k/flickr30k_test_003373.jpg,data/images/flickr30k/flickr30k_test_003373.jpg
flickr30k_retrieval_2000_seed2,1457,1457,flickr30k_test_000205,images/flickr30k/flickr30k_test_000205.jpg,data/images/flickr30k/flickr30k_test_000205.jpg
flickr30k_retrieval_2000_seed2,1458,1458,flickr30k_test_022680,images/flickr30k/flickr30k_test_022680.jpg,data/images/flickr30k/flickr30k_test_022680.jpg
flickr30k_retrieval_2000_seed2,1459,1459,flickr30k_test_013281,images/flickr30k/flickr30k_test_013281.jpg,data/images/flickr30k/flickr30k_test_013281.jpg
flickr30k_retrieval_2000_seed2,1460,1460,flickr30k_test_002621,images/flickr30k/flickr30k_test_002621.jpg,data/images/flickr30k/flickr30k_test_002621.jpg
flickr30k_retrieval_2000_seed2,1461,1461,flickr30k_test_016390,images/flickr30k/flickr30k_test_016390.jpg,data/images/flickr30k/flickr30k_test_016390.jpg
flickr30k_retrieval_2000_seed2,1462,1462,flickr30k_test_027947,images/flickr30k/flickr30k_test_027947.jpg,data/images/flickr30k/flickr30k_test_027947.jpg
flickr30k_retrieval_2000_seed2,1463,1463,flickr30k_test_009208,images/flickr30k/flickr30k_test_009208.jpg,data/images/flickr30k/flickr30k_test_009208.jpg
flickr30k_retrieval_2000_seed2,1464,1464,flickr30k_test_019071,images/flickr30k/flickr30k_test_019071.jpg,data/images/flickr30k/flickr30k_test_019071.jpg
flickr30k_retrieval_2000_seed2,1465,1465,flickr30k_test_021353,images/flickr30k/flickr30k_test_021353.jpg,data/images/flickr30k/flickr30k_test_021353.jpg
flickr30k_retrieval_2000_seed2,1466,1466,flickr30k_test_007249,images/flickr30k/flickr30k_test_007249.jpg,data/images/flickr30k/flickr30k_test_007249.jpg
flickr30k_retrieval_2000_seed2,1467,1467,flickr30k_test_001717,images/flickr30k/flickr30k_test_001717.jpg,data/images/flickr30k/flickr30k_test_001717.jpg
flickr30k_retrieval_2000_seed2,1468,1468,flickr30k_test_017221,images/flickr30k/flickr30k_test_017221.jpg,data/images/flickr30k/flickr30k_test_017221.jpg
flickr30k_retrieval_2000_seed2,1469,1469,flickr30k_test_016955,images/flickr30k/flickr30k_test_016955.jpg,data/images/flickr30k/flickr30k_test_016955.jpg
flickr30k_retrieval_2000_seed2,1470,1470,flickr30k_test_017293,images/flickr30k/flickr30k_test_017293.jpg,data/images/flickr30k/flickr30k_test_017293.jpg
flickr30k_retrieval_2000_seed2,1471,1471,flickr30k_test_030178,images/flickr30k/flickr30k_test_030178.jpg,data/images/flickr30k/flickr30k_test_030178.jpg
flickr30k_retrieval_2000_seed2,1472,1472,flickr30k_test_013210,images/flickr30k/flickr30k_test_013210.jpg,data/images/flickr30k/flickr30k_test_013210.jpg
flickr30k_retrieval_2000_seed2,1473,1473,flickr30k_test_013994,images/flickr30k/flickr30k_test_013994.jpg,data/images/flickr30k/flickr30k_test_013994.jpg
flickr30k_retrieval_2000_seed2,1474,1474,flickr30k_test_029976,images/flickr30k/flickr30k_test_029976.jpg,data/images/flickr30k/flickr30k_test_029976.jpg
flickr30k_retrieval_2000_seed2,1475,1475,flickr30k_test_004149,images/flickr30k/flickr30k_test_004149.jpg,data/images/flickr30k/flickr30k_test_004149.jpg
flickr30k_retrieval_2000_seed2,1476,1476,flickr30k_test_005072,images/flickr30k/flickr30k_test_005072.jpg,data/images/flickr30k/flickr30k_test_005072.jpg
flickr30k_retrieval_2000_seed2,1477,1477,flickr30k_test_013988,images/flickr30k/flickr30k_test_013988.jpg,data/images/flickr30k/flickr30k_test_013988.jpg
flickr30k_retrieval_2000_seed2,1478,1478,flickr30k_test_004247,images/flickr30k/flickr30k_test_004247.jpg,data/images/flickr30k/flickr30k_test_004247.jpg
flickr30k_retrieval_2000_seed2,1479,1479,flickr30k_test_015066,images/flickr30k/flickr30k_test_015066.jpg,data/images/flickr30k/flickr30k_test_015066.jpg
flickr30k_retrieval_2000_seed2,1480,1480,flickr30k_test_024091,images/flickr30k/flickr30k_test_024091.jpg,data/images/flickr30k/flickr30k_test_024091.jpg
flickr30k_retrieval_2000_seed2,1481,1481,flickr30k_test_012216,images/flickr30k/flickr30k_test_012216.jpg,data/images/flickr30k/flickr30k_test_012216.jpg
flickr30k_retrieval_2000_seed2,1482,1482,flickr30k_test_001730,images/flickr30k/flickr30k_test_001730.jpg,data/images/flickr30k/flickr30k_test_001730.jpg
flickr30k_retrieval_2000_seed2,1483,1483,flickr30k_test_018738,images/flickr30k/flickr30k_test_018738.jpg,data/images/flickr30k/flickr30k_test_018738.jpg
flickr30k_retrieval_2000_seed2,1484,1484,flickr30k_test_005986,images/flickr30k/flickr30k_test_005986.jpg,data/images/flickr30k/flickr30k_test_005986.jpg
flickr30k_retrieval_2000_seed2,1485,1485,flickr30k_test_016921,images/flickr30k/flickr30k_test_016921.jpg,data/images/flickr30k/flickr30k_test_016921.jpg
flickr30k_retrieval_2000_seed2,1486,1486,flickr30k_test_026805,images/flickr30k/flickr30k_test_026805.jpg,data/images/flickr30k/flickr30k_test_026805.jpg
flickr30k_retrieval_2000_seed2,1487,1487,flickr30k_test_014417,images/flickr30k/flickr30k_test_014417.jpg,data/images/flickr30k/flickr30k_test_014417.jpg
flickr30k_retrieval_2000_seed2,1488,1488,flickr30k_test_030999,images/flickr30k/flickr30k_test_030999.jpg,data/images/flickr30k/flickr30k_test_030999.jpg
flickr30k_retrieval_2000_seed2,1489,1489,flickr30k_test_014334,images/flickr30k/flickr30k_test_014334.jpg,data/images/flickr30k/flickr30k_test_014334.jpg
flickr30k_retrieval_2000_seed2,1490,1490,flickr30k_test_019636,images/flickr30k/flickr30k_test_019636.jpg,data/images/flickr30k/flickr30k_test_019636.jpg
flickr30k_retrieval_2000_seed2,1491,1491,flickr30k_test_026913,images/flickr30k/flickr30k_test_026913.jpg,data/images/flickr30k/flickr30k_test_026913.jpg
flickr30k_retrieval_2000_seed2,1492,1492,flickr30k_test_026186,images/flickr30k/flickr30k_test_026186.jpg,data/images/flickr30k/flickr30k_test_026186.jpg
flickr30k_retrieval_2000_seed2,1493,1493,flickr30k_test_028458,images/flickr30k/flickr30k_test_028458.jpg,data/images/flickr30k/flickr30k_test_028458.jpg
flickr30k_retrieval_2000_seed2,1494,1494,flickr30k_test_021219,images/flickr30k/flickr30k_test_021219.jpg,data/images/flickr30k/flickr30k_test_021219.jpg
flickr30k_retrieval_2000_seed2,1495,1495,flickr30k_test_014612,images/flickr30k/flickr30k_test_014612.jpg,data/images/flickr30k/flickr30k_test_014612.jpg
flickr30k_retrieval_2000_seed2,1496,1496,flickr30k_test_005321,images/flickr30k/flickr30k_test_005321.jpg,data/images/flickr30k/flickr30k_test_005321.jpg
flickr30k_retrieval_2000_seed2,1497,1497,flickr30k_test_016239,images/flickr30k/flickr30k_test_016239.jpg,data/images/flickr30k/flickr30k_test_016239.jpg
flickr30k_retrieval_2000_seed2,1498,1498,flickr30k_test_019481,images/flickr30k/flickr30k_test_019481.jpg,data/images/flickr30k/flickr30k_test_019481.jpg
flickr30k_retrieval_2000_seed2,1499,1499,flickr30k_test_004188,images/flickr30k/flickr30k_test_004188.jpg,data/images/flickr30k/flickr30k_test_004188.jpg
flickr30k_retrieval_2000_seed2,1500,1500,flickr30k_test_027941,images/flickr30k/flickr30k_test_027941.jpg,data/images/flickr30k/flickr30k_test_027941.jpg
flickr30k_retrieval_2000_seed2,1501,1501,flickr30k_test_011500,images/flickr30k/flickr30k_test_011500.jpg,data/images/flickr30k/flickr30k_test_011500.jpg
flickr30k_retrieval_2000_seed2,1502,1502,flickr30k_test_004772,images/flickr30k/flickr30k_test_004772.jpg,data/images/flickr30k/flickr30k_test_004772.jpg
flickr30k_retrieval_2000_seed2,1503,1503,flickr30k_test_000754,images/flickr30k/flickr30k_test_000754.jpg,data/images/flickr30k/flickr30k_test_000754.jpg
flickr30k_retrieval_2000_seed2,1504,1504,flickr30k_test_008235,images/flickr30k/flickr30k_test_008235.jpg,data/images/flickr30k/flickr30k_test_008235.jpg
flickr30k_retrieval_2000_seed2,1505,1505,flickr30k_test_023107,images/flickr30k/flickr30k_test_023107.jpg,data/images/flickr30k/flickr30k_test_023107.jpg
flickr30k_retrieval_2000_seed2,1506,1506,flickr30k_test_006132,images/flickr30k/flickr30k_test_006132.jpg,data/images/flickr30k/flickr30k_test_006132.jpg
flickr30k_retrieval_2000_seed2,1507,1507,flickr30k_test_004946,images/flickr30k/flickr30k_test_004946.jpg,data/images/flickr30k/flickr30k_test_004946.jpg
flickr30k_retrieval_2000_seed2,1508,1508,flickr30k_test_020900,images/flickr30k/flickr30k_test_020900.jpg,data/images/flickr30k/flickr30k_test_020900.jpg
flickr30k_retrieval_2000_seed2,1509,1509,flickr30k_test_013506,images/flickr30k/flickr30k_test_013506.jpg,data/images/flickr30k/flickr30k_test_013506.jpg
flickr30k_retrieval_2000_seed2,1510,1510,flickr30k_test_018670,images/flickr30k/flickr30k_test_018670.jpg,data/images/flickr30k/flickr30k_test_018670.jpg
flickr30k_retrieval_2000_seed2,1511,1511,flickr30k_test_020650,images/flickr30k/flickr30k_test_020650.jpg,data/images/flickr30k/flickr30k_test_020650.jpg
flickr30k_retrieval_2000_seed2,1512,1512,flickr30k_test_008205,images/flickr30k/flickr30k_test_008205.jpg,data/images/flickr30k/flickr30k_test_008205.jpg
flickr30k_retrieval_2000_seed2,1513,1513,flickr30k_test_014495,images/flickr30k/flickr30k_test_014495.jpg,data/images/flickr30k/flickr30k_test_014495.jpg
flickr30k_retrieval_2000_seed2,1514,1514,flickr30k_test_015402,images/flickr30k/flickr30k_test_015402.jpg,data/images/flickr30k/flickr30k_test_015402.jpg
flickr30k_retrieval_2000_seed2,1515,1515,flickr30k_test_015218,images/flickr30k/flickr30k_test_015218.jpg,data/images/flickr30k/flickr30k_test_015218.jpg
flickr30k_retrieval_2000_seed2,1516,1516,flickr30k_test_006164,images/flickr30k/flickr30k_test_006164.jpg,data/images/flickr30k/flickr30k_test_006164.jpg
flickr30k_retrieval_2000_seed2,1517,1517,flickr30k_test_013860,images/flickr30k/flickr30k_test_013860.jpg,data/images/flickr30k/flickr30k_test_013860.jpg
flickr30k_retrieval_2000_seed2,1518,1518,flickr30k_test_014266,images/flickr30k/flickr30k_test_014266.jpg,data/images/flickr30k/flickr30k_test_014266.jpg
flickr30k_retrieval_2000_seed2,1519,1519,flickr30k_test_008828,images/flickr30k/flickr30k_test_008828.jpg,data/images/flickr30k/flickr30k_test_008828.jpg
flickr30k_retrieval_2000_seed2,1520,1520,flickr30k_test_025389,images/flickr30k/flickr30k_test_025389.jpg,data/images/flickr30k/flickr30k_test_025389.jpg
flickr30k_retrieval_2000_seed2,1521,1521,flickr30k_test_007188,images/flickr30k/flickr30k_test_007188.jpg,data/images/flickr30k/flickr30k_test_007188.jpg
flickr30k_retrieval_2000_seed2,1522,1522,flickr30k_test_011574,images/flickr30k/flickr30k_test_011574.jpg,data/images/flickr30k/flickr30k_test_011574.jpg
flickr30k_retrieval_2000_seed2,1523,1523,flickr30k_test_020724,images/flickr30k/flickr30k_test_020724.jpg,data/images/flickr30k/flickr30k_test_020724.jpg
flickr30k_retrieval_2000_seed2,1524,1524,flickr30k_test_001029,images/flickr30k/flickr30k_test_001029.jpg,data/images/flickr30k/flickr30k_test_001029.jpg
flickr30k_retrieval_2000_seed2,1525,1525,flickr30k_test_026911,images/flickr30k/flickr30k_test_026911.jpg,data/images/flickr30k/flickr30k_test_026911.jpg
flickr30k_retrieval_2000_seed2,1526,1526,flickr30k_test_027385,images/flickr30k/flickr30k_test_027385.jpg,data/images/flickr30k/flickr30k_test_027385.jpg
flickr30k_retrieval_2000_seed2,1527,1527,flickr30k_test_000914,images/flickr30k/flickr30k_test_000914.jpg,data/images/flickr30k/flickr30k_test_000914.jpg
flickr30k_retrieval_2000_seed2,1528,1528,flickr30k_test_013976,images/flickr30k/flickr30k_test_013976.jpg,data/images/flickr30k/flickr30k_test_013976.jpg
flickr30k_retrieval_2000_seed2,1529,1529,flickr30k_test_009904,images/flickr30k/flickr30k_test_009904.jpg,data/images/flickr30k/flickr30k_test_009904.jpg
flickr30k_retrieval_2000_seed2,1530,1530,flickr30k_test_030515,images/flickr30k/flickr30k_test_030515.jpg,data/images/flickr30k/flickr30k_test_030515.jpg
flickr30k_retrieval_2000_seed2,1531,1531,flickr30k_test_027524,images/flickr30k/flickr30k_test_027524.jpg,data/images/flickr30k/flickr30k_test_027524.jpg
flickr30k_retrieval_2000_seed2,1532,1532,flickr30k_test_000790,images/flickr30k/flickr30k_test_000790.jpg,data/images/flickr30k/flickr30k_test_000790.jpg
flickr30k_retrieval_2000_seed2,1533,1533,flickr30k_test_029819,images/flickr30k/flickr30k_test_029819.jpg,data/images/flickr30k/flickr30k_test_029819.jpg
flickr30k_retrieval_2000_seed2,1534,1534,flickr30k_test_017951,images/flickr30k/flickr30k_test_017951.jpg,data/images/flickr30k/flickr30k_test_017951.jpg
flickr30k_retrieval_2000_seed2,1535,1535,flickr30k_test_015639,images/flickr30k/flickr30k_test_015639.jpg,data/images/flickr30k/flickr30k_test_015639.jpg
flickr30k_retrieval_2000_seed2,1536,1536,flickr30k_test_008574,images/flickr30k/flickr30k_test_008574.jpg,data/images/flickr30k/flickr30k_test_008574.jpg
flickr30k_retrieval_2000_seed2,1537,1537,flickr30k_test_022491,images/flickr30k/flickr30k_test_022491.jpg,data/images/flickr30k/flickr30k_test_022491.jpg
flickr30k_retrieval_2000_seed2,1538,1538,flickr30k_test_008865,images/flickr30k/flickr30k_test_008865.jpg,data/images/flickr30k/flickr30k_test_008865.jpg
flickr30k_retrieval_2000_seed2,1539,1539,flickr30k_test_008097,images/flickr30k/flickr30k_test_008097.jpg,data/images/flickr30k/flickr30k_test_008097.jpg
flickr30k_retrieval_2000_seed2,1540,1540,flickr30k_test_015280,images/flickr30k/flickr30k_test_015280.jpg,data/images/flickr30k/flickr30k_test_015280.jpg
flickr30k_retrieval_2000_seed2,1541,1541,flickr30k_test_023334,images/flickr30k/flickr30k_test_023334.jpg,data/images/flickr30k/flickr30k_test_023334.jpg
flickr30k_retrieval_2000_seed2,1542,1542,flickr30k_test_014975,images/flickr30k/flickr30k_test_014975.jpg,data/images/flickr30k/flickr30k_test_014975.jpg
flickr30k_retrieval_2000_seed2,1543,1543,flickr30k_test_011961,images/flickr30k/flickr30k_test_011961.jpg,data/images/flickr30k/flickr30k_test_011961.jpg
flickr30k_retrieval_2000_seed2,1544,1544,flickr30k_test_017103,images/flickr30k/flickr30k_test_017103.jpg,data/images/flickr30k/flickr30k_test_017103.jpg
flickr30k_retrieval_2000_seed2,1545,1545,flickr30k_test_027756,images/flickr30k/flickr30k_test_027756.jpg,data/images/flickr30k/flickr30k_test_027756.jpg
flickr30k_retrieval_2000_seed2,1546,1546,flickr30k_test_020272,images/flickr30k/flickr30k_test_020272.jpg,data/images/flickr30k/flickr30k_test_020272.jpg
flickr30k_retrieval_2000_seed2,1547,1547,flickr30k_test_015129,images/flickr30k/flickr30k_test_015129.jpg,data/images/flickr30k/flickr30k_test_015129.jpg
flickr30k_retrieval_2000_seed2,1548,1548,flickr30k_test_029734,images/flickr30k/flickr30k_test_029734.jpg,data/images/flickr30k/flickr30k_test_029734.jpg
flickr30k_retrieval_2000_seed2,1549,1549,flickr30k_test_021738,images/flickr30k/flickr30k_test_021738.jpg,data/images/flickr30k/flickr30k_test_021738.jpg
flickr30k_retrieval_2000_seed2,1550,1550,flickr30k_test_008068,images/flickr30k/flickr30k_test_008068.jpg,data/images/flickr30k/flickr30k_test_008068.jpg
flickr30k_retrieval_2000_seed2,1551,1551,flickr30k_test_018222,images/flickr30k/flickr30k_test_018222.jpg,data/images/flickr30k/flickr30k_test_018222.jpg
flickr30k_retrieval_2000_seed2,1552,1552,flickr30k_test_027773,images/flickr30k/flickr30k_test_027773.jpg,data/images/flickr30k/flickr30k_test_027773.jpg
flickr30k_retrieval_2000_seed2,1553,1553,flickr30k_test_017520,images/flickr30k/flickr30k_test_017520.jpg,data/images/flickr30k/flickr30k_test_017520.jpg
flickr30k_retrieval_2000_seed2,1554,1554,flickr30k_test_005227,images/flickr30k/flickr30k_test_005227.jpg,data/images/flickr30k/flickr30k_test_005227.jpg
flickr30k_retrieval_2000_seed2,1555,1555,flickr30k_test_015101,images/flickr30k/flickr30k_test_015101.jpg,data/images/flickr30k/flickr30k_test_015101.jpg
flickr30k_retrieval_2000_seed2,1556,1556,flickr30k_test_009440,images/flickr30k/flickr30k_test_009440.jpg,data/images/flickr30k/flickr30k_test_009440.jpg
flickr30k_retrieval_2000_seed2,1557,1557,flickr30k_test_030667,images/flickr30k/flickr30k_test_030667.jpg,data/images/flickr30k/flickr30k_test_030667.jpg
flickr30k_retrieval_2000_seed2,1558,1558,flickr30k_test_024733,images/flickr30k/flickr30k_test_024733.jpg,data/images/flickr30k/flickr30k_test_024733.jpg
flickr30k_retrieval_2000_seed2,1559,1559,flickr30k_test_011850,images/flickr30k/flickr30k_test_011850.jpg,data/images/flickr30k/flickr30k_test_011850.jpg
flickr30k_retrieval_2000_seed2,1560,1560,flickr30k_test_013756,images/flickr30k/flickr30k_test_013756.jpg,data/images/flickr30k/flickr30k_test_013756.jpg
flickr30k_retrieval_2000_seed2,1561,1561,flickr30k_test_003595,images/flickr30k/flickr30k_test_003595.jpg,data/images/flickr30k/flickr30k_test_003595.jpg
flickr30k_retrieval_2000_seed2,1562,1562,flickr30k_test_016560,images/flickr30k/flickr30k_test_016560.jpg,data/images/flickr30k/flickr30k_test_016560.jpg
flickr30k_retrieval_2000_seed2,1563,1563,flickr30k_test_029420,images/flickr30k/flickr30k_test_029420.jpg,data/images/flickr30k/flickr30k_test_029420.jpg
flickr30k_retrieval_2000_seed2,1564,1564,flickr30k_test_008050,images/flickr30k/flickr30k_test_008050.jpg,data/images/flickr30k/flickr30k_test_008050.jpg
flickr30k_retrieval_2000_seed2,1565,1565,flickr30k_test_024478,images/flickr30k/flickr30k_test_024478.jpg,data/images/flickr30k/flickr30k_test_024478.jpg
flickr30k_retrieval_2000_seed2,1566,1566,flickr30k_test_021399,images/flickr30k/flickr30k_test_021399.jpg,data/images/flickr30k/flickr30k_test_021399.jpg
flickr30k_retrieval_2000_seed2,1567,1567,flickr30k_test_021630,images/flickr30k/flickr30k_test_021630.jpg,data/images/flickr30k/flickr30k_test_021630.jpg
flickr30k_retrieval_2000_seed2,1568,1568,flickr30k_test_012675,images/flickr30k/flickr30k_test_012675.jpg,data/images/flickr30k/flickr30k_test_012675.jpg
flickr30k_retrieval_2000_seed2,1569,1569,flickr30k_test_003839,images/flickr30k/flickr30k_test_003839.jpg,data/images/flickr30k/flickr30k_test_003839.jpg
flickr30k_retrieval_2000_seed2,1570,1570,flickr30k_test_014177,images/flickr30k/flickr30k_test_014177.jpg,data/images/flickr30k/flickr30k_test_014177.jpg
flickr30k_retrieval_2000_seed2,1571,1571,flickr30k_test_019595,images/flickr30k/flickr30k_test_019595.jpg,data/images/flickr30k/flickr30k_test_019595.jpg
flickr30k_retrieval_2000_seed2,1572,1572,flickr30k_test_015121,images/flickr30k/flickr30k_test_015121.jpg,data/images/flickr30k/flickr30k_test_015121.jpg
flickr30k_retrieval_2000_seed2,1573,1573,flickr30k_test_020454,images/flickr30k/flickr30k_test_020454.jpg,data/images/flickr30k/flickr30k_test_020454.jpg
flickr30k_retrieval_2000_seed2,1574,1574,flickr30k_test_017081,images/flickr30k/flickr30k_test_017081.jpg,data/images/flickr30k/flickr30k_test_017081.jpg
flickr30k_retrieval_2000_seed2,1575,1575,flickr30k_test_014896,images/flickr30k/flickr30k_test_014896.jpg,data/images/flickr30k/flickr30k_test_014896.jpg
flickr30k_retrieval_2000_seed2,1576,1576,flickr30k_test_002954,images/flickr30k/flickr30k_test_002954.jpg,data/images/flickr30k/flickr30k_test_002954.jpg
flickr30k_retrieval_2000_seed2,1577,1577,flickr30k_test_024310,images/flickr30k/flickr30k_test_024310.jpg,data/images/flickr30k/flickr30k_test_024310.jpg
flickr30k_retrieval_2000_seed2,1578,1578,flickr30k_test_027296,images/flickr30k/flickr30k_test_027296.jpg,data/images/flickr30k/flickr30k_test_027296.jpg
flickr30k_retrieval_2000_seed2,1579,1579,flickr30k_test_012797,images/flickr30k/flickr30k_test_012797.jpg,data/images/flickr30k/flickr30k_test_012797.jpg
flickr30k_retrieval_2000_seed2,1580,1580,flickr30k_test_014829,images/flickr30k/flickr30k_test_014829.jpg,data/images/flickr30k/flickr30k_test_014829.jpg
flickr30k_retrieval_2000_seed2,1581,1581,flickr30k_test_020194,images/flickr30k/flickr30k_test_020194.jpg,data/images/flickr30k/flickr30k_test_020194.jpg
flickr30k_retrieval_2000_seed2,1582,1582,flickr30k_test_030850,images/flickr30k/flickr30k_test_030850.jpg,data/images/flickr30k/flickr30k_test_030850.jpg
flickr30k_retrieval_2000_seed2,1583,1583,flickr30k_test_025091,images/flickr30k/flickr30k_test_025091.jpg,data/images/flickr30k/flickr30k_test_025091.jpg
flickr30k_retrieval_2000_seed2,1584,1584,flickr30k_test_023309,images/flickr30k/flickr30k_test_023309.jpg,data/images/flickr30k/flickr30k_test_023309.jpg
flickr30k_retrieval_2000_seed2,1585,1585,flickr30k_test_022810,images/flickr30k/flickr30k_test_022810.jpg,data/images/flickr30k/flickr30k_test_022810.jpg
flickr30k_retrieval_2000_seed2,1586,1586,flickr30k_test_024219,images/flickr30k/flickr30k_test_024219.jpg,data/images/flickr30k/flickr30k_test_024219.jpg
flickr30k_retrieval_2000_seed2,1587,1587,flickr30k_test_011886,images/flickr30k/flickr30k_test_011886.jpg,data/images/flickr30k/flickr30k_test_011886.jpg
flickr30k_retrieval_2000_seed2,1588,1588,flickr30k_test_029926,images/flickr30k/flickr30k_test_029926.jpg,data/images/flickr30k/flickr30k_test_029926.jpg
flickr30k_retrieval_2000_seed2,1589,1589,flickr30k_test_026155,images/flickr30k/flickr30k_test_026155.jpg,data/images/flickr30k/flickr30k_test_026155.jpg
flickr30k_retrieval_2000_seed2,1590,1590,flickr30k_test_018252,images/flickr30k/flickr30k_test_018252.jpg,data/images/flickr30k/flickr30k_test_018252.jpg
flickr30k_retrieval_2000_seed2,1591,1591,flickr30k_test_011429,images/flickr30k/flickr30k_test_011429.jpg,data/images/flickr30k/flickr30k_test_011429.jpg
flickr30k_retrieval_2000_seed2,1592,1592,flickr30k_test_005425,images/flickr30k/flickr30k_test_005425.jpg,data/images/flickr30k/flickr30k_test_005425.jpg
flickr30k_retrieval_2000_seed2,1593,1593,flickr30k_test_004813,images/flickr30k/flickr30k_test_004813.jpg,data/images/flickr30k/flickr30k_test_004813.jpg
flickr30k_retrieval_2000_seed2,1594,1594,flickr30k_test_007648,images/flickr30k/flickr30k_test_007648.jpg,data/images/flickr30k/flickr30k_test_007648.jpg
flickr30k_retrieval_2000_seed2,1595,1595,flickr30k_test_021776,images/flickr30k/flickr30k_test_021776.jpg,data/images/flickr30k/flickr30k_test_021776.jpg
flickr30k_retrieval_2000_seed2,1596,1596,flickr30k_test_029371,images/flickr30k/flickr30k_test_029371.jpg,data/images/flickr30k/flickr30k_test_029371.jpg
flickr30k_retrieval_2000_seed2,1597,1597,flickr30k_test_021274,images/flickr30k/flickr30k_test_021274.jpg,data/images/flickr30k/flickr30k_test_021274.jpg
flickr30k_retrieval_2000_seed2,1598,1598,flickr30k_test_005698,images/flickr30k/flickr30k_test_005698.jpg,data/images/flickr30k/flickr30k_test_005698.jpg
flickr30k_retrieval_2000_seed2,1599,1599,flickr30k_test_013385,images/flickr30k/flickr30k_test_013385.jpg,data/images/flickr30k/flickr30k_test_013385.jpg
flickr30k_retrieval_2000_seed2,1600,1600,flickr30k_test_014783,images/flickr30k/flickr30k_test_014783.jpg,data/images/flickr30k/flickr30k_test_014783.jpg
flickr30k_retrieval_2000_seed2,1601,1601,flickr30k_test_016346,images/flickr30k/flickr30k_test_016346.jpg,data/images/flickr30k/flickr30k_test_016346.jpg
flickr30k_retrieval_2000_seed2,1602,1602,flickr30k_test_023209,images/flickr30k/flickr30k_test_023209.jpg,data/images/flickr30k/flickr30k_test_023209.jpg
flickr30k_retrieval_2000_seed2,1603,1603,flickr30k_test_023659,images/flickr30k/flickr30k_test_023659.jpg,data/images/flickr30k/flickr30k_test_023659.jpg
flickr30k_retrieval_2000_seed2,1604,1604,flickr30k_test_026478,images/flickr30k/flickr30k_test_026478.jpg,data/images/flickr30k/flickr30k_test_026478.jpg
flickr30k_retrieval_2000_seed2,1605,1605,flickr30k_test_005657,images/flickr30k/flickr30k_test_005657.jpg,data/images/flickr30k/flickr30k_test_005657.jpg
flickr30k_retrieval_2000_seed2,1606,1606,flickr30k_test_013336,images/flickr30k/flickr30k_test_013336.jpg,data/images/flickr30k/flickr30k_test_013336.jpg
flickr30k_retrieval_2000_seed2,1607,1607,flickr30k_test_008649,images/flickr30k/flickr30k_test_008649.jpg,data/images/flickr30k/flickr30k_test_008649.jpg
flickr30k_retrieval_2000_seed2,1608,1608,flickr30k_test_029874,images/flickr30k/flickr30k_test_029874.jpg,data/images/flickr30k/flickr30k_test_029874.jpg
flickr30k_retrieval_2000_seed2,1609,1609,flickr30k_test_010243,images/flickr30k/flickr30k_test_010243.jpg,data/images/flickr30k/flickr30k_test_010243.jpg
flickr30k_retrieval_2000_seed2,1610,1610,flickr30k_test_018688,images/flickr30k/flickr30k_test_018688.jpg,data/images/flickr30k/flickr30k_test_018688.jpg
flickr30k_retrieval_2000_seed2,1611,1611,flickr30k_test_030030,images/flickr30k/flickr30k_test_030030.jpg,data/images/flickr30k/flickr30k_test_030030.jpg
flickr30k_retrieval_2000_seed2,1612,1612,flickr30k_test_021195,images/flickr30k/flickr30k_test_021195.jpg,data/images/flickr30k/flickr30k_test_021195.jpg
flickr30k_retrieval_2000_seed2,1613,1613,flickr30k_test_023408,images/flickr30k/flickr30k_test_023408.jpg,data/images/flickr30k/flickr30k_test_023408.jpg
flickr30k_retrieval_2000_seed2,1614,1614,flickr30k_test_025676,images/flickr30k/flickr30k_test_025676.jpg,data/images/flickr30k/flickr30k_test_025676.jpg
flickr30k_retrieval_2000_seed2,1615,1615,flickr30k_test_029369,images/flickr30k/flickr30k_test_029369.jpg,data/images/flickr30k/flickr30k_test_029369.jpg
flickr30k_retrieval_2000_seed2,1616,1616,flickr30k_test_008668,images/flickr30k/flickr30k_test_008668.jpg,data/images/flickr30k/flickr30k_test_008668.jpg
flickr30k_retrieval_2000_seed2,1617,1617,flickr30k_test_021964,images/flickr30k/flickr30k_test_021964.jpg,data/images/flickr30k/flickr30k_test_021964.jpg
flickr30k_retrieval_2000_seed2,1618,1618,flickr30k_test_010274,images/flickr30k/flickr30k_test_010274.jpg,data/images/flickr30k/flickr30k_test_010274.jpg
flickr30k_retrieval_2000_seed2,1619,1619,flickr30k_test_021869,images/flickr30k/flickr30k_test_021869.jpg,data/images/flickr30k/flickr30k_test_021869.jpg
flickr30k_retrieval_2000_seed2,1620,1620,flickr30k_test_000377,images/flickr30k/flickr30k_test_000377.jpg,data/images/flickr30k/flickr30k_test_000377.jpg
flickr30k_retrieval_2000_seed2,1621,1621,flickr30k_test_013134,images/flickr30k/flickr30k_test_013134.jpg,data/images/flickr30k/flickr30k_test_013134.jpg
flickr30k_retrieval_2000_seed2,1622,1622,flickr30k_test_019409,images/flickr30k/flickr30k_test_019409.jpg,data/images/flickr30k/flickr30k_test_019409.jpg
flickr30k_retrieval_2000_seed2,1623,1623,flickr30k_test_001319,images/flickr30k/flickr30k_test_001319.jpg,data/images/flickr30k/flickr30k_test_001319.jpg
flickr30k_retrieval_2000_seed2,1624,1624,flickr30k_test_006752,images/flickr30k/flickr30k_test_006752.jpg,data/images/flickr30k/flickr30k_test_006752.jpg
flickr30k_retrieval_2000_seed2,1625,1625,flickr30k_test_014900,images/flickr30k/flickr30k_test_014900.jpg,data/images/flickr30k/flickr30k_test_014900.jpg
flickr30k_retrieval_2000_seed2,1626,1626,flickr30k_test_003320,images/flickr30k/flickr30k_test_003320.jpg,data/images/flickr30k/flickr30k_test_003320.jpg
flickr30k_retrieval_2000_seed2,1627,1627,flickr30k_test_003745,images/flickr30k/flickr30k_test_003745.jpg,data/images/flickr30k/flickr30k_test_003745.jpg
flickr30k_retrieval_2000_seed2,1628,1628,flickr30k_test_000350,images/flickr30k/flickr30k_test_000350.jpg,data/images/flickr30k/flickr30k_test_000350.jpg
flickr30k_retrieval_2000_seed2,1629,1629,flickr30k_test_030876,images/flickr30k/flickr30k_test_030876.jpg,data/images/flickr30k/flickr30k_test_030876.jpg
flickr30k_retrieval_2000_seed2,1630,1630,flickr30k_test_027429,images/flickr30k/flickr30k_test_027429.jpg,data/images/flickr30k/flickr30k_test_027429.jpg
flickr30k_retrieval_2000_seed2,1631,1631,flickr30k_test_011876,images/flickr30k/flickr30k_test_011876.jpg,data/images/flickr30k/flickr30k_test_011876.jpg
flickr30k_retrieval_2000_seed2,1632,1632,flickr30k_test_010568,images/flickr30k/flickr30k_test_010568.jpg,data/images/flickr30k/flickr30k_test_010568.jpg
flickr30k_retrieval_2000_seed2,1633,1633,flickr30k_test_019825,images/flickr30k/flickr30k_test_019825.jpg,data/images/flickr30k/flickr30k_test_019825.jpg
flickr30k_retrieval_2000_seed2,1634,1634,flickr30k_test_010381,images/flickr30k/flickr30k_test_010381.jpg,data/images/flickr30k/flickr30k_test_010381.jpg
flickr30k_retrieval_2000_seed2,1635,1635,flickr30k_test_024024,images/flickr30k/flickr30k_test_024024.jpg,data/images/flickr30k/flickr30k_test_024024.jpg
flickr30k_retrieval_2000_seed2,1636,1636,flickr30k_test_013304,images/flickr30k/flickr30k_test_013304.jpg,data/images/flickr30k/flickr30k_test_013304.jpg
flickr30k_retrieval_2000_seed2,1637,1637,flickr30k_test_005853,images/flickr30k/flickr30k_test_005853.jpg,data/images/flickr30k/flickr30k_test_005853.jpg
flickr30k_retrieval_2000_seed2,1638,1638,flickr30k_test_027312,images/flickr30k/flickr30k_test_027312.jpg,data/images/flickr30k/flickr30k_test_027312.jpg
flickr30k_retrieval_2000_seed2,1639,1639,flickr30k_test_010670,images/flickr30k/flickr30k_test_010670.jpg,data/images/flickr30k/flickr30k_test_010670.jpg
flickr30k_retrieval_2000_seed2,1640,1640,flickr30k_test_025653,images/flickr30k/flickr30k_test_025653.jpg,data/images/flickr30k/flickr30k_test_025653.jpg
flickr30k_retrieval_2000_seed2,1641,1641,flickr30k_test_002636,images/flickr30k/flickr30k_test_002636.jpg,data/images/flickr30k/flickr30k_test_002636.jpg
flickr30k_retrieval_2000_seed2,1642,1642,flickr30k_test_017264,images/flickr30k/flickr30k_test_017264.jpg,data/images/flickr30k/flickr30k_test_017264.jpg
flickr30k_retrieval_2000_seed2,1643,1643,flickr30k_test_019653,images/flickr30k/flickr30k_test_019653.jpg,data/images/flickr30k/flickr30k_test_019653.jpg
flickr30k_retrieval_2000_seed2,1644,1644,flickr30k_test_015735,images/flickr30k/flickr30k_test_015735.jpg,data/images/flickr30k/flickr30k_test_015735.jpg
flickr30k_retrieval_2000_seed2,1645,1645,flickr30k_test_013183,images/flickr30k/flickr30k_test_013183.jpg,data/images/flickr30k/flickr30k_test_013183.jpg
flickr30k_retrieval_2000_seed2,1646,1646,flickr30k_test_020316,images/flickr30k/flickr30k_test_020316.jpg,data/images/flickr30k/flickr30k_test_020316.jpg
flickr30k_retrieval_2000_seed2,1647,1647,flickr30k_test_030117,images/flickr30k/flickr30k_test_030117.jpg,data/images/flickr30k/flickr30k_test_030117.jpg
flickr30k_retrieval_2000_seed2,1648,1648,flickr30k_test_007712,images/flickr30k/flickr30k_test_007712.jpg,data/images/flickr30k/flickr30k_test_007712.jpg
flickr30k_retrieval_2000_seed2,1649,1649,flickr30k_test_029002,images/flickr30k/flickr30k_test_029002.jpg,data/images/flickr30k/flickr30k_test_029002.jpg
flickr30k_retrieval_2000_seed2,1650,1650,flickr30k_test_019767,images/flickr30k/flickr30k_test_019767.jpg,data/images/flickr30k/flickr30k_test_019767.jpg
flickr30k_retrieval_2000_seed2,1651,1651,flickr30k_test_000604,images/flickr30k/flickr30k_test_000604.jpg,data/images/flickr30k/flickr30k_test_000604.jpg
flickr30k_retrieval_2000_seed2,1652,1652,flickr30k_test_011290,images/flickr30k/flickr30k_test_011290.jpg,data/images/flickr30k/flickr30k_test_011290.jpg
flickr30k_retrieval_2000_seed2,1653,1653,flickr30k_test_009928,images/flickr30k/flickr30k_test_009928.jpg,data/images/flickr30k/flickr30k_test_009928.jpg
flickr30k_retrieval_2000_seed2,1654,1654,flickr30k_test_016169,images/flickr30k/flickr30k_test_016169.jpg,data/images/flickr30k/flickr30k_test_016169.jpg
flickr30k_retrieval_2000_seed2,1655,1655,flickr30k_test_004587,images/flickr30k/flickr30k_test_004587.jpg,data/images/flickr30k/flickr30k_test_004587.jpg
flickr30k_retrieval_2000_seed2,1656,1656,flickr30k_test_023401,images/flickr30k/flickr30k_test_023401.jpg,data/images/flickr30k/flickr30k_test_023401.jpg
flickr30k_retrieval_2000_seed2,1657,1657,flickr30k_test_023172,images/flickr30k/flickr30k_test_023172.jpg,data/images/flickr30k/flickr30k_test_023172.jpg
flickr30k_retrieval_2000_seed2,1658,1658,flickr30k_test_001679,images/flickr30k/flickr30k_test_001679.jpg,data/images/flickr30k/flickr30k_test_001679.jpg
flickr30k_retrieval_2000_seed2,1659,1659,flickr30k_test_000308,images/flickr30k/flickr30k_test_000308.jpg,data/images/flickr30k/flickr30k_test_000308.jpg
flickr30k_retrieval_2000_seed2,1660,1660,flickr30k_test_010807,images/flickr30k/flickr30k_test_010807.jpg,data/images/flickr30k/flickr30k_test_010807.jpg
flickr30k_retrieval_2000_seed2,1661,1661,flickr30k_test_013297,images/flickr30k/flickr30k_test_013297.jpg,data/images/flickr30k/flickr30k_test_013297.jpg
flickr30k_retrieval_2000_seed2,1662,1662,flickr30k_test_015676,images/flickr30k/flickr30k_test_015676.jpg,data/images/flickr30k/flickr30k_test_015676.jpg
flickr30k_retrieval_2000_seed2,1663,1663,flickr30k_test_021344,images/flickr30k/flickr30k_test_021344.jpg,data/images/flickr30k/flickr30k_test_021344.jpg
flickr30k_retrieval_2000_seed2,1664,1664,flickr30k_test_029411,images/flickr30k/flickr30k_test_029411.jpg,data/images/flickr30k/flickr30k_test_029411.jpg
flickr30k_retrieval_2000_seed2,1665,1665,flickr30k_test_020100,images/flickr30k/flickr30k_test_020100.jpg,data/images/flickr30k/flickr30k_test_020100.jpg
flickr30k_retrieval_2000_seed2,1666,1666,flickr30k_test_000163,images/flickr30k/flickr30k_test_000163.jpg,data/images/flickr30k/flickr30k_test_000163.jpg
flickr30k_retrieval_2000_seed2,1667,1667,flickr30k_test_028675,images/flickr30k/flickr30k_test_028675.jpg,data/images/flickr30k/flickr30k_test_028675.jpg
flickr30k_retrieval_2000_seed2,1668,1668,flickr30k_test_015799,images/flickr30k/flickr30k_test_015799.jpg,data/images/flickr30k/flickr30k_test_015799.jpg
flickr30k_retrieval_2000_seed2,1669,1669,flickr30k_test_020934,images/flickr30k/flickr30k_test_020934.jpg,data/images/flickr30k/flickr30k_test_020934.jpg
flickr30k_retrieval_2000_seed2,1670,1670,flickr30k_test_029705,images/flickr30k/flickr30k_test_029705.jpg,data/images/flickr30k/flickr30k_test_029705.jpg
flickr30k_retrieval_2000_seed2,1671,1671,flickr30k_test_018844,images/flickr30k/flickr30k_test_018844.jpg,data/images/flickr30k/flickr30k_test_018844.jpg
flickr30k_retrieval_2000_seed2,1672,1672,flickr30k_test_006670,images/flickr30k/flickr30k_test_006670.jpg,data/images/flickr30k/flickr30k_test_006670.jpg
flickr30k_retrieval_2000_seed2,1673,1673,flickr30k_test_007305,images/flickr30k/flickr30k_test_007305.jpg,data/images/flickr30k/flickr30k_test_007305.jpg
flickr30k_retrieval_2000_seed2,1674,1674,flickr30k_test_024277,images/flickr30k/flickr30k_test_024277.jpg,data/images/flickr30k/flickr30k_test_024277.jpg
flickr30k_retrieval_2000_seed2,1675,1675,flickr30k_test_020062,images/flickr30k/flickr30k_test_020062.jpg,data/images/flickr30k/flickr30k_test_020062.jpg
flickr30k_retrieval_2000_seed2,1676,1676,flickr30k_test_010734,images/flickr30k/flickr30k_test_010734.jpg,data/images/flickr30k/flickr30k_test_010734.jpg
flickr30k_retrieval_2000_seed2,1677,1677,flickr30k_test_005437,images/flickr30k/flickr30k_test_005437.jpg,data/images/flickr30k/flickr30k_test_005437.jpg
flickr30k_retrieval_2000_seed2,1678,1678,flickr30k_test_010943,images/flickr30k/flickr30k_test_010943.jpg,data/images/flickr30k/flickr30k_test_010943.jpg
flickr30k_retrieval_2000_seed2,1679,1679,flickr30k_test_009935,images/flickr30k/flickr30k_test_009935.jpg,data/images/flickr30k/flickr30k_test_009935.jpg
flickr30k_retrieval_2000_seed2,1680,1680,flickr30k_test_027203,images/flickr30k/flickr30k_test_027203.jpg,data/images/flickr30k/flickr30k_test_027203.jpg
flickr30k_retrieval_2000_seed2,1681,1681,flickr30k_test_012823,images/flickr30k/flickr30k_test_012823.jpg,data/images/flickr30k/flickr30k_test_012823.jpg
flickr30k_retrieval_2000_seed2,1682,1682,flickr30k_test_018616,images/flickr30k/flickr30k_test_018616.jpg,data/images/flickr30k/flickr30k_test_018616.jpg
flickr30k_retrieval_2000_seed2,1683,1683,flickr30k_test_019597,images/flickr30k/flickr30k_test_019597.jpg,data/images/flickr30k/flickr30k_test_019597.jpg
flickr30k_retrieval_2000_seed2,1684,1684,flickr30k_test_023796,images/flickr30k/flickr30k_test_023796.jpg,data/images/flickr30k/flickr30k_test_023796.jpg
flickr30k_retrieval_2000_seed2,1685,1685,flickr30k_test_015917,images/flickr30k/flickr30k_test_015917.jpg,data/images/flickr30k/flickr30k_test_015917.jpg
flickr30k_retrieval_2000_seed2,1686,1686,flickr30k_test_015249,images/flickr30k/flickr30k_test_015249.jpg,data/images/flickr30k/flickr30k_test_015249.jpg
flickr30k_retrieval_2000_seed2,1687,1687,flickr30k_test_024991,images/flickr30k/flickr30k_test_024991.jpg,data/images/flickr30k/flickr30k_test_024991.jpg
flickr30k_retrieval_2000_seed2,1688,1688,flickr30k_test_009154,images/flickr30k/flickr30k_test_009154.jpg,data/images/flickr30k/flickr30k_test_009154.jpg
flickr30k_retrieval_2000_seed2,1689,1689,flickr30k_test_002814,images/flickr30k/flickr30k_test_002814.jpg,data/images/flickr30k/flickr30k_test_002814.jpg
flickr30k_retrieval_2000_seed2,1690,1690,flickr30k_test_016505,images/flickr30k/flickr30k_test_016505.jpg,data/images/flickr30k/flickr30k_test_016505.jpg
flickr30k_retrieval_2000_seed2,1691,1691,flickr30k_test_006998,images/flickr30k/flickr30k_test_006998.jpg,data/images/flickr30k/flickr30k_test_006998.jpg
flickr30k_retrieval_2000_seed2,1692,1692,flickr30k_test_018781,images/flickr30k/flickr30k_test_018781.jpg,data/images/flickr30k/flickr30k_test_018781.jpg
flickr30k_retrieval_2000_seed2,1693,1693,flickr30k_test_012025,images/flickr30k/flickr30k_test_012025.jpg,data/images/flickr30k/flickr30k_test_012025.jpg
flickr30k_retrieval_2000_seed2,1694,1694,flickr30k_test_007921,images/flickr30k/flickr30k_test_007921.jpg,data/images/flickr30k/flickr30k_test_007921.jpg
flickr30k_retrieval_2000_seed2,1695,1695,flickr30k_test_011851,images/flickr30k/flickr30k_test_011851.jpg,data/images/flickr30k/flickr30k_test_011851.jpg
flickr30k_retrieval_2000_seed2,1696,1696,flickr30k_test_027702,images/flickr30k/flickr30k_test_027702.jpg,data/images/flickr30k/flickr30k_test_027702.jpg
flickr30k_retrieval_2000_seed2,1697,1697,flickr30k_test_012182,images/flickr30k/flickr30k_test_012182.jpg,data/images/flickr30k/flickr30k_test_012182.jpg
flickr30k_retrieval_2000_seed2,1698,1698,flickr30k_test_026257,images/flickr30k/flickr30k_test_026257.jpg,data/images/flickr30k/flickr30k_test_026257.jpg
flickr30k_retrieval_2000_seed2,1699,1699,flickr30k_test_005937,images/flickr30k/flickr30k_test_005937.jpg,data/images/flickr30k/flickr30k_test_005937.jpg
flickr30k_retrieval_2000_seed2,1700,1700,flickr30k_test_029318,images/flickr30k/flickr30k_test_029318.jpg,data/images/flickr30k/flickr30k_test_029318.jpg
flickr30k_retrieval_2000_seed2,1701,1701,flickr30k_test_007935,images/flickr30k/flickr30k_test_007935.jpg,data/images/flickr30k/flickr30k_test_007935.jpg
flickr30k_retrieval_2000_seed2,1702,1702,flickr30k_test_017665,images/flickr30k/flickr30k_test_017665.jpg,data/images/flickr30k/flickr30k_test_017665.jpg
flickr30k_retrieval_2000_seed2,1703,1703,flickr30k_test_026586,images/flickr30k/flickr30k_test_026586.jpg,data/images/flickr30k/flickr30k_test_026586.jpg
flickr30k_retrieval_2000_seed2,1704,1704,flickr30k_test_021260,images/flickr30k/flickr30k_test_021260.jpg,data/images/flickr30k/flickr30k_test_021260.jpg
flickr30k_retrieval_2000_seed2,1705,1705,flickr30k_test_023653,images/flickr30k/flickr30k_test_023653.jpg,data/images/flickr30k/flickr30k_test_023653.jpg
flickr30k_retrieval_2000_seed2,1706,1706,flickr30k_test_020466,images/flickr30k/flickr30k_test_020466.jpg,data/images/flickr30k/flickr30k_test_020466.jpg
flickr30k_retrieval_2000_seed2,1707,1707,flickr30k_test_007371,images/flickr30k/flickr30k_test_007371.jpg,data/images/flickr30k/flickr30k_test_007371.jpg
flickr30k_retrieval_2000_seed2,1708,1708,flickr30k_test_006865,images/flickr30k/flickr30k_test_006865.jpg,data/images/flickr30k/flickr30k_test_006865.jpg
flickr30k_retrieval_2000_seed2,1709,1709,flickr30k_test_019200,images/flickr30k/flickr30k_test_019200.jpg,data/images/flickr30k/flickr30k_test_019200.jpg
flickr30k_retrieval_2000_seed2,1710,1710,flickr30k_test_015349,images/flickr30k/flickr30k_test_015349.jpg,data/images/flickr30k/flickr30k_test_015349.jpg
flickr30k_retrieval_2000_seed2,1711,1711,flickr30k_test_007803,images/flickr30k/flickr30k_test_007803.jpg,data/images/flickr30k/flickr30k_test_007803.jpg
flickr30k_retrieval_2000_seed2,1712,1712,flickr30k_test_013039,images/flickr30k/flickr30k_test_013039.jpg,data/images/flickr30k/flickr30k_test_013039.jpg
flickr30k_retrieval_2000_seed2,1713,1713,flickr30k_test_028273,images/flickr30k/flickr30k_test_028273.jpg,data/images/flickr30k/flickr30k_test_028273.jpg
flickr30k_retrieval_2000_seed2,1714,1714,flickr30k_test_008709,images/flickr30k/flickr30k_test_008709.jpg,data/images/flickr30k/flickr30k_test_008709.jpg
flickr30k_retrieval_2000_seed2,1715,1715,flickr30k_test_019249,images/flickr30k/flickr30k_test_019249.jpg,data/images/flickr30k/flickr30k_test_019249.jpg
flickr30k_retrieval_2000_seed2,1716,1716,flickr30k_test_006669,images/flickr30k/flickr30k_test_006669.jpg,data/images/flickr30k/flickr30k_test_006669.jpg
flickr30k_retrieval_2000_seed2,1717,1717,flickr30k_test_016738,images/flickr30k/flickr30k_test_016738.jpg,data/images/flickr30k/flickr30k_test_016738.jpg
flickr30k_retrieval_2000_seed2,1718,1718,flickr30k_test_028283,images/flickr30k/flickr30k_test_028283.jpg,data/images/flickr30k/flickr30k_test_028283.jpg
flickr30k_retrieval_2000_seed2,1719,1719,flickr30k_test_005296,images/flickr30k/flickr30k_test_005296.jpg,data/images/flickr30k/flickr30k_test_005296.jpg
flickr30k_retrieval_2000_seed2,1720,1720,flickr30k_test_000051,images/flickr30k/flickr30k_test_000051.jpg,data/images/flickr30k/flickr30k_test_000051.jpg
flickr30k_retrieval_2000_seed2,1721,1721,flickr30k_test_013295,images/flickr30k/flickr30k_test_013295.jpg,data/images/flickr30k/flickr30k_test_013295.jpg
flickr30k_retrieval_2000_seed2,1722,1722,flickr30k_test_025137,images/flickr30k/flickr30k_test_025137.jpg,data/images/flickr30k/flickr30k_test_025137.jpg
flickr30k_retrieval_2000_seed2,1723,1723,flickr30k_test_015497,images/flickr30k/flickr30k_test_015497.jpg,data/images/flickr30k/flickr30k_test_015497.jpg
flickr30k_retrieval_2000_seed2,1724,1724,flickr30k_test_024239,images/flickr30k/flickr30k_test_024239.jpg,data/images/flickr30k/flickr30k_test_024239.jpg
flickr30k_retrieval_2000_seed2,1725,1725,flickr30k_test_011854,images/flickr30k/flickr30k_test_011854.jpg,data/images/flickr30k/flickr30k_test_011854.jpg
flickr30k_retrieval_2000_seed2,1726,1726,flickr30k_test_005894,images/flickr30k/flickr30k_test_005894.jpg,data/images/flickr30k/flickr30k_test_005894.jpg
flickr30k_retrieval_2000_seed2,1727,1727,flickr30k_test_022180,images/flickr30k/flickr30k_test_022180.jpg,data/images/flickr30k/flickr30k_test_022180.jpg
flickr30k_retrieval_2000_seed2,1728,1728,flickr30k_test_006493,images/flickr30k/flickr30k_test_006493.jpg,data/images/flickr30k/flickr30k_test_006493.jpg
flickr30k_retrieval_2000_seed2,1729,1729,flickr30k_test_023810,images/flickr30k/flickr30k_test_023810.jpg,data/images/flickr30k/flickr30k_test_023810.jpg
flickr30k_retrieval_2000_seed2,1730,1730,flickr30k_test_022944,images/flickr30k/flickr30k_test_022944.jpg,data/images/flickr30k/flickr30k_test_022944.jpg
flickr30k_retrieval_2000_seed2,1731,1731,flickr30k_test_019895,images/flickr30k/flickr30k_test_019895.jpg,data/images/flickr30k/flickr30k_test_019895.jpg
flickr30k_retrieval_2000_seed2,1732,1732,flickr30k_test_005970,images/flickr30k/flickr30k_test_005970.jpg,data/images/flickr30k/flickr30k_test_005970.jpg
flickr30k_retrieval_2000_seed2,1733,1733,flickr30k_test_027654,images/flickr30k/flickr30k_test_027654.jpg,data/images/flickr30k/flickr30k_test_027654.jpg
flickr30k_retrieval_2000_seed2,1734,1734,flickr30k_test_015875,images/flickr30k/flickr30k_test_015875.jpg,data/images/flickr30k/flickr30k_test_015875.jpg
flickr30k_retrieval_2000_seed2,1735,1735,flickr30k_test_020158,images/flickr30k/flickr30k_test_020158.jpg,data/images/flickr30k/flickr30k_test_020158.jpg
flickr30k_retrieval_2000_seed2,1736,1736,flickr30k_test_000217,images/flickr30k/flickr30k_test_000217.jpg,data/images/flickr30k/flickr30k_test_000217.jpg
flickr30k_retrieval_2000_seed2,1737,1737,flickr30k_test_025919,images/flickr30k/flickr30k_test_025919.jpg,data/images/flickr30k/flickr30k_test_025919.jpg
flickr30k_retrieval_2000_seed2,1738,1738,flickr30k_test_004377,images/flickr30k/flickr30k_test_004377.jpg,data/images/flickr30k/flickr30k_test_004377.jpg
flickr30k_retrieval_2000_seed2,1739,1739,flickr30k_test_030070,images/flickr30k/flickr30k_test_030070.jpg,data/images/flickr30k/flickr30k_test_030070.jpg
flickr30k_retrieval_2000_seed2,1740,1740,flickr30k_test_006880,images/flickr30k/flickr30k_test_006880.jpg,data/images/flickr30k/flickr30k_test_006880.jpg
flickr30k_retrieval_2000_seed2,1741,1741,flickr30k_test_023059,images/flickr30k/flickr30k_test_023059.jpg,data/images/flickr30k/flickr30k_test_023059.jpg
flickr30k_retrieval_2000_seed2,1742,1742,flickr30k_test_007120,images/flickr30k/flickr30k_test_007120.jpg,data/images/flickr30k/flickr30k_test_007120.jpg
flickr30k_retrieval_2000_seed2,1743,1743,flickr30k_test_000047,images/flickr30k/flickr30k_test_000047.jpg,data/images/flickr30k/flickr30k_test_000047.jpg
flickr30k_retrieval_2000_seed2,1744,1744,flickr30k_test_020354,images/flickr30k/flickr30k_test_020354.jpg,data/images/flickr30k/flickr30k_test_020354.jpg
flickr30k_retrieval_2000_seed2,1745,1745,flickr30k_test_002749,images/flickr30k/flickr30k_test_002749.jpg,data/images/flickr30k/flickr30k_test_002749.jpg
flickr30k_retrieval_2000_seed2,1746,1746,flickr30k_test_014957,images/flickr30k/flickr30k_test_014957.jpg,data/images/flickr30k/flickr30k_test_014957.jpg
flickr30k_retrieval_2000_seed2,1747,1747,flickr30k_test_025520,images/flickr30k/flickr30k_test_025520.jpg,data/images/flickr30k/flickr30k_test_025520.jpg
flickr30k_retrieval_2000_seed2,1748,1748,flickr30k_test_020924,images/flickr30k/flickr30k_test_020924.jpg,data/images/flickr30k/flickr30k_test_020924.jpg
flickr30k_retrieval_2000_seed2,1749,1749,flickr30k_test_006453,images/flickr30k/flickr30k_test_006453.jpg,data/images/flickr30k/flickr30k_test_006453.jpg
flickr30k_retrieval_2000_seed2,1750,1750,flickr30k_test_024286,images/flickr30k/flickr30k_test_024286.jpg,data/images/flickr30k/flickr30k_test_024286.jpg
flickr30k_retrieval_2000_seed2,1751,1751,flickr30k_test_006058,images/flickr30k/flickr30k_test_006058.jpg,data/images/flickr30k/flickr30k_test_006058.jpg
flickr30k_retrieval_2000_seed2,1752,1752,flickr30k_test_008944,images/flickr30k/flickr30k_test_008944.jpg,data/images/flickr30k/flickr30k_test_008944.jpg
flickr30k_retrieval_2000_seed2,1753,1753,flickr30k_test_012957,images/flickr30k/flickr30k_test_012957.jpg,data/images/flickr30k/flickr30k_test_012957.jpg
flickr30k_retrieval_2000_seed2,1754,1754,flickr30k_test_020212,images/flickr30k/flickr30k_test_020212.jpg,data/images/flickr30k/flickr30k_test_020212.jpg
flickr30k_retrieval_2000_seed2,1755,1755,flickr30k_test_027421,images/flickr30k/flickr30k_test_027421.jpg,data/images/flickr30k/flickr30k_test_027421.jpg
flickr30k_retrieval_2000_seed2,1756,1756,flickr30k_test_000712,images/flickr30k/flickr30k_test_000712.jpg,data/images/flickr30k/flickr30k_test_000712.jpg
flickr30k_retrieval_2000_seed2,1757,1757,flickr30k_test_028753,images/flickr30k/flickr30k_test_028753.jpg,data/images/flickr30k/flickr30k_test_028753.jpg
flickr30k_retrieval_2000_seed2,1758,1758,flickr30k_test_003795,images/flickr30k/flickr30k_test_003795.jpg,data/images/flickr30k/flickr30k_test_003795.jpg
flickr30k_retrieval_2000_seed2,1759,1759,flickr30k_test_009989,images/flickr30k/flickr30k_test_009989.jpg,data/images/flickr30k/flickr30k_test_009989.jpg
flickr30k_retrieval_2000_seed2,1760,1760,flickr30k_test_001168,images/flickr30k/flickr30k_test_001168.jpg,data/images/flickr30k/flickr30k_test_001168.jpg
flickr30k_retrieval_2000_seed2,1761,1761,flickr30k_test_018711,images/flickr30k/flickr30k_test_018711.jpg,data/images/flickr30k/flickr30k_test_018711.jpg
flickr30k_retrieval_2000_seed2,1762,1762,flickr30k_test_015486,images/flickr30k/flickr30k_test_015486.jpg,data/images/flickr30k/flickr30k_test_015486.jpg
flickr30k_retrieval_2000_seed2,1763,1763,flickr30k_test_012466,images/flickr30k/flickr30k_test_012466.jpg,data/images/flickr30k/flickr30k_test_012466.jpg
flickr30k_retrieval_2000_seed2,1764,1764,flickr30k_test_003987,images/flickr30k/flickr30k_test_003987.jpg,data/images/flickr30k/flickr30k_test_003987.jpg
flickr30k_retrieval_2000_seed2,1765,1765,flickr30k_test_002494,images/flickr30k/flickr30k_test_002494.jpg,data/images/flickr30k/flickr30k_test_002494.jpg
flickr30k_retrieval_2000_seed2,1766,1766,flickr30k_test_015163,images/flickr30k/flickr30k_test_015163.jpg,data/images/flickr30k/flickr30k_test_015163.jpg
flickr30k_retrieval_2000_seed2,1767,1767,flickr30k_test_005762,images/flickr30k/flickr30k_test_005762.jpg,data/images/flickr30k/flickr30k_test_005762.jpg
flickr30k_retrieval_2000_seed2,1768,1768,flickr30k_test_004682,images/flickr30k/flickr30k_test_004682.jpg,data/images/flickr30k/flickr30k_test_004682.jpg
flickr30k_retrieval_2000_seed2,1769,1769,flickr30k_test_026376,images/flickr30k/flickr30k_test_026376.jpg,data/images/flickr30k/flickr30k_test_026376.jpg
flickr30k_retrieval_2000_seed2,1770,1770,flickr30k_test_028829,images/flickr30k/flickr30k_test_028829.jpg,data/images/flickr30k/flickr30k_test_028829.jpg
flickr30k_retrieval_2000_seed2,1771,1771,flickr30k_test_028801,images/flickr30k/flickr30k_test_028801.jpg,data/images/flickr30k/flickr30k_test_028801.jpg
flickr30k_retrieval_2000_seed2,1772,1772,flickr30k_test_025242,images/flickr30k/flickr30k_test_025242.jpg,data/images/flickr30k/flickr30k_test_025242.jpg
flickr30k_retrieval_2000_seed2,1773,1773,flickr30k_test_014874,images/flickr30k/flickr30k_test_014874.jpg,data/images/flickr30k/flickr30k_test_014874.jpg
flickr30k_retrieval_2000_seed2,1774,1774,flickr30k_test_029831,images/flickr30k/flickr30k_test_029831.jpg,data/images/flickr30k/flickr30k_test_029831.jpg
flickr30k_retrieval_2000_seed2,1775,1775,flickr30k_test_020996,images/flickr30k/flickr30k_test_020996.jpg,data/images/flickr30k/flickr30k_test_020996.jpg
flickr30k_retrieval_2000_seed2,1776,1776,flickr30k_test_002060,images/flickr30k/flickr30k_test_002060.jpg,data/images/flickr30k/flickr30k_test_002060.jpg
flickr30k_retrieval_2000_seed2,1777,1777,flickr30k_test_008746,images/flickr30k/flickr30k_test_008746.jpg,data/images/flickr30k/flickr30k_test_008746.jpg
flickr30k_retrieval_2000_seed2,1778,1778,flickr30k_test_004842,images/flickr30k/flickr30k_test_004842.jpg,data/images/flickr30k/flickr30k_test_004842.jpg
flickr30k_retrieval_2000_seed2,1779,1779,flickr30k_test_028510,images/flickr30k/flickr30k_test_028510.jpg,data/images/flickr30k/flickr30k_test_028510.jpg
flickr30k_retrieval_2000_seed2,1780,1780,flickr30k_test_015851,images/flickr30k/flickr30k_test_015851.jpg,data/images/flickr30k/flickr30k_test_015851.jpg
flickr30k_retrieval_2000_seed2,1781,1781,flickr30k_test_017620,images/flickr30k/flickr30k_test_017620.jpg,data/images/flickr30k/flickr30k_test_017620.jpg
flickr30k_retrieval_2000_seed2,1782,1782,flickr30k_test_002448,images/flickr30k/flickr30k_test_002448.jpg,data/images/flickr30k/flickr30k_test_002448.jpg
flickr30k_retrieval_2000_seed2,1783,1783,flickr30k_test_029879,images/flickr30k/flickr30k_test_029879.jpg,data/images/flickr30k/flickr30k_test_029879.jpg
flickr30k_retrieval_2000_seed2,1784,1784,flickr30k_test_026470,images/flickr30k/flickr30k_test_026470.jpg,data/images/flickr30k/flickr30k_test_026470.jpg
flickr30k_retrieval_2000_seed2,1785,1785,flickr30k_test_029381,images/flickr30k/flickr30k_test_029381.jpg,data/images/flickr30k/flickr30k_test_029381.jpg
flickr30k_retrieval_2000_seed2,1786,1786,flickr30k_test_017254,images/flickr30k/flickr30k_test_017254.jpg,data/images/flickr30k/flickr30k_test_017254.jpg
flickr30k_retrieval_2000_seed2,1787,1787,flickr30k_test_023182,images/flickr30k/flickr30k_test_023182.jpg,data/images/flickr30k/flickr30k_test_023182.jpg
flickr30k_retrieval_2000_seed2,1788,1788,flickr30k_test_026177,images/flickr30k/flickr30k_test_026177.jpg,data/images/flickr30k/flickr30k_test_026177.jpg
flickr30k_retrieval_2000_seed2,1789,1789,flickr30k_test_009579,images/flickr30k/flickr30k_test_009579.jpg,data/images/flickr30k/flickr30k_test_009579.jpg
flickr30k_retrieval_2000_seed2,1790,1790,flickr30k_test_009387,images/flickr30k/flickr30k_test_009387.jpg,data/images/flickr30k/flickr30k_test_009387.jpg
flickr30k_retrieval_2000_seed2,1791,1791,flickr30k_test_030008,images/flickr30k/flickr30k_test_030008.jpg,data/images/flickr30k/flickr30k_test_030008.jpg
flickr30k_retrieval_2000_seed2,1792,1792,flickr30k_test_000891,images/flickr30k/flickr30k_test_000891.jpg,data/images/flickr30k/flickr30k_test_000891.jpg
flickr30k_retrieval_2000_seed2,1793,1793,flickr30k_test_017922,images/flickr30k/flickr30k_test_017922.jpg,data/images/flickr30k/flickr30k_test_017922.jpg
flickr30k_retrieval_2000_seed2,1794,1794,flickr30k_test_029174,images/flickr30k/flickr30k_test_029174.jpg,data/images/flickr30k/flickr30k_test_029174.jpg
flickr30k_retrieval_2000_seed2,1795,1795,flickr30k_test_018359,images/flickr30k/flickr30k_test_018359.jpg,data/images/flickr30k/flickr30k_test_018359.jpg
flickr30k_retrieval_2000_seed2,1796,1796,flickr30k_test_006828,images/flickr30k/flickr30k_test_006828.jpg,data/images/flickr30k/flickr30k_test_006828.jpg
flickr30k_retrieval_2000_seed2,1797,1797,flickr30k_test_002549,images/flickr30k/flickr30k_test_002549.jpg,data/images/flickr30k/flickr30k_test_002549.jpg
flickr30k_retrieval_2000_seed2,1798,1798,flickr30k_test_013664,images/flickr30k/flickr30k_test_013664.jpg,data/images/flickr30k/flickr30k_test_013664.jpg
flickr30k_retrieval_2000_seed2,1799,1799,flickr30k_test_029859,images/flickr30k/flickr30k_test_029859.jpg,data/images/flickr30k/flickr30k_test_029859.jpg
flickr30k_retrieval_2000_seed2,1800,1800,flickr30k_test_004117,images/flickr30k/flickr30k_test_004117.jpg,data/images/flickr30k/flickr30k_test_004117.jpg
flickr30k_retrieval_2000_seed2,1801,1801,flickr30k_test_006105,images/flickr30k/flickr30k_test_006105.jpg,data/images/flickr30k/flickr30k_test_006105.jpg
flickr30k_retrieval_2000_seed2,1802,1802,flickr30k_test_019229,images/flickr30k/flickr30k_test_019229.jpg,data/images/flickr30k/flickr30k_test_019229.jpg
flickr30k_retrieval_2000_seed2,1803,1803,flickr30k_test_015202,images/flickr30k/flickr30k_test_015202.jpg,data/images/flickr30k/flickr30k_test_015202.jpg
flickr30k_retrieval_2000_seed2,1804,1804,flickr30k_test_030313,images/flickr30k/flickr30k_test_030313.jpg,data/images/flickr30k/flickr30k_test_030313.jpg
flickr30k_retrieval_2000_seed2,1805,1805,flickr30k_test_006490,images/flickr30k/flickr30k_test_006490.jpg,data/images/flickr30k/flickr30k_test_006490.jpg
flickr30k_retrieval_2000_seed2,1806,1806,flickr30k_test_028089,images/flickr30k/flickr30k_test_028089.jpg,data/images/flickr30k/flickr30k_test_028089.jpg
flickr30k_retrieval_2000_seed2,1807,1807,flickr30k_test_001282,images/flickr30k/flickr30k_test_001282.jpg,data/images/flickr30k/flickr30k_test_001282.jpg
flickr30k_retrieval_2000_seed2,1808,1808,flickr30k_test_022817,images/flickr30k/flickr30k_test_022817.jpg,data/images/flickr30k/flickr30k_test_022817.jpg
flickr30k_retrieval_2000_seed2,1809,1809,flickr30k_test_011065,images/flickr30k/flickr30k_test_011065.jpg,data/images/flickr30k/flickr30k_test_011065.jpg
flickr30k_retrieval_2000_seed2,1810,1810,flickr30k_test_015049,images/flickr30k/flickr30k_test_015049.jpg,data/images/flickr30k/flickr30k_test_015049.jpg
flickr30k_retrieval_2000_seed2,1811,1811,flickr30k_test_025674,images/flickr30k/flickr30k_test_025674.jpg,data/images/flickr30k/flickr30k_test_025674.jpg
flickr30k_retrieval_2000_seed2,1812,1812,flickr30k_test_002046,images/flickr30k/flickr30k_test_002046.jpg,data/images/flickr30k/flickr30k_test_002046.jpg
flickr30k_retrieval_2000_seed2,1813,1813,flickr30k_test_005045,images/flickr30k/flickr30k_test_005045.jpg,data/images/flickr30k/flickr30k_test_005045.jpg
flickr30k_retrieval_2000_seed2,1814,1814,flickr30k_test_007483,images/flickr30k/flickr30k_test_007483.jpg,data/images/flickr30k/flickr30k_test_007483.jpg
flickr30k_retrieval_2000_seed2,1815,1815,flickr30k_test_027966,images/flickr30k/flickr30k_test_027966.jpg,data/images/flickr30k/flickr30k_test_027966.jpg
flickr30k_retrieval_2000_seed2,1816,1816,flickr30k_test_020271,images/flickr30k/flickr30k_test_020271.jpg,data/images/flickr30k/flickr30k_test_020271.jpg
flickr30k_retrieval_2000_seed2,1817,1817,flickr30k_test_011499,images/flickr30k/flickr30k_test_011499.jpg,data/images/flickr30k/flickr30k_test_011499.jpg
flickr30k_retrieval_2000_seed2,1818,1818,flickr30k_test_010049,images/flickr30k/flickr30k_test_010049.jpg,data/images/flickr30k/flickr30k_test_010049.jpg
flickr30k_retrieval_2000_seed2,1819,1819,flickr30k_test_026357,images/flickr30k/flickr30k_test_026357.jpg,data/images/flickr30k/flickr30k_test_026357.jpg
flickr30k_retrieval_2000_seed2,1820,1820,flickr30k_test_022914,images/flickr30k/flickr30k_test_022914.jpg,data/images/flickr30k/flickr30k_test_022914.jpg
flickr30k_retrieval_2000_seed2,1821,1821,flickr30k_test_021136,images/flickr30k/flickr30k_test_021136.jpg,data/images/flickr30k/flickr30k_test_021136.jpg
flickr30k_retrieval_2000_seed2,1822,1822,flickr30k_test_003542,images/flickr30k/flickr30k_test_003542.jpg,data/images/flickr30k/flickr30k_test_003542.jpg
flickr30k_retrieval_2000_seed2,1823,1823,flickr30k_test_006239,images/flickr30k/flickr30k_test_006239.jpg,data/images/flickr30k/flickr30k_test_006239.jpg
flickr30k_retrieval_2000_seed2,1824,1824,flickr30k_test_005091,images/flickr30k/flickr30k_test_005091.jpg,data/images/flickr30k/flickr30k_test_005091.jpg
flickr30k_retrieval_2000_seed2,1825,1825,flickr30k_test_026674,images/flickr30k/flickr30k_test_026674.jpg,data/images/flickr30k/flickr30k_test_026674.jpg
flickr30k_retrieval_2000_seed2,1826,1826,flickr30k_test_030213,images/flickr30k/flickr30k_test_030213.jpg,data/images/flickr30k/flickr30k_test_030213.jpg
flickr30k_retrieval_2000_seed2,1827,1827,flickr30k_test_007285,images/flickr30k/flickr30k_test_007285.jpg,data/images/flickr30k/flickr30k_test_007285.jpg
flickr30k_retrieval_2000_seed2,1828,1828,flickr30k_test_000944,images/flickr30k/flickr30k_test_000944.jpg,data/images/flickr30k/flickr30k_test_000944.jpg
flickr30k_retrieval_2000_seed2,1829,1829,flickr30k_test_010590,images/flickr30k/flickr30k_test_010590.jpg,data/images/flickr30k/flickr30k_test_010590.jpg
flickr30k_retrieval_2000_seed2,1830,1830,flickr30k_test_003898,images/flickr30k/flickr30k_test_003898.jpg,data/images/flickr30k/flickr30k_test_003898.jpg
flickr30k_retrieval_2000_seed2,1831,1831,flickr30k_test_008936,images/flickr30k/flickr30k_test_008936.jpg,data/images/flickr30k/flickr30k_test_008936.jpg
flickr30k_retrieval_2000_seed2,1832,1832,flickr30k_test_003395,images/flickr30k/flickr30k_test_003395.jpg,data/images/flickr30k/flickr30k_test_003395.jpg
flickr30k_retrieval_2000_seed2,1833,1833,flickr30k_test_012222,images/flickr30k/flickr30k_test_012222.jpg,data/images/flickr30k/flickr30k_test_012222.jpg
flickr30k_retrieval_2000_seed2,1834,1834,flickr30k_test_025396,images/flickr30k/flickr30k_test_025396.jpg,data/images/flickr30k/flickr30k_test_025396.jpg
flickr30k_retrieval_2000_seed2,1835,1835,flickr30k_test_002347,images/flickr30k/flickr30k_test_002347.jpg,data/images/flickr30k/flickr30k_test_002347.jpg
flickr30k_retrieval_2000_seed2,1836,1836,flickr30k_test_016535,images/flickr30k/flickr30k_test_016535.jpg,data/images/flickr30k/flickr30k_test_016535.jpg
flickr30k_retrieval_2000_seed2,1837,1837,flickr30k_test_026547,images/flickr30k/flickr30k_test_026547.jpg,data/images/flickr30k/flickr30k_test_026547.jpg
flickr30k_retrieval_2000_seed2,1838,1838,flickr30k_test_027911,images/flickr30k/flickr30k_test_027911.jpg,data/images/flickr30k/flickr30k_test_027911.jpg
flickr30k_retrieval_2000_seed2,1839,1839,flickr30k_test_023514,images/flickr30k/flickr30k_test_023514.jpg,data/images/flickr30k/flickr30k_test_023514.jpg
flickr30k_retrieval_2000_seed2,1840,1840,flickr30k_test_020123,images/flickr30k/flickr30k_test_020123.jpg,data/images/flickr30k/flickr30k_test_020123.jpg
flickr30k_retrieval_2000_seed2,1841,1841,flickr30k_test_004445,images/flickr30k/flickr30k_test_004445.jpg,data/images/flickr30k/flickr30k_test_004445.jpg
flickr30k_retrieval_2000_seed2,1842,1842,flickr30k_test_011512,images/flickr30k/flickr30k_test_011512.jpg,data/images/flickr30k/flickr30k_test_011512.jpg
flickr30k_retrieval_2000_seed2,1843,1843,flickr30k_test_004300,images/flickr30k/flickr30k_test_004300.jpg,data/images/flickr30k/flickr30k_test_004300.jpg
flickr30k_retrieval_2000_seed2,1844,1844,flickr30k_test_013883,images/flickr30k/flickr30k_test_013883.jpg,data/images/flickr30k/flickr30k_test_013883.jpg
flickr30k_retrieval_2000_seed2,1845,1845,flickr30k_test_024005,images/flickr30k/flickr30k_test_024005.jpg,data/images/flickr30k/flickr30k_test_024005.jpg
flickr30k_retrieval_2000_seed2,1846,1846,flickr30k_test_024350,images/flickr30k/flickr30k_test_024350.jpg,data/images/flickr30k/flickr30k_test_024350.jpg
flickr30k_retrieval_2000_seed2,1847,1847,flickr30k_test_006422,images/flickr30k/flickr30k_test_006422.jpg,data/images/flickr30k/flickr30k_test_006422.jpg
flickr30k_retrieval_2000_seed2,1848,1848,flickr30k_test_010165,images/flickr30k/flickr30k_test_010165.jpg,data/images/flickr30k/flickr30k_test_010165.jpg
flickr30k_retrieval_2000_seed2,1849,1849,flickr30k_test_018125,images/flickr30k/flickr30k_test_018125.jpg,data/images/flickr30k/flickr30k_test_018125.jpg
flickr30k_retrieval_2000_seed2,1850,1850,flickr30k_test_024935,images/flickr30k/flickr30k_test_024935.jpg,data/images/flickr30k/flickr30k_test_024935.jpg
flickr30k_retrieval_2000_seed2,1851,1851,flickr30k_test_000666,images/flickr30k/flickr30k_test_000666.jpg,data/images/flickr30k/flickr30k_test_000666.jpg
flickr30k_retrieval_2000_seed2,1852,1852,flickr30k_test_024651,images/flickr30k/flickr30k_test_024651.jpg,data/images/flickr30k/flickr30k_test_024651.jpg
flickr30k_retrieval_2000_seed2,1853,1853,flickr30k_test_000572,images/flickr30k/flickr30k_test_000572.jpg,data/images/flickr30k/flickr30k_test_000572.jpg
flickr30k_retrieval_2000_seed2,1854,1854,flickr30k_test_011156,images/flickr30k/flickr30k_test_011156.jpg,data/images/flickr30k/flickr30k_test_011156.jpg
flickr30k_retrieval_2000_seed2,1855,1855,flickr30k_test_020932,images/flickr30k/flickr30k_test_020932.jpg,data/images/flickr30k/flickr30k_test_020932.jpg
flickr30k_retrieval_2000_seed2,1856,1856,flickr30k_test_004902,images/flickr30k/flickr30k_test_004902.jpg,data/images/flickr30k/flickr30k_test_004902.jpg
flickr30k_retrieval_2000_seed2,1857,1857,flickr30k_test_023572,images/flickr30k/flickr30k_test_023572.jpg,data/images/flickr30k/flickr30k_test_023572.jpg
flickr30k_retrieval_2000_seed2,1858,1858,flickr30k_test_002412,images/flickr30k/flickr30k_test_002412.jpg,data/images/flickr30k/flickr30k_test_002412.jpg
flickr30k_retrieval_2000_seed2,1859,1859,flickr30k_test_028216,images/flickr30k/flickr30k_test_028216.jpg,data/images/flickr30k/flickr30k_test_028216.jpg
flickr30k_retrieval_2000_seed2,1860,1860,flickr30k_test_017833,images/flickr30k/flickr30k_test_017833.jpg,data/images/flickr30k/flickr30k_test_017833.jpg
flickr30k_retrieval_2000_seed2,1861,1861,flickr30k_test_024681,images/flickr30k/flickr30k_test_024681.jpg,data/images/flickr30k/flickr30k_test_024681.jpg
flickr30k_retrieval_2000_seed2,1862,1862,flickr30k_test_001567,images/flickr30k/flickr30k_test_001567.jpg,data/images/flickr30k/flickr30k_test_001567.jpg
flickr30k_retrieval_2000_seed2,1863,1863,flickr30k_test_004485,images/flickr30k/flickr30k_test_004485.jpg,data/images/flickr30k/flickr30k_test_004485.jpg
flickr30k_retrieval_2000_seed2,1864,1864,flickr30k_test_024182,images/flickr30k/flickr30k_test_024182.jpg,data/images/flickr30k/flickr30k_test_024182.jpg
flickr30k_retrieval_2000_seed2,1865,1865,flickr30k_test_016162,images/flickr30k/flickr30k_test_016162.jpg,data/images/flickr30k/flickr30k_test_016162.jpg
flickr30k_retrieval_2000_seed2,1866,1866,flickr30k_test_013670,images/flickr30k/flickr30k_test_013670.jpg,data/images/flickr30k/flickr30k_test_013670.jpg
flickr30k_retrieval_2000_seed2,1867,1867,flickr30k_test_022178,images/flickr30k/flickr30k_test_022178.jpg,data/images/flickr30k/flickr30k_test_022178.jpg
flickr30k_retrieval_2000_seed2,1868,1868,flickr30k_test_011732,images/flickr30k/flickr30k_test_011732.jpg,data/images/flickr30k/flickr30k_test_011732.jpg
flickr30k_retrieval_2000_seed2,1869,1869,flickr30k_test_015749,images/flickr30k/flickr30k_test_015749.jpg,data/images/flickr30k/flickr30k_test_015749.jpg
flickr30k_retrieval_2000_seed2,1870,1870,flickr30k_test_021714,images/flickr30k/flickr30k_test_021714.jpg,data/images/flickr30k/flickr30k_test_021714.jpg
flickr30k_retrieval_2000_seed2,1871,1871,flickr30k_test_009664,images/flickr30k/flickr30k_test_009664.jpg,data/images/flickr30k/flickr30k_test_009664.jpg
flickr30k_retrieval_2000_seed2,1872,1872,flickr30k_test_009734,images/flickr30k/flickr30k_test_009734.jpg,data/images/flickr30k/flickr30k_test_009734.jpg
flickr30k_retrieval_2000_seed2,1873,1873,flickr30k_test_002087,images/flickr30k/flickr30k_test_002087.jpg,data/images/flickr30k/flickr30k_test_002087.jpg
flickr30k_retrieval_2000_seed2,1874,1874,flickr30k_test_029180,images/flickr30k/flickr30k_test_029180.jpg,data/images/flickr30k/flickr30k_test_029180.jpg
flickr30k_retrieval_2000_seed2,1875,1875,flickr30k_test_020491,images/flickr30k/flickr30k_test_020491.jpg,data/images/flickr30k/flickr30k_test_020491.jpg
flickr30k_retrieval_2000_seed2,1876,1876,flickr30k_test_004931,images/flickr30k/flickr30k_test_004931.jpg,data/images/flickr30k/flickr30k_test_004931.jpg
flickr30k_retrieval_2000_seed2,1877,1877,flickr30k_test_024217,images/flickr30k/flickr30k_test_024217.jpg,data/images/flickr30k/flickr30k_test_024217.jpg
flickr30k_retrieval_2000_seed2,1878,1878,flickr30k_test_003764,images/flickr30k/flickr30k_test_003764.jpg,data/images/flickr30k/flickr30k_test_003764.jpg
flickr30k_retrieval_2000_seed2,1879,1879,flickr30k_test_000226,images/flickr30k/flickr30k_test_000226.jpg,data/images/flickr30k/flickr30k_test_000226.jpg
flickr30k_retrieval_2000_seed2,1880,1880,flickr30k_test_026897,images/flickr30k/flickr30k_test_026897.jpg,data/images/flickr30k/flickr30k_test_026897.jpg
flickr30k_retrieval_2000_seed2,1881,1881,flickr30k_test_002948,images/flickr30k/flickr30k_test_002948.jpg,data/images/flickr30k/flickr30k_test_002948.jpg
flickr30k_retrieval_2000_seed2,1882,1882,flickr30k_test_029416,images/flickr30k/flickr30k_test_029416.jpg,data/images/flickr30k/flickr30k_test_029416.jpg
flickr30k_retrieval_2000_seed2,1883,1883,flickr30k_test_004676,images/flickr30k/flickr30k_test_004676.jpg,data/images/flickr30k/flickr30k_test_004676.jpg
flickr30k_retrieval_2000_seed2,1884,1884,flickr30k_test_011542,images/flickr30k/flickr30k_test_011542.jpg,data/images/flickr30k/flickr30k_test_011542.jpg
flickr30k_retrieval_2000_seed2,1885,1885,flickr30k_test_029166,images/flickr30k/flickr30k_test_029166.jpg,data/images/flickr30k/flickr30k_test_029166.jpg
flickr30k_retrieval_2000_seed2,1886,1886,flickr30k_test_027716,images/flickr30k/flickr30k_test_027716.jpg,data/images/flickr30k/flickr30k_test_027716.jpg
flickr30k_retrieval_2000_seed2,1887,1887,flickr30k_test_023340,images/flickr30k/flickr30k_test_023340.jpg,data/images/flickr30k/flickr30k_test_023340.jpg
flickr30k_retrieval_2000_seed2,1888,1888,flickr30k_test_005104,images/flickr30k/flickr30k_test_005104.jpg,data/images/flickr30k/flickr30k_test_005104.jpg
flickr30k_retrieval_2000_seed2,1889,1889,flickr30k_test_009851,images/flickr30k/flickr30k_test_009851.jpg,data/images/flickr30k/flickr30k_test_009851.jpg
flickr30k_retrieval_2000_seed2,1890,1890,flickr30k_test_025430,images/flickr30k/flickr30k_test_025430.jpg,data/images/flickr30k/flickr30k_test_025430.jpg
flickr30k_retrieval_2000_seed2,1891,1891,flickr30k_test_018561,images/flickr30k/flickr30k_test_018561.jpg,data/images/flickr30k/flickr30k_test_018561.jpg
flickr30k_retrieval_2000_seed2,1892,1892,flickr30k_test_022229,images/flickr30k/flickr30k_test_022229.jpg,data/images/flickr30k/flickr30k_test_022229.jpg
flickr30k_retrieval_2000_seed2,1893,1893,flickr30k_test_028819,images/flickr30k/flickr30k_test_028819.jpg,data/images/flickr30k/flickr30k_test_028819.jpg
flickr30k_retrieval_2000_seed2,1894,1894,flickr30k_test_030211,images/flickr30k/flickr30k_test_030211.jpg,data/images/flickr30k/flickr30k_test_030211.jpg
flickr30k_retrieval_2000_seed2,1895,1895,flickr30k_test_017555,images/flickr30k/flickr30k_test_017555.jpg,data/images/flickr30k/flickr30k_test_017555.jpg
flickr30k_retrieval_2000_seed2,1896,1896,flickr30k_test_004229,images/flickr30k/flickr30k_test_004229.jpg,data/images/flickr30k/flickr30k_test_004229.jpg
flickr30k_retrieval_2000_seed2,1897,1897,flickr30k_test_002926,images/flickr30k/flickr30k_test_002926.jpg,data/images/flickr30k/flickr30k_test_002926.jpg
flickr30k_retrieval_2000_seed2,1898,1898,flickr30k_test_030470,images/flickr30k/flickr30k_test_030470.jpg,data/images/flickr30k/flickr30k_test_030470.jpg
flickr30k_retrieval_2000_seed2,1899,1899,flickr30k_test_007493,images/flickr30k/flickr30k_test_007493.jpg,data/images/flickr30k/flickr30k_test_007493.jpg
flickr30k_retrieval_2000_seed2,1900,1900,flickr30k_test_018730,images/flickr30k/flickr30k_test_018730.jpg,data/images/flickr30k/flickr30k_test_018730.jpg
flickr30k_retrieval_2000_seed2,1901,1901,flickr30k_test_023791,images/flickr30k/flickr30k_test_023791.jpg,data/images/flickr30k/flickr30k_test_023791.jpg
flickr30k_retrieval_2000_seed2,1902,1902,flickr30k_test_025523,images/flickr30k/flickr30k_test_025523.jpg,data/images/flickr30k/flickr30k_test_025523.jpg
flickr30k_retrieval_2000_seed2,1903,1903,flickr30k_test_024430,images/flickr30k/flickr30k_test_024430.jpg,data/images/flickr30k/flickr30k_test_024430.jpg
flickr30k_retrieval_2000_seed2,1904,1904,flickr30k_test_007529,images/flickr30k/flickr30k_test_007529.jpg,data/images/flickr30k/flickr30k_test_007529.jpg
flickr30k_retrieval_2000_seed2,1905,1905,flickr30k_test_026379,images/flickr30k/flickr30k_test_026379.jpg,data/images/flickr30k/flickr30k_test_026379.jpg
flickr30k_retrieval_2000_seed2,1906,1906,flickr30k_test_010970,images/flickr30k/flickr30k_test_010970.jpg,data/images/flickr30k/flickr30k_test_010970.jpg
flickr30k_retrieval_2000_seed2,1907,1907,flickr30k_test_002955,images/flickr30k/flickr30k_test_002955.jpg,data/images/flickr30k/flickr30k_test_002955.jpg
flickr30k_retrieval_2000_seed2,1908,1908,flickr30k_test_028673,images/flickr30k/flickr30k_test_028673.jpg,data/images/flickr30k/flickr30k_test_028673.jpg
flickr30k_retrieval_2000_seed2,1909,1909,flickr30k_test_006119,images/flickr30k/flickr30k_test_006119.jpg,data/images/flickr30k/flickr30k_test_006119.jpg
flickr30k_retrieval_2000_seed2,1910,1910,flickr30k_test_021866,images/flickr30k/flickr30k_test_021866.jpg,data/images/flickr30k/flickr30k_test_021866.jpg
flickr30k_retrieval_2000_seed2,1911,1911,flickr30k_test_014321,images/flickr30k/flickr30k_test_014321.jpg,data/images/flickr30k/flickr30k_test_014321.jpg
flickr30k_retrieval_2000_seed2,1912,1912,flickr30k_test_006881,images/flickr30k/flickr30k_test_006881.jpg,data/images/flickr30k/flickr30k_test_006881.jpg
flickr30k_retrieval_2000_seed2,1913,1913,flickr30k_test_013469,images/flickr30k/flickr30k_test_013469.jpg,data/images/flickr30k/flickr30k_test_013469.jpg
flickr30k_retrieval_2000_seed2,1914,1914,flickr30k_test_021282,images/flickr30k/flickr30k_test_021282.jpg,data/images/flickr30k/flickr30k_test_021282.jpg
flickr30k_retrieval_2000_seed2,1915,1915,flickr30k_test_021521,images/flickr30k/flickr30k_test_021521.jpg,data/images/flickr30k/flickr30k_test_021521.jpg
flickr30k_retrieval_2000_seed2,1916,1916,flickr30k_test_001227,images/flickr30k/flickr30k_test_001227.jpg,data/images/flickr30k/flickr30k_test_001227.jpg
flickr30k_retrieval_2000_seed2,1917,1917,flickr30k_test_027314,images/flickr30k/flickr30k_test_027314.jpg,data/images/flickr30k/flickr30k_test_027314.jpg
flickr30k_retrieval_2000_seed2,1918,1918,flickr30k_test_010949,images/flickr30k/flickr30k_test_010949.jpg,data/images/flickr30k/flickr30k_test_010949.jpg
flickr30k_retrieval_2000_seed2,1919,1919,flickr30k_test_014063,images/flickr30k/flickr30k_test_014063.jpg,data/images/flickr30k/flickr30k_test_014063.jpg
flickr30k_retrieval_2000_seed2,1920,1920,flickr30k_test_030326,images/flickr30k/flickr30k_test_030326.jpg,data/images/flickr30k/flickr30k_test_030326.jpg
flickr30k_retrieval_2000_seed2,1921,1921,flickr30k_test_016299,images/flickr30k/flickr30k_test_016299.jpg,data/images/flickr30k/flickr30k_test_016299.jpg
flickr30k_retrieval_2000_seed2,1922,1922,flickr30k_test_021402,images/flickr30k/flickr30k_test_021402.jpg,data/images/flickr30k/flickr30k_test_021402.jpg
flickr30k_retrieval_2000_seed2,1923,1923,flickr30k_test_018358,images/flickr30k/flickr30k_test_018358.jpg,data/images/flickr30k/flickr30k_test_018358.jpg
flickr30k_retrieval_2000_seed2,1924,1924,flickr30k_test_011299,images/flickr30k/flickr30k_test_011299.jpg,data/images/flickr30k/flickr30k_test_011299.jpg
flickr30k_retrieval_2000_seed2,1925,1925,flickr30k_test_030287,images/flickr30k/flickr30k_test_030287.jpg,data/images/flickr30k/flickr30k_test_030287.jpg
flickr30k_retrieval_2000_seed2,1926,1926,flickr30k_test_006054,images/flickr30k/flickr30k_test_006054.jpg,data/images/flickr30k/flickr30k_test_006054.jpg
flickr30k_retrieval_2000_seed2,1927,1927,flickr30k_test_017269,images/flickr30k/flickr30k_test_017269.jpg,data/images/flickr30k/flickr30k_test_017269.jpg
flickr30k_retrieval_2000_seed2,1928,1928,flickr30k_test_003853,images/flickr30k/flickr30k_test_003853.jpg,data/images/flickr30k/flickr30k_test_003853.jpg
flickr30k_retrieval_2000_seed2,1929,1929,flickr30k_test_028272,images/flickr30k/flickr30k_test_028272.jpg,data/images/flickr30k/flickr30k_test_028272.jpg
flickr30k_retrieval_2000_seed2,1930,1930,flickr30k_test_001407,images/flickr30k/flickr30k_test_001407.jpg,data/images/flickr30k/flickr30k_test_001407.jpg
flickr30k_retrieval_2000_seed2,1931,1931,flickr30k_test_004104,images/flickr30k/flickr30k_test_004104.jpg,data/images/flickr30k/flickr30k_test_004104.jpg
flickr30k_retrieval_2000_seed2,1932,1932,flickr30k_test_022433,images/flickr30k/flickr30k_test_022433.jpg,data/images/flickr30k/flickr30k_test_022433.jpg
flickr30k_retrieval_2000_seed2,1933,1933,flickr30k_test_012385,images/flickr30k/flickr30k_test_012385.jpg,data/images/flickr30k/flickr30k_test_012385.jpg
flickr30k_retrieval_2000_seed2,1934,1934,flickr30k_test_004747,images/flickr30k/flickr30k_test_004747.jpg,data/images/flickr30k/flickr30k_test_004747.jpg
flickr30k_retrieval_2000_seed2,1935,1935,flickr30k_test_013797,images/flickr30k/flickr30k_test_013797.jpg,data/images/flickr30k/flickr30k_test_013797.jpg
flickr30k_retrieval_2000_seed2,1936,1936,flickr30k_test_025085,images/flickr30k/flickr30k_test_025085.jpg,data/images/flickr30k/flickr30k_test_025085.jpg
flickr30k_retrieval_2000_seed2,1937,1937,flickr30k_test_024166,images/flickr30k/flickr30k_test_024166.jpg,data/images/flickr30k/flickr30k_test_024166.jpg
flickr30k_retrieval_2000_seed2,1938,1938,flickr30k_test_007311,images/flickr30k/flickr30k_test_007311.jpg,data/images/flickr30k/flickr30k_test_007311.jpg
flickr30k_retrieval_2000_seed2,1939,1939,flickr30k_test_020757,images/flickr30k/flickr30k_test_020757.jpg,data/images/flickr30k/flickr30k_test_020757.jpg
flickr30k_retrieval_2000_seed2,1940,1940,flickr30k_test_020164,images/flickr30k/flickr30k_test_020164.jpg,data/images/flickr30k/flickr30k_test_020164.jpg
flickr30k_retrieval_2000_seed2,1941,1941,flickr30k_test_017703,images/flickr30k/flickr30k_test_017703.jpg,data/images/flickr30k/flickr30k_test_017703.jpg
flickr30k_retrieval_2000_seed2,1942,1942,flickr30k_test_022976,images/flickr30k/flickr30k_test_022976.jpg,data/images/flickr30k/flickr30k_test_022976.jpg
flickr30k_retrieval_2000_seed2,1943,1943,flickr30k_test_029642,images/flickr30k/flickr30k_test_029642.jpg,data/images/flickr30k/flickr30k_test_029642.jpg
flickr30k_retrieval_2000_seed2,1944,1944,flickr30k_test_004060,images/flickr30k/flickr30k_test_004060.jpg,data/images/flickr30k/flickr30k_test_004060.jpg
flickr30k_retrieval_2000_seed2,1945,1945,flickr30k_test_002821,images/flickr30k/flickr30k_test_002821.jpg,data/images/flickr30k/flickr30k_test_002821.jpg
flickr30k_retrieval_2000_seed2,1946,1946,flickr30k_test_016857,images/flickr30k/flickr30k_test_016857.jpg,data/images/flickr30k/flickr30k_test_016857.jpg
flickr30k_retrieval_2000_seed2,1947,1947,flickr30k_test_027329,images/flickr30k/flickr30k_test_027329.jpg,data/images/flickr30k/flickr30k_test_027329.jpg
flickr30k_retrieval_2000_seed2,1948,1948,flickr30k_test_018691,images/flickr30k/flickr30k_test_018691.jpg,data/images/flickr30k/flickr30k_test_018691.jpg
flickr30k_retrieval_2000_seed2,1949,1949,flickr30k_test_023609,images/flickr30k/flickr30k_test_023609.jpg,data/images/flickr30k/flickr30k_test_023609.jpg
flickr30k_retrieval_2000_seed2,1950,1950,flickr30k_test_020283,images/flickr30k/flickr30k_test_020283.jpg,data/images/flickr30k/flickr30k_test_020283.jpg
flickr30k_retrieval_2000_seed2,1951,1951,flickr30k_test_005809,images/flickr30k/flickr30k_test_005809.jpg,data/images/flickr30k/flickr30k_test_005809.jpg
flickr30k_retrieval_2000_seed2,1952,1952,flickr30k_test_006512,images/flickr30k/flickr30k_test_006512.jpg,data/images/flickr30k/flickr30k_test_006512.jpg
flickr30k_retrieval_2000_seed2,1953,1953,flickr30k_test_021683,images/flickr30k/flickr30k_test_021683.jpg,data/images/flickr30k/flickr30k_test_021683.jpg
flickr30k_retrieval_2000_seed2,1954,1954,flickr30k_test_020353,images/flickr30k/flickr30k_test_020353.jpg,data/images/flickr30k/flickr30k_test_020353.jpg
flickr30k_retrieval_2000_seed2,1955,1955,flickr30k_test_022107,images/flickr30k/flickr30k_test_022107.jpg,data/images/flickr30k/flickr30k_test_022107.jpg
flickr30k_retrieval_2000_seed2,1956,1956,flickr30k_test_023254,images/flickr30k/flickr30k_test_023254.jpg,data/images/flickr30k/flickr30k_test_023254.jpg
flickr30k_retrieval_2000_seed2,1957,1957,flickr30k_test_002369,images/flickr30k/flickr30k_test_002369.jpg,data/images/flickr30k/flickr30k_test_002369.jpg
flickr30k_retrieval_2000_seed2,1958,1958,flickr30k_test_017600,images/flickr30k/flickr30k_test_017600.jpg,data/images/flickr30k/flickr30k_test_017600.jpg
flickr30k_retrieval_2000_seed2,1959,1959,flickr30k_test_016468,images/flickr30k/flickr30k_test_016468.jpg,data/images/flickr30k/flickr30k_test_016468.jpg
flickr30k_retrieval_2000_seed2,1960,1960,flickr30k_test_007774,images/flickr30k/flickr30k_test_007774.jpg,data/images/flickr30k/flickr30k_test_007774.jpg
flickr30k_retrieval_2000_seed2,1961,1961,flickr30k_test_007790,images/flickr30k/flickr30k_test_007790.jpg,data/images/flickr30k/flickr30k_test_007790.jpg
flickr30k_retrieval_2000_seed2,1962,1962,flickr30k_test_022211,images/flickr30k/flickr30k_test_022211.jpg,data/images/flickr30k/flickr30k_test_022211.jpg
flickr30k_retrieval_2000_seed2,1963,1963,flickr30k_test_014920,images/flickr30k/flickr30k_test_014920.jpg,data/images/flickr30k/flickr30k_test_014920.jpg
flickr30k_retrieval_2000_seed2,1964,1964,flickr30k_test_022060,images/flickr30k/flickr30k_test_022060.jpg,data/images/flickr30k/flickr30k_test_022060.jpg
flickr30k_retrieval_2000_seed2,1965,1965,flickr30k_test_013306,images/flickr30k/flickr30k_test_013306.jpg,data/images/flickr30k/flickr30k_test_013306.jpg
flickr30k_retrieval_2000_seed2,1966,1966,flickr30k_test_014940,images/flickr30k/flickr30k_test_014940.jpg,data/images/flickr30k/flickr30k_test_014940.jpg
flickr30k_retrieval_2000_seed2,1967,1967,flickr30k_test_003495,images/flickr30k/flickr30k_test_003495.jpg,data/images/flickr30k/flickr30k_test_003495.jpg
flickr30k_retrieval_2000_seed2,1968,1968,flickr30k_test_010277,images/flickr30k/flickr30k_test_010277.jpg,data/images/flickr30k/flickr30k_test_010277.jpg
flickr30k_retrieval_2000_seed2,1969,1969,flickr30k_test_007604,images/flickr30k/flickr30k_test_007604.jpg,data/images/flickr30k/flickr30k_test_007604.jpg
flickr30k_retrieval_2000_seed2,1970,1970,flickr30k_test_001564,images/flickr30k/flickr30k_test_001564.jpg,data/images/flickr30k/flickr30k_test_001564.jpg
flickr30k_retrieval_2000_seed2,1971,1971,flickr30k_test_011284,images/flickr30k/flickr30k_test_011284.jpg,data/images/flickr30k/flickr30k_test_011284.jpg
flickr30k_retrieval_2000_seed2,1972,1972,flickr30k_test_003505,images/flickr30k/flickr30k_test_003505.jpg,data/images/flickr30k/flickr30k_test_003505.jpg
flickr30k_retrieval_2000_seed2,1973,1973,flickr30k_test_012899,images/flickr30k/flickr30k_test_012899.jpg,data/images/flickr30k/flickr30k_test_012899.jpg
flickr30k_retrieval_2000_seed2,1974,1974,flickr30k_test_000597,images/flickr30k/flickr30k_test_000597.jpg,data/images/flickr30k/flickr30k_test_000597.jpg
flickr30k_retrieval_2000_seed2,1975,1975,flickr30k_test_018457,images/flickr30k/flickr30k_test_018457.jpg,data/images/flickr30k/flickr30k_test_018457.jpg
flickr30k_retrieval_2000_seed2,1976,1976,flickr30k_test_003836,images/flickr30k/flickr30k_test_003836.jpg,data/images/flickr30k/flickr30k_test_003836.jpg
flickr30k_retrieval_2000_seed2,1977,1977,flickr30k_test_024469,images/flickr30k/flickr30k_test_024469.jpg,data/images/flickr30k/flickr30k_test_024469.jpg
flickr30k_retrieval_2000_seed2,1978,1978,flickr30k_test_026580,images/flickr30k/flickr30k_test_026580.jpg,data/images/flickr30k/flickr30k_test_026580.jpg
flickr30k_retrieval_2000_seed2,1979,1979,flickr30k_test_008489,images/flickr30k/flickr30k_test_008489.jpg,data/images/flickr30k/flickr30k_test_008489.jpg
flickr30k_retrieval_2000_seed2,1980,1980,flickr30k_test_011573,images/flickr30k/flickr30k_test_011573.jpg,data/images/flickr30k/flickr30k_test_011573.jpg
flickr30k_retrieval_2000_seed2,1981,1981,flickr30k_test_018175,images/flickr30k/flickr30k_test_018175.jpg,data/images/flickr30k/flickr30k_test_018175.jpg
flickr30k_retrieval_2000_seed2,1982,1982,flickr30k_test_007883,images/flickr30k/flickr30k_test_007883.jpg,data/images/flickr30k/flickr30k_test_007883.jpg
flickr30k_retrieval_2000_seed2,1983,1983,flickr30k_test_011069,images/flickr30k/flickr30k_test_011069.jpg,data/images/flickr30k/flickr30k_test_011069.jpg
flickr30k_retrieval_2000_seed2,1984,1984,flickr30k_test_013863,images/flickr30k/flickr30k_test_013863.jpg,data/images/flickr30k/flickr30k_test_013863.jpg
flickr30k_retrieval_2000_seed2,1985,1985,flickr30k_test_007427,images/flickr30k/flickr30k_test_007427.jpg,data/images/flickr30k/flickr30k_test_007427.jpg
flickr30k_retrieval_2000_seed2,1986,1986,flickr30k_test_001424,images/flickr30k/flickr30k_test_001424.jpg,data/images/flickr30k/flickr30k_test_001424.jpg
flickr30k_retrieval_2000_seed2,1987,1987,flickr30k_test_004581,images/flickr30k/flickr30k_test_004581.jpg,data/images/flickr30k/flickr30k_test_004581.jpg
flickr30k_retrieval_2000_seed2,1988,1988,flickr30k_test_005483,images/flickr30k/flickr30k_test_005483.jpg,data/images/flickr30k/flickr30k_test_005483.jpg
flickr30k_retrieval_2000_seed2,1989,1989,flickr30k_test_004285,images/flickr30k/flickr30k_test_004285.jpg,data/images/flickr30k/flickr30k_test_004285.jpg
flickr30k_retrieval_2000_seed2,1990,1990,flickr30k_test_030550,images/flickr30k/flickr30k_test_030550.jpg,data/images/flickr30k/flickr30k_test_030550.jpg
flickr30k_retrieval_2000_seed2,1991,1991,flickr30k_test_023863,images/flickr30k/flickr30k_test_023863.jpg,data/images/flickr30k/flickr30k_test_023863.jpg
flickr30k_retrieval_2000_seed2,1992,1992,flickr30k_test_027225,images/flickr30k/flickr30k_test_027225.jpg,data/images/flickr30k/flickr30k_test_027225.jpg
flickr30k_retrieval_2000_seed2,1993,1993,flickr30k_test_030807,images/flickr30k/flickr30k_test_030807.jpg,data/images/flickr30k/flickr30k_test_030807.jpg
flickr30k_retrieval_2000_seed2,1994,1994,flickr30k_test_005621,images/flickr30k/flickr30k_test_005621.jpg,data/images/flickr30k/flickr30k_test_005621.jpg
flickr30k_retrieval_2000_seed2,1995,1995,flickr30k_test_012840,images/flickr30k/flickr30k_test_012840.jpg,data/images/flickr30k/flickr30k_test_012840.jpg
flickr30k_retrieval_2000_seed2,1996,1996,flickr30k_test_004948,images/flickr30k/flickr30k_test_004948.jpg,data/images/flickr30k/flickr30k_test_004948.jpg
flickr30k_retrieval_2000_seed2,1997,1997,flickr30k_test_003418,images/flickr30k/flickr30k_test_003418.jpg,data/images/flickr30k/flickr30k_test_003418.jpg
flickr30k_retrieval_2000_seed2,1998,1998,flickr30k_test_021132,images/flickr30k/flickr30k_test_021132.jpg,data/images/flickr30k/flickr30k_test_021132.jpg
flickr30k_retrieval_2000_seed2,1999,1999,flickr30k_test_009845,images/flickr30k/flickr30k_test_009845.jpg,data/images/flickr30k/flickr30k_test_009845.jpg
