order,dataset_index,image_id,image_path,reference_captions,seed,split,prompt_id,prompt_name,prompt_text,caption,clip_score,siglip_score,caption_len,generic_flag,temperature,top_p,max_new_tokens,caption_model,cache_version,cache_key,cache_hit,baseline_clip_score,baseline_siglip_score,delta_clip,delta_siglip,clip_win,siglip_win
0,4402,4402,results/generalization_100_seed1/samples/images/000_4402.jpg,"[""A lady pushes a stroller, behind a child, riding a tricycle, while another child walks along side."", ""An old man in a green shirt is walking down a paved path with three small children."", ""A man and three kids walk up a paved hill."", ""A Family going for a walk in a park."", ""A family walks through a park.""]",1,test,baseline,Baseline,Write a caption for this image.,"A child in a pink shirt walks beside a yellow tricycle under a canopy of lush green trees, with a guardian nearby on a quiet, tree-lined road.",0.3248034119606018,0.1879691183567047,27,False,0.0,,64,Qwen/Qwen3-VL-8B-Instruct,clip_siglip_generalization_v1,7af7c5a9e58a8db112fca95a501a9c537b9f1e8c,False,0.3248034119606018,0.1879691183567047,0.0,0.0,False,False
0,4402,4402,results/generalization_100_seed1/samples/images/000_4402.jpg,"[""A lady pushes a stroller, behind a child, riding a tricycle, while another child walks along side."", ""An old man in a green shirt is walking down a paved path with three small children."", ""A man and three kids walk up a paved hill."", ""A Family going for a walk in a park."", ""A family walks through a park.""]",1,test,observer_specific_supported,Observer Specific Supported,"Write one specific caption as a careful human observer would: state what is visibly happening, name the important subjects and objects, and include only scene meanings that are clearly supported.","A young child in a pink shirt walks beside a yellow tricycle with a canopy, while an adult in a green shirt follows behind on a tree-lined, paved path. A banner hangs overhead, and a paved walkway with hexagonal stones runs parallel to the road.",0.34346991777420044,0.18996109068393707,45,False,0.0,,64,Qwen/Qwen3-VL-8B-Instruct,clip_siglip_generalization_v1,23b40f65006d66b774affbed4f67ef2fffc3a673,False,0.3248034119606018,0.1879691183567047,0.018666505813598633,0.001991972327232361,True,True
1,18651,18651,results/generalization_100_seed1/samples/images/001_18651.jpg,"[""A man in light brown hat, gray coat and a blue vest with a scooter built with baskets full of oranges"", ""A farmer is taking his oranges to the market to sell."", ""A man is standing with vegetables in barrels."", ""An old foreign man selling oranges."", ""Mexican man peddling fresh fruit.""]",1,test,baseline,Baseline,Write a caption for this image.,"A street vendor in a straw hat and worn jacket tends to his fruit stand, surrounded by baskets of oranges and melons, with a bicycle parked nearby against a weathered orange wall.",0.4022236764431,0.1965436488389969,32,False,0.0,,64,Qwen/Qwen3-VL-8B-Instruct,clip_siglip_generalization_v1,3e842e59cc21d43bf44f6568a5d6b37ae14a4927,False,0.4022236764431,0.1965436488389969,0.0,0.0,False,False
1,18651,18651,results/generalization_100_seed1/samples/images/001_18651.jpg,"[""A man in light brown hat, gray coat and a blue vest with a scooter built with baskets full of oranges"", ""A farmer is taking his oranges to the market to sell."", ""A man is standing with vegetables in barrels."", ""An old foreign man selling oranges."", ""Mexican man peddling fresh fruit.""]",1,test,observer_specific_supported,Observer Specific Supported,"Write one specific caption as a careful human observer would: state what is visibly happening, name the important subjects and objects, and include only scene meanings that are clearly supported.","An older man wearing a straw hat and a jacket stands beside a bicycle loaded with baskets of oranges, tending to his produce in a sunlit street corner against a weathered orange wall.",0.40861910581588745,0.22769086062908173,33,False,0.0,,64,Qwen/Qwen3-VL-8B-Instruct,clip_siglip_generalization_v1,17f7e9539dd9ef4ab08cc1c6b585edcdbf3311f4,False,0.4022236764431,0.1965436488389969,0.006395429372787476,0.03114721179008484,True,True
2,27768,27768,results/generalization_100_seed1/samples/images/002_27768.jpg,"[""The redheaded girl giggles happily as she swings her pillow at her opponent during a recent pillow fight."", ""A lady in a red shirt with red-hair laugh while throwing a pillow over her left shoulder."", ""A woman with red-hair swings a pillow and laughs."", ""A young redheaded woman laughs at something."", ""A redhead girl in a pillow fight.""]",1,test,baseline,Baseline,Write a caption for this image.,"A vibrant red-haired woman in a bold red sweatshirt laughs joyfully as she playfully tosses a pillow, capturing a moment of spontaneous, carefree fun in a bustling urban setting.",0.3421879708766937,0.23181748390197754,29,False,0.0,,64,Qwen/Qwen3-VL-8B-Instruct,clip_siglip_generalization_v1,eaeb617ecb48862952035e4af5f230568a6a2af1,False,0.3421879708766937,0.23181748390197754,0.0,0.0,False,False
2,27768,27768,results/generalization_100_seed1/samples/images/002_27768.jpg,"[""The redheaded girl giggles happily as she swings her pillow at her opponent during a recent pillow fight."", ""A lady in a red shirt with red-hair laugh while throwing a pillow over her left shoulder."", ""A woman with red-hair swings a pillow and laughs."", ""A young redheaded woman laughs at something."", ""A redhead girl in a pillow fight.""]",1,test,observer_specific_supported,Observer Specific Supported,"Write one specific caption as a careful human observer would: state what is visibly happening, name the important subjects and objects, and include only scene meanings that are clearly supported.","A woman with vibrant red, curly hair, wearing a red sweatshirt, is visibly laughing or smiling broadly while holding a light-colored pillow or cushion over her shoulder, seemingly in a playful or celebratory moment. She is outdoors in what appears to be a public space, possibly during a gathering or event, with other people",0.3890605866909027,0.24200019240379333,54,False,0.0,,64,Qwen/Qwen3-VL-8B-Instruct,clip_siglip_generalization_v1,c04ab501ae62a37b5cca2b13e2a26d12a2f8651f,False,0.3421879708766937,0.23181748390197754,0.046872615814208984,0.010182708501815796,True,True
3,26288,26288,results/generalization_100_seed1/samples/images/003_26288.jpg,"[""A local man is crouched on the ground next to some fresh fruit that his has just cut open with the knife in his hand."", ""Black male dressed like he maybe homeless hovering over food."", ""A man cutting and skinning a fruit that has green skin."", ""A man is chopping up food on the ground."", ""A man is carving a melon.""]",1,test,baseline,Baseline,Write a caption for this image.,"A vendor crouches beside his vibrant stall, skillfully preparing and displaying fresh jackfruit slices on banana leaves, with a whole fruit and colorful produce in the background.",0.37797313928604126,0.22013898193836212,27,False,0.0,,64,Qwen/Qwen3-VL-8B-Instruct,clip_siglip_generalization_v1,99d7042278034b289c032b340ddbec34ec81d488,False,0.37797313928604126,0.22013898193836212,0.0,0.0,False,False
3,26288,26288,results/generalization_100_seed1/samples/images/003_26288.jpg,"[""A local man is crouched on the ground next to some fresh fruit that his has just cut open with the knife in his hand."", ""Black male dressed like he maybe homeless hovering over food."", ""A man cutting and skinning a fruit that has green skin."", ""A man is chopping up food on the ground."", ""A man is carving a melon.""]",1,test,observer_specific_supported,Observer Specific Supported,"Write one specific caption as a careful human observer would: state what is visibly happening, name the important subjects and objects, and include only scene meanings that are clearly supported.","An older man in a cap and brown shirt crouches on dirt ground beside a vibrant market stall, carefully slicing open a large, green jackfruit with a knife. The fruit’s pale, segmented flesh and scattered seeds lie on a bed of broad green leaves, while a whole jackfruit rests nearby. Behind him,",0.35233885049819946,0.25777900218963623,52,False,0.0,,64,Qwen/Qwen3-VL-8B-Instruct,clip_siglip_generalization_v1,852dfd1d1cf7288211dea0576ae4ef4def9f9469,False,0.37797313928604126,0.22013898193836212,-0.025634288787841797,0.03764002025127411,False,True
4,25027,25027,results/generalization_100_seed1/samples/images/004_25027.jpg,"[""A woman in turquoise dress and veil, a woman in orange print dress and blue veil, and a woman in yellow dress and violet veil, seated next to one another and viewed from behind."", ""Three women with headscarves and bright clothing take a ride in a rickshaw."", ""Women in Afghanistan who must cover themselves."", ""Three women are riding in a carriage together."", ""Three women are riding in a cart.""]",1,test,baseline,Baseline,Write a caption for this image.,"Three women in vibrant headscarves sit together on a weathered green bench, their colorful attire contrasting with the bustling, everyday backdrop of a lively street scene.",0.32936257123947144,0.21422214806079865,26,False,0.0,,64,Qwen/Qwen3-VL-8B-Instruct,clip_siglip_generalization_v1,d834af1d54625f9fc59510ddfd53cb4f33f2bbe0,False,0.32936257123947144,0.21422214806079865,0.0,0.0,False,False
4,25027,25027,results/generalization_100_seed1/samples/images/004_25027.jpg,"[""A woman in turquoise dress and veil, a woman in orange print dress and blue veil, and a woman in yellow dress and violet veil, seated next to one another and viewed from behind."", ""Three women with headscarves and bright clothing take a ride in a rickshaw."", ""Women in Afghanistan who must cover themselves."", ""Three women are riding in a carriage together."", ""Three women are riding in a cart.""]",1,test,observer_specific_supported,Observer Specific Supported,"Write one specific caption as a careful human observer would: state what is visibly happening, name the important subjects and objects, and include only scene meanings that are clearly supported.","Three women, each wearing a brightly colored headscarf — teal, orange with floral patterns, and magenta — are seated closely together on a weathered green metal bench, their backs to the viewer. The woman in the center, in the orange patterned scarf, has her right hand resting on the bench’s back",0.32262521982192993,0.1941365897655487,51,False,0.0,,64,Qwen/Qwen3-VL-8B-Instruct,clip_siglip_generalization_v1,df41de6fcc02ce0a8293fa023d899fc9cd353413,False,0.32936257123947144,0.21422214806079865,-0.006737351417541504,-0.02008555829524994,False,False
5,2067,2067,results/generalization_100_seed1/samples/images/005_2067.jpg,"[""People sitting at tables outside chatting while a musician gets ready to play bass."", ""A man holds a guitar on a busy street while people look on."", ""A little girl is watching a man play guitar on the street."", ""A girl on a city street is looking at a guitar player."", ""A street guitarist is outside a cafe""]",1,test,baseline,Baseline,Write a caption for this image.,"A street musician plays an electric guitar for passersby in a lively urban square, captivating a young girl in a pink dress and drawing the attention of nearby diners at an outdoor café.",0.33398953080177307,0.23066942393779755,33,False,0.0,,64,Qwen/Qwen3-VL-8B-Instruct,clip_siglip_generalization_v1,7f82336a725fa98ab407489ceb2c553651c8a287,False,0.33398953080177307,0.23066942393779755,0.0,0.0,False,False
5,2067,2067,results/generalization_100_seed1/samples/images/005_2067.jpg,"[""People sitting at tables outside chatting while a musician gets ready to play bass."", ""A man holds a guitar on a busy street while people look on."", ""A little girl is watching a man play guitar on the street."", ""A girl on a city street is looking at a guitar player."", ""A street guitarist is outside a cafe""]",1,test,observer_specific_supported,Observer Specific Supported,"Write one specific caption as a careful human observer would: state what is visibly happening, name the important subjects and objects, and include only scene meanings that are clearly supported.","A street musician in a white shirt and black pants plays a yellow electric guitar while standing beside his black amplifier and guitar case on the pavement, drawing the attention of passersby, including a young girl in a pink dress who appears to be singing along, as people sit at outdoor café tables nearby.",0.34915271401405334,0.26876550912857056,54,False,0.0,,64,Qwen/Qwen3-VL-8B-Instruct,clip_siglip_generalization_v1,929d3835497f326c4e2d1e23aa53a1e254e6543b,False,0.33398953080177307,0.23066942393779755,0.015163183212280273,0.03809608519077301,True,True
6,8358,8358,results/generalization_100_seed1/samples/images/006_8358.jpg,"[""This guy is in midair while wearing a red soccer uniform."", ""A soccer player in a red shirt in diving into the air."", ""A man wearing a red jersey jumps in the air."", ""A soccer player is diving for the ball."", ""A soccer player diving on the field.""]",1,test,baseline,Baseline,Write a caption for this image.,"A soccer goalkeeper in a red jersey dives dramatically across the grass, fully extended in an athletic save attempt.",0.3581133484840393,0.20151178538799286,19,False,0.0,,64,Qwen/Qwen3-VL-8B-Instruct,clip_siglip_generalization_v1,4660c7c69a17d51db15d6e5bb4a4ebca67537a86,False,0.3581133484840393,0.20151178538799286,0.0,0.0,False,False
6,8358,8358,results/generalization_100_seed1/samples/images/006_8358.jpg,"[""This guy is in midair while wearing a red soccer uniform."", ""A soccer player in a red shirt in diving into the air."", ""A man wearing a red jersey jumps in the air."", ""A soccer player is diving for the ball."", ""A soccer player diving on the field.""]",1,test,observer_specific_supported,Observer Specific Supported,"Write one specific caption as a careful human observer would: state what is visibly happening, name the important subjects and objects, and include only scene meanings that are clearly supported.","A soccer goalkeeper, wearing a red jersey with the number 1, black shorts, and gloves, is diving horizontally across a grassy field in an attempt to save a shot, with his body fully extended and feet pointed toward the goal.",0.3411751985549927,0.18405850231647491,40,False,0.0,,64,Qwen/Qwen3-VL-8B-Instruct,clip_siglip_generalization_v1,0e970a2996424a767c82541eb4c9d17976757956,False,0.3581133484840393,0.20151178538799286,-0.01693814992904663,-0.017453283071517944,False,False
7,3863,3863,results/generalization_100_seed1/samples/images/007_3863.jpg,"[""A group of six people have jumped into the air in the middle of nowhere and one is catching a ball."", ""A group of people are jumping into the air with their arms held high."", ""Six people are jumping in the air, one of them throwing a ball."", ""A group of people in a desert jumping, one throwing a ball."", ""Six people jump for ball.""]",1,test,baseline,Baseline,Write a caption for this image.,"Five friends leap joyfully in unison over a vast, cracked salt flat, arms raised as they chase a yellow ball under a clear blue sky.",0.3455493450164795,0.2227599024772644,25,False,0.0,,64,Qwen/Qwen3-VL-8B-Instruct,clip_siglip_generalization_v1,3a10b162ae047c7e01be940b63b21a8c13c63b59,False,0.3455493450164795,0.2227599024772644,0.0,0.0,False,False
7,3863,3863,results/generalization_100_seed1/samples/images/007_3863.jpg,"[""A group of six people have jumped into the air in the middle of nowhere and one is catching a ball."", ""A group of people are jumping into the air with their arms held high."", ""Six people are jumping in the air, one of them throwing a ball."", ""A group of people in a desert jumping, one throwing a ball."", ""Six people jump for ball.""]",1,test,observer_specific_supported,Observer Specific Supported,"Write one specific caption as a careful human observer would: state what is visibly happening, name the important subjects and objects, and include only scene meanings that are clearly supported.","Five people are mid-air, leaping joyfully in unison across a vast, cracked salt flat under a clear blue sky, with a yellow ball suspended above them as if caught in the moment of their synchronized jump.",0.3590656518936157,0.20022961497306824,36,True,0.0,,64,Qwen/Qwen3-VL-8B-Instruct,clip_siglip_generalization_v1,bb2167e44899b14771211f912f5d80014bfab187,False,0.3455493450164795,0.2227599024772644,0.01351630687713623,-0.022530287504196167,True,False
8,16234,16234,results/generalization_100_seed1/samples/images/008_16234.jpg,"[""The young child is yelling into the microphone, while other children watch."", ""A young boy vocalizes in to a microphone held by a blond woman in black."", ""A young child is in front of a microphone as other people are watching."", ""Little kid is taking a bit of something from a puppet."", ""A boy yells into a microphone held by a woman.""]",1,test,baseline,Baseline,Write a caption for this image.,"Under a draped blue tent, a lively puppet show captivates a group of children and adults, their faces lit with wonder and delight as they watch the colorful marionette perform.",0.25685834884643555,0.18908128142356873,30,False,0.0,,64,Qwen/Qwen3-VL-8B-Instruct,clip_siglip_generalization_v1,f002b1d4cf94699a94c1c14e73c6aeef531ec87e,False,0.25685834884643555,0.18908128142356873,0.0,0.0,False,False
8,16234,16234,results/generalization_100_seed1/samples/images/008_16234.jpg,"[""The young child is yelling into the microphone, while other children watch."", ""A young boy vocalizes in to a microphone held by a blond woman in black."", ""A young child is in front of a microphone as other people are watching."", ""Little kid is taking a bit of something from a puppet."", ""A boy yells into a microphone held by a woman.""]",1,test,observer_specific_supported,Observer Specific Supported,"Write one specific caption as a careful human observer would: state what is visibly happening, name the important subjects and objects, and include only scene meanings that are clearly supported.","Under a draped blue tent, a young girl in a striped shirt laughs with delight as she watches a puppeteer manipulate a colorful marionette, its strings taut and its face animated, while other children and adults gather around, captivated by the performance.",0.27163559198379517,0.20110829174518585,42,False,0.0,,64,Qwen/Qwen3-VL-8B-Instruct,clip_siglip_generalization_v1,4025f7e8fc1b531cc20eaca4706acfb76450dd1f,False,0.25685834884643555,0.18908128142356873,0.01477724313735962,0.012027010321617126,True,True
9,24935,24935,results/generalization_100_seed1/samples/images/009_24935.jpg,"[""A group of shoppers gather at a fresh produce stand in order to make their selections."", ""A group of African Americans gather a street vendor."", ""Customers are waiting to get some food."", ""Hungry people are shopping for food."", ""A line is forming for the food cart.""]",1,test,baseline,Baseline,Write a caption for this image.,"A lively street market scene where locals gather around a vendor’s stall, browsing fresh produce under a striped awning, with a colorful cone adding a pop of vibrancy to the urban backdrop.",0.2709410488605499,0.14997196197509766,32,False,0.0,,64,Qwen/Qwen3-VL-8B-Instruct,clip_siglip_generalization_v1,c5b6e42dda2652684e64108f845b6d3f892880b7,False,0.2709410488605499,0.14997196197509766,0.0,0.0,False,False
9,24935,24935,results/generalization_100_seed1/samples/images/009_24935.jpg,"[""A group of shoppers gather at a fresh produce stand in order to make their selections."", ""A group of African Americans gather a street vendor."", ""Customers are waiting to get some food."", ""Hungry people are shopping for food."", ""A line is forming for the food cart.""]",1,test,observer_specific_supported,Observer Specific Supported,"Write one specific caption as a careful human observer would: state what is visibly happening, name the important subjects and objects, and include only scene meanings that are clearly supported.","A group of people, including a vendor in a blue-and-white checkered apron and several customers, are gathered around a small outdoor food stall on a street corner. The vendor, positioned under a green awning, appears to be serving or arranging food items on a wooden tray. One customer, wearing a yellow head",0.316270112991333,0.18143394589424133,52,False,0.0,,64,Qwen/Qwen3-VL-8B-Instruct,clip_siglip_generalization_v1,92149adf00c8483bc468a97ac19f52dd0f35cf4e,False,0.2709410488605499,0.14997196197509766,0.04532906413078308,0.03146198391914368,True,True
10,14728,14728,results/generalization_100_seed1/samples/images/010_14728.jpg,"[""Large group of people in a building looking at a large mostly white color ball being rolled."", ""A group of people stand around a large ball while a gentleman takes a picture."", ""Two older men roll out a huge ball as a crowd watches and takes pictures"", ""A man in a group of people is taking a photo."", ""People photographing exhibits in a museum.""]",1,test,baseline,Baseline,Write a caption for this image.,"A crowd gathers in a modern gallery, captivated by a large, textured spherical sculpture bathed in dramatic light. Visitors observe, photograph, and discuss the art, creating an atmosphere of curiosity and engagement in the spacious, industrial-style space.",0.31663426756858826,0.21812428534030914,37,False,0.0,,64,Qwen/Qwen3-VL-8B-Instruct,clip_siglip_generalization_v1,8c81a0d538d05d10b0cda448ead7e1e79aacf5e7,False,0.31663426756858826,0.21812428534030914,0.0,0.0,False,False
10,14728,14728,results/generalization_100_seed1/samples/images/010_14728.jpg,"[""Large group of people in a building looking at a large mostly white color ball being rolled."", ""A group of people stand around a large ball while a gentleman takes a picture."", ""Two older men roll out a huge ball as a crowd watches and takes pictures"", ""A man in a group of people is taking a photo."", ""People photographing exhibits in a museum.""]",1,test,observer_specific_supported,Observer Specific Supported,"Write one specific caption as a careful human observer would: state what is visibly happening, name the important subjects and objects, and include only scene meanings that are clearly supported.","A crowd of visitors gathers in a modern, industrial-style gallery space, their attention drawn to a large, textured spherical sculpture positioned near a brightly lit skylight. One man in the foreground, wearing a dark jacket and holding a camera, is actively photographing the artwork, while another man in a light-colored shirt and",0.3632975220680237,0.22002233564853668,52,False,0.0,,64,Qwen/Qwen3-VL-8B-Instruct,clip_siglip_generalization_v1,83fc3563e93d8a63d8336e5f6427113c4cd4ef59,False,0.31663426756858826,0.21812428534030914,0.046663254499435425,0.001898050308227539,True,True
11,15474,15474,results/generalization_100_seed1/samples/images/011_15474.jpg,"[""Three Vietnamese women paddle their boats along the river market in the morning."", ""Three boaters paddle their produce to the market in a Vietnamese fishing village."", ""Villagers paddling their boats to their destination."", ""Canoes travel across the water along side buildings."", ""The people are delivering goods by boat""]",1,test,baseline,Baseline,Write a caption for this image.,"Boats glide through a bustling river market, where vendors and locals navigate wooden canoes past colorful stilt houses and lively storefronts.",0.32878339290618896,0.1707606017589569,21,False,0.0,,64,Qwen/Qwen3-VL-8B-Instruct,clip_siglip_generalization_v1,21698ca1018e58277b807a400311611f897389bd,False,0.32878339290618896,0.1707606017589569,0.0,0.0,False,False
11,15474,15474,results/generalization_100_seed1/samples/images/011_15474.jpg,"[""Three Vietnamese women paddle their boats along the river market in the morning."", ""Three boaters paddle their produce to the market in a Vietnamese fishing village."", ""Villagers paddling their boats to their destination."", ""Canoes travel across the water along side buildings."", ""The people are delivering goods by boat""]",1,test,observer_specific_supported,Observer Specific Supported,"Write one specific caption as a careful human observer would: state what is visibly happening, name the important subjects and objects, and include only scene meanings that are clearly supported.","On a murky river, three people navigate small wooden boats past a row of stilted shops with Vietnamese signage; one person in a white conical hat paddles a boat laden with green produce, while another rows a similar boat nearby, and a third stands in a boat further back, all moving through the waterway",0.32421213388442993,0.2062569558620453,54,False,0.0,,64,Qwen/Qwen3-VL-8B-Instruct,clip_siglip_generalization_v1,7d4da8f0d775f43e37a752cdba77c890387b6d3f,False,0.32878339290618896,0.1707606017589569,-0.004571259021759033,0.03549635410308838,False,True
12,21351,21351,results/generalization_100_seed1/samples/images/012_21351.jpg,"[""A woman dressed in all black standing in front of colorful picture playing a violin."", ""A woman dressed in black is playing the violin in front of some artwork."", ""A woman in black playing an instrument on the subway platform."", ""A woman on a bright street is playing the violin."", ""A lady performing in a underground train station""]",1,test,baseline,Baseline,Write a caption for this image.,"A street musician plays violin in a vibrant underground station, surrounded by colorful abstract art installations that illuminate the tunnel-like space.",0.3453695774078369,0.23223146796226501,21,False,0.0,,64,Qwen/Qwen3-VL-8B-Instruct,clip_siglip_generalization_v1,4bdfd47e8220a3e5fef4b597ad57b14b6be6debc,False,0.3453695774078369,0.23223146796226501,0.0,0.0,False,False
12,21351,21351,results/generalization_100_seed1/samples/images/012_21351.jpg,"[""A woman dressed in all black standing in front of colorful picture playing a violin."", ""A woman dressed in black is playing the violin in front of some artwork."", ""A woman in black playing an instrument on the subway platform."", ""A woman on a bright street is playing the violin."", ""A lady performing in a underground train station""]",1,test,observer_specific_supported,Observer Specific Supported,"Write one specific caption as a careful human observer would: state what is visibly happening, name the important subjects and objects, and include only scene meanings that are clearly supported.","A woman in a black outfit stands in a subway station, playing a violin while positioned before a long wall of colorful abstract paintings. A second person walks past in the background, and a small black stool and case rest on the floor near the musician. The scene is illuminated by overhead lights, and the curved ceiling and tiled",0.35198789834976196,0.2713404893875122,59,False,0.0,,64,Qwen/Qwen3-VL-8B-Instruct,clip_siglip_generalization_v1,da3ab6fcb67e0215dbda3824bd8159995570f363,False,0.3453695774078369,0.23223146796226501,0.006618320941925049,0.03910902142524719,True,True
13,12439,12439,results/generalization_100_seed1/samples/images/013_12439.jpg,"[""A large bird spreading his wings in flight over a body of water."", ""A large gray bird begins to land in the water."", ""A gray bird is flying over the water."", ""A blue bird flying over water."", ""A bird flying over the water.""]",1,test,baseline,Baseline,Write a caption for this image.,"A majestic tri-colored heron soars gracefully over the water, wings spread wide and legs trailing behind, capturing the essence of nature’s elegance in motion.",0.3332827389240265,0.19324107468128204,24,False,0.0,,64,Qwen/Qwen3-VL-8B-Instruct,clip_siglip_generalization_v1,13ed5d3ccf68b9f86d84d78e42027eb538e63ab2,False,0.3332827389240265,0.19324107468128204,0.0,0.0,False,False
13,12439,12439,results/generalization_100_seed1/samples/images/013_12439.jpg,"[""A large bird spreading his wings in flight over a body of water."", ""A large gray bird begins to land in the water."", ""A gray bird is flying over the water."", ""A blue bird flying over water."", ""A bird flying over the water.""]",1,test,observer_specific_supported,Observer Specific Supported,"Write one specific caption as a careful human observer would: state what is visibly happening, name the important subjects and objects, and include only scene meanings that are clearly supported.","A tricolored heron is captured mid-flight over a calm, greenish body of water, its wings fully extended and legs trailing behind as it glides just above the surface, with a small droplet of water visible near its beak.",0.3356214761734009,0.2130769044160843,38,False,0.0,,64,Qwen/Qwen3-VL-8B-Instruct,clip_siglip_generalization_v1,ada197e993dc14f2d552a8ca6860de4ade52fbf7,False,0.3332827389240265,0.19324107468128204,0.0023387372493743896,0.019835829734802246,True,True
14,25844,25844,results/generalization_100_seed1/samples/images/014_25844.jpg,"[""The two boys, one in orange the other in teal, wrestle in the sand."", ""Two boys are playing in the sand at a playground."", ""Two young boys are wrestling in a sandpit."", ""Two boys wrestle together in the sand."", ""Two boys tussle in the sand at a park.""]",1,test,baseline,Baseline,Write a caption for this image.,"Two children playfully wrestle in the sand, laughter and joy filling the sunny outdoor scene.",0.3003557622432709,0.18149176239967346,15,False,0.0,,64,Qwen/Qwen3-VL-8B-Instruct,clip_siglip_generalization_v1,d66aec6fa3be86ebb8018f8d7e820d55a1f3b991,False,0.3003557622432709,0.18149176239967346,0.0,0.0,False,False
14,25844,25844,results/generalization_100_seed1/samples/images/014_25844.jpg,"[""The two boys, one in orange the other in teal, wrestle in the sand."", ""Two boys are playing in the sand at a playground."", ""Two young boys are wrestling in a sandpit."", ""Two boys wrestle together in the sand."", ""Two boys tussle in the sand at a park.""]",1,test,observer_specific_supported,Observer Specific Supported,"Write one specific caption as a careful human observer would: state what is visibly happening, name the important subjects and objects, and include only scene meanings that are clearly supported.","A young boy in an orange tie-dye shirt and camouflage shorts is playfully lifting a blonde girl in a teal shirt off the ground in a sandy area, while another child sits nearby on the sand.",0.37462908029556274,0.192763090133667,36,False,0.0,,64,Qwen/Qwen3-VL-8B-Instruct,clip_siglip_generalization_v1,8708d422c8a454c02d6e2be1bc229091dd27b2ba,False,0.3003557622432709,0.18149176239967346,0.07427331805229187,0.01127132773399353,True,True
15,6879,6879,results/generalization_100_seed1/samples/images/015_6879.jpg,"[""A little boy in a blue soccer uniform walks, approaching a team member from the opposite team."", ""A boy in blue soccer shirt and shorts stands watching two other children play soccer."", ""A little boy with Adidas shorts and soccer cleats waits patiently."", ""A child is standing on the street and looking at some kid."", ""Little boy dressed in blue wearing cleats.""]",1,test,baseline,Baseline,Write a caption for this image.,"A young soccer player in a blue uniform stands alone on a gritty field, gazing toward teammates in the distance — a moment of quiet focus before the game begins.",0.33565470576286316,0.18246282637119293,30,False,0.0,,64,Qwen/Qwen3-VL-8B-Instruct,clip_siglip_generalization_v1,002325524ac98fc0564552e0f1d2ff0e1e226e3f,False,0.33565470576286316,0.18246282637119293,0.0,0.0,False,False
15,6879,6879,results/generalization_100_seed1/samples/images/015_6879.jpg,"[""A little boy in a blue soccer uniform walks, approaching a team member from the opposite team."", ""A boy in blue soccer shirt and shorts stands watching two other children play soccer."", ""A little boy with Adidas shorts and soccer cleats waits patiently."", ""A child is standing on the street and looking at some kid."", ""Little boy dressed in blue wearing cleats.""]",1,test,observer_specific_supported,Observer Specific Supported,"Write one specific caption as a careful human observer would: state what is visibly happening, name the important subjects and objects, and include only scene meanings that are clearly supported.","A young boy in a blue soccer uniform stands alone on a gravel surface, his back to the camera, gazing toward other children playing soccer in the distance. His focused posture suggests he is watching the game intently, perhaps waiting for his turn or simply observing. The scene is framed with a shallow depth of field,",0.335106760263443,0.2296280860900879,56,False,0.0,,64,Qwen/Qwen3-VL-8B-Instruct,clip_siglip_generalization_v1,3aecbc10a5885455f395d5c09bb5523d4f22707f,False,0.33565470576286316,0.18246282637119293,-0.000547945499420166,0.04716525971889496,False,True
16,3075,3075,results/generalization_100_seed1/samples/images/016_3075.jpg,"[""A little boy wearing goggles on top of his head, walks through a deep water puddle with long pants on."", ""A small child in blue raincoat and a small child in a white shirt is waling in the rain water."", ""Small children are wading through shallow waters that are flooding the street."", ""People walking in a big puddle."", ""Children walking in the rain.""]",1,test,baseline,Baseline,Write a caption for this image.,"Children play joyfully in a puddle on a rainy day, with one in a blue raincoat and another in a white shirt and sunglasses, surrounded by parked cars.",0.3705548942089081,0.2195499688386917,28,False,0.0,,64,Qwen/Qwen3-VL-8B-Instruct,clip_siglip_generalization_v1,e7748d077a27fda3954bc9253ab8076c88390732,False,0.3705548942089081,0.2195499688386917,0.0,0.0,False,False
16,3075,3075,results/generalization_100_seed1/samples/images/016_3075.jpg,"[""A little boy wearing goggles on top of his head, walks through a deep water puddle with long pants on."", ""A small child in blue raincoat and a small child in a white shirt is waling in the rain water."", ""Small children are wading through shallow waters that are flooding the street."", ""People walking in a big puddle."", ""Children walking in the rain.""]",1,test,observer_specific_supported,Observer Specific Supported,"Write one specific caption as a careful human observer would: state what is visibly happening, name the important subjects and objects, and include only scene meanings that are clearly supported.","Two young children are wading through a shallow puddle on a wet street, with a beige minivan parked nearby. The child on the left, wearing a blue raincoat with a red belt, looks toward the right. The child on the right, in a white polo shirt and khaki pants, wears large,",0.3701096177101135,0.18243736028671265,51,False,0.0,,64,Qwen/Qwen3-VL-8B-Instruct,clip_siglip_generalization_v1,54b568196743c51a476afc878f4511585147d191,False,0.3705548942089081,0.2195499688386917,-0.00044527649879455566,-0.037112608551979065,False,False
17,15986,15986,results/generalization_100_seed1/samples/images/017_15986.jpg,"[""A black and brown dog is jumping on blocks of concrete in the water."", ""Black dog looking at his reflection in the water."", ""A black dog carefully crosses over some water."", ""Black dog near a dock looks into murky water"", ""The black dog jumps on a cinderblock.""]",1,test,baseline,Baseline,Write a caption for this image.,"A black and tan dog cautiously steps onto a wooden dock, its paws sinking slightly into the icy water as it explores the edge of a frozen lake.",0.3389127552509308,0.20049916207790375,28,False,0.0,,64,Qwen/Qwen3-VL-8B-Instruct,clip_siglip_generalization_v1,0927ea4bf8be44b7a13c254cace8b5c8c76e53f7,False,0.3389127552509308,0.20049916207790375,0.0,0.0,False,False
17,15986,15986,results/generalization_100_seed1/samples/images/017_15986.jpg,"[""A black and brown dog is jumping on blocks of concrete in the water."", ""Black dog looking at his reflection in the water."", ""A black dog carefully crosses over some water."", ""Black dog near a dock looks into murky water"", ""The black dog jumps on a cinderblock.""]",1,test,observer_specific_supported,Observer Specific Supported,"Write one specific caption as a careful human observer would: state what is visibly happening, name the important subjects and objects, and include only scene meanings that are clearly supported.","A black and tan dog stands at the edge of a wooden dock, its nose lowered to sniff a partially submerged concrete block in the water, with another similar block nearby and the dock extending into the calm, reflective water.",0.363892138004303,0.2296985387802124,40,False,0.0,,64,Qwen/Qwen3-VL-8B-Instruct,clip_siglip_generalization_v1,413c44af97a6ac1ade5745e49f9a66f42d605b83,False,0.3389127552509308,0.20049916207790375,0.024979382753372192,0.029199376702308655,True,True
18,928,928,results/generalization_100_seed1/samples/images/018_928.jpg,"[""A woman with a red jacket and her companion eating snacks."", ""A young man and woman enjoy some ribs in the evening."", ""Two people are eating barbecue ribs at night."", ""A man and a woman about to eat."", ""These two people are eating.""]",1,test,baseline,Baseline,Write a caption for this image.,"Two friends enjoy a late-night snack, sharing bites of delicious-looking ribs while laughing and chatting under the glow of city lights.",0.2932344675064087,0.16607315838336945,21,False,0.0,,64,Qwen/Qwen3-VL-8B-Instruct,clip_siglip_generalization_v1,6fe8e0d976522b215856c1b22e125e17434184b4,False,0.2932344675064087,0.16607315838336945,0.0,0.0,False,False
18,928,928,results/generalization_100_seed1/samples/images/018_928.jpg,"[""A woman with a red jacket and her companion eating snacks."", ""A young man and woman enjoy some ribs in the evening."", ""Two people are eating barbecue ribs at night."", ""A man and a woman about to eat."", ""These two people are eating.""]",1,test,observer_specific_supported,Observer Specific Supported,"Write one specific caption as a careful human observer would: state what is visibly happening, name the important subjects and objects, and include only scene meanings that are clearly supported.","Two people are enjoying food outdoors at night; the person on the left, wearing a Rolling Stones t-shirt and glasses, holds a piece of meat, while the person on the right, in a red jacket, also eats a similar food item.",0.3621601462364197,0.2568815350532532,41,True,0.0,,64,Qwen/Qwen3-VL-8B-Instruct,clip_siglip_generalization_v1,ddc57d6ed964fbcab967cc5bf290187272cd7383,False,0.2932344675064087,0.16607315838336945,0.06892567873001099,0.09080837666988373,True,True
19,29272,29272,results/generalization_100_seed1/samples/images/019_29272.jpg,"[""A man on stage in the act of jumping, with a little boy in the background really enjoying it."", ""A man with braids, a t-shirt, and sweatpants is dancing in front of a crowd of people."", ""An African American man is jumping in the air, while a boy claps."", ""A man jumps rope while a crowd of people watch him."", ""A black man is jumping and a crowd is gathered""]",1,test,baseline,Baseline,Write a caption for this image.,"A dynamic breakdancer leaps mid-air on a stage, captivating a crowd of kids and adults at an outdoor festival.",0.33892232179641724,0.18449127674102783,19,False,0.0,,64,Qwen/Qwen3-VL-8B-Instruct,clip_siglip_generalization_v1,a1aeab35cffb79d869dd520a54dd39e9d7a8e35f,False,0.33892232179641724,0.18449127674102783,0.0,0.0,False,False
19,29272,29272,results/generalization_100_seed1/samples/images/019_29272.jpg,"[""A man on stage in the act of jumping, with a little boy in the background really enjoying it."", ""A man with braids, a t-shirt, and sweatpants is dancing in front of a crowd of people."", ""An African American man is jumping in the air, while a boy claps."", ""A man jumps rope while a crowd of people watch him."", ""A black man is jumping and a crowd is gathered""]",1,test,observer_specific_supported,Observer Specific Supported,"Write one specific caption as a careful human observer would: state what is visibly happening, name the important subjects and objects, and include only scene meanings that are clearly supported.","A breakdancer with dreadlocks and a black t-shirt is mid-air, performing a dynamic jump on a stage in front of an audience of children and adults. He wears loose gray sweatpants and sneakers, and his arms are extended as he executes the move. A young boy in a blue shirt stands nearby, watching",0.3021653890609741,0.2033141404390335,53,False,0.0,,64,Qwen/Qwen3-VL-8B-Instruct,clip_siglip_generalization_v1,18ab54064f7f2ab8177f1457f6cd031a99a6704d,False,0.33892232179641724,0.18449127674102783,-0.036756932735443115,0.018822863698005676,False,True
20,27386,27386,results/generalization_100_seed1/samples/images/020_27386.jpg,"[""A single-file group of people wearing backpacks and other gear are hiking up the side of a green-covered mountain."", ""A group of backpackers treks across a green hill with snowcapped mountains off in the distance."", ""A line of backpackers trekking across a very green, hilly landscape."", ""A group of people are hiking along a grassy area."", ""Hiking in the mountains to have a scenic picnic.""]",1,test,baseline,Baseline,Write a caption for this image.,"A group of hikers with colorful backpacks trek along a grassy trail, ascending a mountain ridge with snow-capped peaks and a distant fjord visible under a bright, overcast sky.",0.34809643030166626,0.20346929132938385,29,False,0.0,,64,Qwen/Qwen3-VL-8B-Instruct,clip_siglip_generalization_v1,30ac3c4d5e124dc019f8b72ccf05e0ff698a7d44,False,0.34809643030166626,0.20346929132938385,0.0,0.0,False,False
20,27386,27386,results/generalization_100_seed1/samples/images/020_27386.jpg,"[""A single-file group of people wearing backpacks and other gear are hiking up the side of a green-covered mountain."", ""A group of backpackers treks across a green hill with snowcapped mountains off in the distance."", ""A line of backpackers trekking across a very green, hilly landscape."", ""A group of people are hiking along a grassy area."", ""Hiking in the mountains to have a scenic picnic.""]",1,test,observer_specific_supported,Observer Specific Supported,"Write one specific caption as a careful human observer would: state what is visibly happening, name the important subjects and objects, and include only scene meanings that are clearly supported.","A line of hikers with large backpacks carefully follows a narrow dirt trail across a grassy hillside, moving toward distant, snow-dusted mountains under an overcast sky.",0.33538249135017395,0.20046058297157288,26,False,0.0,,64,Qwen/Qwen3-VL-8B-Instruct,clip_siglip_generalization_v1,4bbf64b0481819859450774322d0461d6b8a59cf,False,0.34809643030166626,0.20346929132938385,-0.01271393895149231,-0.003008708357810974,False,False
21,12773,12773,results/generalization_100_seed1/samples/images/021_12773.jpg,"[""A man in blue jeans is sitting on the shoulders of another person as he interacts with a woman performer on stage at a concert."", ""A woman with a microphone on a stage points the microphone at a man who is standing in the audience in front of her"", ""A fan sitting on someone's shoulders is waving to a woman on a stage that says Amnesty International."", ""Woman on stage at Amnesty International event exchanges gestures with man offstage."", ""A woman on stage points to a man holding up his hand""]",1,test,baseline,Baseline,Write a caption for this image.,"A passionate crowd member raises his hand in support as a performer sings on stage at an Amnesty International event, illuminated by vibrant stage lights.",0.28673475980758667,0.17984236776828766,25,False,0.0,,64,Qwen/Qwen3-VL-8B-Instruct,clip_siglip_generalization_v1,ff184326fda0fa7b2a8f5900a454ee85c814a325,False,0.28673475980758667,0.17984236776828766,0.0,0.0,False,False
21,12773,12773,results/generalization_100_seed1/samples/images/021_12773.jpg,"[""A man in blue jeans is sitting on the shoulders of another person as he interacts with a woman performer on stage at a concert."", ""A woman with a microphone on a stage points the microphone at a man who is standing in the audience in front of her"", ""A fan sitting on someone's shoulders is waving to a woman on a stage that says Amnesty International."", ""Woman on stage at Amnesty International event exchanges gestures with man offstage."", ""A woman on stage points to a man holding up his hand""]",1,test,observer_specific_supported,Observer Specific Supported,"Write one specific caption as a careful human observer would: state what is visibly happening, name the important subjects and objects, and include only scene meanings that are clearly supported.","A man in a light gray shirt and jeans, seen from behind and slightly to the side, raises his right hand in a gesture of applause or acknowledgment toward a female singer on stage. The singer, wearing a patterned dress and holding a microphone, stands center-stage under bright green and white spotlights. Behind her,",0.32976430654525757,0.1843508780002594,54,False,0.0,,64,Qwen/Qwen3-VL-8B-Instruct,clip_siglip_generalization_v1,4931fc6f543799cd6106df20d66e24687d4e001d,False,0.28673475980758667,0.17984236776828766,0.0430295467376709,0.004508510231971741,True,True
22,14180,14180,results/generalization_100_seed1/samples/images/022_14180.jpg,"[""A man in a blue shirt walking down the street with another man peddling a food cart down the street."", ""A complex building is in the background with people standing around and some riding bikes."", ""Several people, two men with carts and riding bikes on street"", ""Bicyclists and pedicabs go by a large white modern building."", ""Several people pass by a large, white building.""]",1,test,baseline,Baseline,Write a caption for this image.,"Cyclists and pedestrians enjoy a sunny day in front of the striking, modern architecture of the Tokyo Dome, with its iconic white, wave-like roof and surrounding greenery.",0.3222306966781616,0.17706279456615448,27,False,0.0,,64,Qwen/Qwen3-VL-8B-Instruct,clip_siglip_generalization_v1,3be5e856c4219d26a49886f76b197ed2ac220721,False,0.3222306966781616,0.17706279456615448,0.0,0.0,False,False
22,14180,14180,results/generalization_100_seed1/samples/images/022_14180.jpg,"[""A man in a blue shirt walking down the street with another man peddling a food cart down the street."", ""A complex building is in the background with people standing around and some riding bikes."", ""Several people, two men with carts and riding bikes on street"", ""Bicyclists and pedicabs go by a large white modern building."", ""Several people pass by a large, white building.""]",1,test,observer_specific_supported,Observer Specific Supported,"Write one specific caption as a careful human observer would: state what is visibly happening, name the important subjects and objects, and include only scene meanings that are clearly supported.","A sunny day at a modern, white-domed stadium complex, where people are casually strolling and cycling along a paved plaza. In the foreground, a child in a blue helmet rides a bicycle, while other pedestrians, including a man in a light blue shirt and a woman in a yellow top, walk nearby. Several",0.31229954957962036,0.20659314095973969,53,True,0.0,,64,Qwen/Qwen3-VL-8B-Instruct,clip_siglip_generalization_v1,b3cce75b7cb66ab793edf3f6fd68ce0c887ddf00,False,0.3222306966781616,0.17706279456615448,-0.00993114709854126,0.029530346393585205,False,True
23,19904,19904,results/generalization_100_seed1/samples/images/023_19904.jpg,"[""The man in the tan jacket is taking large steps as he walks past the off white building."", ""A well-dressed, shaven-head young man strides through railings past a restaurant."", ""A man wearing a tan jacket walks into Le Mignon in the afternoon."", ""A man walking across a bridge near a steak restaurant."", ""A bald man walking on a bridge.""]",1,test,baseline,Baseline,Write a caption for this image.,"A man in a tan jacket walks across a metal bridge, passing by the charming ""Le Mignon"" restaurant with its vintage signage and classic street lamps.",0.3313218355178833,0.2845246195793152,26,False,0.0,,64,Qwen/Qwen3-VL-8B-Instruct,clip_siglip_generalization_v1,078f97d26bcdc721a3fea9e3bd30a5167d6a7041,False,0.3313218355178833,0.2845246195793152,0.0,0.0,False,False
23,19904,19904,results/generalization_100_seed1/samples/images/023_19904.jpg,"[""The man in the tan jacket is taking large steps as he walks past the off white building."", ""A well-dressed, shaven-head young man strides through railings past a restaurant."", ""A man wearing a tan jacket walks into Le Mignon in the afternoon."", ""A man walking across a bridge near a steak restaurant."", ""A bald man walking on a bridge.""]",1,test,observer_specific_supported,Observer Specific Supported,"Write one specific caption as a careful human observer would: state what is visibly happening, name the important subjects and objects, and include only scene meanings that are clearly supported.","A man in a tan jacket and dark pants walks from right to left across a metal pedestrian bridge, his gaze directed forward. Behind him, a yellow brick building features two red signs for “Le Mignon,” a French restaurant, each displaying the name in ornate white lettering and including a telephone number. The building",0.3460913896560669,0.2951411008834839,54,False,0.0,,64,Qwen/Qwen3-VL-8B-Instruct,clip_siglip_generalization_v1,e538fe06931f31388f470a2f64f15df86e2e9bf9,False,0.3313218355178833,0.2845246195793152,0.014769554138183594,0.010616481304168701,True,True
24,24978,24978,results/generalization_100_seed1/samples/images/024_24978.jpg,"[""A man in a blue shirt and brown pants is sitting next to a parked blue car."", ""A man in a blue sweater is sitting outside in front of a blue car."", ""A man in a blue shirt is sitting beside a blue van"", ""An elderly man sits in a chair in an alleyway."", ""The man in the blue shirt looks very lonely.""]",1,test,baseline,Baseline,Write a caption for this image.,"A man sits quietly on a folding chair in a narrow, weathered alleyway, gazing thoughtfully as a vibrant blue car rests nearby. The crumbling walls and faded graffiti hint at the passage of time, while the soft light casts long shadows, creating a contemplative, almost cinematic stillness.",0.3341253101825714,0.24505086243152618,47,False,0.0,,64,Qwen/Qwen3-VL-8B-Instruct,clip_siglip_generalization_v1,f6003e968f0b0a4f4749ad48448c851227a1dd27,False,0.3341253101825714,0.24505086243152618,0.0,0.0,False,False
24,24978,24978,results/generalization_100_seed1/samples/images/024_24978.jpg,"[""A man in a blue shirt and brown pants is sitting next to a parked blue car."", ""A man in a blue sweater is sitting outside in front of a blue car."", ""A man in a blue shirt is sitting beside a blue van"", ""An elderly man sits in a chair in an alleyway."", ""The man in the blue shirt looks very lonely.""]",1,test,observer_specific_supported,Observer Specific Supported,"Write one specific caption as a careful human observer would: state what is visibly happening, name the important subjects and objects, and include only scene meanings that are clearly supported.","A man in a blue shirt and brown pants sits on a folding chair in a narrow, weathered alleyway, gazing thoughtfully toward the right. Behind him, a bright blue car is parked, and the rough, peeling wall behind it bears faded graffiti and the Italian inscription “VICO DEL FICO AL",0.32383692264556885,0.26980942487716675,50,False,0.0,,64,Qwen/Qwen3-VL-8B-Instruct,clip_siglip_generalization_v1,1a02f7337412aefe73bd1ce42388f5758630ec6a,False,0.3341253101825714,0.24505086243152618,-0.010288387537002563,0.024758562445640564,False,True
25,25138,25138,results/generalization_100_seed1/samples/images/025_25138.jpg,"[""A woman in a black stocking hat and black leather jacket, talking to a man with a beard in a black fleece jacket."", ""A girl in a black sock hat is talking to a man wearing a blue shirt."", ""A woman and man talking to each other in front of a scenic lake."", ""People talking to one another outside near a fountain."", ""A woman in a black beanie looks up at a bearded man.""]",1,test,baseline,Baseline,Write a caption for this image.,"Four friends stand by a canal, chatting and enjoying a scenic walk along the water’s edge.",0.2813202738761902,0.14860829710960388,16,False,0.0,,64,Qwen/Qwen3-VL-8B-Instruct,clip_siglip_generalization_v1,faf2a32b2fec26c504600f0bc167297c4e48f398,False,0.2813202738761902,0.14860829710960388,0.0,0.0,False,False
25,25138,25138,results/generalization_100_seed1/samples/images/025_25138.jpg,"[""A woman in a black stocking hat and black leather jacket, talking to a man with a beard in a black fleece jacket."", ""A girl in a black sock hat is talking to a man wearing a blue shirt."", ""A woman and man talking to each other in front of a scenic lake."", ""People talking to one another outside near a fountain."", ""A woman in a black beanie looks up at a bearded man.""]",1,test,observer_specific_supported,Observer Specific Supported,"Write one specific caption as a careful human observer would: state what is visibly happening, name the important subjects and objects, and include only scene meanings that are clearly supported.","Four people are standing together on a bridge overlooking a small waterway with a low weir or cascade, engaged in a quiet, shared moment. From left to right: a man in a light-colored cap and dark jacket leans on the railing, looking down at the water; next to him, a woman in a black be",0.3245820105075836,0.18371093273162842,55,True,0.0,,64,Qwen/Qwen3-VL-8B-Instruct,clip_siglip_generalization_v1,0f4a44904628391b8154dd44c9a0efb98f27ed07,False,0.2813202738761902,0.14860829710960388,0.04326173663139343,0.035102635622024536,True,True
26,69,69,results/generalization_100_seed1/samples/images/026_69.jpg,"[""A man in a black coat walks past a red spaceship with a parking ticket stuck to its window."", ""A man is standing in front of a small red object that looks like a plane."", ""A man wearing a black jacket is walking towards the street."", ""A man in a black jacket is moving towards a street."", ""Man in black coat examining airplane nose.""]",1,test,baseline,Baseline,Write a caption for this image.,"A man in a suit stands beside a glowing, oversized red sculpture of a futuristic car, illuminated at night against a city backdrop with vintage street lamps and a building facade.",0.3287598490715027,0.17937909066677094,31,False,0.0,,64,Qwen/Qwen3-VL-8B-Instruct,clip_siglip_generalization_v1,0670b9684d2686856719b5ce175e2d42480258e2,False,0.3287598490715027,0.17937909066677094,0.0,0.0,False,False
26,69,69,results/generalization_100_seed1/samples/images/026_69.jpg,"[""A man in a black coat walks past a red spaceship with a parking ticket stuck to its window."", ""A man is standing in front of a small red object that looks like a plane."", ""A man wearing a black jacket is walking towards the street."", ""A man in a black jacket is moving towards a street."", ""Man in black coat examining airplane nose.""]",1,test,observer_specific_supported,Observer Specific Supported,"Write one specific caption as a careful human observer would: state what is visibly happening, name the important subjects and objects, and include only scene meanings that are clearly supported.","A man in a dark suit stands beside a large, glowing red sculpture of a submarine, which is illuminated from within and positioned on a sidewalk at night. The sculpture, featuring prominent circular portholes and a periscope-like structure, is surrounded by temporary metal barricades and small spotlights. In the background,",0.353767454624176,0.1678820252418518,50,False,0.0,,64,Qwen/Qwen3-VL-8B-Instruct,clip_siglip_generalization_v1,d2e5881af37cd88f1b4f6ceb30089cbe766e8c7f,False,0.3287598490715027,0.17937909066677094,0.02500760555267334,-0.011497065424919128,True,False
27,22801,22801,results/generalization_100_seed1/samples/images/027_22801.jpg,"[""People are walking down the street with vendors on the side on a beautiful, sunny day."", ""People are gathered at some kind of shop on the side of the street."", ""A boy with a yellow shirt and yellow do-rag walking through a town."", ""Multiple people are walking down a street at a street fair"", ""People walk down a street with shops along the way.""]",1,test,baseline,Baseline,Write a caption for this image.,"A sunny street market bustles with activity, featuring colorful vendor stalls under blue umbrellas, shoppers strolling past, and a bright yellow-clad child walking down the sidewalk. The charming, rustic storefronts with stone facades and gabled roofs add to the lively, small-town atmosphere.",0.3050091862678528,0.1983180046081543,42,False,0.0,,64,Qwen/Qwen3-VL-8B-Instruct,clip_siglip_generalization_v1,24292b3b2725ce7e02737aaa44b05d409094e30d,False,0.3050091862678528,0.1983180046081543,0.0,0.0,False,False
27,22801,22801,results/generalization_100_seed1/samples/images/027_22801.jpg,"[""People are walking down the street with vendors on the side on a beautiful, sunny day."", ""People are gathered at some kind of shop on the side of the street."", ""A boy with a yellow shirt and yellow do-rag walking through a town."", ""Multiple people are walking down a street at a street fair"", ""People walk down a street with shops along the way.""]",1,test,observer_specific_supported,Observer Specific Supported,"Write one specific caption as a careful human observer would: state what is visibly happening, name the important subjects and objects, and include only scene meanings that are clearly supported.","Under a bright blue sky, a lively street market unfolds on a sunny day, with pedestrians strolling along a paved road beside a row of rustic, multi-colored buildings. A woman in a patterned dress stands at a vendor’s table covered with a green cloth, beneath a large blue canopy, while a child in a",0.2997491955757141,0.15473099052906036,54,False,0.0,,64,Qwen/Qwen3-VL-8B-Instruct,clip_siglip_generalization_v1,5a12a3f69fdeded04b78d3e4745646f5034ed5d2,False,0.3050091862678528,0.1983180046081543,-0.005259990692138672,-0.04358701407909393,False,False
28,14594,14594,results/generalization_100_seed1/samples/images/028_14594.jpg,"[""A person aquestrian horse jumping over a wooden fence."", ""A horse and rider jumping a small fence."", ""A horse and rider jump over a fence."", ""A horse jumps over a wooden fence."", ""A jockey on a horse jumps a fence.""]",1,test,baseline,Baseline,Write a caption for this image.,"A jockey in a green and black striped jersey and yellow helmet guides a powerful brown horse as it leaps gracefully over a rustic wooden fence, showcasing the thrill and precision of equestrian show jumping against a backdrop of lush green trees.",0.3370521664619446,0.19403357803821564,42,False,0.0,,64,Qwen/Qwen3-VL-8B-Instruct,clip_siglip_generalization_v1,7dcba8719c7958ce6ae5814c57861f8e499038f0,False,0.3370521664619446,0.19403357803821564,0.0,0.0,False,False
28,14594,14594,results/generalization_100_seed1/samples/images/028_14594.jpg,"[""A person aquestrian horse jumping over a wooden fence."", ""A horse and rider jumping a small fence."", ""A horse and rider jump over a fence."", ""A horse jumps over a wooden fence."", ""A jockey on a horse jumps a fence.""]",1,test,observer_specific_supported,Observer Specific Supported,"Write one specific caption as a careful human observer would: state what is visibly happening, name the important subjects and objects, and include only scene meanings that are clearly supported.","A jockey in a green and black striped jersey and yellow helmet is riding a dark brown horse with a white blaze on its face as it leaps over a weathered wooden fence in a grassy field, with a backdrop of dense green trees.",0.33415091037750244,0.19750893115997314,44,False,0.0,,64,Qwen/Qwen3-VL-8B-Instruct,clip_siglip_generalization_v1,3c26d87f5b5dfdce3da48ed2ee46d8e359e0e463,False,0.3370521664619446,0.19403357803821564,-0.0029012560844421387,0.0034753531217575073,False,True
29,8727,8727,results/generalization_100_seed1/samples/images/029_8727.jpg,"[""One little toddler wearing blue pajamas and a little girl wearing red pajamas opening presents on christmas day."", ""A baby boy in blue pajamas watches while his blond sister with glasses opens a Christmas present."", ""A little girl wearing her pajamas opening a present while a little boy looks on."", ""A girl is opening a present while a young boy in blue pajamas watches."", ""A young girl and a toddler are tearing wrapping paper off a present.""]",1,test,baseline,Baseline,Write a caption for this image.,"Two children, a girl in pajamas and a toddler in blue, are engrossed in unwrapping a gift together, surrounded by wrapping paper and festive cheer.",0.3478553295135498,0.23329156637191772,25,False,0.0,,64,Qwen/Qwen3-VL-8B-Instruct,clip_siglip_generalization_v1,f5e8859fd958ccda999fc390ee09a751c5008670,False,0.3478553295135498,0.23329156637191772,0.0,0.0,False,False
29,8727,8727,results/generalization_100_seed1/samples/images/029_8727.jpg,"[""One little toddler wearing blue pajamas and a little girl wearing red pajamas opening presents on christmas day."", ""A baby boy in blue pajamas watches while his blond sister with glasses opens a Christmas present."", ""A little girl wearing her pajamas opening a present while a little boy looks on."", ""A girl is opening a present while a young boy in blue pajamas watches."", ""A young girl and a toddler are tearing wrapping paper off a present.""]",1,test,observer_specific_supported,Observer Specific Supported,"Write one specific caption as a careful human observer would: state what is visibly happening, name the important subjects and objects, and include only scene meanings that are clearly supported.","A young girl with long blonde hair and glasses, wearing a red and white pajama top, sits on the floor engrossed in unwrapping a gift, carefully peeling away wrapping paper. Beside her, a toddler in a blue onesie stands, intently watching and reaching toward the gift, seemingly curious",0.33253341913223267,0.23666833341121674,48,False,0.0,,64,Qwen/Qwen3-VL-8B-Instruct,clip_siglip_generalization_v1,960d12495a54c8333041174cb6298b3bdd6c1fe3,False,0.3478553295135498,0.23329156637191772,-0.015321910381317139,0.0033767670392990112,False,True
30,23643,23643,results/generalization_100_seed1/samples/images/030_23643.jpg,"[""A little girl in a red and white shirt stands next to some caricatures of celebrities at an art fair."", ""A little girl in a red print sundress walked through an outdoor artist display."", ""A little girl wearing red is standing in front of caricature"", ""A girls stands by a caricature artist's drawings."", ""Little girl posing for a caricature.""]",1,test,baseline,Baseline,Write a caption for this image.,"A young girl smiles brightly at the camera while sitting at an outdoor art fair, surrounded by caricature artists and vibrant market stalls under colorful umbrellas.",0.326911985874176,0.2759249210357666,26,False,0.0,,64,Qwen/Qwen3-VL-8B-Instruct,clip_siglip_generalization_v1,9b9574b99b8814d3ca690ddb9eeca58a9a4b651e,False,0.326911985874176,0.2759249210357666,0.0,0.0,False,False
30,23643,23643,results/generalization_100_seed1/samples/images/030_23643.jpg,"[""A little girl in a red and white shirt stands next to some caricatures of celebrities at an art fair."", ""A little girl in a red print sundress walked through an outdoor artist display."", ""A little girl wearing red is standing in front of caricature"", ""A girls stands by a caricature artist's drawings."", ""Little girl posing for a caricature.""]",1,test,observer_specific_supported,Observer Specific Supported,"Write one specific caption as a careful human observer would: state what is visibly happening, name the important subjects and objects, and include only scene meanings that are clearly supported.","A young girl with curly hair and a red-and-white patterned top smiles at the camera while seated at an outdoor art market stall, which is shaded by a large black umbrella. In front of her, a wooden easel displays two caricature drawings of men—one with a wide grin and exaggerated features, the other with",0.3321281671524048,0.2734326720237732,54,False,0.0,,64,Qwen/Qwen3-VL-8B-Instruct,clip_siglip_generalization_v1,3a9fa558259e2d53584057f1a60570d896ec591e,False,0.326911985874176,0.2759249210357666,0.00521618127822876,-0.002492249011993408,True,False
31,26274,26274,results/generalization_100_seed1/samples/images/031_26274.jpg,"[""A man in a black hat is rearing up on his brown horse while a crowd of people look on from a distance."", ""A man in a black cowboy hat holds on as his horse rears up."", ""A man on a horse galloping onto its back two feet."", ""Cowboy holding on to the horse"", ""Man riding a bucking bronco!""]",1,test,baseline,Baseline,Write a caption for this image.,"A cowboy rides a bucking bronco at a rodeo, wielding a lasso as the crowd watches in excitement.",0.30974456667900085,0.09709025174379349,18,False,0.0,,64,Qwen/Qwen3-VL-8B-Instruct,clip_siglip_generalization_v1,4048ac03879babef6874325ba241450aaf02ef3f,False,0.30974456667900085,0.09709025174379349,0.0,0.0,False,False
31,26274,26274,results/generalization_100_seed1/samples/images/031_26274.jpg,"[""A man in a black hat is rearing up on his brown horse while a crowd of people look on from a distance."", ""A man in a black cowboy hat holds on as his horse rears up."", ""A man on a horse galloping onto its back two feet."", ""Cowboy holding on to the horse"", ""Man riding a bucking bronco!""]",1,test,observer_specific_supported,Observer Specific Supported,"Write one specific caption as a careful human observer would: state what is visibly happening, name the important subjects and objects, and include only scene meanings that are clearly supported.","A rider in a cowboy hat and light-colored shirt is performing a rodeo-style trick on a powerful brown horse, which is rearing up on its hind legs with its front hooves lifted. The rider holds two long, silver, flexible objects — likely bullwhips or similar props — that are arcing upward behind",0.3071264922618866,0.18727652728557587,52,False,0.0,,64,Qwen/Qwen3-VL-8B-Instruct,clip_siglip_generalization_v1,8d15d21c5c35b902397582ba2dde0c48f7437c03,False,0.30974456667900085,0.09709025174379349,-0.002618074417114258,0.09018627554178238,False,True
32,7496,7496,results/generalization_100_seed1/samples/images/032_7496.jpg,"[""Two men wearing hats play accordions while standing between two burgundy and black pre-World War II automobiles."", ""Two accordion players in period costumes perform between two maroon-colored antique cars."", ""Two old men with hats are standing in between cars with their accordions."", ""Two men between 2 classic cars playing accordions."", ""Two men playing music and displaying old cars.""]",1,test,baseline,Baseline,Write a caption for this image.,"Two vintage car enthusiasts play accordions beside their classic 1930s automobiles, adding a nostalgic musical flair to a sunny street scene.",0.31270164251327515,0.20683762431144714,21,False,0.0,,64,Qwen/Qwen3-VL-8B-Instruct,clip_siglip_generalization_v1,17e8e4fe1e50d9eb944c234095616786f10bdf7e,False,0.31270164251327515,0.20683762431144714,0.0,0.0,False,False
32,7496,7496,results/generalization_100_seed1/samples/images/032_7496.jpg,"[""Two men wearing hats play accordions while standing between two burgundy and black pre-World War II automobiles."", ""Two accordion players in period costumes perform between two maroon-colored antique cars."", ""Two old men with hats are standing in between cars with their accordions."", ""Two men between 2 classic cars playing accordions."", ""Two men playing music and displaying old cars.""]",1,test,observer_specific_supported,Observer Specific Supported,"Write one specific caption as a careful human observer would: state what is visibly happening, name the important subjects and objects, and include only scene meanings that are clearly supported.","Two men are standing between two vintage automobiles on a paved street, each playing an accordion. The man on the left wears a straw hat and a scarf, while the man on the right wears a top hat and a dark suit. The cars are classic, black-and-maroon 1930s models with chrome",0.35413306951522827,0.21215961873531342,51,False,0.0,,64,Qwen/Qwen3-VL-8B-Instruct,clip_siglip_generalization_v1,888de3e430b20a0ad3b66aa3ac161382b9a68b41,False,0.31270164251327515,0.20683762431144714,0.041431427001953125,0.005321994423866272,True,True
33,19370,19370,results/generalization_100_seed1/samples/images/033_19370.jpg,"[""A bicyclist waiting for traffic to pass so he can cross the street."", ""A man in a white polo shirt walks his red bike across a crosswalk."", ""A man with a beard is walking his bike across the street."", ""A man with a bicycle walks by a street crossing."", ""A man is riding a bicycle in the street.""]",1,test,baseline,Baseline,Write a caption for this image.,"A man walks his bicycle across a sunlit street, pausing at a crosswalk under bright daylight.",0.3398851156234741,0.18677060306072235,16,False,0.0,,64,Qwen/Qwen3-VL-8B-Instruct,clip_siglip_generalization_v1,930f8a86fe7adf3943f14579caa3f6e198563541,False,0.3398851156234741,0.18677060306072235,0.0,0.0,False,False
33,19370,19370,results/generalization_100_seed1/samples/images/033_19370.jpg,"[""A bicyclist waiting for traffic to pass so he can cross the street."", ""A man in a white polo shirt walks his red bike across a crosswalk."", ""A man with a beard is walking his bike across the street."", ""A man with a bicycle walks by a street crossing."", ""A man is riding a bicycle in the street.""]",1,test,observer_specific_supported,Observer Specific Supported,"Write one specific caption as a careful human observer would: state what is visibly happening, name the important subjects and objects, and include only scene meanings that are clearly supported.","A man in a white t-shirt and shorts is walking his bicycle across a sunlit street, carefully navigating the white stripes of a pedestrian crosswalk. The bike has a red bag attached to the front, and the man is holding the handlebars as he steps onto the crosswalk. The asphalt road shows signs of wear",0.33505338430404663,0.22464145720005035,55,False,0.0,,64,Qwen/Qwen3-VL-8B-Instruct,clip_siglip_generalization_v1,ff7448ef7e6da87ca3c8d95740a008240a0790c9,False,0.3398851156234741,0.18677060306072235,-0.00483173131942749,0.037870854139328,False,True
34,30974,30974,results/generalization_100_seed1/samples/images/034_30974.jpg,"[""Four construction workers, wearing neon vests, stand at a construction site along with some equipment."", ""Construction workers are standing around the back of a dump truck."", ""Men standing around a cement truck on a construction site."", ""Four construction workers standing by a concrete machine."", ""A group of men are gathered around a concrete truck.""]",1,test,baseline,Baseline,Write a caption for this image.,"Construction workers in safety vests and hard hats stand near a cement mixer truck on a busy worksite, with heavy machinery and vehicles in the background.",0.276806116104126,0.20541168749332428,26,False,0.0,,64,Qwen/Qwen3-VL-8B-Instruct,clip_siglip_generalization_v1,771e474a642653fbcac29182d61a053e0163d49b,False,0.276806116104126,0.20541168749332428,0.0,0.0,False,False
34,30974,30974,results/generalization_100_seed1/samples/images/034_30974.jpg,"[""Four construction workers, wearing neon vests, stand at a construction site along with some equipment."", ""Construction workers are standing around the back of a dump truck."", ""Men standing around a cement truck on a construction site."", ""Four construction workers standing by a concrete machine."", ""A group of men are gathered around a concrete truck.""]",1,test,observer_specific_supported,Observer Specific Supported,"Write one specific caption as a careful human observer would: state what is visibly happening, name the important subjects and objects, and include only scene meanings that are clearly supported.","On a dusty construction site, four workers in high-visibility vests and hard hats are gathered near a large white cement mixer truck, which is parked with its chute extended. One worker, wearing an orange hard hat and a blue shirt under his vest, stands near the truck’s rear, appearing to inspect or operate the equipment",0.30440548062324524,0.2148217111825943,55,False,0.0,,64,Qwen/Qwen3-VL-8B-Instruct,clip_siglip_generalization_v1,c957e0f78798e1b478c2b37c57bc4b843d886704,False,0.276806116104126,0.20541168749332428,0.027599364519119263,0.00941002368927002,True,True
35,3349,3349,results/generalization_100_seed1/samples/images/035_3349.jpg,"[""A small child in a red coat watches the fireplace display through the storefront window of a purse store."", ""A small child in a red coat points to a handbag in a shop window."", ""A child wearing a red coat is pointing into a Loewe store window."", ""A little girl is looking at the window display of a store."", ""A child is window shopping for a brown purse.""]",1,test,baseline,Baseline,Write a caption for this image.,"A child in a red coat gazes in wonder at a fiery, surreal display inside a LOEWE store window, while the reflection reveals bustling city life and shoppers passing by.",0.3639985918998718,0.27555763721466064,30,False,0.0,,64,Qwen/Qwen3-VL-8B-Instruct,clip_siglip_generalization_v1,e55c81ae7ba50cb006a8e75247024def62777b1a,False,0.3639985918998718,0.27555763721466064,0.0,0.0,False,False
35,3349,3349,results/generalization_100_seed1/samples/images/035_3349.jpg,"[""A small child in a red coat watches the fireplace display through the storefront window of a purse store."", ""A small child in a red coat points to a handbag in a shop window."", ""A child wearing a red coat is pointing into a Loewe store window."", ""A little girl is looking at the window display of a store."", ""A child is window shopping for a brown purse.""]",1,test,observer_specific_supported,Observer Specific Supported,"Write one specific caption as a careful human observer would: state what is visibly happening, name the important subjects and objects, and include only scene meanings that are clearly supported.","A small child in a red jacket stands on a sidewalk, gazing intently at the glass storefront of a LOEWE boutique. The store’s window display features a dramatic, fiery orange and red abstract sculpture, which is mirrored in the glass along with the reflections of pedestrians and surrounding buildings. The child’s posture suggests",0.4027496576309204,0.22620044648647308,53,False,0.0,,64,Qwen/Qwen3-VL-8B-Instruct,clip_siglip_generalization_v1,d520841eb90b2e4649ce80630e3ebfa96b5b2082,False,0.3639985918998718,0.27555763721466064,0.038751065731048584,-0.04935719072818756,True,False
36,29537,29537,results/generalization_100_seed1/samples/images/036_29537.jpg,"[""3 emergency workers are sitting on their vehicle, while the fourth one is standing and looking intently at something."", ""Men at work, Firemen waiting for their next call to a fire, looking relaxed and anxious at the same time."", ""4 fireman on a firetruck looking very tired, brick building behind them, and a hand to the bottom left."", ""There are four men, three sitting and one standing, wearing the same dark blue uniform."", ""Four firefighters are sitting atop a firetruck.""]",1,test,baseline,Baseline,Write a caption for this image.,"Firefighters take a moment to rest and chat while perched atop their ladder truck, with a historic brick building and parking signs in the background.",0.3214558959007263,0.1952490508556366,25,False,0.0,,64,Qwen/Qwen3-VL-8B-Instruct,clip_siglip_generalization_v1,b997ca8279113fdbfd3eae2f57cb9f8d75490820,False,0.3214558959007263,0.1952490508556366,0.0,0.0,False,False
36,29537,29537,results/generalization_100_seed1/samples/images/036_29537.jpg,"[""3 emergency workers are sitting on their vehicle, while the fourth one is standing and looking intently at something."", ""Men at work, Firemen waiting for their next call to a fire, looking relaxed and anxious at the same time."", ""4 fireman on a firetruck looking very tired, brick building behind them, and a hand to the bottom left."", ""There are four men, three sitting and one standing, wearing the same dark blue uniform."", ""Four firefighters are sitting atop a firetruck.""]",1,test,observer_specific_supported,Observer Specific Supported,"Write one specific caption as a careful human observer would: state what is visibly happening, name the important subjects and objects, and include only scene meanings that are clearly supported.","Three firefighters are seated on the elevated platform of a fire truck parked on a city street, with one standing and leaning against a pole. The truck’s equipment, including a blue light and metal ladders, is visible. Behind them, a red-brick building with large windows forms the backdrop, and a blue parking sign",0.3645774722099304,0.18029135465621948,53,False,0.0,,64,Qwen/Qwen3-VL-8B-Instruct,clip_siglip_generalization_v1,2e3eeb379dcba39892b98fe63f0a09060e25b30f,False,0.3214558959007263,0.1952490508556366,0.0431215763092041,-0.014957696199417114,True,False
37,10401,10401,results/generalization_100_seed1/samples/images/037_10401.jpg,"[""A girl in a blue sweater with a white pattern is jumping into a pile of leaves."", ""A young girl is diving into a pile of brown leaves in the yard."", ""A girl in a sweater diving into a pile of leaves."", ""A girl is jumping into a pile of leaves."", ""A girl is jumping into a pile of leaves""]",1,test,baseline,Baseline,Write a caption for this image.,"A joyful child leaps mid-air toward a vibrant pile of autumn leaves, arms outstretched in pure, playful delight.",0.3357713222503662,0.18217550218105316,18,False,0.0,,64,Qwen/Qwen3-VL-8B-Instruct,clip_siglip_generalization_v1,ad2cc48e9568f487c9a8607bf2328a866f999713,False,0.3357713222503662,0.18217550218105316,0.0,0.0,False,False
37,10401,10401,results/generalization_100_seed1/samples/images/037_10401.jpg,"[""A girl in a blue sweater with a white pattern is jumping into a pile of leaves."", ""A young girl is diving into a pile of brown leaves in the yard."", ""A girl in a sweater diving into a pile of leaves."", ""A girl is jumping into a pile of leaves."", ""A girl is jumping into a pile of leaves""]",1,test,observer_specific_supported,Observer Specific Supported,"Write one specific caption as a careful human observer would: state what is visibly happening, name the important subjects and objects, and include only scene meanings that are clearly supported.","A young girl in a navy blue sweater with a white lace collar and cuffs leaps mid-air toward a large pile of fallen autumn leaves, her arms outstretched as if to dive into the foliage. Behind her, a silver vehicle is parked on a gravel surface, and a green evergreen tree stands to the left,",0.3050100803375244,0.22369985282421112,55,False,0.0,,64,Qwen/Qwen3-VL-8B-Instruct,clip_siglip_generalization_v1,b2fc5a5bb0e0fcfa6cf363fc9178705621909a7d,False,0.3357713222503662,0.18217550218105316,-0.030761241912841797,0.04152435064315796,False,True
38,1002,1002,results/generalization_100_seed1/samples/images/038_1002.jpg,"[""Someone wearing a large hat is sitting on colorful blankets working a loom with a pair of men's dress shoes in front of him."", ""An adult in brightly colored clothing and hat, is weaving or beading while sitting on brightly colored rugs."", ""A Hispanic person sitting among colorful fabric making a belt."", ""A gentleman in traditional garb weaving a blanket in a field."", ""A man works on weaving a cloth good for sale at the market.""]",1,test,baseline,Baseline,Write a caption for this image.,"A craftsman in traditional Andean attire sits cross-legged, meticulously working on a handcrafted sword, surrounded by vibrant textiles and artisan tools under the open sky.",0.3589109480381012,0.23218077421188354,25,False,0.0,,64,Qwen/Qwen3-VL-8B-Instruct,clip_siglip_generalization_v1,01938fe780da55b5ed2cf3c3d4f8bd5e720a619e,False,0.3589109480381012,0.23218077421188354,0.0,0.0,False,False
38,1002,1002,results/generalization_100_seed1/samples/images/038_1002.jpg,"[""Someone wearing a large hat is sitting on colorful blankets working a loom with a pair of men's dress shoes in front of him."", ""An adult in brightly colored clothing and hat, is weaving or beading while sitting on brightly colored rugs."", ""A Hispanic person sitting among colorful fabric making a belt."", ""A gentleman in traditional garb weaving a blanket in a field."", ""A man works on weaving a cloth good for sale at the market.""]",1,test,observer_specific_supported,Observer Specific Supported,"Write one specific caption as a careful human observer would: state what is visibly happening, name the important subjects and objects, and include only scene meanings that are clearly supported.","A person wearing a traditional, patterned hat and a maroon jacket sits cross-legged on a colorful woven blanket, carefully working on a long, ornate sword with a silver blade and wooden hilt. The sword rests on the ground beside them, and a pair of black leather shoes lies nearby. Surrounding them are",0.32447367906570435,0.19358526170253754,52,True,0.0,,64,Qwen/Qwen3-VL-8B-Instruct,clip_siglip_generalization_v1,622d41db85d1bc71a49063eead6908065f78e0e1,False,0.3589109480381012,0.23218077421188354,-0.03443726897239685,-0.03859551250934601,False,False
39,731,731,results/generalization_100_seed1/samples/images/039_731.jpg,"[""Three little blond girls, two in blue, one in pink, play on a sunny beach."", ""Three children are playing in sand near to the beach."", ""Three young girls dance on the beach in the sand."", ""Three children playing in sand at beach"", ""Three girls play in the sand.""]",1,test,baseline,Baseline,Write a caption for this image.,"Three children playfully posing on a sunny beach, their joyful expressions and dynamic poses capturing the carefree spirit of seaside fun.",0.2984282374382019,0.15245628356933594,21,False,0.0,,64,Qwen/Qwen3-VL-8B-Instruct,clip_siglip_generalization_v1,7c24ae95ff1d917069da0f698ba871244705124e,False,0.2984282374382019,0.15245628356933594,0.0,0.0,False,False
39,731,731,results/generalization_100_seed1/samples/images/039_731.jpg,"[""Three little blond girls, two in blue, one in pink, play on a sunny beach."", ""Three children are playing in sand near to the beach."", ""Three young girls dance on the beach in the sand."", ""Three children playing in sand at beach"", ""Three girls play in the sand.""]",1,test,observer_specific_supported,Observer Specific Supported,"Write one specific caption as a careful human observer would: state what is visibly happening, name the important subjects and objects, and include only scene meanings that are clearly supported.","Three children are playing on a sandy beach, with the ocean visible in the background. The child in the foreground, wearing a light blue hooded sweatshirt, is crouching and looking up. Behind them, a child in a pink long-sleeved shirt and dark pants stands with arms raised, while another child",0.35285302996635437,0.18497547507286072,50,False,0.0,,64,Qwen/Qwen3-VL-8B-Instruct,clip_siglip_generalization_v1,c16f03e89b3cdaee7e2c747b1a1b4bbfc796a35c,False,0.2984282374382019,0.15245628356933594,0.054424792528152466,0.03251919150352478,True,True
40,833,833,results/generalization_100_seed1/samples/images/040_833.jpg,"[""A beach scene with three boys in swim shorts each holding paddle ball racquets but no ball in sight."", ""Kids play a game of ball with paddles at the water's edge at the beach."", ""Three children are playing paddle ball on the beach."", ""Three boys play with paddles on the beach."", ""Several children playing on a beach.""]",1,test,baseline,Baseline,Write a caption for this image.,"Kids playing beach paddleball with colorful paddles and frisbees, laughing and splashing in the shallow ocean waves.",0.30367714166641235,0.18552568554878235,17,False,0.0,,64,Qwen/Qwen3-VL-8B-Instruct,clip_siglip_generalization_v1,e61cd2a8facfeb688dfda1581387c3f9450c0a1e,False,0.30367714166641235,0.18552568554878235,0.0,0.0,False,False
40,833,833,results/generalization_100_seed1/samples/images/040_833.jpg,"[""A beach scene with three boys in swim shorts each holding paddle ball racquets but no ball in sight."", ""Kids play a game of ball with paddles at the water's edge at the beach."", ""Three children are playing paddle ball on the beach."", ""Three boys play with paddles on the beach."", ""Several children playing on a beach.""]",1,test,observer_specific_supported,Observer Specific Supported,"Write one specific caption as a careful human observer would: state what is visibly happening, name the important subjects and objects, and include only scene meanings that are clearly supported.","Three boys are playing paddleball on a sandy beach, each holding a paddle — one blue, one red, and one green — while standing in shallow water. The boy in the foreground, seen from behind, wears gray shorts with “SURF” printed on them. To his left, another boy in patterned swim",0.3343771994113922,0.21807464957237244,51,False,0.0,,64,Qwen/Qwen3-VL-8B-Instruct,clip_siglip_generalization_v1,e311001ae94997b3fb60c8de59aef8b846a8583e,False,0.30367714166641235,0.18552568554878235,0.03070005774497986,0.03254896402359009,True,True
41,21284,21284,results/generalization_100_seed1/samples/images/041_21284.jpg,"[""A group of men in black suits and black hats are standing along a parade route."", ""A group of Hasidic Jews stand amidst a crowd adjacent to a busy city street."", ""Bearded men wearing black gather together outside of a religious service."", ""People in black hats gathered together downtown."", ""Many jewish men in a city.""]",1,test,baseline,Baseline,Write a caption for this image.,"A diverse crowd gathers in a bustling city street, with Orthodox Jewish men in black hats and suits mingling alongside Palestinian flag supporters, symbolizing a moment of cultural and political convergence.",0.32226645946502686,0.23585891723632812,31,False,0.0,,64,Qwen/Qwen3-VL-8B-Instruct,clip_siglip_generalization_v1,5015c34295e1c05c74a3446a5b428ed280da87da,False,0.32226645946502686,0.23585891723632812,0.0,0.0,False,False
41,21284,21284,results/generalization_100_seed1/samples/images/041_21284.jpg,"[""A group of men in black suits and black hats are standing along a parade route."", ""A group of Hasidic Jews stand amidst a crowd adjacent to a busy city street."", ""Bearded men wearing black gather together outside of a religious service."", ""People in black hats gathered together downtown."", ""Many jewish men in a city.""]",1,test,observer_specific_supported,Observer Specific Supported,"Write one specific caption as a careful human observer would: state what is visibly happening, name the important subjects and objects, and include only scene meanings that are clearly supported.","A dense crowd of Orthodox Jewish men, identifiable by their black hats and traditional attire, gathers closely in a city street, seemingly engaged in a protest or demonstration. Behind them, a metal barricade separates the group from the street, where other pedestrians and vehicles are visible. Several Palestinian flags are prominently displayed among the demonstrators,",0.34233611822128296,0.23804470896720886,55,False,0.0,,64,Qwen/Qwen3-VL-8B-Instruct,clip_siglip_generalization_v1,a7c703322604866ba9c69792f27dbd22e547a50c,False,0.32226645946502686,0.23585891723632812,0.020069658756256104,0.0021857917308807373,True,True
42,17741,17741,results/generalization_100_seed1/samples/images/042_17741.jpg,"[""Two people sit on a bench overlooking a vast amount of windows."", ""Two people sitting on a bench in front of a large window."", ""Two people sitting looking at a glass wall."", ""Two people are siting on a black bench."", ""Two women sitting on a bench.""]",1,test,baseline,Baseline,Write a caption for this image.,"Two silhouetted figures sit side by side on a bench, gazing out at a vast, glass-paneled window. The cool blue tones and soft light evoke a quiet, contemplative mood — a moment of shared stillness in a modern, open space.",0.3193768262863159,0.242169588804245,40,False,0.0,,64,Qwen/Qwen3-VL-8B-Instruct,clip_siglip_generalization_v1,3439540a00e1ca6ef83314c91e4801f668f2f223,False,0.3193768262863159,0.242169588804245,0.0,0.0,False,False
42,17741,17741,results/generalization_100_seed1/samples/images/042_17741.jpg,"[""Two people sit on a bench overlooking a vast amount of windows."", ""Two people sitting on a bench in front of a large window."", ""Two people sitting looking at a glass wall."", ""Two people are siting on a black bench."", ""Two women sitting on a bench.""]",1,test,observer_specific_supported,Observer Specific Supported,"Write one specific caption as a careful human observer would: state what is visibly happening, name the important subjects and objects, and include only scene meanings that are clearly supported.","Two people, seen from behind, sit side by side on a long, low bench in a modern, glass-walled space, gazing out at a bright, blurred exterior. The scene is bathed in cool, blue-toned light, emphasizing the reflective surfaces of the floor and the expansive windows. A bag rests",0.3159865140914917,0.21216508746147156,48,False,0.0,,64,Qwen/Qwen3-VL-8B-Instruct,clip_siglip_generalization_v1,85c29471c947979efebcec86a1eebae45bfea5aa,False,0.3193768262863159,0.242169588804245,-0.0033903121948242188,-0.030004501342773438,False,False
43,301,301,results/generalization_100_seed1/samples/images/043_301.jpg,"[""A dark-haired woman in a green and white apron sits amid her outdoor display of flowers for sale on a city street."", ""A woman is sitting by her dried flower display at an outside market."", ""A woman sells flowers and incense at the market."", ""A lady is sitting down tending to her stand."", ""A woman in an apron shopping at a market.""]",1,test,baseline,Baseline,Write a caption for this image.,"A vibrant street vendor in a bustling market, surrounded by towering pampas grass and colorful floral arrangements, smiles as she tends to her lively stall under a canopy of hanging greenery and warm lights.",0.3123200535774231,0.19987483322620392,34,False,0.0,,64,Qwen/Qwen3-VL-8B-Instruct,clip_siglip_generalization_v1,5bfcc3de7061c5536ea2a7943058231838e37263,False,0.3123200535774231,0.19987483322620392,0.0,0.0,False,False
43,301,301,results/generalization_100_seed1/samples/images/043_301.jpg,"[""A dark-haired woman in a green and white apron sits amid her outdoor display of flowers for sale on a city street."", ""A woman is sitting by her dried flower display at an outside market."", ""A woman sells flowers and incense at the market."", ""A lady is sitting down tending to her stand."", ""A woman in an apron shopping at a market.""]",1,test,observer_specific_supported,Observer Specific Supported,"Write one specific caption as a careful human observer would: state what is visibly happening, name the important subjects and objects, and include only scene meanings that are clearly supported.","A woman in a market stall carefully arranges a large bouquet of pampas grass and other dried floral stems, while a man and a woman stand nearby, seemingly browsing the colorful, bustling street market.",0.35169458389282227,0.19549186527729034,34,False,0.0,,64,Qwen/Qwen3-VL-8B-Instruct,clip_siglip_generalization_v1,ccb1d74c303685c3d187102f51e356520353dfc8,False,0.3123200535774231,0.19987483322620392,0.03937453031539917,-0.004382967948913574,True,False
44,30774,30774,results/generalization_100_seed1/samples/images/044_30774.jpg,"[""A little boy underwater in a pool, holding a plastic dinosaur."", ""A little boy swimming underwater with a toy in his hand."", ""A boy is swimming underwater holding a toy in his hand."", ""Child swimming underwater with a toy in his hand."", ""A little boy swims underwater.""]",1,test,baseline,Baseline,Write a caption for this image.,"A child swims underwater, bubbles swirling around as they explore the pool's depths with joyful curiosity.",0.3310607373714447,0.1580582708120346,16,False,0.0,,64,Qwen/Qwen3-VL-8B-Instruct,clip_siglip_generalization_v1,84fa61cc6f7e6262b9f7bbd05d4adc91dae51098,False,0.3310607373714447,0.1580582708120346,0.0,0.0,False,False
44,30774,30774,results/generalization_100_seed1/samples/images/044_30774.jpg,"[""A little boy underwater in a pool, holding a plastic dinosaur."", ""A little boy swimming underwater with a toy in his hand."", ""A boy is swimming underwater holding a toy in his hand."", ""Child swimming underwater with a toy in his hand."", ""A little boy swims underwater.""]",1,test,observer_specific_supported,Observer Specific Supported,"Write one specific caption as a careful human observer would: state what is visibly happening, name the important subjects and objects, and include only scene meanings that are clearly supported.","A young child with light brown hair swims underwater in a pool, arms extended forward, with bubbles rising around them and a dark, possibly toy-like object held in their left hand.",0.3425845801830292,0.199563130736351,31,False,0.0,,64,Qwen/Qwen3-VL-8B-Instruct,clip_siglip_generalization_v1,7ffe97913b3fd7df5e6fef9ff38501600442b469,False,0.3310607373714447,0.1580582708120346,0.011523842811584473,0.041504859924316406,True,True
45,28876,28876,results/generalization_100_seed1/samples/images/045_28876.jpg,"[""A participant in a sporting event has landed on his head while holding the ball on a field of grass."", ""A person doing a face plant while the other watches on a clear, lush field of green grass."", ""A male athlete tackles his head into the ground to protect the ball in play."", ""The rugby player got the ball but he is smashing his head into the ground."", ""Uniformed athletes dive onto a grassy playing field.""]",1,test,baseline,Baseline,Write a caption for this image.,"A rugby player in a blue jersey executes a dramatic flip over the grass, while his opponent in red watches intently from the ground.",0.33337974548339844,0.1585298627614975,24,False,0.0,,64,Qwen/Qwen3-VL-8B-Instruct,clip_siglip_generalization_v1,d65bfbdb68300b009031cec9b5013c9a908fa68b,False,0.33337974548339844,0.1585298627614975,0.0,0.0,False,False
45,28876,28876,results/generalization_100_seed1/samples/images/045_28876.jpg,"[""A participant in a sporting event has landed on his head while holding the ball on a field of grass."", ""A person doing a face plant while the other watches on a clear, lush field of green grass."", ""A male athlete tackles his head into the ground to protect the ball in play."", ""The rugby player got the ball but he is smashing his head into the ground."", ""Uniformed athletes dive onto a grassy playing field.""]",1,test,observer_specific_supported,Observer Specific Supported,"Write one specific caption as a careful human observer would: state what is visibly happening, name the important subjects and objects, and include only scene meanings that are clearly supported.","A football player in a blue and yellow uniform (number 14) is performing a handstand on the grass, his legs kicked high and his head near the turf, while a player in a red uniform (number 23) kneels nearby, observing him. In the background, other players and stadium seating",0.31237539649009705,0.13478098809719086,49,False,0.0,,64,Qwen/Qwen3-VL-8B-Instruct,clip_siglip_generalization_v1,d3bcbc2f0f4df9a2cf887efcff409500174a34de,False,0.33337974548339844,0.1585298627614975,-0.02100434899330139,-0.02374887466430664,False,False
46,12491,12491,results/generalization_100_seed1/samples/images/046_12491.jpg,"[""A person is in the air while riding his bicycle on top of the train on a clear blue sky day."", ""A person is jumping over a train car while on their bicycle."", ""A person on a bicycle moving across the top of a train."", ""A man on a bmx bike jumps over a train"", ""A man jumps train cars with his bike.""]",1,test,baseline,Baseline,Write a caption for this image.,"A daring cyclist soars above a freight train car, executing a gravity-defying stunt against a clear blue sky.",0.35103368759155273,0.21122786402702332,18,False,0.0,,64,Qwen/Qwen3-VL-8B-Instruct,clip_siglip_generalization_v1,1c31d98c706b1bdc7567eb75c6648a64177b606c,False,0.35103368759155273,0.21122786402702332,0.0,0.0,False,False
46,12491,12491,results/generalization_100_seed1/samples/images/046_12491.jpg,"[""A person is in the air while riding his bicycle on top of the train on a clear blue sky day."", ""A person is jumping over a train car while on their bicycle."", ""A person on a bicycle moving across the top of a train."", ""A man on a bmx bike jumps over a train"", ""A man jumps train cars with his bike.""]",1,test,observer_specific_supported,Observer Specific Supported,"Write one specific caption as a careful human observer would: state what is visibly happening, name the important subjects and objects, and include only scene meanings that are clearly supported.","A cyclist in a black shirt and shorts is balancing on a blue bicycle atop the roof of a weathered, graffiti-covered brown freight train car, with a clear blue sky and the fronds of a palm tree visible in the background.",0.3479154109954834,0.191480353474617,41,False,0.0,,64,Qwen/Qwen3-VL-8B-Instruct,clip_siglip_generalization_v1,2af149bbbcb4b78e060b37517eae9c64050c7ccc,False,0.35103368759155273,0.21122786402702332,-0.003118276596069336,-0.01974751055240631,False,False
47,22494,22494,results/generalization_100_seed1/samples/images/047_22494.jpg,"[""A man in an orange shirt and gray pants with white paint on them looks at the camera while standing near an orange ladder and a gray and white brick wall."", ""A house painter in clothes covered in paint pauses to look at the camera."", ""A man in an orange shirt with an orange ladder next to a brick wall."", ""A man in an orange shirt is holding a ladder."", ""A worker grabs a ladder to move it around.""]",1,test,baseline,Baseline,Write a caption for this image.,"A worker in an orange shirt and paint-splattered overalls stands on a wooden walkway, holding a ladder, as he pauses during a renovation project beside a weathered brick chimney and a white brick wall.",0.3611180782318115,0.21570482850074768,34,False,0.0,,64,Qwen/Qwen3-VL-8B-Instruct,clip_siglip_generalization_v1,390e82190ac2d2356c0924e3dc00bd7518c651c9,False,0.3611180782318115,0.21570482850074768,0.0,0.0,False,False
47,22494,22494,results/generalization_100_seed1/samples/images/047_22494.jpg,"[""A man in an orange shirt and gray pants with white paint on them looks at the camera while standing near an orange ladder and a gray and white brick wall."", ""A house painter in clothes covered in paint pauses to look at the camera."", ""A man in an orange shirt with an orange ladder next to a brick wall."", ""A man in an orange shirt is holding a ladder."", ""A worker grabs a ladder to move it around.""]",1,test,observer_specific_supported,Observer Specific Supported,"Write one specific caption as a careful human observer would: state what is visibly happening, name the important subjects and objects, and include only scene meanings that are clearly supported.","A man in an orange shirt and paint-splattered overalls stands on a wooden walkway, holding a tall orange ladder, as he pauses in front of a weathered brick chimney and a white brick wall partially covered in greenery. A bicycle leans against the wooden structure to his left, and a white cloth dr",0.3092304468154907,0.23309528827667236,53,False,0.0,,64,Qwen/Qwen3-VL-8B-Instruct,clip_siglip_generalization_v1,391c41ec26b1363fb4edfe7e52a82e9fb6f91297,False,0.3611180782318115,0.21570482850074768,-0.0518876314163208,0.017390459775924683,False,True
48,7097,7097,results/generalization_100_seed1/samples/images/048_7097.jpg,"[""A little boy in a tan shirt and shorts walking in an area with many gray mesh tables and chairs."", ""A group of people sitting in gray metal chairs with orange umbrellas in the background."", ""A young boy is on a patio crowded with metal tables and chairs and 2 yellow umbrellas."", ""A boy walking through chairs and tables at Au Bon Pain."", ""Lots of people are sitting at tables doing something.""]",1,test,baseline,Baseline,Write a caption for this image.,"A sunny afternoon at a bustling outdoor café, where families gather under bright yellow umbrellas, enjoying coffee and conversation amidst the gentle rustle of tree leaves. A curious child in a beige shirt stands near a metal chair, gazing at the lively scene around him.",0.3124001622200012,0.20674851536750793,45,False,0.0,,64,Qwen/Qwen3-VL-8B-Instruct,clip_siglip_generalization_v1,98a082b7d239a944938cb15d04439acf731bec04,False,0.3124001622200012,0.20674851536750793,0.0,0.0,False,False
48,7097,7097,results/generalization_100_seed1/samples/images/048_7097.jpg,"[""A little boy in a tan shirt and shorts walking in an area with many gray mesh tables and chairs."", ""A group of people sitting in gray metal chairs with orange umbrellas in the background."", ""A young boy is on a patio crowded with metal tables and chairs and 2 yellow umbrellas."", ""A boy walking through chairs and tables at Au Bon Pain."", ""Lots of people are sitting at tables doing something.""]",1,test,observer_specific_supported,Observer Specific Supported,"Write one specific caption as a careful human observer would: state what is visibly happening, name the important subjects and objects, and include only scene meanings that are clearly supported.","A young child in a light-colored shirt stands with their back to the camera, facing a bustling outdoor café patio shaded by large yellow umbrellas. An adult, wearing a dark vest over a white shirt, sits at a metal table nearby, partially turned away. Around them, other patrons are seated at tables, some engaged",0.36037755012512207,0.23836100101470947,54,False,0.0,,64,Qwen/Qwen3-VL-8B-Instruct,clip_siglip_generalization_v1,c6b483c0ab4a064dc6b25e91025100ae22f0af29,False,0.3124001622200012,0.20674851536750793,0.04797738790512085,0.03161248564720154,True,True
49,13831,13831,results/generalization_100_seed1/samples/images/049_13831.jpg,"[""A black and white dog jumps a red and white hurdle on a lawn with other dogs and people."", ""A black and white dog is jumping over a fence in an obstacle course."", ""A black and white dog in midair over a hurdle."", ""A dog jumps over a red and white gate."", ""The dog jumps over an obstacle.""]",1,test,baseline,Baseline,Write a caption for this image.,"A joyful Border Collie leaps gracefully over a red agility hurdle during an outdoor dog competition, showcasing its athleticism and focus under a clear sky.",0.35654640197753906,0.1335475891828537,25,False,0.0,,64,Qwen/Qwen3-VL-8B-Instruct,clip_siglip_generalization_v1,26f4f2f097adeb8d2e6826a74aff8fc24e337d33,False,0.35654640197753906,0.1335475891828537,0.0,0.0,False,False
49,13831,13831,results/generalization_100_seed1/samples/images/049_13831.jpg,"[""A black and white dog jumps a red and white hurdle on a lawn with other dogs and people."", ""A black and white dog is jumping over a fence in an obstacle course."", ""A black and white dog in midair over a hurdle."", ""A dog jumps over a red and white gate."", ""The dog jumps over an obstacle.""]",1,test,observer_specific_supported,Observer Specific Supported,"Write one specific caption as a careful human observer would: state what is visibly happening, name the important subjects and objects, and include only scene meanings that are clearly supported.","A black-and-white Border Collie is captured mid-leap, gracefully clearing a red and white agility hurdle on a grassy field. In the background, a German Shepherd stands near a handler, while spectators, including an older man in a vest, watch the event. The scene suggests a dog agility competition under a clear",0.3519057631492615,0.1584915667772293,51,False,0.0,,64,Qwen/Qwen3-VL-8B-Instruct,clip_siglip_generalization_v1,201a194537885fc5eeb5c039dc0b05ad1140d239,False,0.35654640197753906,0.1335475891828537,-0.004640638828277588,0.02494397759437561,False,True
50,23784,23784,results/generalization_100_seed1/samples/images/050_23784.jpg,"[""A very aged woman wearing blue is standing in front of a pile of things, many in black trash bags."", ""Smiling woman in a blue apron standing in front of a pile of bags and boxes."", ""An elderly hispanic woman wears a blue vest in front of a pile of boxes."", ""A woman wearing a blue vest seems to be in a very messy area."", ""A woman in a blue smock in a blue smock is smiling.""]",1,test,baseline,Baseline,Write a caption for this image.,"A warm smile lights up the face of a woman in a blue vest, standing amidst a backdrop of bags and boxes in what appears to be a community or work setting.",0.3247464597225189,0.21799741685390472,32,False,0.0,,64,Qwen/Qwen3-VL-8B-Instruct,clip_siglip_generalization_v1,9af27cbff4fa419b789d0bb6be06cd3d1ae78ed3,False,0.3247464597225189,0.21799741685390472,0.0,0.0,False,False
50,23784,23784,results/generalization_100_seed1/samples/images/050_23784.jpg,"[""A very aged woman wearing blue is standing in front of a pile of things, many in black trash bags."", ""Smiling woman in a blue apron standing in front of a pile of bags and boxes."", ""An elderly hispanic woman wears a blue vest in front of a pile of boxes."", ""A woman wearing a blue vest seems to be in a very messy area."", ""A woman in a blue smock in a blue smock is smiling.""]",1,test,observer_specific_supported,Observer Specific Supported,"Write one specific caption as a careful human observer would: state what is visibly happening, name the important subjects and objects, and include only scene meanings that are clearly supported.","A smiling woman with dark hair and earrings, wearing a blue vest over a dark top, stands in a cluttered indoor space filled with bags, boxes, and miscellaneous items, suggesting a storage or work area.",0.30045387148857117,0.21603235602378845,35,False,0.0,,64,Qwen/Qwen3-VL-8B-Instruct,clip_siglip_generalization_v1,8685eac3c3ef3753f9898f00acd94afe53a70357,False,0.3247464597225189,0.21799741685390472,-0.024292588233947754,-0.001965060830116272,False,False
51,951,951,results/generalization_100_seed1/samples/images/051_951.jpg,"[""A person wearing a hat and carrying a knapsack walks uphill on a sand dune under a dark, cloudy sky and leaves the only visible footprints behind."", ""A man with a shoulder bag walking in the desert on sand with footprints behind him and the horizon with many stormy clouds."", ""A man walking in the desert wearing a hat, khaki shirt and shorts and very dark sky ahead of him."", ""One man is walking across a desert right into an approaching storm."", ""A man wandering in the desert as the clouds roll in.""]",1,test,baseline,Baseline,Write a caption for this image.,"A lone traveler walks across golden dunes under a brooding, storm-filled sky — solitude and adventure meet beneath the weight of impending weather.",0.3178962767124176,0.20893822610378265,23,False,0.0,,64,Qwen/Qwen3-VL-8B-Instruct,clip_siglip_generalization_v1,e37b1f645d555d0a6f031bd2a4f9e5998b77492e,False,0.3178962767124176,0.20893822610378265,0.0,0.0,False,False
51,951,951,results/generalization_100_seed1/samples/images/051_951.jpg,"[""A person wearing a hat and carrying a knapsack walks uphill on a sand dune under a dark, cloudy sky and leaves the only visible footprints behind."", ""A man with a shoulder bag walking in the desert on sand with footprints behind him and the horizon with many stormy clouds."", ""A man walking in the desert wearing a hat, khaki shirt and shorts and very dark sky ahead of him."", ""One man is walking across a desert right into an approaching storm."", ""A man wandering in the desert as the clouds roll in.""]",1,test,observer_specific_supported,Observer Specific Supported,"Write one specific caption as a careful human observer would: state what is visibly happening, name the important subjects and objects, and include only scene meanings that are clearly supported.","A lone person in a yellow shirt and dark shorts walks away from the camera across a vast, undulating sand dune, leaving a clear trail of footprints behind them. Above, a dramatic, heavy sky filled with dark, brooding clouds looms over the desert landscape, suggesting an approaching storm or recent weather change",0.34996122121810913,0.21470597386360168,52,False,0.0,,64,Qwen/Qwen3-VL-8B-Instruct,clip_siglip_generalization_v1,77e889b47b4bc0b2ba6773bd69c140c860b3fa01,False,0.3178962767124176,0.20893822610378265,0.03206494450569153,0.005767747759819031,True,True
52,17289,17289,results/generalization_100_seed1/samples/images/052_17289.jpg,"[""A man wearing a blue sweatshirt and dark baseball cap is sweeping the floor with others watching."", ""One man is using a mop, while two other men watch from the background."", ""A tall looking man wearing a hat is mopping the floor."", ""Guys cleaning the floor with sweeper."", ""A guy in a sweater cleans the floor.""]",1,test,baseline,Baseline,Write a caption for this image.,"A man in a navy sweatshirt and baseball cap diligently sweeps the hardwood floor with a modern flat mop, while a mirror reflects another person in the background, capturing a candid moment of everyday home maintenance.",0.33406269550323486,0.1573370397090912,36,False,0.0,,64,Qwen/Qwen3-VL-8B-Instruct,clip_siglip_generalization_v1,78d380b943d807cbb32161400e67fa7820789177,False,0.33406269550323486,0.1573370397090912,0.0,0.0,False,False
52,17289,17289,results/generalization_100_seed1/samples/images/052_17289.jpg,"[""A man wearing a blue sweatshirt and dark baseball cap is sweeping the floor with others watching."", ""One man is using a mop, while two other men watch from the background."", ""A tall looking man wearing a hat is mopping the floor."", ""Guys cleaning the floor with sweeper."", ""A guy in a sweater cleans the floor.""]",1,test,observer_specific_supported,Observer Specific Supported,"Write one specific caption as a careful human observer would: state what is visibly happening, name the important subjects and objects, and include only scene meanings that are clearly supported.","A man wearing a dark blue sweatshirt and a black baseball cap is standing in a hallway, holding a flat mop with a black handle and a rectangular metal head, appearing to be in the process of cleaning the light wood floor. Behind him, a mirror reflects another person standing in the adjacent room, partially obscured, wearing",0.3675841689109802,0.18541255593299866,57,False,0.0,,64,Qwen/Qwen3-VL-8B-Instruct,clip_siglip_generalization_v1,5dca9997265e8138245c4a6ec7ffd4be3e23f4c9,False,0.33406269550323486,0.1573370397090912,0.03352147340774536,0.02807551622390747,True,True
53,7264,7264,results/generalization_100_seed1/samples/images/053_7264.jpg,"[""Two ladies and a teenage girl all dressed in summer attire are bending down and laughing, showing a small puppy to a little girl."", ""The little girl in a flower dress is talking to the ladies on the street."", ""A woman teaching a young girl not to be afraid of puppies."", ""Three women and a little girl play with a small puppy."", ""A woman bends down and pets a young girl's dog.""]",1,test,baseline,Baseline,Write a caption for this image.,"A joyful street moment: a woman and a little girl share a sweet interaction with a small dog, surrounded by friends in a lively urban setting.",0.3317038416862488,0.24475045502185822,26,False,0.0,,64,Qwen/Qwen3-VL-8B-Instruct,clip_siglip_generalization_v1,adf544a12382cce38f4a48ec01de278e979bdd7e,False,0.3317038416862488,0.24475045502185822,0.0,0.0,False,False
53,7264,7264,results/generalization_100_seed1/samples/images/053_7264.jpg,"[""Two ladies and a teenage girl all dressed in summer attire are bending down and laughing, showing a small puppy to a little girl."", ""The little girl in a flower dress is talking to the ladies on the street."", ""A woman teaching a young girl not to be afraid of puppies."", ""Three women and a little girl play with a small puppy."", ""A woman bends down and pets a young girl's dog.""]",1,test,observer_specific_supported,Observer Specific Supported,"Write one specific caption as a careful human observer would: state what is visibly happening, name the important subjects and objects, and include only scene meanings that are clearly supported.","A woman in a white tank top and patterned skirt kneels on a paved sidewalk, laughing as she pets a small tan-and-white dog on a leash. Beside her, a young child in a floral dress stands, looking at the dog with curiosity. A second woman, wearing sunglasses and a bracelet, leans forward",0.32231658697128296,0.22174425423145294,52,False,0.0,,64,Qwen/Qwen3-VL-8B-Instruct,clip_siglip_generalization_v1,a1f208dfeb3b5acd261c47788bf72a2affd9acc3,False,0.3317038416862488,0.24475045502185822,-0.00938725471496582,-0.023006200790405273,False,False
54,25024,25024,results/generalization_100_seed1/samples/images/054_25024.jpg,"[""Eleven children sit next to each other on a stoop in front of a blue grating while holding objects in front of their eyes."", ""Smiling children are sitting on concrete slab displaying a small item in their hands."", ""Several young children are sitting outside laughing and looking through objects."", ""Eleven children sitting together, holding something up, and laughing."", ""A group of children sitting together eating donuts.""]",1,test,baseline,Baseline,Write a caption for this image.,"A group of joyful children sits together on a concrete ledge, smiling and posing playfully for the camera in front of a metal-barred storefront.",0.29115381836891174,0.20923344790935516,24,False,0.0,,64,Qwen/Qwen3-VL-8B-Instruct,clip_siglip_generalization_v1,500c1d63e2b2e91fab0f220b856c122002b24d5f,False,0.29115381836891174,0.20923344790935516,0.0,0.0,False,False
54,25024,25024,results/generalization_100_seed1/samples/images/054_25024.jpg,"[""Eleven children sit next to each other on a stoop in front of a blue grating while holding objects in front of their eyes."", ""Smiling children are sitting on concrete slab displaying a small item in their hands."", ""Several young children are sitting outside laughing and looking through objects."", ""Eleven children sitting together, holding something up, and laughing."", ""A group of children sitting together eating donuts.""]",1,test,observer_specific_supported,Observer Specific Supported,"Write one specific caption as a careful human observer would: state what is visibly happening, name the important subjects and objects, and include only scene meanings that are clearly supported.","A group of ten young children, mostly boys with one girl visible on the far left, are sitting together on a concrete ledge in front of a building with a blue metal security gate. They are all looking toward the camera and making playful, exaggerated facial expressions—many are sticking out their tongues or making silly grimaces.",0.3295649290084839,0.21744023263454437,56,False,0.0,,64,Qwen/Qwen3-VL-8B-Instruct,clip_siglip_generalization_v1,37379472c91f59f6bd4ed4d0af493f96f14e9c03,False,0.29115381836891174,0.20923344790935516,0.038411110639572144,0.008206784725189209,True,True
55,14348,14348,results/generalization_100_seed1/samples/images/055_14348.jpg,"[""A baseball player in a red shirt and white pants is swinging the bat towards a yellow ball whilst three people look on."", ""A baseball player recoils from an action involving a bat while opposing team members look on."", ""A woman swings at a softball on a playing field while other players look on."", ""A girl in a red and white uniform is swinging a bat."", ""A girl swings a bat during a softball game.""]",1,test,baseline,Baseline,Write a caption for this image.,"A softball player in a red jersey and helmet swings her bat with power during a game, as teammates and opponents watch from the field.",0.2921561300754547,0.1555035412311554,25,False,0.0,,64,Qwen/Qwen3-VL-8B-Instruct,clip_siglip_generalization_v1,be60d7654ca1c6c5cbcc17b0f329b99f475416f2,False,0.2921561300754547,0.1555035412311554,0.0,0.0,False,False
55,14348,14348,results/generalization_100_seed1/samples/images/055_14348.jpg,"[""A baseball player in a red shirt and white pants is swinging the bat towards a yellow ball whilst three people look on."", ""A baseball player recoils from an action involving a bat while opposing team members look on."", ""A woman swings at a softball on a playing field while other players look on."", ""A girl in a red and white uniform is swinging a bat."", ""A girl swings a bat during a softball game.""]",1,test,observer_specific_supported,Observer Specific Supported,"Write one specific caption as a careful human observer would: state what is visibly happening, name the important subjects and objects, and include only scene meanings that are clearly supported.","A female softball player, wearing a red jersey with the number 10 and a black helmet, is in the middle of swinging a bat at a bright yellow softball. She is positioned at home plate on a dirt field, with her body twisted in the follow-through motion of her swing. Behind her, a large banner",0.2918253540992737,0.16788305342197418,55,False,0.0,,64,Qwen/Qwen3-VL-8B-Instruct,clip_siglip_generalization_v1,2a1440ad1ff42210c43a7b1d5cd7c1e782ebc439,False,0.2921561300754547,0.1555035412311554,-0.0003307759761810303,0.012379512190818787,False,True
56,16246,16246,results/generalization_100_seed1/samples/images/056_16246.jpg,"[""A child is holding a bunch of balloons in front of their face."", ""A child holding balloons that cover their face."", ""A little boy holds many inflated balloons."", ""Child carrying a bouquet of balloons."", ""A young child carrying many balloons.""]",1,test,baseline,Baseline,Write a caption for this image.,"A child in a blue outfit and flip-flops walks down a bustling street, balancing a colorful bundle of festive balloons. The vibrant, cartoon-themed balloons contrast with the everyday urban backdrop, capturing a moment of playful innocence amid daily life.",0.33464404940605164,0.20743206143379211,39,False,0.0,,64,Qwen/Qwen3-VL-8B-Instruct,clip_siglip_generalization_v1,e7152ebd519916f1b8db9deac9707ef409619a7e,False,0.33464404940605164,0.20743206143379211,0.0,0.0,False,False
56,16246,16246,results/generalization_100_seed1/samples/images/056_16246.jpg,"[""A child is holding a bunch of balloons in front of their face."", ""A child holding balloons that cover their face."", ""A little boy holds many inflated balloons."", ""Child carrying a bouquet of balloons."", ""A young child carrying many balloons.""]",1,test,observer_specific_supported,Observer Specific Supported,"Write one specific caption as a careful human observer would: state what is visibly happening, name the important subjects and objects, and include only scene meanings that are clearly supported.","A young child in a blue outfit and flip-flops walks down a dusty street, balancing a large, colorful cluster of festive balloons. The balloons, featuring cartoon characters and bright patterns, are tied together and held close to the child’s body. In the background, motorbikes are parked or moving, and a person",0.3539249300956726,0.21800145506858826,51,True,0.0,,64,Qwen/Qwen3-VL-8B-Instruct,clip_siglip_generalization_v1,315bf608a1d720034d7b61322ea6928dc53f505f,False,0.33464404940605164,0.20743206143379211,0.01928088068962097,0.010569393634796143,True,True
57,18116,18116,results/generalization_100_seed1/samples/images/057_18116.jpg,"[""Overhead shot of a gray-haired man working on a piece of art."", ""A man in a white shirt adds detail to small sculptures."", ""A very old dark-skinned many is picking at bones."", ""An older man carving something out of wood."", ""An old man carves designs into gold.""]",1,test,baseline,Baseline,Write a caption for this image.,"A skilled artisan meticulously crafts intricate gold jewelry by hand, surrounded by tools and raw materials on a worn workshop floor.",0.3280436396598816,0.15384432673454285,21,False,0.0,,64,Qwen/Qwen3-VL-8B-Instruct,clip_siglip_generalization_v1,dd867b741470e3d3f94303b7946b958b003e5442,False,0.3280436396598816,0.15384432673454285,0.0,0.0,False,False
57,18116,18116,results/generalization_100_seed1/samples/images/057_18116.jpg,"[""Overhead shot of a gray-haired man working on a piece of art."", ""A man in a white shirt adds detail to small sculptures."", ""A very old dark-skinned many is picking at bones."", ""An older man carving something out of wood."", ""An old man carves designs into gold.""]",1,test,observer_specific_supported,Observer Specific Supported,"Write one specific caption as a careful human observer would: state what is visibly happening, name the important subjects and objects, and include only scene meanings that are clearly supported.","An elderly artisan with gray hair, wearing a white shirt, is seated on the floor and meticulously engraving or carving a small, ornate metal piece using a tool, while resting it on a round, wooden work surface. Nearby, on a newspaper spread on the ground, lie several other gold-colored metal objects and various",0.3360607326030731,0.17608985304832458,53,False,0.0,,64,Qwen/Qwen3-VL-8B-Instruct,clip_siglip_generalization_v1,4077e4609c35c3889c84fe9ebc850a9e2236c135,False,0.3280436396598816,0.15384432673454285,0.008017092943191528,0.02224552631378174,True,True
58,7637,7637,results/generalization_100_seed1/samples/images/058_7637.jpg,"[""Two men are looking toward the ground while one is wearing gloves and holding a tool."", ""A man with work gloves looking down as another man checks out something on the beach."", ""A historian and his friend digging in the mines to look for more fossils for study."", ""A man in a black shirt is looking down at a man who is bending over."", ""Two men looking to be construction workers work in the sand.""]",1,test,baseline,Baseline,Write a caption for this image.,"Two workers dig through a sandy excavation site, one kneeling and focused on the ground while the other stands nearby, both wearing gloves and ready for labor.",0.33030185103416443,0.19255569577217102,27,False,0.0,,64,Qwen/Qwen3-VL-8B-Instruct,clip_siglip_generalization_v1,36390f34ba03ca97345205ed158acb187081459f,False,0.33030185103416443,0.19255569577217102,0.0,0.0,False,False
58,7637,7637,results/generalization_100_seed1/samples/images/058_7637.jpg,"[""Two men are looking toward the ground while one is wearing gloves and holding a tool."", ""A man with work gloves looking down as another man checks out something on the beach."", ""A historian and his friend digging in the mines to look for more fossils for study."", ""A man in a black shirt is looking down at a man who is bending over."", ""Two men looking to be construction workers work in the sand.""]",1,test,observer_specific_supported,Observer Specific Supported,"Write one specific caption as a careful human observer would: state what is visibly happening, name the important subjects and objects, and include only scene meanings that are clearly supported.","Two men are working in a sandy, excavated area; one stands upright wearing a dark t-shirt, jeans, and white gloves, holding a small tool, while the other, in a light-colored shirt, is bent over, focused on the ground.",0.34977099299430847,0.23795270919799805,38,False,0.0,,64,Qwen/Qwen3-VL-8B-Instruct,clip_siglip_generalization_v1,10a662cde2c2c875a1556c7cb6c598fe8151d892,False,0.33030185103416443,0.19255569577217102,0.019469141960144043,0.045397013425827026,True,True
59,11327,11327,results/generalization_100_seed1/samples/images/059_11327.jpg,"[""An elephant is carrying something in its trunk and is covered by some bright-colored fabric."", ""An elephant draped in red, blue and gold fabric walking on a stone path."", ""An elephant wearing a red and blue scarf walks along the brick road."", ""An elephant wearing a colorful drap carrying foliage in his trunk."", ""An elephant wearing red and blue fabric holds grass in his trunk.""]",1,test,baseline,Baseline,Write a caption for this image.,"A majestic elephant adorned with a vibrant red and blue ceremonial cloth walks gracefully on a sunlit brick path, its trunk gently holding greenery, surrounded by the presence of handlers and other elephants in a traditional setting.",0.3130776584148407,0.16197043657302856,37,False,0.0,,64,Qwen/Qwen3-VL-8B-Instruct,clip_siglip_generalization_v1,16d36c93c7aca178bd2c0b896a75c52889ae8f70,False,0.3130776584148407,0.16197043657302856,0.0,0.0,False,False
59,11327,11327,results/generalization_100_seed1/samples/images/059_11327.jpg,"[""An elephant is carrying something in its trunk and is covered by some bright-colored fabric."", ""An elephant draped in red, blue and gold fabric walking on a stone path."", ""An elephant wearing a red and blue scarf walks along the brick road."", ""An elephant wearing a colorful drap carrying foliage in his trunk."", ""An elephant wearing red and blue fabric holds grass in his trunk.""]",1,test,observer_specific_supported,Observer Specific Supported,"Write one specific caption as a careful human observer would: state what is visibly happening, name the important subjects and objects, and include only scene meanings that are clearly supported.","A decorated elephant, adorned with a colorful red and blue cloth with gold trim, walks forward on a sunlit brick path, its trunk gently holding a bundle of green leaves. Behind it, partially visible, are other elephants and handlers, suggesting a ceremonial or cultural gathering. The scene is set outdoors in warm, golden light",0.3191691040992737,0.15906183421611786,54,False,0.0,,64,Qwen/Qwen3-VL-8B-Instruct,clip_siglip_generalization_v1,2c4b9866e5e4c2867b8fe96557d5f70fa96f8e1b,False,0.3130776584148407,0.16197043657302856,0.006091445684432983,-0.0029086023569107056,True,False
60,7565,7565,results/generalization_100_seed1/samples/images/060_7565.jpg,"[""An infant is crawling on a wood floor, with a water bottle laying nearby."", ""A young baby crawls across the wood floor towards the water bottle."", ""A baby crawls on hardwood floors towards a water bottle."", ""A baby crawls on a wood floor near a bottle of water."", ""A baby on a wood floor with a water bottle""]",1,test,baseline,Baseline,Write a caption for this image.,"A curious baby crawls across a sun-dappled wooden floor, reaching toward a plastic water bottle, bathed in warm, golden light.",0.34385502338409424,0.268446147441864,20,False,0.0,,64,Qwen/Qwen3-VL-8B-Instruct,clip_siglip_generalization_v1,017530ccd53e002a9349dbbf51d1a05b9418be40,False,0.34385502338409424,0.268446147441864,0.0,0.0,False,False
60,7565,7565,results/generalization_100_seed1/samples/images/060_7565.jpg,"[""An infant is crawling on a wood floor, with a water bottle laying nearby."", ""A young baby crawls across the wood floor towards the water bottle."", ""A baby crawls on hardwood floors towards a water bottle."", ""A baby crawls on a wood floor near a bottle of water."", ""A baby on a wood floor with a water bottle""]",1,test,observer_specific_supported,Observer Specific Supported,"Write one specific caption as a careful human observer would: state what is visibly happening, name the important subjects and objects, and include only scene meanings that are clearly supported.","A baby with light hair, wearing a dark one-piece, is crawling on a wooden floor toward a plastic water bottle lying nearby, with sunlight casting distinct shadows across the scene.",0.368093878030777,0.2836640179157257,30,False,0.0,,64,Qwen/Qwen3-VL-8B-Instruct,clip_siglip_generalization_v1,46cc79a339f8cef2802a04186b5287a028c02ddc,False,0.34385502338409424,0.268446147441864,0.02423885464668274,0.015217870473861694,True,True
61,22178,22178,results/generalization_100_seed1/samples/images/061_22178.jpg,"[""A man with gray hair is sitting on a stool reading a newspaper in a market type setting."", ""An elderly outdoor market vegetable vendor sits with his wares and reads a newspaper."", ""A man in a white shirt reads while waiting to sell fruit."", ""A man in reads the newspaper and sells his produce."", ""A man reads his newspaper while selling fruit.""]",1,test,baseline,Baseline,Write a caption for this image.,"A vibrant street scene in front of Café Mysore, where a vendor sits amidst a colorful fruit stall, surrounded by the lively bustle of pedestrians and the warm hues of a bustling Indian marketplace.",0.32089823484420776,0.18858855962753296,34,False,0.0,,64,Qwen/Qwen3-VL-8B-Instruct,clip_siglip_generalization_v1,2165109613a0ff4c0cc26697aab3d9e93c8d01bd,False,0.32089823484420776,0.18858855962753296,0.0,0.0,False,False
61,22178,22178,results/generalization_100_seed1/samples/images/061_22178.jpg,"[""A man with gray hair is sitting on a stool reading a newspaper in a market type setting."", ""An elderly outdoor market vegetable vendor sits with his wares and reads a newspaper."", ""A man in a white shirt reads while waiting to sell fruit."", ""A man in reads the newspaper and sells his produce."", ""A man reads his newspaper while selling fruit.""]",1,test,observer_specific_supported,Observer Specific Supported,"Write one specific caption as a careful human observer would: state what is visibly happening, name the important subjects and objects, and include only scene meanings that are clearly supported.","An elderly man in a light-colored shirt and brown pants sits on a folding stool at a street-side fruit stall, reading a newspaper. In front of him, wooden crates hold piles of red apples, green pears, and purple grapes. Behind him, a woman in a blue sari walks past, carrying a black",0.31191205978393555,0.255581796169281,52,False,0.0,,64,Qwen/Qwen3-VL-8B-Instruct,clip_siglip_generalization_v1,71a70fb33fd85ae62839f67e199d5e7423fe52ad,False,0.32089823484420776,0.18858855962753296,-0.008986175060272217,0.06699323654174805,False,True
62,7169,7169,results/generalization_100_seed1/samples/images/062_7169.jpg,"[""A young man with blond dreadlocks sits on a wall reading a newspaper as a woman and a young girl pass by."", ""A mother and daughter walking on the street, passing a man reading a newspaper."", ""A man with dreadlocks reads a newspaper outdoors."", ""Three people walk outside carrying bags."", ""A woman and child walk with their bags.""]",1,test,baseline,Baseline,Write a caption for this image.,"Through the bars of a railing, a candid street scene unfolds: a young girl with a colorful backpack walks past, while a woman in a hat carries a large red bag. In the background, another person sits on a stone ledge, engrossed in reading a newspaper. The setting appears to be a grand, historic",0.2910429835319519,0.23049768805503845,54,False,0.0,,64,Qwen/Qwen3-VL-8B-Instruct,clip_siglip_generalization_v1,17ab33ee270a3d9d37d86b703fddf0d456f432d1,False,0.2910429835319519,0.23049768805503845,0.0,0.0,False,False
62,7169,7169,results/generalization_100_seed1/samples/images/062_7169.jpg,"[""A young man with blond dreadlocks sits on a wall reading a newspaper as a woman and a young girl pass by."", ""A mother and daughter walking on the street, passing a man reading a newspaper."", ""A man with dreadlocks reads a newspaper outdoors."", ""Three people walk outside carrying bags."", ""A woman and child walk with their bags.""]",1,test,observer_specific_supported,Observer Specific Supported,"Write one specific caption as a careful human observer would: state what is visibly happening, name the important subjects and objects, and include only scene meanings that are clearly supported.","Through a foreground of vertical bars, a young girl with a colorful backpack walks past a woman in a wide-brimmed hat carrying a large red tote bag; nearby, a person with dreadlocks sits on a stone ledge reading a newspaper, all set against the backdrop of a grand, classical-style building with arched windows",0.311832070350647,0.24063563346862793,53,True,0.0,,64,Qwen/Qwen3-VL-8B-Instruct,clip_siglip_generalization_v1,c5d8e7ad499befcef9be58157541cfb08d6c9fee,False,0.2910429835319519,0.23049768805503845,0.02078908681869507,0.010137945413589478,True,True
63,24934,24934,results/generalization_100_seed1/samples/images/063_24934.jpg,"[""A man wearing a striped jacket tentatively looking down onto his hands while walking."", ""A man walks along a cobblestone path, next to a large blue wall."", ""A man walking down a brick path next to a blue wall."", ""A lone man walking along side a blue wall."", ""Solitary man walks past blue wall.""]",1,test,baseline,Baseline,Write a caption for this image.,"A man in a vibrant orange vest walks confidently down a cobblestone street, passing by a striking blue construction wall under a clear sky.",0.3036097288131714,0.18670916557312012,24,False,0.0,,64,Qwen/Qwen3-VL-8B-Instruct,clip_siglip_generalization_v1,2868d7205ba1ff9643719a7149af46298ab53a60,False,0.3036097288131714,0.18670916557312012,0.0,0.0,False,False
63,24934,24934,results/generalization_100_seed1/samples/images/063_24934.jpg,"[""A man wearing a striped jacket tentatively looking down onto his hands while walking."", ""A man walks along a cobblestone path, next to a large blue wall."", ""A man walking down a brick path next to a blue wall."", ""A lone man walking along side a blue wall."", ""Solitary man walks past blue wall.""]",1,test,observer_specific_supported,Observer Specific Supported,"Write one specific caption as a careful human observer would: state what is visibly happening, name the important subjects and objects, and include only scene meanings that are clearly supported.","A man in a blue and orange shirt and jeans walks across a cobblestone street, looking down at his phone, while passing in front of a large blue construction wall with a brick building visible above it.",0.3369426429271698,0.25115856528282166,37,False,0.0,,64,Qwen/Qwen3-VL-8B-Instruct,clip_siglip_generalization_v1,9348bc5727df7947dc7dd3c7b921732dd727abb9,False,0.3036097288131714,0.18670916557312012,0.03333291411399841,0.06444939970970154,True,True
64,15060,15060,results/generalization_100_seed1/samples/images/064_15060.jpg,"[""A man in black with a helmet is water rafting in a green canoe."", ""A kayaker in a green boat paddles through the rapids."", ""One man in a green kayak paddling through the water."", ""This man is kayaking in whitewater."", ""A kayaker gets wet in the rapids.""]",1,test,baseline,Baseline,Write a caption for this image.,"A kayaker navigates turbulent whitewater rapids, gripping a paddle with focus and determination as waves crash around a vibrant green kayak.",0.31529438495635986,0.1556507647037506,21,False,0.0,,64,Qwen/Qwen3-VL-8B-Instruct,clip_siglip_generalization_v1,a7390cef16c413176e9f9124d057e5fd4bdec097,False,0.31529438495635986,0.1556507647037506,0.0,0.0,False,False
64,15060,15060,results/generalization_100_seed1/samples/images/064_15060.jpg,"[""A man in black with a helmet is water rafting in a green canoe."", ""A kayaker in a green boat paddles through the rapids."", ""One man in a green kayak paddling through the water."", ""This man is kayaking in whitewater."", ""A kayaker gets wet in the rapids.""]",1,test,observer_specific_supported,Observer Specific Supported,"Write one specific caption as a careful human observer would: state what is visibly happening, name the important subjects and objects, and include only scene meanings that are clearly supported.","A kayaker in a bright green kayak navigates turbulent whitewater rapids, gripping a paddle with both hands as they maneuver through the churning, foamy water against a backdrop of wet, mossy rocks.",0.3270424008369446,0.1558717042207718,32,False,0.0,,64,Qwen/Qwen3-VL-8B-Instruct,clip_siglip_generalization_v1,698ad1ae77301ac077e545bb3cb1d9c8e9efdb3e,False,0.31529438495635986,0.1556507647037506,0.011748015880584717,0.0002209395170211792,True,True
65,9495,9495,results/generalization_100_seed1/samples/images/065_9495.jpg,"[""A woman with a yellow \""Miller\"" bag has her hand on a seated man, while another woman with the same type yellow \""Miller\"" bag is standing close to them."", ""A man and two women talk while looking at his reflection in the mirror."", ""A woman with a yellow shoulder bag gives a man a massage."", ""Two girls with yellow bags hanging out at a bar."", ""A bar with 2 girls and a man sitting on a table""]",1,test,baseline,Baseline,Write a caption for this image.,"“Late-night bar scene: Two women in matching yellow delivery bags chat and mingle, while a man in a jacket leans in, perhaps sharing a joke or a drink — a snapshot of urban nightlife and camaraderie.”",0.2899833023548126,0.20115727186203003,36,False,0.0,,64,Qwen/Qwen3-VL-8B-Instruct,clip_siglip_generalization_v1,875a4c2b7b6e8403f2bb49cdb7a1e8109bc8b271,False,0.2899833023548126,0.20115727186203003,0.0,0.0,False,False
65,9495,9495,results/generalization_100_seed1/samples/images/065_9495.jpg,"[""A woman with a yellow \""Miller\"" bag has her hand on a seated man, while another woman with the same type yellow \""Miller\"" bag is standing close to them."", ""A man and two women talk while looking at his reflection in the mirror."", ""A woman with a yellow shoulder bag gives a man a massage."", ""Two girls with yellow bags hanging out at a bar."", ""A bar with 2 girls and a man sitting on a table""]",1,test,observer_specific_supported,Observer Specific Supported,"Write one specific caption as a careful human observer would: state what is visibly happening, name the important subjects and objects, and include only scene meanings that are clearly supported.","In a dimly lit, wallpapered bar or lounge, a young woman in a light-colored shirt and dark skirt carries a bright yellow and black insulated bag over her shoulder, standing near a group of people. One man, partially turned away, holds a phone to his ear while another person beside him leans forward, seemingly",0.28640443086624146,0.22054752707481384,54,False,0.0,,64,Qwen/Qwen3-VL-8B-Instruct,clip_siglip_generalization_v1,401c6b4a3d0a605bc68ea570afae7c796fe862a9,False,0.2899833023548126,0.20115727186203003,-0.003578871488571167,0.019390255212783813,False,True
66,30359,30359,results/generalization_100_seed1/samples/images/066_30359.jpg,"[""A soccer game with 5 guys in the picture but three of them are about to commence in a three way kick."", ""A group of soccer teammates are fighting over the soccer ball while in a stadium full of supporters."", ""Five young men, three in yellow, one in red and one in white are playing soccer."", ""A soccer player is attempting to score a goal."", ""Guys are play soccer on the field.""]",1,test,baseline,Baseline,Write a caption for this image.,"A dramatic moment in a football match as a goalkeeper dives to his left, attempting to save a high ball, while players from both teams leap and jostle for position in a chaotic scramble near the goal.",0.29223349690437317,0.15381330251693726,37,False,0.0,,64,Qwen/Qwen3-VL-8B-Instruct,clip_siglip_generalization_v1,d63e7254d1aeb9fcacae5158b6ba47cf4aec332c,False,0.29223349690437317,0.15381330251693726,0.0,0.0,False,False
66,30359,30359,results/generalization_100_seed1/samples/images/066_30359.jpg,"[""A soccer game with 5 guys in the picture but three of them are about to commence in a three way kick."", ""A group of soccer teammates are fighting over the soccer ball while in a stadium full of supporters."", ""Five young men, three in yellow, one in red and one in white are playing soccer."", ""A soccer player is attempting to score a goal."", ""Guys are play soccer on the field.""]",1,test,observer_specific_supported,Observer Specific Supported,"Write one specific caption as a careful human observer would: state what is visibly happening, name the important subjects and objects, and include only scene meanings that are clearly supported.","In a tense moment during a soccer match, a goalkeeper in a red jersey dives to his left, arms outstretched, attempting to save a ball that is suspended in mid-air. Several players are clustered around the goal area: a central player in a white jersey with the number 2 is airborne, seemingly having just",0.28835296630859375,0.14206627011299133,54,False,0.0,,64,Qwen/Qwen3-VL-8B-Instruct,clip_siglip_generalization_v1,49e81afed869de740a032544fdf50950aac2bd83,False,0.29223349690437317,0.15381330251693726,-0.003880530595779419,-0.011747032403945923,False,False
67,704,704,results/generalization_100_seed1/samples/images/067_704.jpg,"[""Two men, one looking at a screen with a drum next to him, while the other is a man dressed in a white shirt is talking into a microphone."", ""A man in a white shirt sings into a microphone as he reads the words on a screen, while a balding man plays the drums."", ""Two guys looking at the screen of a tv while one sings, (presumably ) and the other plays a set of big wooden drums."", ""One man is playing the drums while another is singing Karaoke."", ""Two men in a club playing bongos and singing karaoke.""]",1,test,baseline,Baseline,Write a caption for this image.,"A man sings into a microphone in a cozy, red-walled karaoke room, while another man sits beside him, smiling and watching. A TV screen in the background displays a motivational quote: “The best thing about being a musician is the freedom to be a little bit crazy.”",0.2768765687942505,0.16001321375370026,47,False,0.0,,64,Qwen/Qwen3-VL-8B-Instruct,clip_siglip_generalization_v1,626eac4addd6220f3c94fa145cbee5c1da2fd153,False,0.2768765687942505,0.16001321375370026,0.0,0.0,False,False
67,704,704,results/generalization_100_seed1/samples/images/067_704.jpg,"[""Two men, one looking at a screen with a drum next to him, while the other is a man dressed in a white shirt is talking into a microphone."", ""A man in a white shirt sings into a microphone as he reads the words on a screen, while a balding man plays the drums."", ""Two guys looking at the screen of a tv while one sings, (presumably ) and the other plays a set of big wooden drums."", ""One man is playing the drums while another is singing Karaoke."", ""Two men in a club playing bongos and singing karaoke.""]",1,test,observer_specific_supported,Observer Specific Supported,"Write one specific caption as a careful human observer would: state what is visibly happening, name the important subjects and objects, and include only scene meanings that are clearly supported.","In a dimly lit, red-walled karaoke room, a man in a white button-down shirt stands holding a microphone, actively singing. Seated beside him, another man in a dark sweater watches with a slight smile, his hands resting on a large, dark drum. A small TV screen mounted on the wall",0.24372164905071259,0.2184097319841385,50,False,0.0,,64,Qwen/Qwen3-VL-8B-Instruct,clip_siglip_generalization_v1,c79f1f2c17caf60928798cb2041395a33c7cf171,False,0.2768765687942505,0.16001321375370026,-0.0331549197435379,0.05839651823043823,False,True
68,13637,13637,results/generalization_100_seed1/samples/images/068_13637.jpg,"[""Person with a blue and black suit is surfing."", ""A surfer is being splashed by an ocean wave."", ""A man in a blue wetsuit surfs."", ""A surfer in blue rides a wave."", ""A surfer makes a big splash.""]",1,test,baseline,Baseline,Write a caption for this image.,"A surfer in a blue wetsuit rides a wave with dynamic energy, carving through the water as a spray of droplets arcs dramatically behind them.",0.3032563030719757,0.16820620000362396,25,False,0.0,,64,Qwen/Qwen3-VL-8B-Instruct,clip_siglip_generalization_v1,27903f48a88b10b73916fa1988a819120ebf3232,False,0.3032563030719757,0.16820620000362396,0.0,0.0,False,False
68,13637,13637,results/generalization_100_seed1/samples/images/068_13637.jpg,"[""Person with a blue and black suit is surfing."", ""A surfer is being splashed by an ocean wave."", ""A man in a blue wetsuit surfs."", ""A surfer in blue rides a wave."", ""A surfer makes a big splash.""]",1,test,observer_specific_supported,Observer Specific Supported,"Write one specific caption as a careful human observer would: state what is visibly happening, name the important subjects and objects, and include only scene meanings that are clearly supported.","A surfer in a blue wetsuit crouches low on a white surfboard, skillfully riding a breaking wave as a spray of water arcs dramatically behind them, capturing the dynamic motion of the ocean under bright sunlight.",0.30312854051589966,0.1451035887002945,36,False,0.0,,64,Qwen/Qwen3-VL-8B-Instruct,clip_siglip_generalization_v1,e73e845c3910b9022f735d0a2587f6854f8ac150,False,0.3032563030719757,0.16820620000362396,-0.0001277625560760498,-0.023102611303329468,False,False
69,27445,27445,results/generalization_100_seed1/samples/images/069_27445.jpg,"[""Two workers are wearing orange shirts and orange hard hats one of them feeds a tree into a wood-chipper machine while the other fumbles with his headgear."", ""Two construction workers, one of which is putting a tree into a big machine."", ""Two workers are feeding cut branches into a mulching machine."", ""Walking and talking and turning trees to mulch."", ""Two workers cutting down trees.""]",1,test,baseline,Baseline,Write a caption for this image.,"Two workers in orange safety gear operate a yellow chipper, processing tree branches into mulch for a dump truck, with a suburban neighborhood in the background.",0.34297481179237366,0.1933584064245224,26,False,0.0,,64,Qwen/Qwen3-VL-8B-Instruct,clip_siglip_generalization_v1,a51446a66e8ce2dd7021e6e35c4c0b8583828f83,False,0.34297481179237366,0.1933584064245224,0.0,0.0,False,False
69,27445,27445,results/generalization_100_seed1/samples/images/069_27445.jpg,"[""Two workers are wearing orange shirts and orange hard hats one of them feeds a tree into a wood-chipper machine while the other fumbles with his headgear."", ""Two construction workers, one of which is putting a tree into a big machine."", ""Two workers are feeding cut branches into a mulching machine."", ""Walking and talking and turning trees to mulch."", ""Two workers cutting down trees.""]",1,test,observer_specific_supported,Observer Specific Supported,"Write one specific caption as a careful human observer would: state what is visibly happening, name the important subjects and objects, and include only scene meanings that are clearly supported.","Two workers in orange safety vests and hard hats are operating a yellow HOMMEL wood chipper, actively processing green tree branches into mulch. One worker stands near the chipper’s intake, guiding the branches, while the other is positioned at the rear, managing the output chute. The chipper is attached to",0.33055099844932556,0.19335956871509552,50,False,0.0,,64,Qwen/Qwen3-VL-8B-Instruct,clip_siglip_generalization_v1,bf3d9db6fb89ee0e0a3479acfec869bb7b78ee67,False,0.34297481179237366,0.1933584064245224,-0.012423813343048096,1.1622905731201172e-06,False,True
70,30024,30024,results/generalization_100_seed1/samples/images/070_30024.jpg,"[""Several men are sitting around a dinner table having separate conversations."", ""A group of men are sitting at a table talking."", ""A man with gray hair is sitting at a table."", ""Four men are at a dining table."", ""Four men sitting at a table.""]",1,test,baseline,Baseline,Write a caption for this image.,"A group of men engaged in conversation at a formal dinner table, with wine glasses and bottles on the table, suggesting a business or celebratory gathering.",0.30247148871421814,0.18421533703804016,26,False,0.0,,64,Qwen/Qwen3-VL-8B-Instruct,clip_siglip_generalization_v1,7336689608f9d4e8a5309cc7d276f5fe3033086c,False,0.30247148871421814,0.18421533703804016,0.0,0.0,False,False
70,30024,30024,results/generalization_100_seed1/samples/images/070_30024.jpg,"[""Several men are sitting around a dinner table having separate conversations."", ""A group of men are sitting at a table talking."", ""A man with gray hair is sitting at a table."", ""Four men are at a dining table."", ""Four men sitting at a table.""]",1,test,observer_specific_supported,Observer Specific Supported,"Write one specific caption as a careful human observer would: state what is visibly happening, name the important subjects and objects, and include only scene meanings that are clearly supported.","At a dimly lit indoor gathering, three men are seated around a table covered with a white cloth, engaged in conversation. The man in the foreground, with gray hair and wearing a patterned jacket over a collared shirt with a lanyard, is gesturing with his right hand while looking toward his right.",0.2788657248020172,0.17900916934013367,52,False,0.0,,64,Qwen/Qwen3-VL-8B-Instruct,clip_siglip_generalization_v1,2f2e967341a7d8ebb1d2e94c620843a5c636c07b,False,0.30247148871421814,0.18421533703804016,-0.023605763912200928,-0.005206167697906494,False,False
71,18233,18233,results/generalization_100_seed1/samples/images/071_18233.jpg,"[""Here is a picture of Asian dancers performing a new dance in front of their class and teacher."", ""Young girl balances on a reclined man's legs as part of a performance in front of an audience"", ""A man in black lies on his back while a little girl stands on his feet."", ""Circus actors play with a child while other children watch."", ""Children watch while an acrobatic team performs stunts.""]",1,test,baseline,Baseline,Write a caption for this image.,"A dazzling circus performance unfolds as a trapeze artist balances gracefully on a performer’s shoulders, while a young girl in a tutu leaps mid-air beneath a glowing red lantern. The vibrant red and blue stage, surrounded by an enthralled audience, captures the magic and energy of a live circus show.",0.2508756220340729,0.15780988335609436,50,False,0.0,,64,Qwen/Qwen3-VL-8B-Instruct,clip_siglip_generalization_v1,1d7a6f78bacdaf7f3854c9a5ea630844c041a9c3,False,0.2508756220340729,0.15780988335609436,0.0,0.0,False,False
71,18233,18233,results/generalization_100_seed1/samples/images/071_18233.jpg,"[""Here is a picture of Asian dancers performing a new dance in front of their class and teacher."", ""Young girl balances on a reclined man's legs as part of a performance in front of an audience"", ""A man in black lies on his back while a little girl stands on his feet."", ""Circus actors play with a child while other children watch."", ""Children watch while an acrobatic team performs stunts.""]",1,test,observer_specific_supported,Observer Specific Supported,"Write one specific caption as a careful human observer would: state what is visibly happening, name the important subjects and objects, and include only scene meanings that are clearly supported.","A circus performer in a black outfit is lying on his back on a red mat, balancing a young girl in a white dress on his feet; another performer in a red top and black skirt stands nearby on a blue mat, while a large red lantern hangs overhead, and a small crowd watches from below.",0.3399825990200043,0.26028600335121155,56,False,0.0,,64,Qwen/Qwen3-VL-8B-Instruct,clip_siglip_generalization_v1,ad06d5803adce2f5afd564ae5259bb2ab0b8f0be,False,0.2508756220340729,0.15780988335609436,0.0891069769859314,0.10247611999511719,True,True
72,30218,30218,results/generalization_100_seed1/samples/images/072_30218.jpg,"[""An older, bearded man play a small metal whistle while holding an oboe in his arm on a city street in font of a store window."", ""A bearded man, dressed in jeans and a jacket, is preparing to play a flute instrument on the sidewalk."", ""A man in a gray sweater and blue jeans, playing a flute along a street."", ""An old bearded man plays a hand flute on the side of a sidewalk."", ""An old man playing a musical instrument at a city sidewalk.""]",1,test,baseline,Baseline,Write a caption for this image.,"A street musician with a long white beard plays a flute on a city sidewalk, surrounded by passersby and storefronts.",0.35409533977508545,0.2226061075925827,20,False,0.0,,64,Qwen/Qwen3-VL-8B-Instruct,clip_siglip_generalization_v1,08498706d62c8cc2454e0536713ddff490f00592,False,0.35409533977508545,0.2226061075925827,0.0,0.0,False,False
72,30218,30218,results/generalization_100_seed1/samples/images/072_30218.jpg,"[""An older, bearded man play a small metal whistle while holding an oboe in his arm on a city street in font of a store window."", ""A bearded man, dressed in jeans and a jacket, is preparing to play a flute instrument on the sidewalk."", ""A man in a gray sweater and blue jeans, playing a flute along a street."", ""An old bearded man plays a hand flute on the side of a sidewalk."", ""An old man playing a musical instrument at a city sidewalk.""]",1,test,observer_specific_supported,Observer Specific Supported,"Write one specific caption as a careful human observer would: state what is visibly happening, name the important subjects and objects, and include only scene meanings that are clearly supported.","An older man with long white hair and a beard stands on a city sidewalk, playing a wooden flute. He wears a dark jacket, blue jeans, and brown shoes, and leans slightly forward as he performs. Beside him rests a black folding stool and a small black case, likely for his instrument. The scene is",0.3166658580303192,0.263241171836853,55,False,0.0,,64,Qwen/Qwen3-VL-8B-Instruct,clip_siglip_generalization_v1,64dd225cfaec729977ccbbaa00b07d04b7995a79,False,0.35409533977508545,0.2226061075925827,-0.037429481744766235,0.040635064244270325,False,True
73,21046,21046,results/generalization_100_seed1/samples/images/073_21046.jpg,"[""A man and a woman are seated, holding reading materials, while he looks into the camera and she looks down into her partly rolled-up magazine."", ""A young man and woman sit beside each other on the subway train."", ""A man and a woman are reading while riding the subway."", ""A man and woman riding on a subway car."", ""Several people sit on the subway.""]",1,test,baseline,Baseline,Write a caption for this image.,"Two passengers sit side by side on a train, each absorbed in their own world — one man in a suit reads a document, while a woman in a yellow hoodie focuses intently on her phone. The muted, green-tinted lighting adds a quiet, contemplative mood to their commute.",0.32247138023376465,0.2052612602710724,48,False,0.0,,64,Qwen/Qwen3-VL-8B-Instruct,clip_siglip_generalization_v1,9af1d2ee6bb3dbea6cd07f51a65ce40b1425bd0d,False,0.32247138023376465,0.2052612602710724,0.0,0.0,False,False
73,21046,21046,results/generalization_100_seed1/samples/images/073_21046.jpg,"[""A man and a woman are seated, holding reading materials, while he looks into the camera and she looks down into her partly rolled-up magazine."", ""A young man and woman sit beside each other on the subway train."", ""A man and a woman are reading while riding the subway."", ""A man and woman riding on a subway car."", ""Several people sit on the subway.""]",1,test,observer_specific_supported,Observer Specific Supported,"Write one specific caption as a careful human observer would: state what is visibly happening, name the important subjects and objects, and include only scene meanings that are clearly supported.","A man in a dark blazer and light green shirt sits beside a woman in a yellow hoodie, both holding papers and appearing absorbed in their own tasks; the woman, with her hair pulled back and a black nail polish accent, is intently reading a cylindrical object, possibly a magazine or booklet, while the man looks",0.3178139328956604,0.21069933474063873,56,False,0.0,,64,Qwen/Qwen3-VL-8B-Instruct,clip_siglip_generalization_v1,586732b5bc33dafbe50fdc0f7ee940e0eda3c23b,False,0.32247138023376465,0.2052612602710724,-0.004657447338104248,0.005438074469566345,False,True
74,3276,3276,results/generalization_100_seed1/samples/images/074_3276.jpg,"[""A group of nicely dressed people sitting at a long table with several bottles of wine on it."", ""People are sitting at long dining tables in a tent at some formal event."", ""A long dinner table with rows of people talking waiting for their food."", ""Many people sit at a long dinner table at a formal event."", ""Banquet attendees are waiting for the meal to be served.""]",1,test,baseline,Baseline,Write a caption for this image.,"Guests enjoy a formal dinner under a white tent, seated at long tables adorned with wine bottles, glasses, and floral centerpieces.",0.2912108898162842,0.15221454203128815,21,False,0.0,,64,Qwen/Qwen3-VL-8B-Instruct,clip_siglip_generalization_v1,7640948564bde4f51b2c68e6ca0e1265164f42a2,False,0.2912108898162842,0.15221454203128815,0.0,0.0,False,False
74,3276,3276,results/generalization_100_seed1/samples/images/074_3276.jpg,"[""A group of nicely dressed people sitting at a long table with several bottles of wine on it."", ""People are sitting at long dining tables in a tent at some formal event."", ""A long dinner table with rows of people talking waiting for their food."", ""Many people sit at a long dinner table at a formal event."", ""Banquet attendees are waiting for the meal to be served.""]",1,test,observer_specific_supported,Observer Specific Supported,"Write one specific caption as a careful human observer would: state what is visibly happening, name the important subjects and objects, and include only scene meanings that are clearly supported.","Inside a large, white-draped tent, guests are seated at a long banquet table, engaged in a formal dinner. In the foreground, a man in a suit and glasses looks toward the camera, while beside him, a woman in a pink top smiles. The table is set with plates, glasses, and bottles",0.346378892660141,0.1678384691476822,51,False,0.0,,64,Qwen/Qwen3-VL-8B-Instruct,clip_siglip_generalization_v1,b0aacf667929311c1b02d12413c38e95a84716e0,False,0.2912108898162842,0.15221454203128815,0.05516800284385681,0.015623927116394043,True,True
75,6091,6091,results/generalization_100_seed1/samples/images/075_6091.jpg,"[""A little girl is sitting on the counter dangling one foot in the sink whilst holding a dish jet washer."", ""A young girl wearing red sunglasses sits near a sink and holds the faucet."", ""A little girl wearing sunglasses puts her feet into the kitchen sink."", ""A young, barefoot girl in red sunglasses plays in a sink."", ""A little girl plays with a faucet.""]",1,test,baseline,Baseline,Write a caption for this image.,"A cheerful child in a pink shirt and blue cap playfully turns on the kitchen faucet, letting water cascade down as they sit barefoot on the counter, wearing fun red sunglasses.",0.38497233390808105,0.2431812435388565,31,False,0.0,,64,Qwen/Qwen3-VL-8B-Instruct,clip_siglip_generalization_v1,857097722e5c8e784df123ec942eeccb4b523ec2,False,0.38497233390808105,0.2431812435388565,0.0,0.0,False,False
75,6091,6091,results/generalization_100_seed1/samples/images/075_6091.jpg,"[""A little girl is sitting on the counter dangling one foot in the sink whilst holding a dish jet washer."", ""A young girl wearing red sunglasses sits near a sink and holds the faucet."", ""A little girl wearing sunglasses puts her feet into the kitchen sink."", ""A young, barefoot girl in red sunglasses plays in a sink."", ""A little girl plays with a faucet.""]",1,test,observer_specific_supported,Observer Specific Supported,"Write one specific caption as a careful human observer would: state what is visibly happening, name the important subjects and objects, and include only scene meanings that are clearly supported.","A young child, wearing a pink shirt, blue jeans with yellow heart patches, a blue cap, and red-framed sunglasses, sits barefoot on a kitchen counter and playfully holds a flexible kitchen faucet, letting a stream of water flow down into the sink. Behind them, wooden cabinets with glassware and mugs",0.2978683412075043,0.25176358222961426,50,False,0.0,,64,Qwen/Qwen3-VL-8B-Instruct,clip_siglip_generalization_v1,0a7d7e2c1082bb41f2cf0f1f58b0fe67a116c1e7,False,0.38497233390808105,0.2431812435388565,-0.08710399270057678,0.008582338690757751,False,True
76,20622,20622,results/generalization_100_seed1/samples/images/076_20622.jpg,"[""A worker with a white hard-hat is at the bottom landing of an exterior fire escape and is struggling to work with the edge of a large yellow sign."", ""A man with a white hard hat with a black logo in the front of the hat holding part of a sign with numbers on it, while standing on a balcony."", ""A man in a white baseball hat takes down a banner hanging from a fire escape."", ""A man taking down a banner from the fire escape of a building."", ""A man putting up a banner from the fire escape.""]",1,test,baseline,Baseline,Write a caption for this image.,"A worker climbs a fire escape on a red brick building under an overcast sky, with a yellow flag fluttering below and a ""SALCHIPS"" sign visible at street level.",0.33075886964797974,0.21447467803955078,29,False,0.0,,64,Qwen/Qwen3-VL-8B-Instruct,clip_siglip_generalization_v1,b61e1d0456319b0673885a670e03e81a13611ca3,False,0.33075886964797974,0.21447467803955078,0.0,0.0,False,False
76,20622,20622,results/generalization_100_seed1/samples/images/076_20622.jpg,"[""A worker with a white hard-hat is at the bottom landing of an exterior fire escape and is struggling to work with the edge of a large yellow sign."", ""A man with a white hard hat with a black logo in the front of the hat holding part of a sign with numbers on it, while standing on a balcony."", ""A man in a white baseball hat takes down a banner hanging from a fire escape."", ""A man taking down a banner from the fire escape of a building."", ""A man putting up a banner from the fire escape.""]",1,test,observer_specific_supported,Observer Specific Supported,"Write one specific caption as a careful human observer would: state what is visibly happening, name the important subjects and objects, and include only scene meanings that are clearly supported.","A person in a white cap and gray jacket is climbing a black metal fire escape attached to a red brick building, with a yellow and red flag hanging from the railing. Below, a red awning with the word “CHIPS” in white letters is visible, suggesting a nearby food establishment. The scene is set under",0.34311020374298096,0.19765043258666992,55,True,0.0,,64,Qwen/Qwen3-VL-8B-Instruct,clip_siglip_generalization_v1,c7e6f432032ed597b9858e8b656a7206fbea4030,False,0.33075886964797974,0.21447467803955078,0.01235133409500122,-0.01682424545288086,True,False
77,23712,23712,results/generalization_100_seed1/samples/images/077_23712.jpg,"[""A man in a red shirt plays the violin on stage."", ""A man with long wavy hair, playing the violin."", ""A man eagerly playing the violin on stage."", ""A man with long wavy hair plays to violin."", ""A man plays the violin on stage.""]",1,test,baseline,Baseline,Write a caption for this image.,"A passionate musician with curly hair plays the violin on stage, bathed in dramatic red lighting, fully immersed in his performance.",0.29046377539634705,0.15462994575500488,21,False,0.0,,64,Qwen/Qwen3-VL-8B-Instruct,clip_siglip_generalization_v1,ce7857866bbdf00d74447ae4a53fd09243b12c46,False,0.29046377539634705,0.15462994575500488,0.0,0.0,False,False
77,23712,23712,results/generalization_100_seed1/samples/images/077_23712.jpg,"[""A man in a red shirt plays the violin on stage."", ""A man with long wavy hair, playing the violin."", ""A man eagerly playing the violin on stage."", ""A man with long wavy hair plays to violin."", ""A man plays the violin on stage.""]",1,test,observer_specific_supported,Observer Specific Supported,"Write one specific caption as a careful human observer would: state what is visibly happening, name the important subjects and objects, and include only scene meanings that are clearly supported.","A man with curly hair and a beard, wearing a maroon button-up shirt and jeans, is playing a violin on a dimly lit stage. He holds the instrument under his chin and draws the bow across the strings, his gaze directed toward the audience. Behind him, a metal truss structure with yellow-and-black",0.31438398361206055,0.22720442712306976,52,False,0.0,,64,Qwen/Qwen3-VL-8B-Instruct,clip_siglip_generalization_v1,12db4031464c6a68dfed85276dde8a65410fd781,False,0.29046377539634705,0.15462994575500488,0.0239202082157135,0.07257448136806488,True,True
78,28178,28178,results/generalization_100_seed1/samples/images/078_28178.jpg,"[""A man in a black sweater with a red undershirt playing a trumpet in front of a lighted Christmas tree."", ""The man playing a trumpet in front of a christmas tree looks intense."", ""A man in a black sweater and red shirt plays the trumpet by a tree."", ""A guy with a beard wearing his glasses is blowing on a trumpet."", ""A musician playing some smooth music.""]",1,test,baseline,Baseline,Write a caption for this image.,"A musician with glasses and a beard plays a trumpet under the warm glow of Christmas lights, surrounded by festive greenery and holiday ornaments.",0.3877251446247101,0.22467637062072754,24,False,0.0,,64,Qwen/Qwen3-VL-8B-Instruct,clip_siglip_generalization_v1,651358dad9b8c05f5e9af6d7dca702ba9f9ff63e,False,0.3877251446247101,0.22467637062072754,0.0,0.0,False,False
78,28178,28178,results/generalization_100_seed1/samples/images/078_28178.jpg,"[""A man in a black sweater with a red undershirt playing a trumpet in front of a lighted Christmas tree."", ""The man playing a trumpet in front of a christmas tree looks intense."", ""A man in a black sweater and red shirt plays the trumpet by a tree."", ""A guy with a beard wearing his glasses is blowing on a trumpet."", ""A musician playing some smooth music.""]",1,test,observer_specific_supported,Observer Specific Supported,"Write one specific caption as a careful human observer would: state what is visibly happening, name the important subjects and objects, and include only scene meanings that are clearly supported.","A man with glasses and a beard, wearing a dark suit with a red shirt collar, is playing a brass trumpet under the warm glow of string lights draped over a dark evergreen tree. He holds the instrument with both hands, his fingers positioned on the valves, and his gaze is focused forward as he performs. A",0.37719613313674927,0.23471027612686157,57,False,0.0,,64,Qwen/Qwen3-VL-8B-Instruct,clip_siglip_generalization_v1,6be3ca8d6cd76b0b9036ddd6675739cc90a868fc,False,0.3877251446247101,0.22467637062072754,-0.010529011487960815,0.010033905506134033,False,True
79,9712,9712,results/generalization_100_seed1/samples/images/079_9712.jpg,"[""A man is doing tricks with a bicycle at a skate park."", ""Man on bicycle is doing tricks in an old building."", ""A young man does tricks with his bike on a course."", ""A BMX biker performing a wall-ride on a ramp."", ""A bmx rider rides the ramp.""]",1,test,baseline,Baseline,Write a caption for this image.,"A skateboarder mid-air, executing a daring trick on a graffiti-covered ramp inside a dimly lit indoor skatepark, casting a dramatic shadow on the textured walls.",0.3437160849571228,0.12545815110206604,25,False,0.0,,64,Qwen/Qwen3-VL-8B-Instruct,clip_siglip_generalization_v1,5051f7832bceb9fba4b3146605654887d02f9522,False,0.3437160849571228,0.12545815110206604,0.0,0.0,False,False
79,9712,9712,results/generalization_100_seed1/samples/images/079_9712.jpg,"[""A man is doing tricks with a bicycle at a skate park."", ""Man on bicycle is doing tricks in an old building."", ""A young man does tricks with his bike on a course."", ""A BMX biker performing a wall-ride on a ramp."", ""A bmx rider rides the ramp.""]",1,test,observer_specific_supported,Observer Specific Supported,"Write one specific caption as a careful human observer would: state what is visibly happening, name the important subjects and objects, and include only scene meanings that are clearly supported.","A skateboarder in a light-colored shirt and jeans is mid-air, performing a trick on a weathered, graffiti-covered skate ramp inside a dimly lit indoor skatepark, with the rider’s shadow cast prominently on the wall behind them.",0.36413252353668213,0.1523405909538269,36,False,0.0,,64,Qwen/Qwen3-VL-8B-Instruct,clip_siglip_generalization_v1,d73935c12c3e8f8171f94e2445311d802614ad64,False,0.3437160849571228,0.12545815110206604,0.020416438579559326,0.026882439851760864,True,True
80,3961,3961,results/generalization_100_seed1/samples/images/080_3961.jpg,"[""A woman, viewed through a window, sits at a restaurant table and puts down a red shopping bag."", ""A woman is sitting at a table and looking into her American Girl Place shopping bag."", ""A woman places her red shopping bag down as she sits down to a table."", ""An older woman in a white shirt holds a red bag behind some glass."", ""Woman seen through window at restaurant.""]",1,test,baseline,Baseline,Write a caption for this image.,"A woman stands by a window, holding a red “American Girl Place” shopping bag, with an American flag and a white tablecloth visible behind her.",0.34944862127304077,0.27064499258995056,25,False,0.0,,64,Qwen/Qwen3-VL-8B-Instruct,clip_siglip_generalization_v1,01a1c263a537bd33b1f92af58b7b3d3357d4e0a4,False,0.34944862127304077,0.27064499258995056,0.0,0.0,False,False
80,3961,3961,results/generalization_100_seed1/samples/images/080_3961.jpg,"[""A woman, viewed through a window, sits at a restaurant table and puts down a red shopping bag."", ""A woman is sitting at a table and looking into her American Girl Place shopping bag."", ""A woman places her red shopping bag down as she sits down to a table."", ""An older woman in a white shirt holds a red bag behind some glass."", ""Woman seen through window at restaurant.""]",1,test,observer_specific_supported,Observer Specific Supported,"Write one specific caption as a careful human observer would: state what is visibly happening, name the important subjects and objects, and include only scene meanings that are clearly supported.","A woman with short white hair and glasses, wearing a white shirt, stands inside a building near a window, holding a red “American Girl Place” shopping bag. Behind her, a white tablecloth covers a table, and a red, white, and blue flag hangs in the background. The scene is viewed from outside",0.36187994480133057,0.26425665616989136,52,False,0.0,,64,Qwen/Qwen3-VL-8B-Instruct,clip_siglip_generalization_v1,a8b98255bf779f25ad3e0068fd43614c41cdee4a,False,0.34944862127304077,0.27064499258995056,0.012431323528289795,-0.006388336420059204,True,False
81,24351,24351,results/generalization_100_seed1/samples/images/081_24351.jpg,"[""The dinosaur exhibt is next to a tree that has a balloon stuck in its branches."", ""A black dog looks up at a ball in the air and prepares to catch it."", ""A black dog waits on the grass for a falling yellow ball."", ""A dog is looking up at a ball attached to the string."", ""The animal is near the pond.""]",1,test,baseline,Baseline,Write a caption for this image.,"A joyful dog leaps into the air, eyes locked on a bright green tennis ball, ready to catch it mid-flight against a backdrop of lush greenery and a partly cloudy sky.",0.32896456122398376,0.15275418758392334,31,False,0.0,,64,Qwen/Qwen3-VL-8B-Instruct,clip_siglip_generalization_v1,9548d21e5771d078ea2bef05fd515fc8c9f00d4d,False,0.32896456122398376,0.15275418758392334,0.0,0.0,False,False
81,24351,24351,results/generalization_100_seed1/samples/images/081_24351.jpg,"[""The dinosaur exhibt is next to a tree that has a balloon stuck in its branches."", ""A black dog looks up at a ball in the air and prepares to catch it."", ""A black dog waits on the grass for a falling yellow ball."", ""A dog is looking up at a ball attached to the string."", ""The animal is near the pond.""]",1,test,observer_specific_supported,Observer Specific Supported,"Write one specific caption as a careful human observer would: state what is visibly happening, name the important subjects and objects, and include only scene meanings that are clearly supported.","A dark, wet dog stands on its hind legs in a grassy area near a pond, its head tilted upward as it leaps to catch a bright green tennis ball suspended in mid-air above it. The scene is set outdoors under a partly cloudy sky, with lush green trees and tall reeds framing the background.",0.34507089853286743,0.23055851459503174,55,False,0.0,,64,Qwen/Qwen3-VL-8B-Instruct,clip_siglip_generalization_v1,257bdbbda7b61dc0b6cb333ce99112d5f8a9d692,False,0.32896456122398376,0.15275418758392334,0.016106337308883667,0.0778043270111084,True,True
82,10901,10901,results/generalization_100_seed1/samples/images/082_10901.jpg,"[""Two children, warmly dressed, are playing in the snow."", ""Two kids playing in the snow in a rural area."", ""Two young children play in the snow."", ""Two young children enjoy the snow."", ""Two children playing in the snow.""]",1,test,baseline,Baseline,Write a caption for this image.,"Two children playfully trek through a snowy field at sunset, leaving footprints in the fresh powder as the golden light bathes the winter landscape.",0.3191768527030945,0.1824619472026825,24,False,0.0,,64,Qwen/Qwen3-VL-8B-Instruct,clip_siglip_generalization_v1,855279b859cce0d32b96540207808e1719ca9b0a,False,0.3191768527030945,0.1824619472026825,0.0,0.0,False,False
82,10901,10901,results/generalization_100_seed1/samples/images/082_10901.jpg,"[""Two children, warmly dressed, are playing in the snow."", ""Two kids playing in the snow in a rural area."", ""Two young children play in the snow."", ""Two young children enjoy the snow."", ""Two children playing in the snow.""]",1,test,observer_specific_supported,Observer Specific Supported,"Write one specific caption as a careful human observer would: state what is visibly happening, name the important subjects and objects, and include only scene meanings that are clearly supported.","Two children are playing in a snowy field at sunset; one, wearing a pink and white striped hat and a pink jacket, is running, while the other, in a red hat and blue jacket, is crouching low to the snow, possibly digging or examining something. Behind them, a line of bare trees and",0.3580511808395386,0.20329609513282776,53,True,0.0,,64,Qwen/Qwen3-VL-8B-Instruct,clip_siglip_generalization_v1,a2f8e8eb71621cb4126e8c2d54e2ea26261bc1d0,False,0.3191768527030945,0.1824619472026825,0.03887432813644409,0.020834147930145264,True,True
83,29346,29346,results/generalization_100_seed1/samples/images/083_29346.jpg,"[""A surfer wearing a black and red wetsuit on a white surfboard, slices through the waves on a bright blue ocean."", ""A male surfboarder in a black wetsuit is riding a huge wave in beautiful blue water."", ""The man is skillfully surfing a violent wave in the blue ocean."", ""Two people are surfing on a large wave in the ocean."", ""Two people are surfing in the ocean.""]",1,test,baseline,Baseline,Write a caption for this image.,"Riding the wave: A surfer carves through turquoise waters, spraying mist as he masters the ocean’s rhythm.",0.3040936589241028,0.15282462537288666,17,False,0.0,,64,Qwen/Qwen3-VL-8B-Instruct,clip_siglip_generalization_v1,e9937dca7047e523193db3737a2c018e9e92c9f8,False,0.3040936589241028,0.15282462537288666,0.0,0.0,False,False
83,29346,29346,results/generalization_100_seed1/samples/images/083_29346.jpg,"[""A surfer wearing a black and red wetsuit on a white surfboard, slices through the waves on a bright blue ocean."", ""A male surfboarder in a black wetsuit is riding a huge wave in beautiful blue water."", ""The man is skillfully surfing a violent wave in the blue ocean."", ""Two people are surfing on a large wave in the ocean."", ""Two people are surfing in the ocean.""]",1,test,observer_specific_supported,Observer Specific Supported,"Write one specific caption as a careful human observer would: state what is visibly happening, name the important subjects and objects, and include only scene meanings that are clearly supported.","A surfer in a black wetsuit leans into a turn on a turquoise wave, carving a white spray trail as they ride the face of the ocean, while another surfer is visible in the background, further up the wave.",0.3246081471443176,0.16235454380512238,39,False,0.0,,64,Qwen/Qwen3-VL-8B-Instruct,clip_siglip_generalization_v1,d77b161176cff09e3bedb13bcbf055924889e646,False,0.3040936589241028,0.15282462537288666,0.020514488220214844,0.009529918432235718,True,True
84,23641,23641,results/generalization_100_seed1/samples/images/084_23641.jpg,"[""There are several people either sitting on benches or walking through what appears to be a brick road with trees coming up from various circular openings in the road."", ""A group of people rest on a park bench underneath the shade of the canopy of trees as a man in a brightly colored pink stripe shirt walks past."", ""A park with trees, people sitting on benches, and people walking."", ""People are walking under trees while other are sitting down."", ""People walking through a watery path.""]",1,test,baseline,Baseline,Write a caption for this image.,"A sunny day in a charming cobblestone plaza, where people stroll and relax under the shade of lush green trees, enjoying the peaceful ambiance of a European town square.",0.3382430374622345,0.17963819205760956,29,False,0.0,,64,Qwen/Qwen3-VL-8B-Instruct,clip_siglip_generalization_v1,abbf14d8e0e64bbf363a988db0e08a46ecb0db98,False,0.3382430374622345,0.17963819205760956,0.0,0.0,False,False
84,23641,23641,results/generalization_100_seed1/samples/images/084_23641.jpg,"[""There are several people either sitting on benches or walking through what appears to be a brick road with trees coming up from various circular openings in the road."", ""A group of people rest on a park bench underneath the shade of the canopy of trees as a man in a brightly colored pink stripe shirt walks past."", ""A park with trees, people sitting on benches, and people walking."", ""People are walking under trees while other are sitting down."", ""People walking through a watery path.""]",1,test,observer_specific_supported,Observer Specific Supported,"Write one specific caption as a careful human observer would: state what is visibly happening, name the important subjects and objects, and include only scene meanings that are clearly supported.","A woman in a pink and white striped shirt walks across a wet cobblestone plaza shaded by leafy trees, while a group of people sits on benches nearby, some engaged in conversation, under the dappled sunlight filtering through the canopy.",0.3381568193435669,0.1947842538356781,40,False,0.0,,64,Qwen/Qwen3-VL-8B-Instruct,clip_siglip_generalization_v1,76f03e5c868cf65f4dd8c2670d333468f5967802,False,0.3382430374622345,0.17963819205760956,-8.621811866760254e-05,0.015146061778068542,False,True
85,23304,23304,results/generalization_100_seed1/samples/images/085_23304.jpg,"[""A young woman in a pink top holds several shopping bags while walking down a boulevard."", ""A woman in a pink and black short skirted outfit walking with shopping bags."", ""A lady dressed in pink and black walking down a sidewalk carrying packages."", ""A young woman is walking with shopping bags in Hollywood."", ""A well dressed woman is shopping in front of a store.""]",1,test,baseline,Baseline,Write a caption for this image.,"Pink Power: A stylish woman struts down the sidewalk in a bold pink top, black shorts, and matching pink heels, carrying shopping bags with confidence and flair.",0.306021124124527,0.2200024425983429,27,False,0.0,,64,Qwen/Qwen3-VL-8B-Instruct,clip_siglip_generalization_v1,003bb982b15dd61ccc9baea5ace3953528eaf13f,False,0.306021124124527,0.2200024425983429,0.0,0.0,False,False
85,23304,23304,results/generalization_100_seed1/samples/images/085_23304.jpg,"[""A young woman in a pink top holds several shopping bags while walking down a boulevard."", ""A woman in a pink and black short skirted outfit walking with shopping bags."", ""A lady dressed in pink and black walking down a sidewalk carrying packages."", ""A young woman is walking with shopping bags in Hollywood."", ""A well dressed woman is shopping in front of a store.""]",1,test,observer_specific_supported,Observer Specific Supported,"Write one specific caption as a careful human observer would: state what is visibly happening, name the important subjects and objects, and include only scene meanings that are clearly supported.","A young woman in a pink polka-dot top, black skirt, and high-heeled boots walks confidently down a city sidewalk, carrying multiple shopping bags—including a large pink one—and wearing sunglasses. The low-angle shot emphasizes her stride against the patterned pavement, with storefronts and mannequins visible in the background",0.3395559787750244,0.23307430744171143,47,False,0.0,,64,Qwen/Qwen3-VL-8B-Instruct,clip_siglip_generalization_v1,78976482054091828434448c7213c5a8caddde1a,False,0.306021124124527,0.2200024425983429,0.033534854650497437,0.01307186484336853,True,True
86,16410,16410,results/generalization_100_seed1/samples/images/086_16410.jpg,"[""A shirtless man wearing a backwards hat and blue jeans balances on his front bike tire with the back one in the air."", ""A shirtless boy wearing baggy jeans and a backwards hat is doing a trick on a BMX bike."", ""A shirtless guy on a BMX bike is in the process of jumping a hill on his BMX bike."", ""A shirtless man is riding his bicycle, which is on its front wheel."", ""A male is riding a bicycle in uneven terrain.""]",1,test,baseline,Baseline,Write a caption for this image.,"Shredding the dirt: A shirtless biker leans into a daring BMX trick, muscles taut and wheels airborne against a backdrop of green hills and clear blue sky.",0.32156386971473694,0.14250938594341278,27,False,0.0,,64,Qwen/Qwen3-VL-8B-Instruct,clip_siglip_generalization_v1,cf1bbe761b9f285820a5e40ae89a26baeb730ae4,False,0.32156386971473694,0.14250938594341278,0.0,0.0,False,False
86,16410,16410,results/generalization_100_seed1/samples/images/086_16410.jpg,"[""A shirtless man wearing a backwards hat and blue jeans balances on his front bike tire with the back one in the air."", ""A shirtless boy wearing baggy jeans and a backwards hat is doing a trick on a BMX bike."", ""A shirtless guy on a BMX bike is in the process of jumping a hill on his BMX bike."", ""A shirtless man is riding his bicycle, which is on its front wheel."", ""A male is riding a bicycle in uneven terrain.""]",1,test,observer_specific_supported,Observer Specific Supported,"Write one specific caption as a careful human observer would: state what is visibly happening, name the important subjects and objects, and include only scene meanings that are clearly supported.","A shirtless man wearing a black cap and blue jeans is performing a wheelie on a BMX bike, balancing on the rear wheel as he leans forward over the handlebars. The bike, with red-rimmed wheels and a visible suspension fork, is airborne over a dirt path, with the front wheel lifted high",0.3628213107585907,0.17688047885894775,52,False,0.0,,64,Qwen/Qwen3-VL-8B-Instruct,clip_siglip_generalization_v1,42d3a37916e415b07df22f893af2247c7ee66193,False,0.32156386971473694,0.14250938594341278,0.04125744104385376,0.03437109291553497,True,True
87,30685,30685,results/generalization_100_seed1/samples/images/087_30685.jpg,"[""A man who looks like Andy Dick is talking to a man in a hall with a man with a splotch of primary-color red on his hair."", ""A guy with a golden hair is chatting with a guy with a red-hair on top of his head."", ""Two male college students at a social networking event."", ""Two boys in dark clothing talk to each other."", ""Two men are talking in a hallway.""]",1,test,baseline,Baseline,Write a caption for this image.,"Two men engaged in conversation at a tech event, with company logos like ""Squidoo"" and ""Flock"" visible on the wall behind them.",0.3394075632095337,0.23352846503257751,22,False,0.0,,64,Qwen/Qwen3-VL-8B-Instruct,clip_siglip_generalization_v1,bbbb5db34006ee8d7fe549e310f3553ea74ee877,False,0.3394075632095337,0.23352846503257751,0.0,0.0,False,False
87,30685,30685,results/generalization_100_seed1/samples/images/087_30685.jpg,"[""A man who looks like Andy Dick is talking to a man in a hall with a man with a splotch of primary-color red on his hair."", ""A guy with a golden hair is chatting with a guy with a red-hair on top of his head."", ""Two male college students at a social networking event."", ""Two boys in dark clothing talk to each other."", ""Two men are talking in a hallway.""]",1,test,observer_specific_supported,Observer Specific Supported,"Write one specific caption as a careful human observer would: state what is visibly happening, name the important subjects and objects, and include only scene meanings that are clearly supported.","Two men are engaged in a conversation in a hallway with white walls adorned with company logos, including “Squidoo” and “Flock.” The man on the left, wearing glasses and a black t-shirt with a red emblem, gestures with his hands as he speaks. The man on the right, wearing a",0.3209012746810913,0.24329087138175964,50,False,0.0,,64,Qwen/Qwen3-VL-8B-Instruct,clip_siglip_generalization_v1,8c9becd2a98be34758652249f85f2c17121bda87,False,0.3394075632095337,0.23352846503257751,-0.018506288528442383,0.009762406349182129,False,True
88,16636,16636,results/generalization_100_seed1/samples/images/088_16636.jpg,"[""A young girl in a blue skirt, walking down a stony path."", ""Little girl in blue skirt standing by big gray rock."", ""A little girl with blue dress comes home from school"", ""A small girl is going to the school."", ""A young child standing by rocks.""]",1,test,baseline,Baseline,Write a caption for this image.,"A young girl in a pink sweater and blue skirt stands on a rocky mountain path, holding a colorful woven basket, with rugged stone terrain and wildflowers in the background.",0.3711808919906616,0.18780291080474854,30,False,0.0,,64,Qwen/Qwen3-VL-8B-Instruct,clip_siglip_generalization_v1,c6ec477477ed5b1ff6430ca642df2f758169a4ff,False,0.3711808919906616,0.18780291080474854,0.0,0.0,False,False
88,16636,16636,results/generalization_100_seed1/samples/images/088_16636.jpg,"[""A young girl in a blue skirt, walking down a stony path."", ""Little girl in blue skirt standing by big gray rock."", ""A little girl with blue dress comes home from school"", ""A small girl is going to the school."", ""A young child standing by rocks.""]",1,test,observer_specific_supported,Observer Specific Supported,"Write one specific caption as a careful human observer would: state what is visibly happening, name the important subjects and objects, and include only scene meanings that are clearly supported.","A young girl with dark hair stands on a rocky, uneven path in a mountainous, rural setting, wearing a pink long-sleeved shirt, a blue skirt, and a backpack. She holds a small, round, orange object in her hands and looks directly at the camera with a neutral expression. Behind her,",0.32490941882133484,0.210785374045372,50,False,0.0,,64,Qwen/Qwen3-VL-8B-Instruct,clip_siglip_generalization_v1,f87edd6ffcf2c5547017827c84ef4ba567530ff2,False,0.3711808919906616,0.18780291080474854,-0.04627147316932678,0.022982463240623474,False,True
89,27198,27198,results/generalization_100_seed1/samples/images/089_27198.jpg,"[""Three teenagers, two without shoes having a water gun fight with various types of guns trying to spray each other."", ""Three teenage boys blast each other with water guns in an open field."", ""Two boys getting shot by a water gun by another boy in a yard."", ""Three male teenagers are playing in a field with water guns."", ""Three boys in the middle of a squirt gun battle.""]",1,test,baseline,Baseline,Write a caption for this image.,"Three friends laughing and running across a grassy field, engaged in a playful water gun battle on a sunny day.",0.3385004997253418,0.140873521566391,20,False,0.0,,64,Qwen/Qwen3-VL-8B-Instruct,clip_siglip_generalization_v1,b06c79617b11aaa61602aa1cf0a7600575aa65b3,False,0.3385004997253418,0.140873521566391,0.0,0.0,False,False
89,27198,27198,results/generalization_100_seed1/samples/images/089_27198.jpg,"[""Three teenagers, two without shoes having a water gun fight with various types of guns trying to spray each other."", ""Three teenage boys blast each other with water guns in an open field."", ""Two boys getting shot by a water gun by another boy in a yard."", ""Three male teenagers are playing in a field with water guns."", ""Three boys in the middle of a squirt gun battle.""]",1,test,observer_specific_supported,Observer Specific Supported,"Write one specific caption as a careful human observer would: state what is visibly happening, name the important subjects and objects, and include only scene meanings that are clearly supported.","Three young men are running across a grassy field while engaged in a water gun fight; the man on the right, wearing a black t-shirt and cap, is actively spraying water from a red and white water gun toward the man on the left, who is wearing a white t-shirt and is reacting with a startled expression",0.3846915066242218,0.18717734515666962,57,False,0.0,,64,Qwen/Qwen3-VL-8B-Instruct,clip_siglip_generalization_v1,8b3dd232fc1a13c7a377a6bb2d22107c1a3645ad,False,0.3385004997253418,0.140873521566391,0.046191006898880005,0.046303823590278625,True,True
90,29824,29824,results/generalization_100_seed1/samples/images/090_29824.jpg,"[""A woman stands behind a display table advertising the London 2012 Olympics in front of a sign reading, \""Bienvenus Welcome.\"""", ""A female worker is standing behind a table that says London 2012 above the Olympic rings."", ""A young woman is standing behind an information stall at the 2012 London Olympic Games."", ""Woman posing in her booth during the London 2012 olympics"", ""The olympic official is smiling for the camera""]",1,test,baseline,Baseline,Write a caption for this image.,"A smiling volunteer welcomes visitors at the London 2012 Olympic Games information desk, standing behind a branded counter with the iconic Olympic rings and ""Bienvenue / Welcome"" signage.",0.39165541529655457,0.24600648880004883,28,False,0.0,,64,Qwen/Qwen3-VL-8B-Instruct,clip_siglip_generalization_v1,6db8eb6ab3c22634df037345d3849b11b7d1d043,False,0.39165541529655457,0.24600648880004883,0.0,0.0,False,False
90,29824,29824,results/generalization_100_seed1/samples/images/090_29824.jpg,"[""A woman stands behind a display table advertising the London 2012 Olympics in front of a sign reading, \""Bienvenus Welcome.\"""", ""A female worker is standing behind a table that says London 2012 above the Olympic rings."", ""A young woman is standing behind an information stall at the 2012 London Olympic Games."", ""Woman posing in her booth during the London 2012 olympics"", ""The olympic official is smiling for the camera""]",1,test,observer_specific_supported,Observer Specific Supported,"Write one specific caption as a careful human observer would: state what is visibly happening, name the important subjects and objects, and include only scene meanings that are clearly supported.","A smiling woman with glasses, wearing a purple polo shirt and a lanyard with an ID badge, stands behind a black information desk at a London 2012 Olympic event. The desk features the Olympic rings and “London 2012” in gold lettering. Behind her is a bright orange",0.40101149678230286,0.23372656106948853,47,False,0.0,,64,Qwen/Qwen3-VL-8B-Instruct,clip_siglip_generalization_v1,fc7bd640ada9e3605c45db6b70e6d220dca69926,False,0.39165541529655457,0.24600648880004883,0.009356081485748291,-0.012279927730560303,True,False
91,21964,21964,results/generalization_100_seed1/samples/images/091_21964.jpg,"[""A man and a woman seated at a table, having drinks and deep in conversation."", ""A couple talking together having drinks in a quiet booth."", ""A man and a woman are sitting at a table with drinks."", ""Two people are sitting and enjoying some beverages."", ""Couple having cocktails at a club.""]",1,test,baseline,Baseline,Write a caption for this image.,"Intimate evening conversation in a dimly lit lounge, bathed in warm, ambient light.",0.27208635210990906,0.21254202723503113,13,False,0.0,,64,Qwen/Qwen3-VL-8B-Instruct,clip_siglip_generalization_v1,3a963cce1300826d817c71a21394c3d3a74384a4,False,0.27208635210990906,0.21254202723503113,0.0,0.0,False,False
91,21964,21964,results/generalization_100_seed1/samples/images/091_21964.jpg,"[""A man and a woman seated at a table, having drinks and deep in conversation."", ""A couple talking together having drinks in a quiet booth."", ""A man and a woman are sitting at a table with drinks."", ""Two people are sitting and enjoying some beverages."", ""Couple having cocktails at a club.""]",1,test,observer_specific_supported,Observer Specific Supported,"Write one specific caption as a careful human observer would: state what is visibly happening, name the important subjects and objects, and include only scene meanings that are clearly supported.","A man and a woman are seated closely together on a dark leather couch in a dimly lit, intimate bar or lounge, engaged in a quiet conversation. The man, wearing a light-colored shirt and tie, leans toward the woman, who has long red hair and is smiling slightly. Two glasses with straws sit on",0.3010866045951843,0.21636058390140533,54,False,0.0,,64,Qwen/Qwen3-VL-8B-Instruct,clip_siglip_generalization_v1,8aa0549310f9c0539bd8e2892abd99317bf30a3b,False,0.27208635210990906,0.21254202723503113,0.02900025248527527,0.0038185566663742065,True,True
92,6220,6220,results/generalization_100_seed1/samples/images/092_6220.jpg,"[""A crowded and active city street in Asia, with stores and billboards lining the street."", ""A busy street during the daytime in an asian city."", ""A crowd of people walking on a sidewalk in a city."", ""City in japan with crowded streets of people"", ""This asian city is very busy.""]",1,test,baseline,Baseline,Write a caption for this image.,"A bustling Hong Kong street teeming with pedestrians, vibrant neon signs, and towering billboards, capturing the electric energy of the city’s urban heart.",0.27712786197662354,0.17345020174980164,23,False,0.0,,64,Qwen/Qwen3-VL-8B-Instruct,clip_siglip_generalization_v1,33817320b9d914e6074ec9d173d347847ad5e3e8,False,0.27712786197662354,0.17345020174980164,0.0,0.0,False,False
92,6220,6220,results/generalization_100_seed1/samples/images/092_6220.jpg,"[""A crowded and active city street in Asia, with stores and billboards lining the street."", ""A busy street during the daytime in an asian city."", ""A crowd of people walking on a sidewalk in a city."", ""City in japan with crowded streets of people"", ""This asian city is very busy.""]",1,test,observer_specific_supported,Observer Specific Supported,"Write one specific caption as a careful human observer would: state what is visibly happening, name the important subjects and objects, and include only scene meanings that are clearly supported.","A dense crowd of pedestrians navigates a narrow, bustling street in a densely built urban area, likely a commercial district in Asia, under a canopy of brightly lit, multilingual signs and billboards. Prominent among the signage is a large, illuminated advertisement featuring a man holding a glowing orb, with Chinese characters visible.",0.35729050636291504,0.18678691983222961,52,False,0.0,,64,Qwen/Qwen3-VL-8B-Instruct,clip_siglip_generalization_v1,8c764f944f6dd51cb59033eaefab3c3e9360a876,False,0.27712786197662354,0.17345020174980164,0.0801626443862915,0.013336718082427979,True,True
93,9940,9940,results/generalization_100_seed1/samples/images/093_9940.jpg,"[""People walk on a wet sidewalk that has red bricks inlaid in it."", ""A crowd walks on a sidewalk shortly after it has rained."", ""A group of people walking after a spring shower."", ""Tourists enjoying the local shops."", ""People walking along a sidewalk.""]",1,test,baseline,Baseline,Write a caption for this image.,"Pedestrians stroll along a charming, tree-lined sidewalk in a quaint downtown area, with a wet pavement reflecting the overcast sky and storefronts like ""Museum House"" adding to the cozy, small-town vibe.",0.31742918491363525,0.21685191988945007,31,False,0.0,,64,Qwen/Qwen3-VL-8B-Instruct,clip_siglip_generalization_v1,19098f10fcb0eba7e6ebe641e4ecd6ac0dc950d0,False,0.31742918491363525,0.21685191988945007,0.0,0.0,False,False
93,9940,9940,results/generalization_100_seed1/samples/images/093_9940.jpg,"[""People walk on a wet sidewalk that has red bricks inlaid in it."", ""A crowd walks on a sidewalk shortly after it has rained."", ""A group of people walking after a spring shower."", ""Tourists enjoying the local shops."", ""People walking along a sidewalk.""]",1,test,observer_specific_supported,Observer Specific Supported,"Write one specific caption as a careful human observer would: state what is visibly happening, name the important subjects and objects, and include only scene meanings that are clearly supported.","A wet, red-brick sidewalk in a downtown area is bustling with pedestrians walking past storefronts, including one labeled “Museum House,” while a few people gather near a wooden bench beside a planter of yellow flowers under the shade of large, leafy trees. A silver SUV is parked on the street, and",0.2971976697444916,0.23705826699733734,51,False,0.0,,64,Qwen/Qwen3-VL-8B-Instruct,clip_siglip_generalization_v1,474498e1b29b59fb92b50ba1dafea0c271b237ad,False,0.31742918491363525,0.21685191988945007,-0.020231515169143677,0.020206347107887268,False,True
94,9311,9311,results/generalization_100_seed1/samples/images/094_9311.jpg,"[""A toddler plays in a water fountain with his mouth open and ready for a drink."", ""A baby sticking out his tonge while looking at a spraying water fountain."", ""A baby trying to catch water from a fountain in his mouth"", ""A small boy is playing at a water fountain"", ""A baby reaching into a water fountain.""]",1,test,baseline,Baseline,Write a caption for this image.,"A joyful child with blonde hair laughs and sticks out their tongue, playfully interacting with a cascading fountain in a sunlit park.",0.3305615484714508,0.1676783710718155,22,False,0.0,,64,Qwen/Qwen3-VL-8B-Instruct,clip_siglip_generalization_v1,f4a0c078e3155d3061da84a88491106bdc31d568,False,0.3305615484714508,0.1676783710718155,0.0,0.0,False,False
94,9311,9311,results/generalization_100_seed1/samples/images/094_9311.jpg,"[""A toddler plays in a water fountain with his mouth open and ready for a drink."", ""A baby sticking out his tonge while looking at a spraying water fountain."", ""A baby trying to catch water from a fountain in his mouth"", ""A small boy is playing at a water fountain"", ""A baby reaching into a water fountain.""]",1,test,observer_specific_supported,Observer Specific Supported,"Write one specific caption as a careful human observer would: state what is visibly happening, name the important subjects and objects, and include only scene meanings that are clearly supported.","A young child with blonde hair and wide eyes leans forward with an open-mouthed expression of delight, playfully interacting with a fountain’s cascading water streams that partially obscure the view. The child, wearing a light-colored, short-sleeved shirt, is positioned at the edge of a fountain basin, with blurred green",0.32433825731277466,0.1847611367702484,49,False,0.0,,64,Qwen/Qwen3-VL-8B-Instruct,clip_siglip_generalization_v1,14aba570bb377f720c2d9f3efbbf757ae3487b77,False,0.3305615484714508,0.1676783710718155,-0.0062232911586761475,0.017082765698432922,False,True
95,19253,19253,results/generalization_100_seed1/samples/images/095_19253.jpg,"[""A curly-haired brunette wearing a black and purple reversible jacket and a long scarf is standing outside in the sunlight."", ""A woman with dark curly hair wearing a green and yellow scarf and a dark jacket."", ""A woman with curly hair and a green and yellow scarf looks down."", ""A woman is standing and wearing a green and yellow scarf."", ""A young woman bundled up in her winter gear.""]",1,test,baseline,Baseline,Write a caption for this image.,"A woman with curly hair, wearing a vibrant yellow scarf and a purple-trimmed jacket, looks down thoughtfully at an outdoor market stall.",0.3722006380558014,0.2747780680656433,22,False,0.0,,64,Qwen/Qwen3-VL-8B-Instruct,clip_siglip_generalization_v1,10efdf90b55714dd7683ce51137f160aa7aa5ed8,False,0.3722006380558014,0.2747780680656433,0.0,0.0,False,False
95,19253,19253,results/generalization_100_seed1/samples/images/095_19253.jpg,"[""A curly-haired brunette wearing a black and purple reversible jacket and a long scarf is standing outside in the sunlight."", ""A woman with dark curly hair wearing a green and yellow scarf and a dark jacket."", ""A woman with curly hair and a green and yellow scarf looks down."", ""A woman is standing and wearing a green and yellow scarf."", ""A young woman bundled up in her winter gear.""]",1,test,observer_specific_supported,Observer Specific Supported,"Write one specific caption as a careful human observer would: state what is visibly happening, name the important subjects and objects, and include only scene meanings that are clearly supported.","A young woman with curly brown hair, wearing a purple and black jacket and a thick, knitted yellow-green scarf, looks downward with a thoughtful or pensive expression. Behind her, a large poster or banner is partially visible, showing a pastoral scene with hay bales and a blue tarp, suggesting an outdoor market",0.35132747888565063,0.28789567947387695,52,False,0.0,,64,Qwen/Qwen3-VL-8B-Instruct,clip_siglip_generalization_v1,3e8e9ef7c399dc0c509dba80908f8b7b396cd6dd,False,0.3722006380558014,0.2747780680656433,-0.020873159170150757,0.013117611408233643,False,True
96,28917,28917,results/generalization_100_seed1/samples/images/096_28917.jpg,"[""Two basketball players one in black and red and one in blue and white playing a game with the ref and crowd in the background."", ""A basketball player wearing white dribbles the ball, while being guarded by another player in a black uniform."", ""Two male basketball players are playing a competitive game while the referee is standing behind watching."", ""Two men playing in a basketball game against each other."", ""A small image used to signify a broken web image link""]",1,test,baseline,Baseline,Write a caption for this image.,"Intense basketball action as a player in a white ""Bridgette"" jersey (#5) drives toward the basket, guarded tightly by an opponent in a black jersey (#0). The referee watches closely as the game unfolds under bright arena lights, with spectators filling the stands in the background. © Michael Hart Photography.",0.2538558542728424,0.2044801265001297,50,False,0.0,,64,Qwen/Qwen3-VL-8B-Instruct,clip_siglip_generalization_v1,2b7519d00a5b5be393ac42607c93006301ff0623,False,0.2538558542728424,0.2044801265001297,0.0,0.0,False,False
96,28917,28917,results/generalization_100_seed1/samples/images/096_28917.jpg,"[""Two basketball players one in black and red and one in blue and white playing a game with the ref and crowd in the background."", ""A basketball player wearing white dribbles the ball, while being guarded by another player in a black uniform."", ""Two male basketball players are playing a competitive game while the referee is standing behind watching."", ""Two men playing in a basketball game against each other."", ""A small image used to signify a broken web image link""]",1,test,observer_specific_supported,Observer Specific Supported,"Write one specific caption as a careful human observer would: state what is visibly happening, name the important subjects and objects, and include only scene meanings that are clearly supported.","In a brightly lit indoor basketball arena, a player in a white and blue “Bridgette” jersey with the number 5 dribbles the ball while being tightly defended by an opponent in a black jersey with the number 0. The defender, in a low stance, extends his arm to impede the drib",0.26348423957824707,0.15741007030010223,51,False,0.0,,64,Qwen/Qwen3-VL-8B-Instruct,clip_siglip_generalization_v1,3d1272fce6dbae65fe7de531a71af6aabb0c1b96,False,0.2538558542728424,0.2044801265001297,0.009628385305404663,-0.047070056200027466,True,False
97,16363,16363,results/generalization_100_seed1/samples/images/097_16363.jpg,"[""Overhead view of a living room with a man on one couch, sleeping, and a dog on another while a coffee table sits in the middle of the room."", ""A man wearing a white shirt and black pants laying on a couch."", ""A dog rests on a loveseat, while a man lies on a nearby sofa."", ""A man sleeping on a couch in front of a glass table."", ""A man and dog sit on couches.""]",1,test,baseline,Baseline,Write a caption for this image.,"A man rests peacefully on a beige couch, his head nestled against a pillow, while a black and white cat lounges comfortably on the adjacent sofa. A glass-top coffee table with ornate legs sits in the center of the room, surrounded by cozy furnishings and a touch of floral decor. The scene exudes calm and",0.2756563425064087,0.19583117961883545,55,False,0.0,,64,Qwen/Qwen3-VL-8B-Instruct,clip_siglip_generalization_v1,ed2529c2cbf02ba6c95ba824e206d03d6eea9290,False,0.2756563425064087,0.19583117961883545,0.0,0.0,False,False
97,16363,16363,results/generalization_100_seed1/samples/images/097_16363.jpg,"[""Overhead view of a living room with a man on one couch, sleeping, and a dog on another while a coffee table sits in the middle of the room."", ""A man wearing a white shirt and black pants laying on a couch."", ""A dog rests on a loveseat, while a man lies on a nearby sofa."", ""A man sleeping on a couch in front of a glass table."", ""A man and dog sit on couches.""]",1,test,observer_specific_supported,Observer Specific Supported,"Write one specific caption as a careful human observer would: state what is visibly happening, name the important subjects and objects, and include only scene meanings that are clearly supported.","A man is sleeping on his side on a beige sofa, with his hands clasped near his face, while a black and white cat rests on the adjacent sofa. A glass-top coffee table with a carved stone base sits in the center of the room, and a green towel is draped over the back of the opposite sofa",0.30585962533950806,0.22512075304985046,58,False,0.0,,64,Qwen/Qwen3-VL-8B-Instruct,clip_siglip_generalization_v1,6d7ed3c84e581fd2a4267dc54ddd5f2dc29ebcbd,False,0.2756563425064087,0.19583117961883545,0.030203282833099365,0.029289573431015015,True,True
98,27728,27728,results/generalization_100_seed1/samples/images/098_27728.jpg,"[""A person wearing deep sea scuba diving gear standing in front of a body of water that is surrounded by hills."", ""There is a guy in a scuba outfit and he is in front of water and mountains."", ""A man on a boat is wearing a diving outfit and looking at the camera."", ""A person in SCUBA gear poses in front of a vast expanse of water."", ""Someone dressed in scuba gear has a body of water behind him.""]",1,test,baseline,Baseline,Write a caption for this image.,"A scuba diver in full gear stands confidently on a boat, ready for an underwater adventure, with a scenic coastal landscape in the background.",0.31943798065185547,0.12931399047374725,24,False,0.0,,64,Qwen/Qwen3-VL-8B-Instruct,clip_siglip_generalization_v1,81014105fa66e8ae9803ebad4fa6b9d165de58a3,False,0.31943798065185547,0.12931399047374725,0.0,0.0,False,False
98,27728,27728,results/generalization_100_seed1/samples/images/098_27728.jpg,"[""A person wearing deep sea scuba diving gear standing in front of a body of water that is surrounded by hills."", ""There is a guy in a scuba outfit and he is in front of water and mountains."", ""A man on a boat is wearing a diving outfit and looking at the camera."", ""A person in SCUBA gear poses in front of a vast expanse of water."", ""Someone dressed in scuba gear has a body of water behind him.""]",1,test,observer_specific_supported,Observer Specific Supported,"Write one specific caption as a careful human observer would: state what is visibly happening, name the important subjects and objects, and include only scene meanings that are clearly supported.","A scuba diver in full gear, including a yellow and black mask and a ""Suquacqua"" branded wetsuit, stands on a boat with one hand on their hip, looking toward the camera. The diver is equipped with a large, round headlamp and a yellow hose connected to their gear. Behind",0.33956432342529297,0.16488933563232422,49,False,0.0,,64,Qwen/Qwen3-VL-8B-Instruct,clip_siglip_generalization_v1,352f5d216d940e96d5370550d9a2040cf43891c6,False,0.31943798065185547,0.12931399047374725,0.0201263427734375,0.035575345158576965,True,True
99,30831,30831,results/generalization_100_seed1/samples/images/099_30831.jpg,"[""A woman holds her mouth wide open as she is placing a stack of crackers in."", ""A black-haired woman wearing glasses attempts to eat a pile of cookies."", ""A young person about to put several cookies in his or her mouth."", ""A woman with glasses about to take a bite out of a huge cookie."", ""Asian man eating a cracker sandwich in the kitchen.""]",1,test,baseline,Baseline,Write a caption for this image.,"“Cookie Stack Attack: A kitchen daredevil tackles a towering pile of treats with glasses, beads, and pure joy.” 🍪😄",0.2507550120353699,0.13278567790985107,19,False,0.0,,64,Qwen/Qwen3-VL-8B-Instruct,clip_siglip_generalization_v1,05668f74653bea1563569d311382ad2bc1439121,False,0.2507550120353699,0.13278567790985107,0.0,0.0,False,False
99,30831,30831,results/generalization_100_seed1/samples/images/099_30831.jpg,"[""A woman holds her mouth wide open as she is placing a stack of crackers in."", ""A black-haired woman wearing glasses attempts to eat a pile of cookies."", ""A young person about to put several cookies in his or her mouth."", ""A woman with glasses about to take a bite out of a huge cookie."", ""Asian man eating a cracker sandwich in the kitchen.""]",1,test,observer_specific_supported,Observer Specific Supported,"Write one specific caption as a careful human observer would: state what is visibly happening, name the important subjects and objects, and include only scene meanings that are clearly supported.","A person with dark hair and glasses is in a kitchen, mid-bite, eating a stack of pancakes while holding a dark beaded necklace around their neck. Behind them, light-colored cabinets and a microwave are visible on a dark countertop, with a blue wall to the right.",0.30580347776412964,0.181171715259552,46,True,0.0,,64,Qwen/Qwen3-VL-8B-Instruct,clip_siglip_generalization_v1,015f7bf6b2a233f11c7429830231a9b20458c337,False,0.2507550120353699,0.13278567790985107,0.055048465728759766,0.04838603734970093,True,True
