split_id,method_id,run_id,order,dataset_index,image_id,image_relpath,reference_captions,prompt_id,prompt_name,prompt_text,caption,candidate_id,selected,model,temperature,top_p,max_new_tokens,generation_config,clip_score,siglip_score,caption_len,generic_flag
flickr30k_main_seed1_train,textgrad_clip,textgrad_clip__textgrad_9d995cddf3,9,24935,flickr30k_test_024935,images/flickr30k/flickr30k_test_024935.jpg,"[""A group of shoppers gather at a fresh produce stand in order to make their selections."", ""A group of African Americans gather a street vendor."", ""Customers are waiting to get some food."", ""Hungry people are shopping for food."", ""A line is forming for the food cart.""]",textgrad_9d995cddf3,TextGrad Step 17,"Generate exactly one short, literal, factual caption (one grammatically correct sentence) describing only visible content in the image. Output exactly one sentence only — no extra text. Total words: 8–14 (prefer 9–12). Follow these prioritized rules (apply in order):

1) Subject selection: choose the single subject that maximizes a visibility score combining normalized area and detector confidence, augmented by a small token‑richness bonus for candidates that enable one or more high‑signal tokens (see rule 3). If scores are close, prefer the candidate that yields the richer set of high‑signal tokens rather than strictly larger area. Do not prefer a detected person by default — prefer a person only when that person’s visibility score is within a small margin of the best non‑person candidate or when the person provides discriminative high‑signal tokens (visible numeral, distinct color/pattern, or readable short text).

2) Visibility and minimal size: treat a detection as usable if its combined area% and detector_confidence are meaningfully positive. Ignore very tiny detections below ~0.15% image area unless they have very high OCR_confidence (≥0.75) or an exceptionally clear visual signal (e.g., large jersey numeral). Do not invent attributes or parts of objects not supported by detections.

3) High‑signal tokens (definition and placement): high‑signal tokens = visible colors or patterns, concrete multiword classes (e.g., ""stop sign"", ""double‑decker bus""), clear Arabic numerals, clothing/accessory terms, or short readable text/logos (1–3 tokens). Require at least one high‑signal token within the first 4 content words (leading articles do not count). If two distinct high‑signal tokens are clearly visible, include both early — the second should appear within the first 6 content words unless grammar absolutely prevents it.

4) OCR/text copying rules: copy short readable text/logos (1–3 tokens) only when OCR_confidence ≥ 0.60 and OCR_bbox_area ≥ 0.2% for small logos; for larger text allow OCR_confidence ≥ 0.55. For extremely small text (<0.2% area) require OCR_confidence ≥ 0.75. Never copy phone numbers or runs of ≥5 consecutive digits or other long digit strings. Do not copy unreadable or low‑confidence text.

5) Second‑object allowance: you may append one compact post‑nominal prepositional or participial phrase (one relation only, e.g., ""by a market stall"", ""on the sidewalk"", ""with number 7"") if that short phrase adds a distinct high‑signal token. Do not chain relations or add long descriptive chains.

6) Wording, ordering, and density: prefer starting with a high‑signal modifier plus class (e.g., ""red bicycle"", ""two dogs"", ""striped shirt"") or a compact noun phrase that places high‑signal tokens early; a leading article is acceptable if it yields natural grammar. Prioritize dense concrete nouns and adjectives (colors, numbers, logos, concrete multiword class names) over weak modifiers. Use present‑tense, concise S V (+ O) sentences; prefer a specific concrete verb when action is clearly visible and use ""is/are"" only when no clear action can be inferred. Use Arabic numerals for visible counts that meet visibility/OCR rules.

7) Safety and literalness: do not invent unseen attributes, emotions, intentions, or dialogue. Do not hallucinate unreadable text. If no high‑signal token meets thresholds, select the next best visible candidate that provides at least one valid high‑signal token without violating visibility or OCR safety rules.

Final constraints: one sentence only, 8–14 words, literal description of visible content, follow the visibility and OCR guidance above, do not output fallback phrases, and do not add any extra commentary.",Man in checkered apron stands at market stall with customers.,0,1,Qwen/Qwen3-VL-8B-Instruct,0.0,,64,"{""temperature"": 0.0, ""top_p"": null, ""max_new_tokens"": 64}",0.2840942442417145,0.16218510270118713,10,False
flickr30k_main_seed1_train,textgrad_clip,textgrad_clip__textgrad_9d995cddf3,11,15474,flickr30k_test_015474,images/flickr30k/flickr30k_test_015474.jpg,"[""Three Vietnamese women paddle their boats along the river market in the morning."", ""Three boaters paddle their produce to the market in a Vietnamese fishing village."", ""Villagers paddling their boats to their destination."", ""Canoes travel across the water along side buildings."", ""The people are delivering goods by boat""]",textgrad_9d995cddf3,TextGrad Step 17,"Generate exactly one short, literal, factual caption (one grammatically correct sentence) describing only visible content in the image. Output exactly one sentence only — no extra text. Total words: 8–14 (prefer 9–12). Follow these prioritized rules (apply in order):

1) Subject selection: choose the single subject that maximizes a visibility score combining normalized area and detector confidence, augmented by a small token‑richness bonus for candidates that enable one or more high‑signal tokens (see rule 3). If scores are close, prefer the candidate that yields the richer set of high‑signal tokens rather than strictly larger area. Do not prefer a detected person by default — prefer a person only when that person’s visibility score is within a small margin of the best non‑person candidate or when the person provides discriminative high‑signal tokens (visible numeral, distinct color/pattern, or readable short text).

2) Visibility and minimal size: treat a detection as usable if its combined area% and detector_confidence are meaningfully positive. Ignore very tiny detections below ~0.15% image area unless they have very high OCR_confidence (≥0.75) or an exceptionally clear visual signal (e.g., large jersey numeral). Do not invent attributes or parts of objects not supported by detections.

3) High‑signal tokens (definition and placement): high‑signal tokens = visible colors or patterns, concrete multiword classes (e.g., ""stop sign"", ""double‑decker bus""), clear Arabic numerals, clothing/accessory terms, or short readable text/logos (1–3 tokens). Require at least one high‑signal token within the first 4 content words (leading articles do not count). If two distinct high‑signal tokens are clearly visible, include both early — the second should appear within the first 6 content words unless grammar absolutely prevents it.

4) OCR/text copying rules: copy short readable text/logos (1–3 tokens) only when OCR_confidence ≥ 0.60 and OCR_bbox_area ≥ 0.2% for small logos; for larger text allow OCR_confidence ≥ 0.55. For extremely small text (<0.2% area) require OCR_confidence ≥ 0.75. Never copy phone numbers or runs of ≥5 consecutive digits or other long digit strings. Do not copy unreadable or low‑confidence text.

5) Second‑object allowance: you may append one compact post‑nominal prepositional or participial phrase (one relation only, e.g., ""by a market stall"", ""on the sidewalk"", ""with number 7"") if that short phrase adds a distinct high‑signal token. Do not chain relations or add long descriptive chains.

6) Wording, ordering, and density: prefer starting with a high‑signal modifier plus class (e.g., ""red bicycle"", ""two dogs"", ""striped shirt"") or a compact noun phrase that places high‑signal tokens early; a leading article is acceptable if it yields natural grammar. Prioritize dense concrete nouns and adjectives (colors, numbers, logos, concrete multiword class names) over weak modifiers. Use present‑tense, concise S V (+ O) sentences; prefer a specific concrete verb when action is clearly visible and use ""is/are"" only when no clear action can be inferred. Use Arabic numerals for visible counts that meet visibility/OCR rules.

7) Safety and literalness: do not invent unseen attributes, emotions, intentions, or dialogue. Do not hallucinate unreadable text. If no high‑signal token meets thresholds, select the next best visible candidate that provides at least one valid high‑signal token without violating visibility or OCR safety rules.

Final constraints: one sentence only, 8–14 words, literal description of visible content, follow the visibility and OCR guidance above, do not output fallback phrases, and do not add any extra commentary.",A person in a boat paddles past a riverside market with visible signage.,0,1,Qwen/Qwen3-VL-8B-Instruct,0.0,,64,"{""temperature"": 0.0, ""top_p"": null, ""max_new_tokens"": 64}",0.31197741627693176,0.1454976499080658,13,True
flickr30k_main_seed1_train,textgrad_clip,textgrad_clip__textgrad_9d995cddf3,16,3075,flickr30k_test_003075,images/flickr30k/flickr30k_test_003075.jpg,"[""A little boy wearing goggles on top of his head, walks through a deep water puddle with long pants on."", ""A small child in blue raincoat and a small child in a white shirt is waling in the rain water."", ""Small children are wading through shallow waters that are flooding the street."", ""People walking in a big puddle."", ""Children walking in the rain.""]",textgrad_9d995cddf3,TextGrad Step 17,"Generate exactly one short, literal, factual caption (one grammatically correct sentence) describing only visible content in the image. Output exactly one sentence only — no extra text. Total words: 8–14 (prefer 9–12). Follow these prioritized rules (apply in order):

1) Subject selection: choose the single subject that maximizes a visibility score combining normalized area and detector confidence, augmented by a small token‑richness bonus for candidates that enable one or more high‑signal tokens (see rule 3). If scores are close, prefer the candidate that yields the richer set of high‑signal tokens rather than strictly larger area. Do not prefer a detected person by default — prefer a person only when that person’s visibility score is within a small margin of the best non‑person candidate or when the person provides discriminative high‑signal tokens (visible numeral, distinct color/pattern, or readable short text).

2) Visibility and minimal size: treat a detection as usable if its combined area% and detector_confidence are meaningfully positive. Ignore very tiny detections below ~0.15% image area unless they have very high OCR_confidence (≥0.75) or an exceptionally clear visual signal (e.g., large jersey numeral). Do not invent attributes or parts of objects not supported by detections.

3) High‑signal tokens (definition and placement): high‑signal tokens = visible colors or patterns, concrete multiword classes (e.g., ""stop sign"", ""double‑decker bus""), clear Arabic numerals, clothing/accessory terms, or short readable text/logos (1–3 tokens). Require at least one high‑signal token within the first 4 content words (leading articles do not count). If two distinct high‑signal tokens are clearly visible, include both early — the second should appear within the first 6 content words unless grammar absolutely prevents it.

4) OCR/text copying rules: copy short readable text/logos (1–3 tokens) only when OCR_confidence ≥ 0.60 and OCR_bbox_area ≥ 0.2% for small logos; for larger text allow OCR_confidence ≥ 0.55. For extremely small text (<0.2% area) require OCR_confidence ≥ 0.75. Never copy phone numbers or runs of ≥5 consecutive digits or other long digit strings. Do not copy unreadable or low‑confidence text.

5) Second‑object allowance: you may append one compact post‑nominal prepositional or participial phrase (one relation only, e.g., ""by a market stall"", ""on the sidewalk"", ""with number 7"") if that short phrase adds a distinct high‑signal token. Do not chain relations or add long descriptive chains.

6) Wording, ordering, and density: prefer starting with a high‑signal modifier plus class (e.g., ""red bicycle"", ""two dogs"", ""striped shirt"") or a compact noun phrase that places high‑signal tokens early; a leading article is acceptable if it yields natural grammar. Prioritize dense concrete nouns and adjectives (colors, numbers, logos, concrete multiword class names) over weak modifiers. Use present‑tense, concise S V (+ O) sentences; prefer a specific concrete verb when action is clearly visible and use ""is/are"" only when no clear action can be inferred. Use Arabic numerals for visible counts that meet visibility/OCR rules.

7) Safety and literalness: do not invent unseen attributes, emotions, intentions, or dialogue. Do not hallucinate unreadable text. If no high‑signal token meets thresholds, select the next best visible candidate that provides at least one valid high‑signal token without violating visibility or OCR safety rules.

Final constraints: one sentence only, 8–14 words, literal description of visible content, follow the visibility and OCR guidance above, do not output fallback phrases, and do not add any extra commentary.",Child in blue raincoat stands in puddle with another child nearby.,0,1,Qwen/Qwen3-VL-8B-Instruct,0.0,,64,"{""temperature"": 0.0, ""top_p"": null, ""max_new_tokens"": 64}",0.311684787273407,0.18983018398284912,11,False
flickr30k_main_seed1_train,textgrad_clip,textgrad_clip__textgrad_9d995cddf3,19,29272,flickr30k_test_029272,images/flickr30k/flickr30k_test_029272.jpg,"[""A man on stage in the act of jumping, with a little boy in the background really enjoying it."", ""A man with braids, a t-shirt, and sweatpants is dancing in front of a crowd of people."", ""An African American man is jumping in the air, while a boy claps."", ""A man jumps rope while a crowd of people watch him."", ""A black man is jumping and a crowd is gathered""]",textgrad_9d995cddf3,TextGrad Step 17,"Generate exactly one short, literal, factual caption (one grammatically correct sentence) describing only visible content in the image. Output exactly one sentence only — no extra text. Total words: 8–14 (prefer 9–12). Follow these prioritized rules (apply in order):

1) Subject selection: choose the single subject that maximizes a visibility score combining normalized area and detector confidence, augmented by a small token‑richness bonus for candidates that enable one or more high‑signal tokens (see rule 3). If scores are close, prefer the candidate that yields the richer set of high‑signal tokens rather than strictly larger area. Do not prefer a detected person by default — prefer a person only when that person’s visibility score is within a small margin of the best non‑person candidate or when the person provides discriminative high‑signal tokens (visible numeral, distinct color/pattern, or readable short text).

2) Visibility and minimal size: treat a detection as usable if its combined area% and detector_confidence are meaningfully positive. Ignore very tiny detections below ~0.15% image area unless they have very high OCR_confidence (≥0.75) or an exceptionally clear visual signal (e.g., large jersey numeral). Do not invent attributes or parts of objects not supported by detections.

3) High‑signal tokens (definition and placement): high‑signal tokens = visible colors or patterns, concrete multiword classes (e.g., ""stop sign"", ""double‑decker bus""), clear Arabic numerals, clothing/accessory terms, or short readable text/logos (1–3 tokens). Require at least one high‑signal token within the first 4 content words (leading articles do not count). If two distinct high‑signal tokens are clearly visible, include both early — the second should appear within the first 6 content words unless grammar absolutely prevents it.

4) OCR/text copying rules: copy short readable text/logos (1–3 tokens) only when OCR_confidence ≥ 0.60 and OCR_bbox_area ≥ 0.2% for small logos; for larger text allow OCR_confidence ≥ 0.55. For extremely small text (<0.2% area) require OCR_confidence ≥ 0.75. Never copy phone numbers or runs of ≥5 consecutive digits or other long digit strings. Do not copy unreadable or low‑confidence text.

5) Second‑object allowance: you may append one compact post‑nominal prepositional or participial phrase (one relation only, e.g., ""by a market stall"", ""on the sidewalk"", ""with number 7"") if that short phrase adds a distinct high‑signal token. Do not chain relations or add long descriptive chains.

6) Wording, ordering, and density: prefer starting with a high‑signal modifier plus class (e.g., ""red bicycle"", ""two dogs"", ""striped shirt"") or a compact noun phrase that places high‑signal tokens early; a leading article is acceptable if it yields natural grammar. Prioritize dense concrete nouns and adjectives (colors, numbers, logos, concrete multiword class names) over weak modifiers. Use present‑tense, concise S V (+ O) sentences; prefer a specific concrete verb when action is clearly visible and use ""is/are"" only when no clear action can be inferred. Use Arabic numerals for visible counts that meet visibility/OCR rules.

7) Safety and literalness: do not invent unseen attributes, emotions, intentions, or dialogue. Do not hallucinate unreadable text. If no high‑signal token meets thresholds, select the next best visible candidate that provides at least one valid high‑signal token without violating visibility or OCR safety rules.

Final constraints: one sentence only, 8–14 words, literal description of visible content, follow the visibility and OCR guidance above, do not output fallback phrases, and do not add any extra commentary.",A man in a black shirt and gray pants jumps on stage with a crowd watching.,0,1,Qwen/Qwen3-VL-8B-Instruct,0.0,,64,"{""temperature"": 0.0, ""top_p"": null, ""max_new_tokens"": 64}",0.286578893661499,0.16682447493076324,16,False
flickr30k_main_seed1_train,textgrad_clip,textgrad_clip__textgrad_9d995cddf3,28,14594,flickr30k_test_014594,images/flickr30k/flickr30k_test_014594.jpg,"[""A person aquestrian horse jumping over a wooden fence."", ""A horse and rider jumping a small fence."", ""A horse and rider jump over a fence."", ""A horse jumps over a wooden fence."", ""A jockey on a horse jumps a fence.""]",textgrad_9d995cddf3,TextGrad Step 17,"Generate exactly one short, literal, factual caption (one grammatically correct sentence) describing only visible content in the image. Output exactly one sentence only — no extra text. Total words: 8–14 (prefer 9–12). Follow these prioritized rules (apply in order):

1) Subject selection: choose the single subject that maximizes a visibility score combining normalized area and detector confidence, augmented by a small token‑richness bonus for candidates that enable one or more high‑signal tokens (see rule 3). If scores are close, prefer the candidate that yields the richer set of high‑signal tokens rather than strictly larger area. Do not prefer a detected person by default — prefer a person only when that person’s visibility score is within a small margin of the best non‑person candidate or when the person provides discriminative high‑signal tokens (visible numeral, distinct color/pattern, or readable short text).

2) Visibility and minimal size: treat a detection as usable if its combined area% and detector_confidence are meaningfully positive. Ignore very tiny detections below ~0.15% image area unless they have very high OCR_confidence (≥0.75) or an exceptionally clear visual signal (e.g., large jersey numeral). Do not invent attributes or parts of objects not supported by detections.

3) High‑signal tokens (definition and placement): high‑signal tokens = visible colors or patterns, concrete multiword classes (e.g., ""stop sign"", ""double‑decker bus""), clear Arabic numerals, clothing/accessory terms, or short readable text/logos (1–3 tokens). Require at least one high‑signal token within the first 4 content words (leading articles do not count). If two distinct high‑signal tokens are clearly visible, include both early — the second should appear within the first 6 content words unless grammar absolutely prevents it.

4) OCR/text copying rules: copy short readable text/logos (1–3 tokens) only when OCR_confidence ≥ 0.60 and OCR_bbox_area ≥ 0.2% for small logos; for larger text allow OCR_confidence ≥ 0.55. For extremely small text (<0.2% area) require OCR_confidence ≥ 0.75. Never copy phone numbers or runs of ≥5 consecutive digits or other long digit strings. Do not copy unreadable or low‑confidence text.

5) Second‑object allowance: you may append one compact post‑nominal prepositional or participial phrase (one relation only, e.g., ""by a market stall"", ""on the sidewalk"", ""with number 7"") if that short phrase adds a distinct high‑signal token. Do not chain relations or add long descriptive chains.

6) Wording, ordering, and density: prefer starting with a high‑signal modifier plus class (e.g., ""red bicycle"", ""two dogs"", ""striped shirt"") or a compact noun phrase that places high‑signal tokens early; a leading article is acceptable if it yields natural grammar. Prioritize dense concrete nouns and adjectives (colors, numbers, logos, concrete multiword class names) over weak modifiers. Use present‑tense, concise S V (+ O) sentences; prefer a specific concrete verb when action is clearly visible and use ""is/are"" only when no clear action can be inferred. Use Arabic numerals for visible counts that meet visibility/OCR rules.

7) Safety and literalness: do not invent unseen attributes, emotions, intentions, or dialogue. Do not hallucinate unreadable text. If no high‑signal token meets thresholds, select the next best visible candidate that provides at least one valid high‑signal token without violating visibility or OCR safety rules.

Final constraints: one sentence only, 8–14 words, literal description of visible content, follow the visibility and OCR guidance above, do not output fallback phrases, and do not add any extra commentary.",A jockey in a green and black jacket rides a brown horse over a wooden fence.,0,1,Qwen/Qwen3-VL-8B-Instruct,0.0,,64,"{""temperature"": 0.0, ""top_p"": null, ""max_new_tokens"": 64}",0.3165418207645416,0.18458011746406555,16,False
flickr30k_main_seed1_train,textgrad_clip,textgrad_clip__textgrad_9d995cddf3,38,1002,flickr30k_test_001002,images/flickr30k/flickr30k_test_001002.jpg,"[""Someone wearing a large hat is sitting on colorful blankets working a loom with a pair of men's dress shoes in front of him."", ""An adult in brightly colored clothing and hat, is weaving or beading while sitting on brightly colored rugs."", ""A Hispanic person sitting among colorful fabric making a belt."", ""A gentleman in traditional garb weaving a blanket in a field."", ""A man works on weaving a cloth good for sale at the market.""]",textgrad_9d995cddf3,TextGrad Step 17,"Generate exactly one short, literal, factual caption (one grammatically correct sentence) describing only visible content in the image. Output exactly one sentence only — no extra text. Total words: 8–14 (prefer 9–12). Follow these prioritized rules (apply in order):

1) Subject selection: choose the single subject that maximizes a visibility score combining normalized area and detector confidence, augmented by a small token‑richness bonus for candidates that enable one or more high‑signal tokens (see rule 3). If scores are close, prefer the candidate that yields the richer set of high‑signal tokens rather than strictly larger area. Do not prefer a detected person by default — prefer a person only when that person’s visibility score is within a small margin of the best non‑person candidate or when the person provides discriminative high‑signal tokens (visible numeral, distinct color/pattern, or readable short text).

2) Visibility and minimal size: treat a detection as usable if its combined area% and detector_confidence are meaningfully positive. Ignore very tiny detections below ~0.15% image area unless they have very high OCR_confidence (≥0.75) or an exceptionally clear visual signal (e.g., large jersey numeral). Do not invent attributes or parts of objects not supported by detections.

3) High‑signal tokens (definition and placement): high‑signal tokens = visible colors or patterns, concrete multiword classes (e.g., ""stop sign"", ""double‑decker bus""), clear Arabic numerals, clothing/accessory terms, or short readable text/logos (1–3 tokens). Require at least one high‑signal token within the first 4 content words (leading articles do not count). If two distinct high‑signal tokens are clearly visible, include both early — the second should appear within the first 6 content words unless grammar absolutely prevents it.

4) OCR/text copying rules: copy short readable text/logos (1–3 tokens) only when OCR_confidence ≥ 0.60 and OCR_bbox_area ≥ 0.2% for small logos; for larger text allow OCR_confidence ≥ 0.55. For extremely small text (<0.2% area) require OCR_confidence ≥ 0.75. Never copy phone numbers or runs of ≥5 consecutive digits or other long digit strings. Do not copy unreadable or low‑confidence text.

5) Second‑object allowance: you may append one compact post‑nominal prepositional or participial phrase (one relation only, e.g., ""by a market stall"", ""on the sidewalk"", ""with number 7"") if that short phrase adds a distinct high‑signal token. Do not chain relations or add long descriptive chains.

6) Wording, ordering, and density: prefer starting with a high‑signal modifier plus class (e.g., ""red bicycle"", ""two dogs"", ""striped shirt"") or a compact noun phrase that places high‑signal tokens early; a leading article is acceptable if it yields natural grammar. Prioritize dense concrete nouns and adjectives (colors, numbers, logos, concrete multiword class names) over weak modifiers. Use present‑tense, concise S V (+ O) sentences; prefer a specific concrete verb when action is clearly visible and use ""is/are"" only when no clear action can be inferred. Use Arabic numerals for visible counts that meet visibility/OCR rules.

7) Safety and literalness: do not invent unseen attributes, emotions, intentions, or dialogue. Do not hallucinate unreadable text. If no high‑signal token meets thresholds, select the next best visible candidate that provides at least one valid high‑signal token without violating visibility or OCR safety rules.

Final constraints: one sentence only, 8–14 words, literal description of visible content, follow the visibility and OCR guidance above, do not output fallback phrases, and do not add any extra commentary.",A person wearing a patterned hat sits on colorful textiles with a sword and shoes nearby.,0,1,Qwen/Qwen3-VL-8B-Instruct,0.0,,64,"{""temperature"": 0.0, ""top_p"": null, ""max_new_tokens"": 64}",0.3504776954650879,0.17285820841789246,16,True
flickr30k_main_seed1_train,textgrad_clip,textgrad_clip__textgrad_9d995cddf3,55,14348,flickr30k_test_014348,images/flickr30k/flickr30k_test_014348.jpg,"[""A baseball player in a red shirt and white pants is swinging the bat towards a yellow ball whilst three people look on."", ""A baseball player recoils from an action involving a bat while opposing team members look on."", ""A woman swings at a softball on a playing field while other players look on."", ""A girl in a red and white uniform is swinging a bat."", ""A girl swings a bat during a softball game.""]",textgrad_9d995cddf3,TextGrad Step 17,"Generate exactly one short, literal, factual caption (one grammatically correct sentence) describing only visible content in the image. Output exactly one sentence only — no extra text. Total words: 8–14 (prefer 9–12). Follow these prioritized rules (apply in order):

1) Subject selection: choose the single subject that maximizes a visibility score combining normalized area and detector confidence, augmented by a small token‑richness bonus for candidates that enable one or more high‑signal tokens (see rule 3). If scores are close, prefer the candidate that yields the richer set of high‑signal tokens rather than strictly larger area. Do not prefer a detected person by default — prefer a person only when that person’s visibility score is within a small margin of the best non‑person candidate or when the person provides discriminative high‑signal tokens (visible numeral, distinct color/pattern, or readable short text).

2) Visibility and minimal size: treat a detection as usable if its combined area% and detector_confidence are meaningfully positive. Ignore very tiny detections below ~0.15% image area unless they have very high OCR_confidence (≥0.75) or an exceptionally clear visual signal (e.g., large jersey numeral). Do not invent attributes or parts of objects not supported by detections.

3) High‑signal tokens (definition and placement): high‑signal tokens = visible colors or patterns, concrete multiword classes (e.g., ""stop sign"", ""double‑decker bus""), clear Arabic numerals, clothing/accessory terms, or short readable text/logos (1–3 tokens). Require at least one high‑signal token within the first 4 content words (leading articles do not count). If two distinct high‑signal tokens are clearly visible, include both early — the second should appear within the first 6 content words unless grammar absolutely prevents it.

4) OCR/text copying rules: copy short readable text/logos (1–3 tokens) only when OCR_confidence ≥ 0.60 and OCR_bbox_area ≥ 0.2% for small logos; for larger text allow OCR_confidence ≥ 0.55. For extremely small text (<0.2% area) require OCR_confidence ≥ 0.75. Never copy phone numbers or runs of ≥5 consecutive digits or other long digit strings. Do not copy unreadable or low‑confidence text.

5) Second‑object allowance: you may append one compact post‑nominal prepositional or participial phrase (one relation only, e.g., ""by a market stall"", ""on the sidewalk"", ""with number 7"") if that short phrase adds a distinct high‑signal token. Do not chain relations or add long descriptive chains.

6) Wording, ordering, and density: prefer starting with a high‑signal modifier plus class (e.g., ""red bicycle"", ""two dogs"", ""striped shirt"") or a compact noun phrase that places high‑signal tokens early; a leading article is acceptable if it yields natural grammar. Prioritize dense concrete nouns and adjectives (colors, numbers, logos, concrete multiword class names) over weak modifiers. Use present‑tense, concise S V (+ O) sentences; prefer a specific concrete verb when action is clearly visible and use ""is/are"" only when no clear action can be inferred. Use Arabic numerals for visible counts that meet visibility/OCR rules.

7) Safety and literalness: do not invent unseen attributes, emotions, intentions, or dialogue. Do not hallucinate unreadable text. If no high‑signal token meets thresholds, select the next best visible candidate that provides at least one valid high‑signal token without violating visibility or OCR safety rules.

Final constraints: one sentence only, 8–14 words, literal description of visible content, follow the visibility and OCR guidance above, do not output fallback phrases, and do not add any extra commentary.",A softball player in a red jersey with number 10 swings a bat.,0,1,Qwen/Qwen3-VL-8B-Instruct,0.0,,64,"{""temperature"": 0.0, ""top_p"": null, ""max_new_tokens"": 64}",0.3109276294708252,0.15714667737483978,13,False
flickr30k_main_seed1_train,textgrad_clip,textgrad_clip__textgrad_9d995cddf3,69,27445,flickr30k_test_027445,images/flickr30k/flickr30k_test_027445.jpg,"[""Two workers are wearing orange shirts and orange hard hats one of them feeds a tree into a wood-chipper machine while the other fumbles with his headgear."", ""Two construction workers, one of which is putting a tree into a big machine."", ""Two workers are feeding cut branches into a mulching machine."", ""Walking and talking and turning trees to mulch."", ""Two workers cutting down trees.""]",textgrad_9d995cddf3,TextGrad Step 17,"Generate exactly one short, literal, factual caption (one grammatically correct sentence) describing only visible content in the image. Output exactly one sentence only — no extra text. Total words: 8–14 (prefer 9–12). Follow these prioritized rules (apply in order):

1) Subject selection: choose the single subject that maximizes a visibility score combining normalized area and detector confidence, augmented by a small token‑richness bonus for candidates that enable one or more high‑signal tokens (see rule 3). If scores are close, prefer the candidate that yields the richer set of high‑signal tokens rather than strictly larger area. Do not prefer a detected person by default — prefer a person only when that person’s visibility score is within a small margin of the best non‑person candidate or when the person provides discriminative high‑signal tokens (visible numeral, distinct color/pattern, or readable short text).

2) Visibility and minimal size: treat a detection as usable if its combined area% and detector_confidence are meaningfully positive. Ignore very tiny detections below ~0.15% image area unless they have very high OCR_confidence (≥0.75) or an exceptionally clear visual signal (e.g., large jersey numeral). Do not invent attributes or parts of objects not supported by detections.

3) High‑signal tokens (definition and placement): high‑signal tokens = visible colors or patterns, concrete multiword classes (e.g., ""stop sign"", ""double‑decker bus""), clear Arabic numerals, clothing/accessory terms, or short readable text/logos (1–3 tokens). Require at least one high‑signal token within the first 4 content words (leading articles do not count). If two distinct high‑signal tokens are clearly visible, include both early — the second should appear within the first 6 content words unless grammar absolutely prevents it.

4) OCR/text copying rules: copy short readable text/logos (1–3 tokens) only when OCR_confidence ≥ 0.60 and OCR_bbox_area ≥ 0.2% for small logos; for larger text allow OCR_confidence ≥ 0.55. For extremely small text (<0.2% area) require OCR_confidence ≥ 0.75. Never copy phone numbers or runs of ≥5 consecutive digits or other long digit strings. Do not copy unreadable or low‑confidence text.

5) Second‑object allowance: you may append one compact post‑nominal prepositional or participial phrase (one relation only, e.g., ""by a market stall"", ""on the sidewalk"", ""with number 7"") if that short phrase adds a distinct high‑signal token. Do not chain relations or add long descriptive chains.

6) Wording, ordering, and density: prefer starting with a high‑signal modifier plus class (e.g., ""red bicycle"", ""two dogs"", ""striped shirt"") or a compact noun phrase that places high‑signal tokens early; a leading article is acceptable if it yields natural grammar. Prioritize dense concrete nouns and adjectives (colors, numbers, logos, concrete multiword class names) over weak modifiers. Use present‑tense, concise S V (+ O) sentences; prefer a specific concrete verb when action is clearly visible and use ""is/are"" only when no clear action can be inferred. Use Arabic numerals for visible counts that meet visibility/OCR rules.

7) Safety and literalness: do not invent unseen attributes, emotions, intentions, or dialogue. Do not hallucinate unreadable text. If no high‑signal token meets thresholds, select the next best visible candidate that provides at least one valid high‑signal token without violating visibility or OCR safety rules.

Final constraints: one sentence only, 8–14 words, literal description of visible content, follow the visibility and OCR guidance above, do not output fallback phrases, and do not add any extra commentary.",Two workers in orange vests operate a yellow chipper near a truck.,0,1,Qwen/Qwen3-VL-8B-Instruct,0.0,,64,"{""temperature"": 0.0, ""top_p"": null, ""max_new_tokens"": 64}",0.33260124921798706,0.20111878216266632,12,False
flickr30k_main_seed1_train,textgrad_clip,textgrad_clip__textgrad_9d995cddf3,78,28178,flickr30k_test_028178,images/flickr30k/flickr30k_test_028178.jpg,"[""A man in a black sweater with a red undershirt playing a trumpet in front of a lighted Christmas tree."", ""The man playing a trumpet in front of a christmas tree looks intense."", ""A man in a black sweater and red shirt plays the trumpet by a tree."", ""A guy with a beard wearing his glasses is blowing on a trumpet."", ""A musician playing some smooth music.""]",textgrad_9d995cddf3,TextGrad Step 17,"Generate exactly one short, literal, factual caption (one grammatically correct sentence) describing only visible content in the image. Output exactly one sentence only — no extra text. Total words: 8–14 (prefer 9–12). Follow these prioritized rules (apply in order):

1) Subject selection: choose the single subject that maximizes a visibility score combining normalized area and detector confidence, augmented by a small token‑richness bonus for candidates that enable one or more high‑signal tokens (see rule 3). If scores are close, prefer the candidate that yields the richer set of high‑signal tokens rather than strictly larger area. Do not prefer a detected person by default — prefer a person only when that person’s visibility score is within a small margin of the best non‑person candidate or when the person provides discriminative high‑signal tokens (visible numeral, distinct color/pattern, or readable short text).

2) Visibility and minimal size: treat a detection as usable if its combined area% and detector_confidence are meaningfully positive. Ignore very tiny detections below ~0.15% image area unless they have very high OCR_confidence (≥0.75) or an exceptionally clear visual signal (e.g., large jersey numeral). Do not invent attributes or parts of objects not supported by detections.

3) High‑signal tokens (definition and placement): high‑signal tokens = visible colors or patterns, concrete multiword classes (e.g., ""stop sign"", ""double‑decker bus""), clear Arabic numerals, clothing/accessory terms, or short readable text/logos (1–3 tokens). Require at least one high‑signal token within the first 4 content words (leading articles do not count). If two distinct high‑signal tokens are clearly visible, include both early — the second should appear within the first 6 content words unless grammar absolutely prevents it.

4) OCR/text copying rules: copy short readable text/logos (1–3 tokens) only when OCR_confidence ≥ 0.60 and OCR_bbox_area ≥ 0.2% for small logos; for larger text allow OCR_confidence ≥ 0.55. For extremely small text (<0.2% area) require OCR_confidence ≥ 0.75. Never copy phone numbers or runs of ≥5 consecutive digits or other long digit strings. Do not copy unreadable or low‑confidence text.

5) Second‑object allowance: you may append one compact post‑nominal prepositional or participial phrase (one relation only, e.g., ""by a market stall"", ""on the sidewalk"", ""with number 7"") if that short phrase adds a distinct high‑signal token. Do not chain relations or add long descriptive chains.

6) Wording, ordering, and density: prefer starting with a high‑signal modifier plus class (e.g., ""red bicycle"", ""two dogs"", ""striped shirt"") or a compact noun phrase that places high‑signal tokens early; a leading article is acceptable if it yields natural grammar. Prioritize dense concrete nouns and adjectives (colors, numbers, logos, concrete multiword class names) over weak modifiers. Use present‑tense, concise S V (+ O) sentences; prefer a specific concrete verb when action is clearly visible and use ""is/are"" only when no clear action can be inferred. Use Arabic numerals for visible counts that meet visibility/OCR rules.

7) Safety and literalness: do not invent unseen attributes, emotions, intentions, or dialogue. Do not hallucinate unreadable text. If no high‑signal token meets thresholds, select the next best visible candidate that provides at least one valid high‑signal token without violating visibility or OCR safety rules.

Final constraints: one sentence only, 8–14 words, literal description of visible content, follow the visibility and OCR guidance above, do not output fallback phrases, and do not add any extra commentary.",Man in red shirt plays trumpet under lit tree.,0,1,Qwen/Qwen3-VL-8B-Instruct,0.0,,64,"{""temperature"": 0.0, ""top_p"": null, ""max_new_tokens"": 64}",0.33342742919921875,0.2100497931241989,9,False
flickr30k_main_seed1_train,textgrad_clip,textgrad_clip__textgrad_9d995cddf3,80,3961,flickr30k_test_003961,images/flickr30k/flickr30k_test_003961.jpg,"[""A woman, viewed through a window, sits at a restaurant table and puts down a red shopping bag."", ""A woman is sitting at a table and looking into her American Girl Place shopping bag."", ""A woman places her red shopping bag down as she sits down to a table."", ""An older woman in a white shirt holds a red bag behind some glass."", ""Woman seen through window at restaurant.""]",textgrad_9d995cddf3,TextGrad Step 17,"Generate exactly one short, literal, factual caption (one grammatically correct sentence) describing only visible content in the image. Output exactly one sentence only — no extra text. Total words: 8–14 (prefer 9–12). Follow these prioritized rules (apply in order):

1) Subject selection: choose the single subject that maximizes a visibility score combining normalized area and detector confidence, augmented by a small token‑richness bonus for candidates that enable one or more high‑signal tokens (see rule 3). If scores are close, prefer the candidate that yields the richer set of high‑signal tokens rather than strictly larger area. Do not prefer a detected person by default — prefer a person only when that person’s visibility score is within a small margin of the best non‑person candidate or when the person provides discriminative high‑signal tokens (visible numeral, distinct color/pattern, or readable short text).

2) Visibility and minimal size: treat a detection as usable if its combined area% and detector_confidence are meaningfully positive. Ignore very tiny detections below ~0.15% image area unless they have very high OCR_confidence (≥0.75) or an exceptionally clear visual signal (e.g., large jersey numeral). Do not invent attributes or parts of objects not supported by detections.

3) High‑signal tokens (definition and placement): high‑signal tokens = visible colors or patterns, concrete multiword classes (e.g., ""stop sign"", ""double‑decker bus""), clear Arabic numerals, clothing/accessory terms, or short readable text/logos (1–3 tokens). Require at least one high‑signal token within the first 4 content words (leading articles do not count). If two distinct high‑signal tokens are clearly visible, include both early — the second should appear within the first 6 content words unless grammar absolutely prevents it.

4) OCR/text copying rules: copy short readable text/logos (1–3 tokens) only when OCR_confidence ≥ 0.60 and OCR_bbox_area ≥ 0.2% for small logos; for larger text allow OCR_confidence ≥ 0.55. For extremely small text (<0.2% area) require OCR_confidence ≥ 0.75. Never copy phone numbers or runs of ≥5 consecutive digits or other long digit strings. Do not copy unreadable or low‑confidence text.

5) Second‑object allowance: you may append one compact post‑nominal prepositional or participial phrase (one relation only, e.g., ""by a market stall"", ""on the sidewalk"", ""with number 7"") if that short phrase adds a distinct high‑signal token. Do not chain relations or add long descriptive chains.

6) Wording, ordering, and density: prefer starting with a high‑signal modifier plus class (e.g., ""red bicycle"", ""two dogs"", ""striped shirt"") or a compact noun phrase that places high‑signal tokens early; a leading article is acceptable if it yields natural grammar. Prioritize dense concrete nouns and adjectives (colors, numbers, logos, concrete multiword class names) over weak modifiers. Use present‑tense, concise S V (+ O) sentences; prefer a specific concrete verb when action is clearly visible and use ""is/are"" only when no clear action can be inferred. Use Arabic numerals for visible counts that meet visibility/OCR rules.

7) Safety and literalness: do not invent unseen attributes, emotions, intentions, or dialogue. Do not hallucinate unreadable text. If no high‑signal token meets thresholds, select the next best visible candidate that provides at least one valid high‑signal token without violating visibility or OCR safety rules.

Final constraints: one sentence only, 8–14 words, literal description of visible content, follow the visibility and OCR guidance above, do not output fallback phrases, and do not add any extra commentary.",A woman holds a red American Girl Place bag near a window.,0,1,Qwen/Qwen3-VL-8B-Instruct,0.0,,64,"{""temperature"": 0.0, ""top_p"": null, ""max_new_tokens"": 64}",0.33776408433914185,0.20815688371658325,12,False
flickr30k_main_seed1_train,textgrad_clip,textgrad_clip__textgrad_9d995cddf3,84,23641,flickr30k_test_023641,images/flickr30k/flickr30k_test_023641.jpg,"[""There are several people either sitting on benches or walking through what appears to be a brick road with trees coming up from various circular openings in the road."", ""A group of people rest on a park bench underneath the shade of the canopy of trees as a man in a brightly colored pink stripe shirt walks past."", ""A park with trees, people sitting on benches, and people walking."", ""People are walking under trees while other are sitting down."", ""People walking through a watery path.""]",textgrad_9d995cddf3,TextGrad Step 17,"Generate exactly one short, literal, factual caption (one grammatically correct sentence) describing only visible content in the image. Output exactly one sentence only — no extra text. Total words: 8–14 (prefer 9–12). Follow these prioritized rules (apply in order):

1) Subject selection: choose the single subject that maximizes a visibility score combining normalized area and detector confidence, augmented by a small token‑richness bonus for candidates that enable one or more high‑signal tokens (see rule 3). If scores are close, prefer the candidate that yields the richer set of high‑signal tokens rather than strictly larger area. Do not prefer a detected person by default — prefer a person only when that person’s visibility score is within a small margin of the best non‑person candidate or when the person provides discriminative high‑signal tokens (visible numeral, distinct color/pattern, or readable short text).

2) Visibility and minimal size: treat a detection as usable if its combined area% and detector_confidence are meaningfully positive. Ignore very tiny detections below ~0.15% image area unless they have very high OCR_confidence (≥0.75) or an exceptionally clear visual signal (e.g., large jersey numeral). Do not invent attributes or parts of objects not supported by detections.

3) High‑signal tokens (definition and placement): high‑signal tokens = visible colors or patterns, concrete multiword classes (e.g., ""stop sign"", ""double‑decker bus""), clear Arabic numerals, clothing/accessory terms, or short readable text/logos (1–3 tokens). Require at least one high‑signal token within the first 4 content words (leading articles do not count). If two distinct high‑signal tokens are clearly visible, include both early — the second should appear within the first 6 content words unless grammar absolutely prevents it.

4) OCR/text copying rules: copy short readable text/logos (1–3 tokens) only when OCR_confidence ≥ 0.60 and OCR_bbox_area ≥ 0.2% for small logos; for larger text allow OCR_confidence ≥ 0.55. For extremely small text (<0.2% area) require OCR_confidence ≥ 0.75. Never copy phone numbers or runs of ≥5 consecutive digits or other long digit strings. Do not copy unreadable or low‑confidence text.

5) Second‑object allowance: you may append one compact post‑nominal prepositional or participial phrase (one relation only, e.g., ""by a market stall"", ""on the sidewalk"", ""with number 7"") if that short phrase adds a distinct high‑signal token. Do not chain relations or add long descriptive chains.

6) Wording, ordering, and density: prefer starting with a high‑signal modifier plus class (e.g., ""red bicycle"", ""two dogs"", ""striped shirt"") or a compact noun phrase that places high‑signal tokens early; a leading article is acceptable if it yields natural grammar. Prioritize dense concrete nouns and adjectives (colors, numbers, logos, concrete multiword class names) over weak modifiers. Use present‑tense, concise S V (+ O) sentences; prefer a specific concrete verb when action is clearly visible and use ""is/are"" only when no clear action can be inferred. Use Arabic numerals for visible counts that meet visibility/OCR rules.

7) Safety and literalness: do not invent unseen attributes, emotions, intentions, or dialogue. Do not hallucinate unreadable text. If no high‑signal token meets thresholds, select the next best visible candidate that provides at least one valid high‑signal token without violating visibility or OCR safety rules.

Final constraints: one sentence only, 8–14 words, literal description of visible content, follow the visibility and OCR guidance above, do not output fallback phrases, and do not add any extra commentary.",A woman in a striped shirt walks on a wet cobblestone path under leafy trees.,0,1,Qwen/Qwen3-VL-8B-Instruct,0.0,,64,"{""temperature"": 0.0, ""top_p"": null, ""max_new_tokens"": 64}",0.29544052481651306,0.17601336538791656,15,False
flickr30k_main_seed1_train,textgrad_clip,textgrad_clip__textgrad_9d995cddf3,99,30831,flickr30k_test_030831,images/flickr30k/flickr30k_test_030831.jpg,"[""A woman holds her mouth wide open as she is placing a stack of crackers in."", ""A black-haired woman wearing glasses attempts to eat a pile of cookies."", ""A young person about to put several cookies in his or her mouth."", ""A woman with glasses about to take a bite out of a huge cookie."", ""Asian man eating a cracker sandwich in the kitchen.""]",textgrad_9d995cddf3,TextGrad Step 17,"Generate exactly one short, literal, factual caption (one grammatically correct sentence) describing only visible content in the image. Output exactly one sentence only — no extra text. Total words: 8–14 (prefer 9–12). Follow these prioritized rules (apply in order):

1) Subject selection: choose the single subject that maximizes a visibility score combining normalized area and detector confidence, augmented by a small token‑richness bonus for candidates that enable one or more high‑signal tokens (see rule 3). If scores are close, prefer the candidate that yields the richer set of high‑signal tokens rather than strictly larger area. Do not prefer a detected person by default — prefer a person only when that person’s visibility score is within a small margin of the best non‑person candidate or when the person provides discriminative high‑signal tokens (visible numeral, distinct color/pattern, or readable short text).

2) Visibility and minimal size: treat a detection as usable if its combined area% and detector_confidence are meaningfully positive. Ignore very tiny detections below ~0.15% image area unless they have very high OCR_confidence (≥0.75) or an exceptionally clear visual signal (e.g., large jersey numeral). Do not invent attributes or parts of objects not supported by detections.

3) High‑signal tokens (definition and placement): high‑signal tokens = visible colors or patterns, concrete multiword classes (e.g., ""stop sign"", ""double‑decker bus""), clear Arabic numerals, clothing/accessory terms, or short readable text/logos (1–3 tokens). Require at least one high‑signal token within the first 4 content words (leading articles do not count). If two distinct high‑signal tokens are clearly visible, include both early — the second should appear within the first 6 content words unless grammar absolutely prevents it.

4) OCR/text copying rules: copy short readable text/logos (1–3 tokens) only when OCR_confidence ≥ 0.60 and OCR_bbox_area ≥ 0.2% for small logos; for larger text allow OCR_confidence ≥ 0.55. For extremely small text (<0.2% area) require OCR_confidence ≥ 0.75. Never copy phone numbers or runs of ≥5 consecutive digits or other long digit strings. Do not copy unreadable or low‑confidence text.

5) Second‑object allowance: you may append one compact post‑nominal prepositional or participial phrase (one relation only, e.g., ""by a market stall"", ""on the sidewalk"", ""with number 7"") if that short phrase adds a distinct high‑signal token. Do not chain relations or add long descriptive chains.

6) Wording, ordering, and density: prefer starting with a high‑signal modifier plus class (e.g., ""red bicycle"", ""two dogs"", ""striped shirt"") or a compact noun phrase that places high‑signal tokens early; a leading article is acceptable if it yields natural grammar. Prioritize dense concrete nouns and adjectives (colors, numbers, logos, concrete multiword class names) over weak modifiers. Use present‑tense, concise S V (+ O) sentences; prefer a specific concrete verb when action is clearly visible and use ""is/are"" only when no clear action can be inferred. Use Arabic numerals for visible counts that meet visibility/OCR rules.

7) Safety and literalness: do not invent unseen attributes, emotions, intentions, or dialogue. Do not hallucinate unreadable text. If no high‑signal token meets thresholds, select the next best visible candidate that provides at least one valid high‑signal token without violating visibility or OCR safety rules.

Final constraints: one sentence only, 8–14 words, literal description of visible content, follow the visibility and OCR guidance above, do not output fallback phrases, and do not add any extra commentary.",A person with glasses and a beaded necklace eats a stack of pancakes.,0,1,Qwen/Qwen3-VL-8B-Instruct,0.0,,64,"{""temperature"": 0.0, ""top_p"": null, ""max_new_tokens"": 64}",0.28475964069366455,0.15668287873268127,13,True
flickr30k_main_seed1_train,textgrad_clip,textgrad_clip__textgrad_9d995cddf3,100,16557,flickr30k_test_016557,images/flickr30k/flickr30k_test_016557.jpg,"[""A group of people appear to be shouting or protesting."", ""Two women voice their opinions at a political rally"", ""Two ladies wearing sunglasses at a gathering."", ""A group of people are at a rally."", ""A woman chanting at a rally.""]",textgrad_9d995cddf3,TextGrad Step 17,"Generate exactly one short, literal, factual caption (one grammatically correct sentence) describing only visible content in the image. Output exactly one sentence only — no extra text. Total words: 8–14 (prefer 9–12). Follow these prioritized rules (apply in order):

1) Subject selection: choose the single subject that maximizes a visibility score combining normalized area and detector confidence, augmented by a small token‑richness bonus for candidates that enable one or more high‑signal tokens (see rule 3). If scores are close, prefer the candidate that yields the richer set of high‑signal tokens rather than strictly larger area. Do not prefer a detected person by default — prefer a person only when that person’s visibility score is within a small margin of the best non‑person candidate or when the person provides discriminative high‑signal tokens (visible numeral, distinct color/pattern, or readable short text).

2) Visibility and minimal size: treat a detection as usable if its combined area% and detector_confidence are meaningfully positive. Ignore very tiny detections below ~0.15% image area unless they have very high OCR_confidence (≥0.75) or an exceptionally clear visual signal (e.g., large jersey numeral). Do not invent attributes or parts of objects not supported by detections.

3) High‑signal tokens (definition and placement): high‑signal tokens = visible colors or patterns, concrete multiword classes (e.g., ""stop sign"", ""double‑decker bus""), clear Arabic numerals, clothing/accessory terms, or short readable text/logos (1–3 tokens). Require at least one high‑signal token within the first 4 content words (leading articles do not count). If two distinct high‑signal tokens are clearly visible, include both early — the second should appear within the first 6 content words unless grammar absolutely prevents it.

4) OCR/text copying rules: copy short readable text/logos (1–3 tokens) only when OCR_confidence ≥ 0.60 and OCR_bbox_area ≥ 0.2% for small logos; for larger text allow OCR_confidence ≥ 0.55. For extremely small text (<0.2% area) require OCR_confidence ≥ 0.75. Never copy phone numbers or runs of ≥5 consecutive digits or other long digit strings. Do not copy unreadable or low‑confidence text.

5) Second‑object allowance: you may append one compact post‑nominal prepositional or participial phrase (one relation only, e.g., ""by a market stall"", ""on the sidewalk"", ""with number 7"") if that short phrase adds a distinct high‑signal token. Do not chain relations or add long descriptive chains.

6) Wording, ordering, and density: prefer starting with a high‑signal modifier plus class (e.g., ""red bicycle"", ""two dogs"", ""striped shirt"") or a compact noun phrase that places high‑signal tokens early; a leading article is acceptable if it yields natural grammar. Prioritize dense concrete nouns and adjectives (colors, numbers, logos, concrete multiword class names) over weak modifiers. Use present‑tense, concise S V (+ O) sentences; prefer a specific concrete verb when action is clearly visible and use ""is/are"" only when no clear action can be inferred. Use Arabic numerals for visible counts that meet visibility/OCR rules.

7) Safety and literalness: do not invent unseen attributes, emotions, intentions, or dialogue. Do not hallucinate unreadable text. If no high‑signal token meets thresholds, select the next best visible candidate that provides at least one valid high‑signal token without violating visibility or OCR safety rules.

Final constraints: one sentence only, 8–14 words, literal description of visible content, follow the visibility and OCR guidance above, do not output fallback phrases, and do not add any extra commentary.","Woman with raised fist wears ""HORA YEDA PEACEMENT JA"" vest.",0,1,Qwen/Qwen3-VL-8B-Instruct,0.0,,64,"{""temperature"": 0.0, ""top_p"": null, ""max_new_tokens"": 64}",0.28852322697639465,0.19774962961673737,10,False
flickr30k_main_seed1_train,textgrad_clip,textgrad_clip__textgrad_9d995cddf3,110,13576,flickr30k_test_013576,images/flickr30k/flickr30k_test_013576.jpg,"[""A boy in a New York Mets shirt sitting on a toy Harly Davison motorcycle on a tennis court."", ""A young boy wearing a Mets jersey poses on a toy motorcycle in a recreational area."", ""A boy wearing a Mets jersey is riding a moter bike on the playground."", ""Little boy rides around playground on a motorized bike."", ""A boy in a Mets jersey poses on his bike.""]",textgrad_9d995cddf3,TextGrad Step 17,"Generate exactly one short, literal, factual caption (one grammatically correct sentence) describing only visible content in the image. Output exactly one sentence only — no extra text. Total words: 8–14 (prefer 9–12). Follow these prioritized rules (apply in order):

1) Subject selection: choose the single subject that maximizes a visibility score combining normalized area and detector confidence, augmented by a small token‑richness bonus for candidates that enable one or more high‑signal tokens (see rule 3). If scores are close, prefer the candidate that yields the richer set of high‑signal tokens rather than strictly larger area. Do not prefer a detected person by default — prefer a person only when that person’s visibility score is within a small margin of the best non‑person candidate or when the person provides discriminative high‑signal tokens (visible numeral, distinct color/pattern, or readable short text).

2) Visibility and minimal size: treat a detection as usable if its combined area% and detector_confidence are meaningfully positive. Ignore very tiny detections below ~0.15% image area unless they have very high OCR_confidence (≥0.75) or an exceptionally clear visual signal (e.g., large jersey numeral). Do not invent attributes or parts of objects not supported by detections.

3) High‑signal tokens (definition and placement): high‑signal tokens = visible colors or patterns, concrete multiword classes (e.g., ""stop sign"", ""double‑decker bus""), clear Arabic numerals, clothing/accessory terms, or short readable text/logos (1–3 tokens). Require at least one high‑signal token within the first 4 content words (leading articles do not count). If two distinct high‑signal tokens are clearly visible, include both early — the second should appear within the first 6 content words unless grammar absolutely prevents it.

4) OCR/text copying rules: copy short readable text/logos (1–3 tokens) only when OCR_confidence ≥ 0.60 and OCR_bbox_area ≥ 0.2% for small logos; for larger text allow OCR_confidence ≥ 0.55. For extremely small text (<0.2% area) require OCR_confidence ≥ 0.75. Never copy phone numbers or runs of ≥5 consecutive digits or other long digit strings. Do not copy unreadable or low‑confidence text.

5) Second‑object allowance: you may append one compact post‑nominal prepositional or participial phrase (one relation only, e.g., ""by a market stall"", ""on the sidewalk"", ""with number 7"") if that short phrase adds a distinct high‑signal token. Do not chain relations or add long descriptive chains.

6) Wording, ordering, and density: prefer starting with a high‑signal modifier plus class (e.g., ""red bicycle"", ""two dogs"", ""striped shirt"") or a compact noun phrase that places high‑signal tokens early; a leading article is acceptable if it yields natural grammar. Prioritize dense concrete nouns and adjectives (colors, numbers, logos, concrete multiword class names) over weak modifiers. Use present‑tense, concise S V (+ O) sentences; prefer a specific concrete verb when action is clearly visible and use ""is/are"" only when no clear action can be inferred. Use Arabic numerals for visible counts that meet visibility/OCR rules.

7) Safety and literalness: do not invent unseen attributes, emotions, intentions, or dialogue. Do not hallucinate unreadable text. If no high‑signal token meets thresholds, select the next best visible candidate that provides at least one valid high‑signal token without violating visibility or OCR safety rules.

Final constraints: one sentence only, 8–14 words, literal description of visible content, follow the visibility and OCR guidance above, do not output fallback phrases, and do not add any extra commentary.",A boy in a blue Mets jersey rides a red toy motorcycle.,0,1,Qwen/Qwen3-VL-8B-Instruct,0.0,,64,"{""temperature"": 0.0, ""top_p"": null, ""max_new_tokens"": 64}",0.3977404236793518,0.22628416121006012,12,False
flickr30k_main_seed1_train,textgrad_clip,textgrad_clip__textgrad_9d995cddf3,113,12029,flickr30k_test_012029,images/flickr30k/flickr30k_test_012029.jpg,"[""Four ferry boats are docked at a visitor's center with passengers waiting to board."", ""People congregate on a platform in a river among decorated boats."", ""People are gathered on a platform in water for a ceremony."", ""A group of people waiting to ride boats."", ""People wait to board boats.""]",textgrad_9d995cddf3,TextGrad Step 17,"Generate exactly one short, literal, factual caption (one grammatically correct sentence) describing only visible content in the image. Output exactly one sentence only — no extra text. Total words: 8–14 (prefer 9–12). Follow these prioritized rules (apply in order):

1) Subject selection: choose the single subject that maximizes a visibility score combining normalized area and detector confidence, augmented by a small token‑richness bonus for candidates that enable one or more high‑signal tokens (see rule 3). If scores are close, prefer the candidate that yields the richer set of high‑signal tokens rather than strictly larger area. Do not prefer a detected person by default — prefer a person only when that person’s visibility score is within a small margin of the best non‑person candidate or when the person provides discriminative high‑signal tokens (visible numeral, distinct color/pattern, or readable short text).

2) Visibility and minimal size: treat a detection as usable if its combined area% and detector_confidence are meaningfully positive. Ignore very tiny detections below ~0.15% image area unless they have very high OCR_confidence (≥0.75) or an exceptionally clear visual signal (e.g., large jersey numeral). Do not invent attributes or parts of objects not supported by detections.

3) High‑signal tokens (definition and placement): high‑signal tokens = visible colors or patterns, concrete multiword classes (e.g., ""stop sign"", ""double‑decker bus""), clear Arabic numerals, clothing/accessory terms, or short readable text/logos (1–3 tokens). Require at least one high‑signal token within the first 4 content words (leading articles do not count). If two distinct high‑signal tokens are clearly visible, include both early — the second should appear within the first 6 content words unless grammar absolutely prevents it.

4) OCR/text copying rules: copy short readable text/logos (1–3 tokens) only when OCR_confidence ≥ 0.60 and OCR_bbox_area ≥ 0.2% for small logos; for larger text allow OCR_confidence ≥ 0.55. For extremely small text (<0.2% area) require OCR_confidence ≥ 0.75. Never copy phone numbers or runs of ≥5 consecutive digits or other long digit strings. Do not copy unreadable or low‑confidence text.

5) Second‑object allowance: you may append one compact post‑nominal prepositional or participial phrase (one relation only, e.g., ""by a market stall"", ""on the sidewalk"", ""with number 7"") if that short phrase adds a distinct high‑signal token. Do not chain relations or add long descriptive chains.

6) Wording, ordering, and density: prefer starting with a high‑signal modifier plus class (e.g., ""red bicycle"", ""two dogs"", ""striped shirt"") or a compact noun phrase that places high‑signal tokens early; a leading article is acceptable if it yields natural grammar. Prioritize dense concrete nouns and adjectives (colors, numbers, logos, concrete multiword class names) over weak modifiers. Use present‑tense, concise S V (+ O) sentences; prefer a specific concrete verb when action is clearly visible and use ""is/are"" only when no clear action can be inferred. Use Arabic numerals for visible counts that meet visibility/OCR rules.

7) Safety and literalness: do not invent unseen attributes, emotions, intentions, or dialogue. Do not hallucinate unreadable text. If no high‑signal token meets thresholds, select the next best visible candidate that provides at least one valid high‑signal token without violating visibility or OCR safety rules.

Final constraints: one sentence only, 8–14 words, literal description of visible content, follow the visibility and OCR guidance above, do not output fallback phrases, and do not add any extra commentary.",People gather on a floating temple platform near a riverbank shrine.,0,1,Qwen/Qwen3-VL-8B-Instruct,0.0,,64,"{""temperature"": 0.0, ""top_p"": null, ""max_new_tokens"": 64}",0.3370360732078552,0.1735270768404007,11,False
flickr30k_main_seed1_train,textgrad_clip,textgrad_clip__textgrad_9d995cddf3,116,23037,flickr30k_test_023037,images/flickr30k/flickr30k_test_023037.jpg,"[""A man with a black t-shirt is holding a yellow electric guitar on stage at a music event."", ""A man in black clothing plays electric guitar on stage."", ""A man in a black shirt playing guitar in a band."", ""A guy playing a guitar on a stage smiling."", ""A musician is entertaining the crowd.""]",textgrad_9d995cddf3,TextGrad Step 17,"Generate exactly one short, literal, factual caption (one grammatically correct sentence) describing only visible content in the image. Output exactly one sentence only — no extra text. Total words: 8–14 (prefer 9–12). Follow these prioritized rules (apply in order):

1) Subject selection: choose the single subject that maximizes a visibility score combining normalized area and detector confidence, augmented by a small token‑richness bonus for candidates that enable one or more high‑signal tokens (see rule 3). If scores are close, prefer the candidate that yields the richer set of high‑signal tokens rather than strictly larger area. Do not prefer a detected person by default — prefer a person only when that person’s visibility score is within a small margin of the best non‑person candidate or when the person provides discriminative high‑signal tokens (visible numeral, distinct color/pattern, or readable short text).

2) Visibility and minimal size: treat a detection as usable if its combined area% and detector_confidence are meaningfully positive. Ignore very tiny detections below ~0.15% image area unless they have very high OCR_confidence (≥0.75) or an exceptionally clear visual signal (e.g., large jersey numeral). Do not invent attributes or parts of objects not supported by detections.

3) High‑signal tokens (definition and placement): high‑signal tokens = visible colors or patterns, concrete multiword classes (e.g., ""stop sign"", ""double‑decker bus""), clear Arabic numerals, clothing/accessory terms, or short readable text/logos (1–3 tokens). Require at least one high‑signal token within the first 4 content words (leading articles do not count). If two distinct high‑signal tokens are clearly visible, include both early — the second should appear within the first 6 content words unless grammar absolutely prevents it.

4) OCR/text copying rules: copy short readable text/logos (1–3 tokens) only when OCR_confidence ≥ 0.60 and OCR_bbox_area ≥ 0.2% for small logos; for larger text allow OCR_confidence ≥ 0.55. For extremely small text (<0.2% area) require OCR_confidence ≥ 0.75. Never copy phone numbers or runs of ≥5 consecutive digits or other long digit strings. Do not copy unreadable or low‑confidence text.

5) Second‑object allowance: you may append one compact post‑nominal prepositional or participial phrase (one relation only, e.g., ""by a market stall"", ""on the sidewalk"", ""with number 7"") if that short phrase adds a distinct high‑signal token. Do not chain relations or add long descriptive chains.

6) Wording, ordering, and density: prefer starting with a high‑signal modifier plus class (e.g., ""red bicycle"", ""two dogs"", ""striped shirt"") or a compact noun phrase that places high‑signal tokens early; a leading article is acceptable if it yields natural grammar. Prioritize dense concrete nouns and adjectives (colors, numbers, logos, concrete multiword class names) over weak modifiers. Use present‑tense, concise S V (+ O) sentences; prefer a specific concrete verb when action is clearly visible and use ""is/are"" only when no clear action can be inferred. Use Arabic numerals for visible counts that meet visibility/OCR rules.

7) Safety and literalness: do not invent unseen attributes, emotions, intentions, or dialogue. Do not hallucinate unreadable text. If no high‑signal token meets thresholds, select the next best visible candidate that provides at least one valid high‑signal token without violating visibility or OCR safety rules.

Final constraints: one sentence only, 8–14 words, literal description of visible content, follow the visibility and OCR guidance above, do not output fallback phrases, and do not add any extra commentary.",A man plays a light-colored electric guitar on stage with microphones and drums.,0,1,Qwen/Qwen3-VL-8B-Instruct,0.0,,64,"{""temperature"": 0.0, ""top_p"": null, ""max_new_tokens"": 64}",0.3030443489551544,0.16182495653629303,13,False
flickr30k_main_seed1_train,textgrad_clip,textgrad_clip__textgrad_9d995cddf3,117,25422,flickr30k_test_025422,images/flickr30k/flickr30k_test_025422.jpg,"[""Two children soccer players battle over a ball, one wears white with red stripes and is black, the other, number 11 is an unknown race and wears yellow and black a, numbers 11's teammate is blurred near the goal post."", ""Two children, one in white and one wearing black and yellow try to get a soccer ball while an umpire watches them."", ""Two soccer players colliding as they try to kick the ball."", ""In this photo there are three teenagers playing soccer."", ""Two children playing soccer in a grassy field.""]",textgrad_9d995cddf3,TextGrad Step 17,"Generate exactly one short, literal, factual caption (one grammatically correct sentence) describing only visible content in the image. Output exactly one sentence only — no extra text. Total words: 8–14 (prefer 9–12). Follow these prioritized rules (apply in order):

1) Subject selection: choose the single subject that maximizes a visibility score combining normalized area and detector confidence, augmented by a small token‑richness bonus for candidates that enable one or more high‑signal tokens (see rule 3). If scores are close, prefer the candidate that yields the richer set of high‑signal tokens rather than strictly larger area. Do not prefer a detected person by default — prefer a person only when that person’s visibility score is within a small margin of the best non‑person candidate or when the person provides discriminative high‑signal tokens (visible numeral, distinct color/pattern, or readable short text).

2) Visibility and minimal size: treat a detection as usable if its combined area% and detector_confidence are meaningfully positive. Ignore very tiny detections below ~0.15% image area unless they have very high OCR_confidence (≥0.75) or an exceptionally clear visual signal (e.g., large jersey numeral). Do not invent attributes or parts of objects not supported by detections.

3) High‑signal tokens (definition and placement): high‑signal tokens = visible colors or patterns, concrete multiword classes (e.g., ""stop sign"", ""double‑decker bus""), clear Arabic numerals, clothing/accessory terms, or short readable text/logos (1–3 tokens). Require at least one high‑signal token within the first 4 content words (leading articles do not count). If two distinct high‑signal tokens are clearly visible, include both early — the second should appear within the first 6 content words unless grammar absolutely prevents it.

4) OCR/text copying rules: copy short readable text/logos (1–3 tokens) only when OCR_confidence ≥ 0.60 and OCR_bbox_area ≥ 0.2% for small logos; for larger text allow OCR_confidence ≥ 0.55. For extremely small text (<0.2% area) require OCR_confidence ≥ 0.75. Never copy phone numbers or runs of ≥5 consecutive digits or other long digit strings. Do not copy unreadable or low‑confidence text.

5) Second‑object allowance: you may append one compact post‑nominal prepositional or participial phrase (one relation only, e.g., ""by a market stall"", ""on the sidewalk"", ""with number 7"") if that short phrase adds a distinct high‑signal token. Do not chain relations or add long descriptive chains.

6) Wording, ordering, and density: prefer starting with a high‑signal modifier plus class (e.g., ""red bicycle"", ""two dogs"", ""striped shirt"") or a compact noun phrase that places high‑signal tokens early; a leading article is acceptable if it yields natural grammar. Prioritize dense concrete nouns and adjectives (colors, numbers, logos, concrete multiword class names) over weak modifiers. Use present‑tense, concise S V (+ O) sentences; prefer a specific concrete verb when action is clearly visible and use ""is/are"" only when no clear action can be inferred. Use Arabic numerals for visible counts that meet visibility/OCR rules.

7) Safety and literalness: do not invent unseen attributes, emotions, intentions, or dialogue. Do not hallucinate unreadable text. If no high‑signal token meets thresholds, select the next best visible candidate that provides at least one valid high‑signal token without violating visibility or OCR safety rules.

Final constraints: one sentence only, 8–14 words, literal description of visible content, follow the visibility and OCR guidance above, do not output fallback phrases, and do not add any extra commentary.",A player in a yellow jersey with number 11 competes for the ball with an opponent in a white jersey.,0,1,Qwen/Qwen3-VL-8B-Instruct,0.0,,64,"{""temperature"": 0.0, ""top_p"": null, ""max_new_tokens"": 64}",0.31014883518218994,0.15775133669376373,20,False
flickr30k_main_seed1_train,textgrad_clip,textgrad_clip__textgrad_9d995cddf3,126,25508,flickr30k_test_025508,images/flickr30k/flickr30k_test_025508.jpg,"[""A man in an orange shirt does a flip off a sand dune in the desert."", ""A young boy is doing a cannon ball outside near the desert sand."", ""Man in t-shirt and shorts doing a backflip on a sand hill."", ""A man is doing a flip in the air off of a sand dune."", ""A boy doing a back flip off of a sand dune.""]",textgrad_9d995cddf3,TextGrad Step 17,"Generate exactly one short, literal, factual caption (one grammatically correct sentence) describing only visible content in the image. Output exactly one sentence only — no extra text. Total words: 8–14 (prefer 9–12). Follow these prioritized rules (apply in order):

1) Subject selection: choose the single subject that maximizes a visibility score combining normalized area and detector confidence, augmented by a small token‑richness bonus for candidates that enable one or more high‑signal tokens (see rule 3). If scores are close, prefer the candidate that yields the richer set of high‑signal tokens rather than strictly larger area. Do not prefer a detected person by default — prefer a person only when that person’s visibility score is within a small margin of the best non‑person candidate or when the person provides discriminative high‑signal tokens (visible numeral, distinct color/pattern, or readable short text).

2) Visibility and minimal size: treat a detection as usable if its combined area% and detector_confidence are meaningfully positive. Ignore very tiny detections below ~0.15% image area unless they have very high OCR_confidence (≥0.75) or an exceptionally clear visual signal (e.g., large jersey numeral). Do not invent attributes or parts of objects not supported by detections.

3) High‑signal tokens (definition and placement): high‑signal tokens = visible colors or patterns, concrete multiword classes (e.g., ""stop sign"", ""double‑decker bus""), clear Arabic numerals, clothing/accessory terms, or short readable text/logos (1–3 tokens). Require at least one high‑signal token within the first 4 content words (leading articles do not count). If two distinct high‑signal tokens are clearly visible, include both early — the second should appear within the first 6 content words unless grammar absolutely prevents it.

4) OCR/text copying rules: copy short readable text/logos (1–3 tokens) only when OCR_confidence ≥ 0.60 and OCR_bbox_area ≥ 0.2% for small logos; for larger text allow OCR_confidence ≥ 0.55. For extremely small text (<0.2% area) require OCR_confidence ≥ 0.75. Never copy phone numbers or runs of ≥5 consecutive digits or other long digit strings. Do not copy unreadable or low‑confidence text.

5) Second‑object allowance: you may append one compact post‑nominal prepositional or participial phrase (one relation only, e.g., ""by a market stall"", ""on the sidewalk"", ""with number 7"") if that short phrase adds a distinct high‑signal token. Do not chain relations or add long descriptive chains.

6) Wording, ordering, and density: prefer starting with a high‑signal modifier plus class (e.g., ""red bicycle"", ""two dogs"", ""striped shirt"") or a compact noun phrase that places high‑signal tokens early; a leading article is acceptable if it yields natural grammar. Prioritize dense concrete nouns and adjectives (colors, numbers, logos, concrete multiword class names) over weak modifiers. Use present‑tense, concise S V (+ O) sentences; prefer a specific concrete verb when action is clearly visible and use ""is/are"" only when no clear action can be inferred. Use Arabic numerals for visible counts that meet visibility/OCR rules.

7) Safety and literalness: do not invent unseen attributes, emotions, intentions, or dialogue. Do not hallucinate unreadable text. If no high‑signal token meets thresholds, select the next best visible candidate that provides at least one valid high‑signal token without violating visibility or OCR safety rules.

Final constraints: one sentence only, 8–14 words, literal description of visible content, follow the visibility and OCR guidance above, do not output fallback phrases, and do not add any extra commentary.",A person performs a backflip above a sand dune under a clear blue sky.,0,1,Qwen/Qwen3-VL-8B-Instruct,0.0,,64,"{""temperature"": 0.0, ""top_p"": null, ""max_new_tokens"": 64}",0.36662280559539795,0.21103717386722565,14,True
flickr30k_main_seed1_train,textgrad_clip,textgrad_clip__textgrad_9d995cddf3,127,5364,flickr30k_test_005364,images/flickr30k/flickr30k_test_005364.jpg,"[""A man is sitting in front of a Buddist monument."", ""A man stands in front of a statue."", ""Monk praying before buddha statue."", ""A person prays at a shrine."", ""A buddist worships buddha.""]",textgrad_9d995cddf3,TextGrad Step 17,"Generate exactly one short, literal, factual caption (one grammatically correct sentence) describing only visible content in the image. Output exactly one sentence only — no extra text. Total words: 8–14 (prefer 9–12). Follow these prioritized rules (apply in order):

1) Subject selection: choose the single subject that maximizes a visibility score combining normalized area and detector confidence, augmented by a small token‑richness bonus for candidates that enable one or more high‑signal tokens (see rule 3). If scores are close, prefer the candidate that yields the richer set of high‑signal tokens rather than strictly larger area. Do not prefer a detected person by default — prefer a person only when that person’s visibility score is within a small margin of the best non‑person candidate or when the person provides discriminative high‑signal tokens (visible numeral, distinct color/pattern, or readable short text).

2) Visibility and minimal size: treat a detection as usable if its combined area% and detector_confidence are meaningfully positive. Ignore very tiny detections below ~0.15% image area unless they have very high OCR_confidence (≥0.75) or an exceptionally clear visual signal (e.g., large jersey numeral). Do not invent attributes or parts of objects not supported by detections.

3) High‑signal tokens (definition and placement): high‑signal tokens = visible colors or patterns, concrete multiword classes (e.g., ""stop sign"", ""double‑decker bus""), clear Arabic numerals, clothing/accessory terms, or short readable text/logos (1–3 tokens). Require at least one high‑signal token within the first 4 content words (leading articles do not count). If two distinct high‑signal tokens are clearly visible, include both early — the second should appear within the first 6 content words unless grammar absolutely prevents it.

4) OCR/text copying rules: copy short readable text/logos (1–3 tokens) only when OCR_confidence ≥ 0.60 and OCR_bbox_area ≥ 0.2% for small logos; for larger text allow OCR_confidence ≥ 0.55. For extremely small text (<0.2% area) require OCR_confidence ≥ 0.75. Never copy phone numbers or runs of ≥5 consecutive digits or other long digit strings. Do not copy unreadable or low‑confidence text.

5) Second‑object allowance: you may append one compact post‑nominal prepositional or participial phrase (one relation only, e.g., ""by a market stall"", ""on the sidewalk"", ""with number 7"") if that short phrase adds a distinct high‑signal token. Do not chain relations or add long descriptive chains.

6) Wording, ordering, and density: prefer starting with a high‑signal modifier plus class (e.g., ""red bicycle"", ""two dogs"", ""striped shirt"") or a compact noun phrase that places high‑signal tokens early; a leading article is acceptable if it yields natural grammar. Prioritize dense concrete nouns and adjectives (colors, numbers, logos, concrete multiword class names) over weak modifiers. Use present‑tense, concise S V (+ O) sentences; prefer a specific concrete verb when action is clearly visible and use ""is/are"" only when no clear action can be inferred. Use Arabic numerals for visible counts that meet visibility/OCR rules.

7) Safety and literalness: do not invent unseen attributes, emotions, intentions, or dialogue. Do not hallucinate unreadable text. If no high‑signal token meets thresholds, select the next best visible candidate that provides at least one valid high‑signal token without violating visibility or OCR safety rules.

Final constraints: one sentence only, 8–14 words, literal description of visible content, follow the visibility and OCR guidance above, do not output fallback phrases, and do not add any extra commentary.",A person kneels before a Buddha statue under a decorative canopy.,0,1,Qwen/Qwen3-VL-8B-Instruct,0.0,,64,"{""temperature"": 0.0, ""top_p"": null, ""max_new_tokens"": 64}",0.3398308753967285,0.1686282753944397,11,True
flickr30k_main_seed1_train,textgrad_clip,textgrad_clip__textgrad_9d995cddf3,132,16046,flickr30k_test_016046,images/flickr30k/flickr30k_test_016046.jpg,"[""A group a youths sitting outdoors watching two people with a microphone that are doing something by a table with a basin and some soap."", ""Two young women speak into a microphone n front of a crowd of other young women."", ""Two young women are speaking with a microphone to a group of young girls."", ""Two girls doing a demonstration in front of an audience outside."", ""A woman in a blue shirt is speaking to a group of children.""]",textgrad_9d995cddf3,TextGrad Step 17,"Generate exactly one short, literal, factual caption (one grammatically correct sentence) describing only visible content in the image. Output exactly one sentence only — no extra text. Total words: 8–14 (prefer 9–12). Follow these prioritized rules (apply in order):

1) Subject selection: choose the single subject that maximizes a visibility score combining normalized area and detector confidence, augmented by a small token‑richness bonus for candidates that enable one or more high‑signal tokens (see rule 3). If scores are close, prefer the candidate that yields the richer set of high‑signal tokens rather than strictly larger area. Do not prefer a detected person by default — prefer a person only when that person’s visibility score is within a small margin of the best non‑person candidate or when the person provides discriminative high‑signal tokens (visible numeral, distinct color/pattern, or readable short text).

2) Visibility and minimal size: treat a detection as usable if its combined area% and detector_confidence are meaningfully positive. Ignore very tiny detections below ~0.15% image area unless they have very high OCR_confidence (≥0.75) or an exceptionally clear visual signal (e.g., large jersey numeral). Do not invent attributes or parts of objects not supported by detections.

3) High‑signal tokens (definition and placement): high‑signal tokens = visible colors or patterns, concrete multiword classes (e.g., ""stop sign"", ""double‑decker bus""), clear Arabic numerals, clothing/accessory terms, or short readable text/logos (1–3 tokens). Require at least one high‑signal token within the first 4 content words (leading articles do not count). If two distinct high‑signal tokens are clearly visible, include both early — the second should appear within the first 6 content words unless grammar absolutely prevents it.

4) OCR/text copying rules: copy short readable text/logos (1–3 tokens) only when OCR_confidence ≥ 0.60 and OCR_bbox_area ≥ 0.2% for small logos; for larger text allow OCR_confidence ≥ 0.55. For extremely small text (<0.2% area) require OCR_confidence ≥ 0.75. Never copy phone numbers or runs of ≥5 consecutive digits or other long digit strings. Do not copy unreadable or low‑confidence text.

5) Second‑object allowance: you may append one compact post‑nominal prepositional or participial phrase (one relation only, e.g., ""by a market stall"", ""on the sidewalk"", ""with number 7"") if that short phrase adds a distinct high‑signal token. Do not chain relations or add long descriptive chains.

6) Wording, ordering, and density: prefer starting with a high‑signal modifier plus class (e.g., ""red bicycle"", ""two dogs"", ""striped shirt"") or a compact noun phrase that places high‑signal tokens early; a leading article is acceptable if it yields natural grammar. Prioritize dense concrete nouns and adjectives (colors, numbers, logos, concrete multiword class names) over weak modifiers. Use present‑tense, concise S V (+ O) sentences; prefer a specific concrete verb when action is clearly visible and use ""is/are"" only when no clear action can be inferred. Use Arabic numerals for visible counts that meet visibility/OCR rules.

7) Safety and literalness: do not invent unseen attributes, emotions, intentions, or dialogue. Do not hallucinate unreadable text. If no high‑signal token meets thresholds, select the next best visible candidate that provides at least one valid high‑signal token without violating visibility or OCR safety rules.

Final constraints: one sentence only, 8–14 words, literal description of visible content, follow the visibility and OCR guidance above, do not output fallback phrases, and do not add any extra commentary.","Two women stand at a table with a yellow basin, addressing seated children outdoors.",0,1,Qwen/Qwen3-VL-8B-Instruct,0.0,,64,"{""temperature"": 0.0, ""top_p"": null, ""max_new_tokens"": 64}",0.32334673404693604,0.2155173122882843,14,False
flickr30k_main_seed1_train,textgrad_clip,textgrad_clip__textgrad_9d995cddf3,133,24011,flickr30k_test_024011,images/flickr30k/flickr30k_test_024011.jpg,"[""Street performers with Santa Clause in the middle and ladies on the sides joining hands."", ""A man in a Santa suit stands amid a long row of dancers on a New York City street."", ""Santa and dancers outside of Radio City Music Hall in NYC."", ""Santa is in the line of dancers for the parade."", ""A dance in a city featuring Santa.""]",textgrad_9d995cddf3,TextGrad Step 17,"Generate exactly one short, literal, factual caption (one grammatically correct sentence) describing only visible content in the image. Output exactly one sentence only — no extra text. Total words: 8–14 (prefer 9–12). Follow these prioritized rules (apply in order):

1) Subject selection: choose the single subject that maximizes a visibility score combining normalized area and detector confidence, augmented by a small token‑richness bonus for candidates that enable one or more high‑signal tokens (see rule 3). If scores are close, prefer the candidate that yields the richer set of high‑signal tokens rather than strictly larger area. Do not prefer a detected person by default — prefer a person only when that person’s visibility score is within a small margin of the best non‑person candidate or when the person provides discriminative high‑signal tokens (visible numeral, distinct color/pattern, or readable short text).

2) Visibility and minimal size: treat a detection as usable if its combined area% and detector_confidence are meaningfully positive. Ignore very tiny detections below ~0.15% image area unless they have very high OCR_confidence (≥0.75) or an exceptionally clear visual signal (e.g., large jersey numeral). Do not invent attributes or parts of objects not supported by detections.

3) High‑signal tokens (definition and placement): high‑signal tokens = visible colors or patterns, concrete multiword classes (e.g., ""stop sign"", ""double‑decker bus""), clear Arabic numerals, clothing/accessory terms, or short readable text/logos (1–3 tokens). Require at least one high‑signal token within the first 4 content words (leading articles do not count). If two distinct high‑signal tokens are clearly visible, include both early — the second should appear within the first 6 content words unless grammar absolutely prevents it.

4) OCR/text copying rules: copy short readable text/logos (1–3 tokens) only when OCR_confidence ≥ 0.60 and OCR_bbox_area ≥ 0.2% for small logos; for larger text allow OCR_confidence ≥ 0.55. For extremely small text (<0.2% area) require OCR_confidence ≥ 0.75. Never copy phone numbers or runs of ≥5 consecutive digits or other long digit strings. Do not copy unreadable or low‑confidence text.

5) Second‑object allowance: you may append one compact post‑nominal prepositional or participial phrase (one relation only, e.g., ""by a market stall"", ""on the sidewalk"", ""with number 7"") if that short phrase adds a distinct high‑signal token. Do not chain relations or add long descriptive chains.

6) Wording, ordering, and density: prefer starting with a high‑signal modifier plus class (e.g., ""red bicycle"", ""two dogs"", ""striped shirt"") or a compact noun phrase that places high‑signal tokens early; a leading article is acceptable if it yields natural grammar. Prioritize dense concrete nouns and adjectives (colors, numbers, logos, concrete multiword class names) over weak modifiers. Use present‑tense, concise S V (+ O) sentences; prefer a specific concrete verb when action is clearly visible and use ""is/are"" only when no clear action can be inferred. Use Arabic numerals for visible counts that meet visibility/OCR rules.

7) Safety and literalness: do not invent unseen attributes, emotions, intentions, or dialogue. Do not hallucinate unreadable text. If no high‑signal token meets thresholds, select the next best visible candidate that provides at least one valid high‑signal token without violating visibility or OCR safety rules.

Final constraints: one sentence only, 8–14 words, literal description of visible content, follow the visibility and OCR guidance above, do not output fallback phrases, and do not add any extra commentary.",Dancers in striped costumes perform on a street in front of Radio City Music Hall.,0,1,Qwen/Qwen3-VL-8B-Instruct,0.0,,64,"{""temperature"": 0.0, ""top_p"": null, ""max_new_tokens"": 64}",0.3337390422821045,0.2105042040348053,15,False
flickr30k_main_seed1_train,textgrad_clip,textgrad_clip__textgrad_9d995cddf3,144,21206,flickr30k_test_021206,images/flickr30k/flickr30k_test_021206.jpg,"[""A man in the suit plays a guitar while sitting on a metal chair."", ""A man in a jacket sitting at a table playing a guitar."", ""A man sits alone at a table, playing guitar."", ""An old man is playing his guitar."", ""A man playing acoustic guitar.""]",textgrad_9d995cddf3,TextGrad Step 17,"Generate exactly one short, literal, factual caption (one grammatically correct sentence) describing only visible content in the image. Output exactly one sentence only — no extra text. Total words: 8–14 (prefer 9–12). Follow these prioritized rules (apply in order):

1) Subject selection: choose the single subject that maximizes a visibility score combining normalized area and detector confidence, augmented by a small token‑richness bonus for candidates that enable one or more high‑signal tokens (see rule 3). If scores are close, prefer the candidate that yields the richer set of high‑signal tokens rather than strictly larger area. Do not prefer a detected person by default — prefer a person only when that person’s visibility score is within a small margin of the best non‑person candidate or when the person provides discriminative high‑signal tokens (visible numeral, distinct color/pattern, or readable short text).

2) Visibility and minimal size: treat a detection as usable if its combined area% and detector_confidence are meaningfully positive. Ignore very tiny detections below ~0.15% image area unless they have very high OCR_confidence (≥0.75) or an exceptionally clear visual signal (e.g., large jersey numeral). Do not invent attributes or parts of objects not supported by detections.

3) High‑signal tokens (definition and placement): high‑signal tokens = visible colors or patterns, concrete multiword classes (e.g., ""stop sign"", ""double‑decker bus""), clear Arabic numerals, clothing/accessory terms, or short readable text/logos (1–3 tokens). Require at least one high‑signal token within the first 4 content words (leading articles do not count). If two distinct high‑signal tokens are clearly visible, include both early — the second should appear within the first 6 content words unless grammar absolutely prevents it.

4) OCR/text copying rules: copy short readable text/logos (1–3 tokens) only when OCR_confidence ≥ 0.60 and OCR_bbox_area ≥ 0.2% for small logos; for larger text allow OCR_confidence ≥ 0.55. For extremely small text (<0.2% area) require OCR_confidence ≥ 0.75. Never copy phone numbers or runs of ≥5 consecutive digits or other long digit strings. Do not copy unreadable or low‑confidence text.

5) Second‑object allowance: you may append one compact post‑nominal prepositional or participial phrase (one relation only, e.g., ""by a market stall"", ""on the sidewalk"", ""with number 7"") if that short phrase adds a distinct high‑signal token. Do not chain relations or add long descriptive chains.

6) Wording, ordering, and density: prefer starting with a high‑signal modifier plus class (e.g., ""red bicycle"", ""two dogs"", ""striped shirt"") or a compact noun phrase that places high‑signal tokens early; a leading article is acceptable if it yields natural grammar. Prioritize dense concrete nouns and adjectives (colors, numbers, logos, concrete multiword class names) over weak modifiers. Use present‑tense, concise S V (+ O) sentences; prefer a specific concrete verb when action is clearly visible and use ""is/are"" only when no clear action can be inferred. Use Arabic numerals for visible counts that meet visibility/OCR rules.

7) Safety and literalness: do not invent unseen attributes, emotions, intentions, or dialogue. Do not hallucinate unreadable text. If no high‑signal token meets thresholds, select the next best visible candidate that provides at least one valid high‑signal token without violating visibility or OCR safety rules.

Final constraints: one sentence only, 8–14 words, literal description of visible content, follow the visibility and OCR guidance above, do not output fallback phrases, and do not add any extra commentary.",Man in gray suit plays acoustic guitar on sidewalk near water.,0,1,Qwen/Qwen3-VL-8B-Instruct,0.0,,64,"{""temperature"": 0.0, ""top_p"": null, ""max_new_tokens"": 64}",0.3026753067970276,0.1716480553150177,11,False
flickr30k_main_seed1_train,textgrad_clip,textgrad_clip__textgrad_9d995cddf3,145,5582,flickr30k_test_005582,images/flickr30k/flickr30k_test_005582.jpg,"[""A small black and white dog jumps at a woman in a white jeep while a golden dog follows beside them."", ""A dog jumps up towards a woman in a car, while another dog is outside the car."", ""An orange dog and a little white dog with black spots are next to a white car."", ""A small dog jumps by a car to reach a lady's face while another dog watches."", ""White and black dog jumps at someone through car window.""]",textgrad_9d995cddf3,TextGrad Step 17,"Generate exactly one short, literal, factual caption (one grammatically correct sentence) describing only visible content in the image. Output exactly one sentence only — no extra text. Total words: 8–14 (prefer 9–12). Follow these prioritized rules (apply in order):

1) Subject selection: choose the single subject that maximizes a visibility score combining normalized area and detector confidence, augmented by a small token‑richness bonus for candidates that enable one or more high‑signal tokens (see rule 3). If scores are close, prefer the candidate that yields the richer set of high‑signal tokens rather than strictly larger area. Do not prefer a detected person by default — prefer a person only when that person’s visibility score is within a small margin of the best non‑person candidate or when the person provides discriminative high‑signal tokens (visible numeral, distinct color/pattern, or readable short text).

2) Visibility and minimal size: treat a detection as usable if its combined area% and detector_confidence are meaningfully positive. Ignore very tiny detections below ~0.15% image area unless they have very high OCR_confidence (≥0.75) or an exceptionally clear visual signal (e.g., large jersey numeral). Do not invent attributes or parts of objects not supported by detections.

3) High‑signal tokens (definition and placement): high‑signal tokens = visible colors or patterns, concrete multiword classes (e.g., ""stop sign"", ""double‑decker bus""), clear Arabic numerals, clothing/accessory terms, or short readable text/logos (1–3 tokens). Require at least one high‑signal token within the first 4 content words (leading articles do not count). If two distinct high‑signal tokens are clearly visible, include both early — the second should appear within the first 6 content words unless grammar absolutely prevents it.

4) OCR/text copying rules: copy short readable text/logos (1–3 tokens) only when OCR_confidence ≥ 0.60 and OCR_bbox_area ≥ 0.2% for small logos; for larger text allow OCR_confidence ≥ 0.55. For extremely small text (<0.2% area) require OCR_confidence ≥ 0.75. Never copy phone numbers or runs of ≥5 consecutive digits or other long digit strings. Do not copy unreadable or low‑confidence text.

5) Second‑object allowance: you may append one compact post‑nominal prepositional or participial phrase (one relation only, e.g., ""by a market stall"", ""on the sidewalk"", ""with number 7"") if that short phrase adds a distinct high‑signal token. Do not chain relations or add long descriptive chains.

6) Wording, ordering, and density: prefer starting with a high‑signal modifier plus class (e.g., ""red bicycle"", ""two dogs"", ""striped shirt"") or a compact noun phrase that places high‑signal tokens early; a leading article is acceptable if it yields natural grammar. Prioritize dense concrete nouns and adjectives (colors, numbers, logos, concrete multiword class names) over weak modifiers. Use present‑tense, concise S V (+ O) sentences; prefer a specific concrete verb when action is clearly visible and use ""is/are"" only when no clear action can be inferred. Use Arabic numerals for visible counts that meet visibility/OCR rules.

7) Safety and literalness: do not invent unseen attributes, emotions, intentions, or dialogue. Do not hallucinate unreadable text. If no high‑signal token meets thresholds, select the next best visible candidate that provides at least one valid high‑signal token without violating visibility or OCR safety rules.

Final constraints: one sentence only, 8–14 words, literal description of visible content, follow the visibility and OCR guidance above, do not output fallback phrases, and do not add any extra commentary.",A black-and-white dog leaps toward a car window while a brown dog walks nearby.,0,1,Qwen/Qwen3-VL-8B-Instruct,0.0,,64,"{""temperature"": 0.0, ""top_p"": null, ""max_new_tokens"": 64}",0.3531017303466797,0.18193911015987396,14,False
flickr30k_main_seed1_train,textgrad_clip,textgrad_clip__textgrad_9d995cddf3,149,403,flickr30k_test_000403,images/flickr30k/flickr30k_test_000403.jpg,"[""A man is standing with his arms folded looking at something while the person behind him is jumping onto one of the two beds in the room."", ""A man wearing a yellow shirt standing in the middle of two beds that a boy is jumping on in the background"", ""A young child jumping on the bed as a man looks the other way."", ""Man standing in the bedroom with little boy jumping into bed."", ""A child leaping from bed to bed behind the back of a man.""]",textgrad_9d995cddf3,TextGrad Step 17,"Generate exactly one short, literal, factual caption (one grammatically correct sentence) describing only visible content in the image. Output exactly one sentence only — no extra text. Total words: 8–14 (prefer 9–12). Follow these prioritized rules (apply in order):

1) Subject selection: choose the single subject that maximizes a visibility score combining normalized area and detector confidence, augmented by a small token‑richness bonus for candidates that enable one or more high‑signal tokens (see rule 3). If scores are close, prefer the candidate that yields the richer set of high‑signal tokens rather than strictly larger area. Do not prefer a detected person by default — prefer a person only when that person’s visibility score is within a small margin of the best non‑person candidate or when the person provides discriminative high‑signal tokens (visible numeral, distinct color/pattern, or readable short text).

2) Visibility and minimal size: treat a detection as usable if its combined area% and detector_confidence are meaningfully positive. Ignore very tiny detections below ~0.15% image area unless they have very high OCR_confidence (≥0.75) or an exceptionally clear visual signal (e.g., large jersey numeral). Do not invent attributes or parts of objects not supported by detections.

3) High‑signal tokens (definition and placement): high‑signal tokens = visible colors or patterns, concrete multiword classes (e.g., ""stop sign"", ""double‑decker bus""), clear Arabic numerals, clothing/accessory terms, or short readable text/logos (1–3 tokens). Require at least one high‑signal token within the first 4 content words (leading articles do not count). If two distinct high‑signal tokens are clearly visible, include both early — the second should appear within the first 6 content words unless grammar absolutely prevents it.

4) OCR/text copying rules: copy short readable text/logos (1–3 tokens) only when OCR_confidence ≥ 0.60 and OCR_bbox_area ≥ 0.2% for small logos; for larger text allow OCR_confidence ≥ 0.55. For extremely small text (<0.2% area) require OCR_confidence ≥ 0.75. Never copy phone numbers or runs of ≥5 consecutive digits or other long digit strings. Do not copy unreadable or low‑confidence text.

5) Second‑object allowance: you may append one compact post‑nominal prepositional or participial phrase (one relation only, e.g., ""by a market stall"", ""on the sidewalk"", ""with number 7"") if that short phrase adds a distinct high‑signal token. Do not chain relations or add long descriptive chains.

6) Wording, ordering, and density: prefer starting with a high‑signal modifier plus class (e.g., ""red bicycle"", ""two dogs"", ""striped shirt"") or a compact noun phrase that places high‑signal tokens early; a leading article is acceptable if it yields natural grammar. Prioritize dense concrete nouns and adjectives (colors, numbers, logos, concrete multiword class names) over weak modifiers. Use present‑tense, concise S V (+ O) sentences; prefer a specific concrete verb when action is clearly visible and use ""is/are"" only when no clear action can be inferred. Use Arabic numerals for visible counts that meet visibility/OCR rules.

7) Safety and literalness: do not invent unseen attributes, emotions, intentions, or dialogue. Do not hallucinate unreadable text. If no high‑signal token meets thresholds, select the next best visible candidate that provides at least one valid high‑signal token without violating visibility or OCR safety rules.

Final constraints: one sentence only, 8–14 words, literal description of visible content, follow the visibility and OCR guidance above, do not output fallback phrases, and do not add any extra commentary.",A boy in a blue and white uniform jumps on a bed while a man in an orange shirt watches.,0,1,Qwen/Qwen3-VL-8B-Instruct,0.0,,64,"{""temperature"": 0.0, ""top_p"": null, ""max_new_tokens"": 64}",0.33424705266952515,0.2188846468925476,20,False
